sample_id,measure_id,battery_id,repeat_id,soc,Zre_0.05Hz,Zre_0.1Hz,Zre_0.2Hz,Zre_0.4Hz,Zre_1Hz,Zre_2Hz,Zre_4Hz,Zre_10Hz,Zre_20Hz,Zre_40Hz,Zre_100Hz,Zre_200Hz,Zre_400Hz,Zre_1000Hz,Zim_0.05Hz,Zim_0.1Hz,Zim_0.2Hz,Zim_0.4Hz,Zim_1Hz,Zim_2Hz,Zim_4Hz,Zim_10Hz,Zim_20Hz,Zim_40Hz,Zim_100Hz,Zim_200Hz,Zim_400Hz,Zim_1000Hz
02_4_soc010,02_4,B02,4,10,0.1179332465,0.1156878936,0.1142584073,0.1132430767,0.1110262528,0.1090565504,0.1063399993,0.1017329978,0.09783603321,0.09449205293,0.09011880227,0.08689129662,0.08437286533,0.08165794738,-0.006453363783,-0.005225879038,-0.004234579671,-0.003809002158,-0.004652483368,-0.005698637585,-0.006652503384,-0.00752598165,-0.007709950942,-0.007356290138,-0.006748504782,-0.006164974135,-0.005057270369,-0.00365423758
02_4_soc020,02_4,B02,4,20,0.1089135111,0.1073900128,0.1062960674,0.1058060063,0.1047509527,0.1039652763,0.1027270576,0.09983549082,0.09665381871,0.09329952983,0.08879961657,0.08601654575,0.08327289159,0.08061146052,-0.004576598271,-0.003691234133,-0.00238087582,-0.002026770551,-0.002256836039,-0.002888110227,-0.00400874608,-0.005825355701,-0.006609611536,-0.006884370411,-0.006496049042,-0.005872020982,-0.005069592609,-0.003607331998
02_4_soc030,02_4,B02,4,30,0.1050844233,0.1038693549,0.1030984727,0.1028434282,0.1019681087,0.1014400434,0.1004731463,0.09844953641,0.09561170281,0.09241198419,0.08812277062,0.08502468551,0.08247716559,0.07993629116,-0.003881392314,-0.003198710998,-0.002012989388,-0.001712976426,-0.001720301762,-0.002339948973,-0.003114085914,-0.004740993123,-0.006005899221,-0.006553249186,-0.006484922678,-0.005861552499,-0.005044670227,-0.003488621544
02_4_soc040,02_4,B02,4,40,0.1045447431,0.1033235265,0.1026729274,0.1021033049,0.1013096482,0.1007827693,0.1001846093,0.09774475742,0.09541124046,0.09219779364,0.08775810641,0.08492761062,0.08225662223,0.07970883856,-0.003869986607,-0.002926222188,-0.002097724746,-0.001555484369,-0.001838181677,-0.002343285447,-0.002937151626,-0.004519817236,-0.005965033338,-0.0064899865,-0.00650373428,-0.005834915836,-0.005008762699,-0.003534100542
02_4_soc050,02_4,B02,4,50,0.1037677952,0.1024487663,0.1016659442,0.1011084658,0.0999931838,0.0995964105,0.0991059826,0.09690889135,0.09455577953,0.09144767062,0.08729052005,0.08421294136,0.0818522889,0.07918731265,-0.00425587929,-0.003354863953,-0.00242446489,-0.001858087327,-0.001832675241,-0.002299750688,-0.002856405902,-0.004246764325,-0.005593347247,-0.006258930706,-0.00642956091,-0.005777443812,-0.004829895484,-0.003503252046
02_4_soc060,02_4,B02,4,60,0.1060863099,0.1035277889,0.1016761421,0.1010729708,0.09978855452,0.09903862618,0.09837407917,0.09614075297,0.09377605808,0.09102874068,0.08697817416,0.08387687288,0.08145255492,0.07876241654,-0.005590463701,-0.005275036862,-0.003394998746,-0.002492933423,-0.002386480449,-0.002693282299,-0.003032797393,-0.004277126589,-0.0054783309,-0.006076567693,-0.006191534496,-0.005686519726,-0.004815719397,-0.003454348326
02_4_soc070,02_4,B02,4,70,0.1065589614,0.1043127944,0.1029487097,0.1021070521,0.1006831693,0.09993079376,0.09851262364,0.0967000781,0.09434100406,0.09136898292,0.08693600698,0.08397187238,0.08150517271,0.07887208474,-0.006488565657,-0.005265322661,-0.003589844863,-0.003004855841,-0.002466075296,-0.00273759691,-0.003302105785,-0.004402775148,-0.005739741606,-0.006349032875,-0.006385916173,-0.005842278513,-0.004904184252,-0.003572210761
02_4_soc080,02_4,B02,4,80,0.107165211,0.1050131716,0.1037221985,0.1028516319,0.101210719,0.1006032262,0.09988681677,0.09742406851,0.09468931397,0.09170814988,0.08712854712,0.08411162195,0.08160914994,0.07882889028,-0.00633209571,-0.004916174979,-0.003519584848,-0.002798869521,-0.002509140222,-0.002884403384,-0.003351697159,-0.004753321413,-0.005986280282,-0.006719114988,-0.00665746862,-0.005921966941,-0.005056290424,-0.003442016548
02_4_soc090,02_4,B02,4,90,0.1077668716,0.1057322921,0.1045190262,0.1037288257,0.1023506289,0.1016943667,0.1007667232,0.09850016144,0.09567829503,0.09241712338,0.08766636653,0.08459385424,0.08183864151,0.07927051561,-0.005976701857,-0.004508572488,-0.00312879277,-0.002544304982,-0.0025229357,-0.002816525412,-0.003265507379,-0.004948848714,-0.006346978039,-0.007113588639,-0.006954534096,-0.006238781776,-0.005267372372,-0.00376420287
02_4_soc100,02_4,B02,4,100,0.11097357,0.109770469,0.1089372616,0.10821523,0.1069289878,0.1062338272,0.1053579406,0.1022483,0.09836655223,0.094470082,0.08909719784,0.08545077054,0.08256296715,0.07968102495,-0.005473052283,-0.003682082168,-0.002976104956,-0.002449096143,-0.002464408353,-0.003174754137,-0.003646234795,-0.006235541705,-0.007857315483,-0.008308782183,-0.00780452831,-0.00698161953,-0.005838086809,-0.004044681219
02_5_soc010,02_5,B02,5,10,0.1174463807,0.1153208157,0.1138588189,0.1127016882,0.1103495596,0.1083926031,0.1057973072,0.1010236832,0.09732318903,0.09395922685,0.0898042017,0.08673658365,0.08420808619,0.08158658766,-0.006379972443,-0.005276481321,-0.004217024243,-0.003964025781,-0.004655052789,-0.00585062251,-0.006911395964,-0.007335685667,-0.007468925007,-0.007182222103,-0.006684738144,-0.00591950265,-0.005161128071,-0.003714506075
02_5_soc020,02_5,B02,5,20,0.109336041,0.1077320195,0.1066169939,0.1063041669,0.1049895176,0.1042032959,0.1033032447,0.09986098372,0.09659536522,0.09318965784,0.08909036319,0.08591306171,0.08336229664,0.08068134567,-0.004428423837,-0.003543362369,-0.002637609868,-0.002028531588,-0.002546575795,-0.00323239763,-0.003932855373,-0.00589716861,-0.006743568307,-0.007008616895,-0.006582580348,-0.005901492053,-0.004945636279,-0.003676480879
02_5_soc030,02_5,B02,5,30,0.1051441387,0.1037814267,0.1030620672,0.1027888196,0.1018955044,0.1013957278,0.1000624694,0.09785091657,0.09542365242,0.09240612772,0.08809802116,0.08518584405,0.08268221503,0.08014794215,-0.004121479462,-0.003034151019,-0.002103769394,-0.001611347233,-0.001754346206,-0.002311375244,-0.003135549845,-0.004745227832,-0.006025365529,-0.006580980624,-0.006418847431,-0.005753405625,-0.004859403607,-0.003495299065
02_5_soc040,02_5,B02,5,40,0.1045452,0.1031296972,0.1025360737,0.1021615271,0.101144949,0.1008134647,0.1001236733,0.09802162619,0.09534765311,0.09220303309,0.08790161364,0.08493859876,0.08245333504,0.0798400919,-0.003970294434,-0.002823508971,-0.002080870678,-0.001569072811,-0.001722994218,-0.002204515447,-0.003144353647,-0.004494998004,-0.005881123748,-0.00653631877,-0.006439089666,-0.005865307495,-0.005028930751,-0.003379902209
02_5_soc050,02_5,B02,5,50,0.1038962443,0.1022682141,0.1015065255,0.1010576399,0.1001903535,0.09966615034,0.09851366864,0.0967628854,0.09449230416,0.09157993106,0.08749339067,0.0845850972,0.08211787089,0.07953540415,-0.00439054994,-0.003228344912,-0.002309451179,-0.001706513178,-0.001592049637,-0.002190695478,-0.002559107943,-0.004132018287,-0.005426855306,-0.006002304243,-0.006340938741,-0.005731263029,-0.004722304126,-0.003495118095
02_5_soc060,02_5,B02,5,60,0.1062824939,0.1035412315,0.1016322251,0.1013169394,0.09992500869,0.09912843039,0.09805966451,0.09604719678,0.09388030166,0.09096711131,0.08696451554,0.08414047141,0.08167127377,0.07900414467,-0.005945918195,-0.005450135203,-0.00341317625,-0.002624578013,-0.002293958041,-0.002571111706,-0.003162363977,-0.004345239051,-0.005359662014,-0.006023607254,-0.006124277486,-0.005738562027,-0.004841022876,-0.003562539976
02_5_soc070,02_5,B02,5,70,0.1061770551,0.1039646154,0.1025685266,0.1014549797,0.1001140627,0.09949340057,0.0983183266,0.09628628649,0.0939318206,0.09097664426,0.08693962303,0.08393055791,0.08146658832,0.07898892773,-0.006460154056,-0.005162822307,-0.003647713434,-0.002718183499,-0.00250420641,-0.003052112892,-0.002917220198,-0.004517160919,-0.005422753074,-0.006304630556,-0.006335777077,-0.005720873425,-0.004820919803,-0.003427939694
02_5_soc080,02_5,B02,5,80,0.1062419836,0.1041981988,0.1027940066,0.1019651046,0.1005760243,0.09964411981,0.09899657492,0.0968076501,0.09413218231,0.09110850771,0.08681411393,0.08378705394,0.08128121334,0.07866708667,-0.006400630532,-0.004812384581,-0.003641853369,-0.002701656468,-0.002459153935,-0.002882715218,-0.003292305368,-0.004661627687,-0.005759032041,-0.006365413389,-0.006432096454,-0.005976869069,-0.00509256981,-0.003669197126
02_5_soc090,02_5,B02,5,90,0.1070192747,0.1049245089,0.1037485672,0.1029573414,0.1016555405,0.1008137922,0.09993512027,0.09766741797,0.09493246221,0.09161517941,0.08722725659,0.08393406223,0.08134827509,0.07857695707,-0.0060327242,-0.004399726495,-0.003195276559,-0.002630502225,-0.002517478639,-0.002781325437,-0.0033069128,-0.004775627485,-0.006203625343,-0.006910535912,-0.006730858983,-0.006126058589,-0.005167635336,-0.00380295898
02_5_soc100,02_5,B02,5,100,0.10988779,0.1085774457,0.1078309053,0.10700429,0.1059484218,0.1051881382,0.1038783097,0.1010439121,0.09778482431,0.09378361007,0.0885125252,0.08506832108,0.08224413826,0.07915701792,-0.005548773671,-0.003647475206,-0.002885304633,-0.002458292291,-0.002573683608,-0.003086280172,-0.003913766894,-0.005987124341,-0.00751360095,-0.007943120813,-0.007625661606,-0.006837043753,-0.005686981949,-0.003954534841
02_6_soc010,02_6,B02,6,10,0.1198546745,0.1177752238,0.1161693309,0.114960994,0.112423765,0.110225888,0.1070229032,0.1025037454,0.09874898839,0.09541905109,0.09124867069,0.08821888191,0.08577210933,0.08286674252,-0.006636144748,-0.005454095868,-0.004296645286,-0.004379344699,-0.004932285382,-0.006078061416,-0.006756810113,-0.00765341915,-0.007432780998,-0.00710213744,-0.006765925695,-0.006021960635,-0.005352439949,-0.003710758591
02_6_soc020,02_6,B02,6,20,0.1096410099,0.1081052468,0.1068548697,0.1065202354,0.1053041125,0.1044800831,0.1036295702,0.1004684704,0.09732146842,0.09401300232,0.09005609839,0.08711439236,0.08463686935,0.08202237359,-0.004431485294,-0.003596785991,-0.002620663963,-0.002029306104,-0.002446838572,-0.003191555549,-0.003858481564,-0.005618873542,-0.006310948247,-0.006650739105,-0.006402812026,-0.005827126961,-0.004999367384,-0.003661756883
02_6_soc030,02_6,B02,6,30,0.1066232921,0.1054670963,0.1045113421,0.1042348103,0.1032372295,0.1026822823,0.1020533974,0.09955895924,0.09683249199,0.09375972897,0.08945227393,0.08663592812,0.08401479321,0.08136792191,-0.003921354251,-0.003235461613,-0.002209977279,-0.001618775391,-0.001772232066,-0.002458348173,-0.003263723782,-0.004895836561,-0.005993390073,-0.006548241441,-0.006377163502,-0.005860902263,-0.00500941803,-0.00359798067
02_6_soc040,02_6,B02,6,40,0.1044290144,0.1032993906,0.1026605051,0.1022505992,0.1014984922,0.1010081087,0.1003172684,0.09829819969,0.09599107483,0.09310799923,0.0891361067,0.08616836101,0.08374605044,0.08106141382,-0.003778328831,-0.003013131757,-0.002087349451,-0.001533936118,-0.001566327889,-0.002126642802,-0.002878092515,-0.004202645221,-0.005382910841,-0.005984186229,-0.006188108871,-0.005637493986,-0.004916507157,-0.003537317124
02_6_soc050,02_6,B02,6,50,0.1047892452,0.1034048256,0.1024416905,0.1021276906,0.1010923442,0.1006293296,0.09956957814,0.09799955916,0.09560057948,0.09279189575,0.08866216286,0.08585494744,0.08315717873,0.08069165283,-0.004252421772,-0.003393687445,-0.002271675303,-0.001818504004,-0.001869753761,-0.00232005437,-0.002508517767,-0.004306420641,-0.005299905593,-0.006126226841,-0.006107155649,-0.005678157989,-0.004764801622,-0.003579014354
02_6_soc060,02_6,B02,6,60,0.1073153454,0.1045165254,0.1026429944,0.102312209,0.1008233342,0.1000261035,0.09907302297,0.09735890448,0.0949436457,0.0923432985,0.0884052538,0.08559017364,0.08307908826,0.08047799426,-0.005816698787,-0.005468848857,-0.00353064774,-0.002657611765,-0.002386292862,-0.002568219997,-0.002818284894,-0.004167826673,-0.00532574053,-0.005771138656,-0.006092239576,-0.005548044334,-0.004668034544,-0.003490846588
02_6_soc070,02_6,B02,6,70,0.1071234982,0.1050707251,0.1033975701,0.102477801,0.1011757945,0.100362569,0.0995479139,0.097522358,0.09526342124,0.09237172218,0.08826898188,0.08534572318,0.08282386233,0.08026511573,-0.006678266693,-0.005317896702,-0.003756518195,-0.002832782815,-0.002618024508,-0.002850580752,-0.00341632039,-0.004246989149,-0.005273795518,-0.00602894379,-0.00608717809,-0.005642448601,-0.004910820228,-0.003340944947
02_6_soc080,02_6,B02,6,80,0.1078978809,0.1057141216,0.1042650174,0.1033867683,0.1019948326,0.101109669,0.1000075209,0.0979139306,0.09554886396,0.09258867969,0.08861486473,0.08551547786,0.08303354445,0.0802607015,-0.006371226764,-0.005214700997,-0.0036043867,-0.00277855685,-0.002493627666,-0.002879611845,-0.003475614771,-0.004517360225,-0.005667135283,-0.006189634472,-0.006360310314,-0.005617342046,-0.004922326015,-0.003485452735
02_6_soc090,02_6,B02,6,90,0.1083319355,0.1063320943,0.1050339172,0.1044111234,0.102993387,0.1022673369,0.1009986159,0.09859390352,0.09657915159,0.09318079762,0.08897577072,0.08589069442,0.08314440021,0.08047564842,-0.005694363624,-0.004675236087,-0.003272591406,-0.002590828051,-0.002571986172,-0.002746460082,-0.003202885756,-0.00469149834,-0.005902871713,-0.006410862394,-0.006557834531,-0.006116011239,-0.005138646756,-0.003665025763
02_6_soc100,02_6,B02,6,100,0.1092891849,0.1081411173,0.1072405713,0.1065971514,0.1054413404,0.1047934157,0.1039112872,0.1013011272,0.09807667307,0.09454979389,0.0896339559,0.08633541598,0.08355034607,0.08055996307,-0.005362829997,-0.003783936028,-0.002877755273,-0.002294918335,-0.002327826826,-0.002715787378,-0.003674370617,-0.005411547267,-0.00687157569,-0.00741776317,-0.007123973173,-0.006603921862,-0.005545055395,-0.003889468286
02_7_soc010,02_7,B02,7,10,0.1151911613,0.1130225793,0.1114103086,0.1103468104,0.1080539447,0.1060489409,0.1032643378,0.09875983608,0.0953318304,0.09218141513,0.08824669782,0.0854194132,0.0831368404,0.08034765291,-0.006116982646,-0.005104604249,-0.004136530756,-0.003848465761,-0.004645842194,-0.005741240163,-0.006628955343,-0.007166513231,-0.006936171903,-0.006619058507,-0.006251504081,-0.005768191527,-0.004889875579,-0.003703626049
02_7_soc020,02_7,B02,7,20,0.1062620266,0.1046563706,0.1037111371,0.1033771254,0.1022007774,0.10147394,0.1000189948,0.09728877202,0.09430972259,0.09129351005,0.08736342146,0.0846768858,0.08206169291,0.07963653554,-0.004192964693,-0.003548900577,-0.002465529506,-0.001984548314,-0.002366273008,-0.00291471178,-0.003855492686,-0.005425796465,-0.006148135282,-0.006341084978,-0.006128708068,-0.005449722526,-0.004744821755,-0.003496953494
02_7_soc030,02_7,B02,7,30,0.1034489094,0.1021450211,0.1013350417,0.101024002,0.1003295301,0.09985098132,0.09911157142,0.09683438602,0.09443207976,0.09151010821,0.0874945171,0.08470191969,0.0821576997,0.07969730229,-0.003831288732,-0.003123851738,-0.002067235994,-0.001710388766,-0.001693260061,-0.002299365543,-0.002833163071,-0.004561321727,-0.005541307943,-0.005901174894,-0.006031164345,-0.005607136001,-0.004754716877,-0.00351536125
02_7_soc040,02_7,B02,7,40,0.1019100977,0.1007391939,0.09995831419,0.0996611416,0.09888697957,0.09841993035,0.0977435115,0.0959037156,0.09369071404,0.09101972566,0.08695319878,0.08424218707,0.08186788054,0.07922789706,-0.003691975151,-0.002866761222,-0.002026201119,-0.001369271194,-0.001593429778,-0.002032408891,-0.002445537615,-0.003893904142,-0.00507860245,-0.005875761813,-0.005921131283,-0.005420251672,-0.004664611046,-0.003505251043
02_7_soc050,02_7,B02,7,50,0.102529485,0.1008816695,0.1000707554,0.09944039478,0.09873355994,0.09809922036,0.09736212432,0.0954998001,0.09328623148,0.09067270008,0.08675897464,0.08396033845,0.08160246802,0.07907594645,-0.004181231533,-0.003358607636,-0.002269842574,-0.001807205949,-0.001664331633,-0.002088579243,-0.002817180475,-0.004016442753,-0.00497653909,-0.005641386521,-0.00585880951,-0.005266440198,-0.004729031655,-0.003408068132
02_7_soc060,02_7,B02,7,60,0.1049387118,0.1023578168,0.1005066972,0.09997869908,0.09862430616,0.09789428322,0.09680011243,0.09507353785,0.09278915217,0.09032362245,0.08634592043,0.08365149718,0.08133826472,0.07872145731,-0.005669217767,-0.005448020227,-0.003232326786,-0.00260307387,-0.002411099558,-0.002639111837,-0.002872451256,-0.003991100069,-0.004948863062,-0.005618697251,-0.00567601398,-0.005465097072,-0.004524950404,-0.003499276008
02_7_soc070,02_7,B02,7,70,0.1048178932,0.1026597131,0.1010270214,0.1003444745,0.09899155411,0.0980795065,0.09682882283,0.09518386828,0.09288242866,0.09019251652,0.08639882897,0.0834342161,0.08110721718,0.07860520882,-0.006463451808,-0.005232836189,-0.00342471474,-0.00277156185,-0.002522661332,-0.002709086576,-0.00309673531,-0.004364764865,-0.005229935466,-0.005722081779,-0.005850678671,-0.005459155763,-0.004595937051,-0.003434431352
02_7_soc080,02_7,B02,7,80,0.1055600749,0.1034375507,0.1020103346,0.1011741113,0.09984284073,0.09898418861,0.09766525117,0.09593723213,0.09330153927,0.09060745872,0.08660344037,0.08365530734,0.08127766029,0.07855562758,-0.006210096062,-0.004987592215,-0.003479957701,-0.002755870105,-0.0024597004,-0.002723232393,-0.003121866939,-0.004281509524,-0.005588319383,-0.006219779011,-0.006073313976,-0.005635411083,-0.004709420949,-0.003550211908
02_7_soc090,02_7,B02,7,90,0.1059452858,0.1041439895,0.1026796508,0.1020312728,0.1006052114,0.09994987036,0.09882663793,0.09678829323,0.09425133064,0.09102094327,0.08680900616,0.08408469722,0.08137962741,0.07880361183,-0.005708390608,-0.004614428616,-0.003214516971,-0.002586044896,-0.002561771953,-0.002795511311,-0.003529710741,-0.004712832177,-0.005840844104,-0.006360002184,-0.006381997209,-0.005923194607,-0.005042138824,-0.003655253499
02_7_soc100,02_7,B02,7,100,0.108977045,0.1077446092,0.1069989301,0.1062600068,0.10505558,0.1043252009,0.1027746784,0.1001241679,0.09661193129,0.09295783906,0.08782973569,0.08456002139,0.08159819954,0.07875429215,-0.005559270676,-0.003855338395,-0.002825682993,-0.002350859954,-0.002462258995,-0.003046803657,-0.004351297656,-0.006176257799,-0.007388662378,-0.007772360297,-0.007294707832,-0.00650292309,-0.005571220328,-0.00408768276
02_8_soc010,02_8,B02,8,10,0.11321347,0.1109783562,0.109555516,0.1084655177,0.1062416972,0.1043451662,0.1014391818,0.09693909676,0.09385975214,0.09103336177,0.08711985388,0.08462223731,0.08198201412,0.07956202588,-0.006062846196,-0.005009393719,-0.004151988763,-0.003772411601,-0.004504823447,-0.005660035097,-0.006548033228,-0.006840584384,-0.006670929795,-0.006401396945,-0.005865590905,-0.005560177095,-0.00472363516,-0.003637511789
02_8_soc020,02_8,B02,8,20,0.1043991929,0.1029323352,0.101848125,0.1013807179,0.1004030957,0.09967337949,0.09825206315,0.0955608594,0.09299929332,0.089949735,0.08623018199,0.08363107951,0.08127450906,0.07864018802,-0.004125991973,-0.003482729043,-0.002429991371,-0.00203742218,-0.00221602215,-0.002852877349,-0.003711803733,-0.005098607689,-0.005666705098,-0.005989389147,-0.005656583809,-0.005394164876,-0.004623382127,-0.003659046944
02_8_soc030,02_8,B02,8,30,0.1017475803,0.1005561969,0.09986944326,0.09948023965,0.0987044649,0.09799839506,0.09726841719,0.09521162512,0.09254957097,0.08963614021,0.0859844387,0.08315827281,0.08090855034,0.07813179699,-0.003766092538,-0.002882419473,-0.002085529804,-0.00155876556,-0.001795434451,-0.002245086183,-0.002948047825,-0.004317169518,-0.005567749552,-0.005937166828,-0.005691332041,-0.005368499523,-0.004638694887,-0.003530017129
02_8_soc040,02_8,B02,8,40,0.100105629,0.09906428318,0.09829258252,0.09798397879,0.09747321425,0.09672358294,0.09595609359,0.09429464517,0.09188550405,0.08926949234,0.08549705537,0.08280603442,0.08028156174,0.07786127496,-0.003759122272,-0.002893198525,-0.001811749469,-0.001489816441,-0.001551678207,-0.001970804235,-0.002726021299,-0.004153952855,-0.005089853363,-0.005611526058,-0.005739925603,-0.00533665424,-0.004625499328,-0.003469423963
02_8_soc050,02_8,B02,8,50,0.100016536,0.09859316067,0.09769846018,0.09726552521,0.09648919608,0.09576773864,0.09514421839,0.09337500298,0.09127074853,0.08881959402,0.08521752392,0.08233730406,0.08002447693,0.07749375699,-0.004122935632,-0.003206751828,-0.002323659367,-0.001711105669,-0.001742095972,-0.002070900111,-0.002698662596,-0.003893614547,-0.004914003885,-0.005441717843,-0.005541533203,-0.005151228385,-0.004665107567,-0.003277200633
02_8_soc060,02_8,B02,8,60,0.1030317366,0.1003734156,0.09863764857,0.09798644675,0.09673626701,0.09594969666,0.09484365712,0.09316109906,0.09106959313,0.08848174911,0.08467724095,0.08208768701,0.07980716055,0.07729185311,-0.00568834346,-0.005339161961,-0.003360722051,-0.002653183098,-0.002284550471,-0.002551188953,-0.002720122646,-0.004001909324,-0.005006894721,-0.00543983672,-0.005636990165,-0.005254200428,-0.004447954339,-0.003285260294
02_8_soc070,02_8,B02,8,70,0.1025783092,0.1003663038,0.09901534772,0.09828590689,0.09689062379,0.09587951705,0.09471760301,0.09310778662,0.09089304247,0.08830776008,0.08460699839,0.08184573067,0.07961726357,0.07708623375,-0.006169974432,-0.004998838253,-0.00359736854,-0.002744650849,-0.002534648238,-0.002653154332,-0.003107179598,-0.004062690466,-0.004894901423,-0.005539790097,-0.005664237905,-0.005117103194,-0.004607459462,-0.003522976575
02_8_soc080,02_8,B02,8,80,0.1031802027,0.1010792843,0.09967437674,0.09886558287,0.09738333622,0.09658477143,0.0955197814,0.09352938144,0.09137886192,0.08865190568,0.08475635935,0.08207624378,0.07957831264,0.07701586374,-0.005965033931,-0.005012280335,-0.003521021671,-0.002837174357,-0.002655800248,-0.002693601111,-0.002881846986,-0.004336366054,-0.005222988953,-0.00586695121,-0.005867918615,-0.00540333889,-0.004619200492,-0.003317142176
02_8_soc090,02_8,B02,8,90,0.1030854285,0.1009621434,0.09968741711,0.09900588726,0.09790613932,0.09704488459,0.09598402773,0.09401603854,0.09170122391,0.08894774641,0.08500127405,0.08225974483,0.07966910282,0.0770175261,-0.005618277611,-0.004406750152,-0.003071018458,-0.00254916796,-0.002309833258,-0.002594002635,-0.003139377264,-0.004271512653,-0.005476495536,-0.005899814683,-0.006009378105,-0.005647257482,-0.004850628134,-0.003432153431
02_8_soc100,02_8,B02,8,100,0.1051854911,0.1040436806,0.1033478764,0.1025144046,0.1015770865,0.100699711,0.09937641721,0.09689386001,0.0938633637,0.09035758341,0.0859935237,0.08270706276,0.07994931121,0.07702803195,-0.005456419605,-0.003622916113,-0.002837996639,-0.002248977687,-0.00228469876,-0.002894631839,-0.003759592986,-0.005610219688,-0.00654296791,-0.007113452605,-0.006843058209,-0.006346616373,-0.005373492783,-0.003878113201
02_9_soc010,02_9,B02,9,10,0.1144560838,0.1123979297,0.1107749818,0.1097005405,0.1074846173,0.105374391,0.1024819016,0.09807770591,0.09504335836,0.09243496523,0.08861856053,0.08583841415,0.08344068835,0.0808238057,-0.00619467903,-0.005227479605,-0.004157731029,-0.003795228646,-0.00471483633,-0.005719057502,-0.0063567332,-0.006712193756,-0.006490415729,-0.006287076855,-0.005960014933,-0.005485995127,-0.004754345711,-0.003568840776
02_9_soc020,02_9,B02,9,20,0.1057148983,0.1042718762,0.1032281641,0.1029975143,0.1017451077,0.101105651,0.09957574333,0.09686491317,0.09410038668,0.09112781595,0.08764975378,0.08502958509,0.0826252135,0.08010751474,-0.004282218688,-0.003556167156,-0.002459611073,-0.001914343852,-0.002301431226,-0.002877113602,-0.003658314609,-0.00509330463,-0.005542365248,-0.005788134202,-0.005772321595,-0.00535121239,-0.00454005315,-0.003337809055
02_9_soc030,02_9,B02,9,30,0.1023930298,0.1012333758,0.1004603078,0.1002499972,0.09946474654,0.0987489846,0.09791722685,0.09584246562,0.09361074597,0.09062084507,0.08706672244,0.08450009504,0.08210117672,0.07964445387,-0.003687917844,-0.002939681772,-0.002008789733,-0.001489866115,-0.001722347411,-0.002102457624,-0.002800405909,-0.004413877897,-0.005320079436,-0.005729811854,-0.005632747891,-0.00530609684,-0.0045291572,-0.003359340374
02_9_soc040,02_9,B02,9,40,0.101036411,0.09992002416,0.09911481728,0.09892155975,0.09800995616,0.09751601327,0.09710583239,0.09489403823,0.09289474657,0.09018566083,0.08670177401,0.0841744472,0.0816202276,0.079287973,-0.003860526802,-0.002809863497,-0.001984296509,-0.00143357773,-0.001497233906,-0.001873495952,-0.002698697654,-0.00411063952,-0.004870945363,-0.005497353977,-0.0055833354,-0.005194208862,-0.004624501292,-0.003455271398
02_9_soc050,02_9,B02,9,50,0.1009007549,0.0994889677,0.09836130837,0.09804605791,0.09712632963,0.09673193048,0.0963199398,0.09403291026,0.09228265678,0.08973017907,0.08622057304,0.08352008902,0.08132416467,0.07873155751,-0.004057789867,-0.003159464058,-0.002241449041,-0.00164590783,-0.001766011934,-0.002106507315,-0.002633541965,-0.003700396669,-0.00455747014,-0.005288246643,-0.005533795133,-0.005050726715,-0.00453379441,-0.00322542412
02_9_soc060,02_9,B02,9,60,0.1031465445,0.1006188303,0.09895640733,0.09850790147,0.09708549603,0.09632424694,0.09518019384,0.09361852188,0.09166735851,0.08915344382,0.08556436952,0.08317210608,0.08081616977,0.07845267534,-0.005566829148,-0.005255216083,-0.003377914253,-0.002400931501,-0.002237281394,-0.002371386864,-0.002593418545,-0.003763468229,-0.00470665824,-0.005411962686,-0.005434796001,-0.005165794008,-0.004497427652,-0.003231346313
02_9_soc070,02_9,B02,9,70,0.1036333621,0.1015286316,0.1000231797,0.09924935226,0.0978309284,0.09701981513,0.09598747025,0.09404646513,0.09189318766,0.08944893905,0.0855270159,0.08296929297,0.08066393854,0.07820131924,-0.006209356618,-0.005097797763,-0.003540016312,-0.002741377104,-0.002570619297,-0.002795416752,-0.002834839133,-0.004007130073,-0.005015655657,-0.005648253471,-0.005630361147,-0.005276577008,-0.004555143482,-0.003243477812
02_9_soc080,02_9,B02,9,80,0.1038509637,0.1017870324,0.1002804679,0.09934176662,0.09812404015,0.09718350279,0.09622712017,0.09419612845,0.09200877017,0.08952542298,0.08551332071,0.08280165804,0.08038219543,0.07792441255,-0.005995736179,-0.004727529737,-0.003496802482,-0.002577317456,-0.002446030292,-0.002802621649,-0.003025451676,-0.004209533057,-0.005194343105,-0.005710570909,-0.005643452397,-0.00529705115,-0.004688812043,-0.003514727256
02_9_soc090,02_9,B02,9,90,0.1040669961,0.1020266854,0.1009140844,0.100090156,0.09887675986,0.09799646567,0.09683802349,0.09514915816,0.09258304411,0.08962077845,0.08566539942,0.08298816093,0.08040245216,0.07789429601,-0.005563474502,-0.004514818594,-0.002850058167,-0.002572474442,-0.002306403435,-0.002553107837,-0.003386773947,-0.004655614314,-0.005506559262,-0.006071863011,-0.006070776091,-0.00552681658,-0.004854750475,-0.003543673351
02_9_soc100,02_9,B02,9,100,0.1051959542,0.1042448327,0.103299772,0.1023874396,0.1013992286,0.1008246718,0.09976078822,0.09705028805,0.09402911164,0.09076847521,0.08619864554,0.08314467377,0.08060417305,0.07767805586,-0.00530266723,-0.003635608492,-0.002672085982,-0.002155742956,-0.002620485556,-0.002931606683,-0.003676867102,-0.005424751768,-0.007003923835,-0.007163188935,-0.006610784955,-0.006124515953,-0.005443664152,-0.003869172522
03_4_soc010,03_4,B03,4,10,0.1136271679,0.1119263663,0.1104103385,0.1093373179,0.1076019539,0.1056824684,0.1032626624,0.09905222741,0.09591135034,0.09304099486,0.08932695732,0.08648246039,0.0841126561,0.08145608226,-0.005934555161,-0.00482627929,-0.003781413349,-0.003450751566,-0.004243449921,-0.005198910338,-0.005989435184,-0.006483944462,-0.006413454768,-0.006324173461,-0.006050818279,-0.005500650568,-0.004799031138,-0.003623625651
03_4_soc020,03_4,B03,4,20,0.1065573929,0.1051368569,0.1040779939,0.1037777874,0.1028107737,0.1019846397,0.1008079628,0.0982594099,0.09541849589,0.09256774721,0.08869678745,0.08585679339,0.08357322148,0.08098784597,-0.004216646016,-0.003421609508,-0.002224959873,-0.001872016803,-0.002025281228,-0.002713278236,-0.003592938609,-0.005105706599,-0.00579147439,-0.006084258663,-0.005918660126,-0.005447300206,-0.004666354835,-0.003512920943
03_4_soc030,03_4,B03,4,30,0.1036403433,0.1022908952,0.1015156172,0.1012719323,0.1005560367,0.09996923201,0.09923681619,0.09738914404,0.09491225966,0.09209101778,0.08807510413,0.08534429419,0.08293851902,0.08044199387,-0.003795120063,-0.003038767435,-0.002099624298,-0.001431537791,-0.001571093357,-0.002099917173,-0.002836756968,-0.004247827907,-0.005464014014,-0.0059208012,-0.005891522859,-0.00537468252,-0.00471912045,-0.003449614036
03_4_soc040,03_4,B03,4,40,0.1024213728,0.1013383108,0.1005316336,0.1002580726,0.0996204163,0.09904327069,0.09840477446,0.09679141646,0.09446950549,0.09180361097,0.08782767592,0.08508215399,0.08256705897,0.08009236762,-0.003792116544,-0.002763969396,-0.001841144709,-0.001437710182,-0.001514522699,-0.001902529614,-0.002531155476,-0.003915085945,-0.005131944196,-0.005898030599,-0.005850726506,-0.005499357954,-0.004688986684,-0.003591220138
03_4_soc050,03_4,B03,4,50,0.1023687495,0.1010795003,0.1000628814,0.09972943241,0.0989731808,0.0984562664,0.09781202112,0.09610669745,0.09401070577,0.09133784043,0.08746612137,0.08466634351,0.08243773023,0.07980884616,-0.003923172723,-0.003377332547,-0.002084593201,-0.001615723045,-0.00159484976,-0.001962559245,-0.002445683172,-0.003902129713,-0.005013468239,-0.005748501043,-0.005810615866,-0.005330777689,-0.004698202274,-0.003367307061
03_4_soc060,03_4,B03,4,60,0.1049669356,0.1025530533,0.1007575405,0.1003560843,0.09916088627,0.09851526336,0.09772028754,0.0959861439,0.0938095292,0.09128438117,0.08739274115,0.08453629169,0.0821610651,0.07966818972,-0.005209505204,-0.005113186364,-0.003302635193,-0.002255144516,-0.002105221529,-0.002459935499,-0.002778550133,-0.003848528536,-0.005083879906,-0.005613063344,-0.005843920498,-0.005324333355,-0.004688568352,-0.003453240291
03_4_soc070,03_4,B03,4,70,0.10482925,0.1029741757,0.1013936644,0.1007026364,0.09962376389,0.09884294944,0.09786763578,0.09605889906,0.09387434663,0.09111445367,0.08730629274,0.08428899025,0.08199353947,0.0794744874,-0.006291247755,-0.004936304163,-0.003355238127,-0.002499303794,-0.002317640112,-0.002515811757,-0.002740332139,-0.004164795108,-0.005112202699,-0.005930879051,-0.005939961845,-0.005520712163,-0.004723891818,-0.003410369536
03_4_soc080,03_4,B03,4,80,0.1055066545,0.1036188402,0.1022298908,0.1015253251,0.1002435631,0.09961331481,0.09861254577,0.09678747805,0.09448566226,0.09156288707,0.08743651431,0.08456107633,0.08207563711,0.07951189891,-0.005948390258,-0.004884546624,-0.003269253425,-0.002562425727,-0.002295134158,-0.002597689946,-0.002972553263,-0.004297813433,-0.00539997201,-0.006051874293,-0.006158994147,-0.005641616866,-0.004742962538,-0.003499603634
03_4_soc090,03_4,B03,4,90,0.1069877182,0.1049793053,0.1036734657,0.1031235661,0.1020463647,0.101203233,0.1003057649,0.09819811589,0.0954361716,0.09233555887,0.08788132513,0.08492595788,0.08233157509,0.07967572871,-0.005680106009,-0.004476466578,-0.00310358892,-0.002424748676,-0.002259122169,-0.002583410412,-0.003459999928,-0.004833694594,-0.006144772676,-0.006602615671,-0.006612261977,-0.005938346331,-0.005103154876,-0.003831322825
03_4_soc100,03_4,B03,4,100,0.1091907618,0.1084475401,0.1076279256,0.1068846386,0.1059629291,0.1052055994,0.1041097489,0.1012782598,0.09787900519,0.09414791047,0.08925708126,0.08607234425,0.08317775534,0.08028703363,-0.005406872824,-0.00358128137,-0.002698305502,-0.00214979725,-0.002402026571,-0.002943885048,-0.004027691572,-0.005945896615,-0.007307396626,-0.007624954308,-0.007242636945,-0.00653087048,-0.005492150695,-0.004069025543
03_5_soc010,03_5,B03,5,10,0.1127561647,0.1107787769,0.1092726554,0.1083934109,0.1062539775,0.1042495509,0.1015548386,0.09756732676,0.09461033159,0.09194454853,0.08840864103,0.08568625272,0.0833548483,0.08076994245,-0.006047357481,-0.00471803553,-0.003864657037,-0.003634162427,-0.004459719472,-0.005317516727,-0.006012466276,-0.006325788939,-0.006116789082,-0.006025581739,-0.005748479887,-0.005318792892,-0.00477865895,-0.003573859607
03_5_soc020,03_5,B03,5,20,0.1049682621,0.1035869102,0.1025448769,0.102231115,0.1012095777,0.1004293888,0.09926174639,0.09666677282,0.09403274401,0.09121698319,0.08768282707,0.0851247629,0.08276362642,0.08027999383,-0.004285722629,-0.003451116562,-0.002304559425,-0.001942226067,-0.002150012682,-0.002732523355,-0.00362993209,-0.005017099257,-0.005590558068,-0.005626805091,-0.005683208301,-0.005091695619,-0.00462242859,-0.003414246635
03_5_soc030,03_5,B03,5,30,0.1022563603,0.101047957,0.1003681663,0.1000220257,0.09929671475,0.09877457076,0.09808684952,0.0963350841,0.09382345182,0.09112207688,0.08744944991,0.0848101703,0.08253653955,0.07993196034,-0.003807448951,-0.003010210062,-0.001911474445,-0.001498013833,-0.00153512313,-0.002048368928,-0.002716744934,-0.004048592277,-0.005159219957,-0.005560754558,-0.005583793875,-0.005166727727,-0.004548319385,-0.003541557293
03_5_soc040,03_5,B03,5,40,0.1010098392,0.09989665502,0.09919123339,0.09885824417,0.09824085578,0.09776878863,0.09719074452,0.09551197738,0.09331984895,0.09083055822,0.08720931401,0.08446692888,0.08212123634,0.079631191,-0.003720331353,-0.002786606382,-0.001845416309,-0.001379975375,-0.001519136079,-0.00178503616,-0.00230737192,-0.003826571152,-0.004933719506,-0.005476610957,-0.005615372701,-0.005129679317,-0.00454337484,-0.003488455846
03_5_soc050,03_5,B03,5,50,0.1008135857,0.09937098116,0.09861269586,0.09824951806,0.09749061892,0.09697420912,0.09650239531,0.09499052944,0.09286679294,0.09022073823,0.08667982328,0.08399792966,0.08172946688,0.07927293428,-0.004074947698,-0.003206594215,-0.002108062746,-0.001507416047,-0.001483475143,-0.001854828456,-0.002413488697,-0.003606785018,-0.004687359942,-0.005393329772,-0.005426492118,-0.005222032714,-0.004516986354,-0.00338320051
03_5_soc060,03_5,B03,5,60,0.1032536962,0.1008194117,0.09907527663,0.09876313171,0.09743497394,0.09680608512,0.09620840503,0.0944398999,0.09256083019,0.08988664346,0.08632493338,0.08370940192,0.08144846387,0.07891828319,-0.005431296614,-0.005106008261,-0.003270593597,-0.002290430482,-0.002073870966,-0.002127194798,-0.002545269314,-0.00373265149,-0.004718100437,-0.005466721079,-0.00550499026,-0.005242872509,-0.00436268953,-0.00342570052
03_5_soc070,03_5,B03,5,70,0.1029543305,0.1010886668,0.09966958291,0.0990424891,0.09788184297,0.09695300812,0.09632239993,0.09461438537,0.09256861723,0.08989358791,0.08619581059,0.08354062588,0.08125193489,0.07875392589,-0.006083552978,-0.004791949228,-0.003308651012,-0.002444403696,-0.002130863429,-0.002452264159,-0.002825329346,-0.003982272274,-0.004843027091,-0.005502760602,-0.005575367341,-0.005209627603,-0.004585742252,-0.00339271446
03_5_soc080,03_5,B03,5,80,0.1037003676,0.1017006425,0.1004042782,0.09963523573,0.09843817294,0.09768357709,0.09686576164,0.09516563046,0.09302469954,0.09036771603,0.08651868073,0.08373886065,0.08149121982,0.07885015456,-0.006010544531,-0.004593308359,-0.003231509114,-0.002400611483,-0.002326367633,-0.00242228954,-0.002738439857,-0.004067396902,-0.005131939121,-0.00566182061,-0.005849089311,-0.005302421026,-0.0046354752,-0.003544516598
03_5_soc090,03_5,B03,5,90,0.1044772442,0.1028684096,0.1015882634,0.1009366076,0.099751681,0.09912260903,0.09813817735,0.09633465511,0.09400327536,0.09120562934,0.08705259249,0.08424189206,0.08171246932,0.07913089614,-0.005613370535,-0.004297809341,-0.003050845335,-0.002340353993,-0.002239721332,-0.002414943502,-0.002889902681,-0.004395118605,-0.005499954356,-0.006083848076,-0.006057038275,-0.005701519205,-0.004773851222,-0.003477631611
03_5_soc100,03_5,B03,5,100,0.1055313058,0.1045673849,0.1037489742,0.1028640033,0.1021710779,0.101511087,0.1006858179,0.09833667324,0.09555673905,0.09231104814,0.08799501961,0.08494534714,0.08226004326,0.07943340844,-0.00504807117,-0.003469573553,-0.002627790243,-0.002014991088,-0.002071016507,-0.002492413339,-0.003201336628,-0.004964392175,-0.006235625358,-0.006759800674,-0.00655607379,-0.006037032731,-0.005200336577,-0.003785095868
03_6_soc010,03_6,B03,6,10,0.1162459175,0.1141650519,0.1126551268,0.111638381,0.1092573836,0.107024181,0.1037067024,0.09934390275,0.09638237081,0.09364840696,0.08999057859,0.0874395281,0.08492534986,0.0823172768,-0.006076696731,-0.005030465279,-0.004194122706,-0.004046958037,-0.005049630798,-0.006004496951,-0.006754405877,-0.006639358122,-0.00650748067,-0.006242873152,-0.0058451693,-0.005443158212,-0.004856142796,-0.003625581323
03_6_soc020,03_6,B03,6,20,0.1045566526,0.1035512954,0.1024262204,0.1019757153,0.1011341078,0.1004680444,0.09922961035,0.09685955141,0.09460154603,0.09187025397,0.08855714916,0.08624613215,0.08401255349,0.08147569446,-0.003869654448,-0.00326749413,-0.002326562137,-0.001608367345,-0.002116973107,-0.00269535129,-0.00328062977,-0.004553468805,-0.004982123446,-0.005327950879,-0.005296725897,-0.004873084129,-0.004341664501,-0.00339535229
03_6_soc030,03_6,B03,6,30,0.1018333643,0.1005766468,0.09990341213,0.09950347676,0.09887859165,0.09846763637,0.09757832796,0.09582149059,0.09393742746,0.09152881463,0.08800553319,0.0856156689,0.08335511978,0.08102501208,-0.00353854782,-0.002932820263,-0.001869033512,-0.001386080602,-0.001442963659,-0.00189615689,-0.002434706006,-0.003602721054,-0.004597586731,-0.005169891169,-0.005298377911,-0.004998196667,-0.004436692762,-0.003415810776
03_6_soc040,03_6,B03,6,40,0.100632898,0.09944278573,0.09883292121,0.09862810499,0.0978254605,0.09759070937,0.09682642054,0.09544393582,0.09372246325,0.09124320111,0.08771094841,0.08532977215,0.08313876501,0.08070869895,-0.00360142329,-0.002636574759,-0.001843080507,-0.001424091354,-0.001420564245,-0.001692470938,-0.00200612164,-0.003333929302,-0.004518539795,-0.0051355807,-0.005247846617,-0.004983615919,-0.004319290283,-0.003218718875
03_6_soc050,03_6,B03,6,50,0.1008623504,0.0995006969,0.09887922457,0.09840270697,0.0975792035,0.09727499499,0.09637308862,0.09523011407,0.09325549827,0.09097802504,0.0876078856,0.0851683793,0.08298293504,0.0805219547,-0.004017156263,-0.00307479998,-0.002068482501,-0.001463769401,-0.00145765031,-0.001717261715,-0.002189225586,-0.003465445573,-0.004333660775,-0.004963652418,-0.005170010438,-0.004896521649,-0.004385680386,-0.003312689299
03_6_soc060,03_6,B03,6,60,0.1038227097,0.1013583178,0.09966801248,0.09929610445,0.09815979536,0.09751780061,0.09676101949,0.09513938391,0.09333985607,0.09101819599,0.08757717555,0.08503557174,0.08286294053,0.080352522,-0.005580708726,-0.004989434709,-0.003227668458,-0.002226118507,-0.002068131975,-0.002170465432,-0.002496404616,-0.003571423689,-0.004500365007,-0.004955446596,-0.005265319004,-0.004832998091,-0.004510715837,-0.003287365373
03_6_soc070,03_6,B03,6,70,0.1031364498,0.1013263026,0.09996301463,0.09929107525,0.09794263788,0.09747492047,0.09641837909,0.09495816779,0.0930215914,0.09055948722,0.0872509186,0.08470827669,0.08225261329,0.07992081868,-0.00616939582,-0.004660406792,-0.003075107676,-0.002482641242,-0.002212639453,-0.002281838886,-0.002730820142,-0.003429836004,-0.004562789647,-0.005097214805,-0.005413104526,-0.004996806074,-0.004451422623,-0.003284002047
03_6_soc080,03_6,B03,6,80,0.103814857,0.1019777114,0.1005060224,0.09987837188,0.09877549283,0.0981041688,0.09711176699,0.09543956743,0.09346615891,0.09097949274,0.0873045456,0.08472171414,0.08247401505,0.08004433077,-0.005852576552,-0.004574556125,-0.003185389743,-0.002426096914,-0.00219226342,-0.002371160658,-0.002835526516,-0.003920952651,-0.004848376332,-0.005449612829,-0.005524099516,-0.005227437235,-0.004554046201,-0.003441006901
03_6_soc090,03_6,B03,6,90,0.1046908609,0.1029509688,0.1016258983,0.1008509432,0.1000048068,0.09923055782,0.0984668198,0.09663950368,0.09425682923,0.09166968144,0.08784149883,0.08514974928,0.08275364722,0.08013488516,-0.005371428773,-0.004233694683,-0.002811898855,-0.002115870962,-0.002196905624,-0.002388480062,-0.002907442898,-0.004194353283,-0.00531130562,-0.005852270378,-0.005799202483,-0.005358089567,-0.004620341672,-0.003528136945
03_6_soc100,03_6,B03,6,100,0.1055949014,0.1045456578,0.1037871844,0.1032713951,0.1024753024,0.1017592699,0.1009424903,0.09850613879,0.09590538444,0.09283770966,0.08870636081,0.08571127837,0.08316348811,0.08051634494,-0.005201958841,-0.003421730688,-0.002493976031,-0.001926021664,-0.002035742162,-0.002492900518,-0.003005585409,-0.004813169321,-0.00591660703,-0.006217966837,-0.006271648768,-0.005892436935,-0.005076804853,-0.003842084577
03_7_soc010,03_7,B03,7,10,0.1158584496,0.1140869163,0.1124677696,0.1114004826,0.1091332144,0.106946066,0.1041892787,0.09986904756,0.09689940051,0.09456370685,0.09125125819,0.08855837936,0.08625786057,0.0838392624,-0.005965077426,-0.004967076593,-0.004066594341,-0.003707738536,-0.004731116207,-0.005761827905,-0.006428116363,-0.006335691072,-0.005997441079,-0.005805239103,-0.005504873498,-0.00521339276,-0.004586179234,-0.003522921564
03_7_soc020,03_7,B03,7,20,0.107357936,0.1058947888,0.1050252207,0.1044506663,0.1034491623,0.10264064,0.1015863676,0.09872381684,0.09610470965,0.0935522214,0.09009322859,0.08767289949,0.08542654888,0.08293678615,-0.004211982991,-0.003425631324,-0.002438877727,-0.001905282041,-0.002129314478,-0.002819941391,-0.003758737633,-0.00493570627,-0.005357379958,-0.005430399319,-0.005499656589,-0.005103040305,-0.004426483629,-0.003372118897
03_7_soc030,03_7,B03,7,30,0.1038369182,0.1026009781,0.1018336178,0.1016044323,0.1008573322,0.1002677587,0.09939361144,0.09778032925,0.09547623076,0.09294565139,0.08934444611,0.08689931943,0.08466996116,0.08216134818,-0.003846082924,-0.003007925078,-0.001884023662,-0.001579224956,-0.001551366256,-0.001970351673,-0.002559741909,-0.004013389351,-0.004982718777,-0.005401292396,-0.005411923294,-0.005052884053,-0.004389383714,-0.003436386483
03_7_soc040,03_7,B03,7,40,0.1023197861,0.1010055977,0.1005161248,0.1001983041,0.09946034476,0.09895152579,0.09849441484,0.09672266981,0.09481506753,0.09227632423,0.0889495378,0.08635450076,0.08424429398,0.08164691823,-0.00366168216,-0.002694141089,-0.001776207078,-0.001401069787,-0.001462606724,-0.001800828092,-0.002383993027,-0.003464068369,-0.004566680304,-0.005134696136,-0.005336078134,-0.005062964754,-0.004437442766,-0.003331498174
03_7_soc050,03_7,B03,7,50,0.1019779304,0.1007942653,0.09988767855,0.09949007594,0.09878773475,0.09840106863,0.0977618839,0.0962207133,0.09436582265,0.09186520009,0.08847346058,0.08605055335,0.08376545198,0.08145811051,-0.003900789255,-0.003281431494,-0.002106693879,-0.001498684473,-0.001431299984,-0.001853694738,-0.002083827306,-0.003503893997,-0.004564312341,-0.00503234352,-0.005210507855,-0.004887844834,-0.004350677121,-0.003388653434
03_7_soc060,03_7,B03,7,60,0.1046634796,0.1023409036,0.1005457625,0.1000140278,0.0986752453,0.09809616358,0.09774860216,0.09587319756,0.093857521,0.09152384545,0.08812053977,0.0856042441,0.08342871657,0.08105166079,-0.005471292082,-0.005110974207,-0.003368295536,-0.002286425995,-0.002132150454,-0.002333861368,-0.002555504069,-0.003605782201,-0.00450451981,-0.005185927438,-0.005219802597,-0.004972022273,-0.00444444216,-0.003227374606
03_7_soc070,03_7,B03,7,70,0.104082909,0.102159076,0.1007776199,0.100101471,0.09887176453,0.09813203444,0.09720130489,0.09545176872,0.09367644579,0.09127087653,0.08780885931,0.08530394045,0.08308110908,0.08065745367,-0.006129164346,-0.004811273616,-0.003293508605,-0.002535607436,-0.002179908925,-0.002418723066,-0.002449205184,-0.003656693694,-0.004614880116,-0.005155745047,-0.005205024042,-0.005002728614,-0.004410374059,-0.003319670091
03_7_soc080,03_7,B03,7,80,0.1041281737,0.1022816928,0.1008615291,0.1001167516,0.09887166788,0.0981724612,0.09752396638,0.09574414384,0.09367331039,0.09123652552,0.08767106059,0.08506268437,0.08279863323,0.08041184139,-0.005800562696,-0.004638140977,-0.003310064301,-0.002431810151,-0.002237072894,-0.002436595553,-0.002592259544,-0.003774833593,-0.004709259597,-0.005251046104,-0.005514909883,-0.005085354516,-0.004502852208,-0.003339038592
03_7_soc090,03_7,B03,7,90,0.1048151106,0.1030811659,0.1020580464,0.1012633343,0.1001907859,0.09941914922,0.09831643057,0.09657722775,0.09442231162,0.09180670501,0.08797236405,0.08531725115,0.08301223216,0.08047021795,-0.005518339456,-0.004380373835,-0.002953416984,-0.002379429076,-0.002219959388,-0.002483651253,-0.00281926198,-0.00395254229,-0.005132852289,-0.005596118136,-0.00558534489,-0.005158283834,-0.004576375832,-0.003420742756
03_7_soc100,03_7,B03,7,100,0.1056093738,0.1044646437,0.1038374537,0.10343437,0.1024054175,0.1014980693,0.1005596796,0.09840032188,0.09544354602,0.09246820802,0.08838749617,0.08544886647,0.08280895435,0.08017671789,-0.005121985861,-0.003470514531,-0.002395487127,-0.002004844331,-0.002086948828,-0.002556247992,-0.00324429295,-0.005068282745,-0.005938238784,-0.006289420982,-0.00610063626,-0.00561127322,-0.005140707168,-0.003766513905
03_8_soc010,03_8,B03,8,10,0.1185658844,0.1165245009,0.1150023839,0.1138771201,0.1112646196,0.1086361708,0.1053040702,0.1007721053,0.09796874981,0.09527169746,0.09159176268,0.08911646798,0.08674312238,0.08410273636,-0.006031818879,-0.00512819796,-0.00435772994,-0.004188719496,-0.005259486725,-0.006492930632,-0.007048835446,-0.006667555511,-0.006310372004,-0.006132520972,-0.005770205694,-0.005349955441,-0.004685056003,-0.003519392442
03_8_soc020,03_8,B03,8,20,0.1088835488,0.1073053654,0.106272064,0.1058625721,0.1048043731,0.1037469875,0.1023286568,0.09935312991,0.096595771,0.09410132329,0.09048151025,0.088005657,0.08572628001,0.08314533385,-0.004223227458,-0.003370860073,-0.002475725594,-0.001952607108,-0.002314820634,-0.003272318643,-0.004095426545,-0.005255987955,-0.005678916252,-0.005752024461,-0.005487084904,-0.005167702603,-0.004568391389,-0.003518550115
03_8_soc030,03_8,B03,8,30,0.1041769883,0.102836662,0.1019185849,0.1017565842,0.101139689,0.1006420284,0.09962629507,0.09773589314,0.0956637524,0.09311504403,0.08974777565,0.08721633894,0.08504176162,0.08257153186,-0.003694613498,-0.002891136883,-0.001958524451,-0.001515072209,-0.001550318203,-0.00204582384,-0.002646372698,-0.004096003053,-0.004870056073,-0.005231327773,-0.005279690653,-0.004941539617,-0.004395358787,-0.003360312702
03_8_soc040,03_8,B03,8,40,0.1016747803,0.1004013269,0.09981040694,0.09952953911,0.09886694708,0.09853716938,0.09780983165,0.09634577343,0.09451901731,0.09217466252,0.08900748997,0.08653474224,0.0843389097,0.0819872652,-0.00356476858,-0.002753578251,-0.001750039296,-0.001382400648,-0.001405775001,-0.001733678104,-0.002190299639,-0.003459258915,-0.004286907251,-0.004876645608,-0.005052098549,-0.004796809572,-0.004249504957,-0.003167316516
03_8_soc050,03_8,B03,8,50,0.101676441,0.1002211828,0.09937952365,0.0989449209,0.09836109852,0.09789522481,0.09721788939,0.09586278265,0.09401914259,0.09180152416,0.08848275493,0.0860984946,0.08410917217,0.08160011809,-0.003891102298,-0.003230395338,-0.002088050352,-0.001522540704,-0.001547147319,-0.001805869909,-0.00218531655,-0.003242034313,-0.004260782219,-0.004833101895,-0.004950762887,-0.004730530536,-0.00422203887,-0.003266667472
03_8_soc060,03_8,B03,8,60,0.1041791959,0.1018130385,0.1001386248,0.09963293632,0.09848691272,0.09792104663,0.09703872047,0.09550219625,0.09372725184,0.09141103752,0.08811436891,0.08588494356,0.083685809,0.08125329762,-0.005474228009,-0.004983710156,-0.00319798277,-0.002222868375,-0.002084418127,-0.00221301121,-0.002480465293,-0.003415719367,-0.004354172557,-0.004914923246,-0.004990239445,-0.004797586152,-0.004265986238,-0.003227333027
03_8_soc070,03_8,B03,8,70,0.1040618135,0.1021973153,0.1006622451,0.1000490745,0.09893639921,0.09811788325,0.09727690165,0.09564311503,0.09365291704,0.09151221459,0.08799150686,0.08563120154,0.08337236509,0.08109258723,-0.005936768623,-0.004926495926,-0.00329218733,-0.002465130732,-0.002200426731,-0.00241417107,-0.002636101918,-0.003651412747,-0.004501197184,-0.004966836673,-0.005088462382,-0.004825579262,-0.004358056051,-0.003232473228
03_8_soc080,03_8,B03,8,80,0.104416301,0.1024154484,0.1010541272,0.1004385213,0.09925167778,0.09847031441,0.09773482096,0.09594043069,0.09391428394,0.09139968835,0.0879551289,0.08535020834,0.08311894753,0.0807324904,-0.005928005815,-0.004647838029,-0.003228240919,-0.002509092225,-0.002236732696,-0.002468326,-0.002741374332,-0.003939291816,-0.00482321437,-0.005192021642,-0.005301174951,-0.005046139344,-0.004432465054,-0.003353347552
03_8_soc090,03_8,B03,8,90,0.1049737984,0.1031811502,0.1019388985,0.1012141572,0.10022115,0.09951417181,0.09859189619,0.09653862722,0.09420127723,0.09154297874,0.08775724238,0.0850744108,0.082766366,0.08035156727,-0.005410489468,-0.004399949637,-0.003051704565,-0.002329389695,-0.00218724891,-0.002481871455,-0.003068404755,-0.004234772976,-0.005225139858,-0.00567855986,-0.005629811646,-0.005214938242,-0.004723950783,-0.003464145926
03_8_soc100,03_8,B03,8,100,0.1048881882,0.1038080167,0.1030026113,0.1023798252,0.1015659136,0.1008936718,0.09994748847,0.0975630799,0.09488180361,0.09192385939,0.08809551115,0.08535719605,0.08288301525,0.08016158733,-0.005063903431,-0.003424450492,-0.002543185541,-0.001978888729,-0.002073656351,-0.002486346133,-0.003260706199,-0.004849866772,-0.005766734632,-0.006038154754,-0.005907155337,-0.005616769402,-0.00484016598,-0.003641726412
03_9_soc010,03_9,B03,9,10,0.1176555996,0.1156945982,0.1139171158,0.1128692779,0.1099670288,0.1072325296,0.1037973638,0.09910196544,0.09611757323,0.0936047492,0.09026266479,0.08759148429,0.08527524719,0.08269005035,-0.006234431764,-0.005292561781,-0.004479270529,-0.004357291371,-0.005670476592,-0.006943067683,-0.007347368312,-0.006685966614,-0.006337613354,-0.006088833505,-0.005651043941,-0.005282411548,-0.00463567079,-0.003554041749
03_9_soc020,03_9,B03,9,20,0.1078538239,0.106414026,0.1052346703,0.1048013173,0.1038725702,0.1026849578,0.1012008819,0.09794256813,0.09542658363,0.09264802091,0.08928314061,0.08676167045,0.08455855173,0.0818908363,-0.004238573229,-0.003588319858,-0.002491742073,-0.002102650059,-0.002582137218,-0.003362437421,-0.004314183917,-0.005288693349,-0.005603343391,-0.005596674741,-0.005458829697,-0.005106153837,-0.004525937903,-0.003455580531
03_9_soc030,03_9,B03,9,30,0.1039301116,0.1025838336,0.1019503594,0.1017348371,0.1007299809,0.1001666395,0.09932517801,0.09707555568,0.0946894736,0.0921760642,0.088773537,0.08618851839,0.08394674893,0.08134842222,-0.00375551027,-0.003085141698,-0.001892996568,-0.001558213997,-0.00173252642,-0.002268145111,-0.002927226821,-0.004343946593,-0.005082740746,-0.005421907792,-0.005399562889,-0.00508977682,-0.004516789339,-0.003415203192
03_9_soc040,03_9,B03,9,40,0.1021263343,0.1011045044,0.100182431,0.1000845602,0.0994438163,0.09889417814,0.09827337863,0.09644831342,0.09421482996,0.09162198129,0.08834572147,0.0857933723,0.08359663136,0.08107898963,-0.003635897537,-0.002819844209,-0.001933173289,-0.001350936083,-0.00144478578,-0.001908365282,-0.002514085066,-0.003688267163,-0.004897197486,-0.00529242935,-0.005276318374,-0.005010286203,-0.004346747947,-0.003340484026
03_9_soc050,03_9,B03,9,50,0.1003781528,0.09902142425,0.09818596303,0.097668096,0.09719903051,0.09666761854,0.09615083249,0.09449588117,0.09283348689,0.09047920736,0.0873334322,0.08497560442,0.08280845755,0.08043121868,-0.003954048886,-0.003182093518,-0.002077773205,-0.001558546708,-0.001413521743,-0.001847790255,-0.002360682606,-0.003227829822,-0.004191641033,-0.004754330179,-0.004932969555,-0.004696884938,-0.004167166038,-0.003289010774
03_9_soc060,03_9,B03,9,60,0.1024907035,0.1002855564,0.09858607079,0.09802108396,0.09704627356,0.09627638186,0.09552449872,0.09393912446,0.0922323756,0.08997217043,0.08695458972,0.0845083617,0.08252400755,0.08024122847,-0.005514781043,-0.005043527873,-0.003254339419,-0.002250829433,-0.001992441875,-0.002248141894,-0.002394727142,-0.003307489564,-0.004229991634,-0.004684933805,-0.004825045554,-0.004579523551,-0.004090285861,-0.00322199182
03_9_soc070,03_9,B03,9,70,0.1027954204,0.1008754846,0.09937997933,0.09881712054,0.09762560068,0.09690676451,0.0960657262,0.09444285791,0.09246886913,0.09037024829,0.08695579358,0.08465217495,0.08253505798,0.08018737423,-0.005948845,-0.004662704664,-0.003167498521,-0.002422103201,-0.002196979439,-0.002327197598,-0.00256596033,-0.003592502996,-0.004297559426,-0.004812516761,-0.004904553835,-0.004737090197,-0.00411409614,-0.003207179261
03_9_soc080,03_9,B03,9,80,0.1032038382,0.1013689261,0.1001373473,0.09931064963,0.09822125339,0.09755753203,0.09667253424,0.09482619064,0.09287281045,0.09055605926,0.08724610553,0.08470168399,0.08254885383,0.08024219656,-0.005732774414,-0.004562498858,-0.003237231495,-0.002483363999,-0.002251145777,-0.002344018194,-0.002706194501,-0.0037315214,-0.004682742965,-0.005081040326,-0.005086326363,-0.004868821269,-0.004380803536,-0.003389262137
03_9_soc090,03_9,B03,9,90,0.1042215688,0.102572071,0.1012311195,0.1006445596,0.09946264179,0.09879835777,0.09789931019,0.0959089152,0.09372815061,0.09105711751,0.08762084604,0.08501045987,0.08274709985,0.08023649515,-0.005455539937,-0.004221716124,-0.003039101933,-0.002281700168,-0.002187832023,-0.00242256905,-0.002903309094,-0.004105672479,-0.004962541402,-0.005373196334,-0.005429125912,-0.005069109396,-0.004450811249,-0.00351687412
03_9_soc100,03_9,B03,9,100,0.1038950693,0.1029461479,0.1024516886,0.1017641352,0.100898253,0.1002248082,0.09932658544,0.09707790962,0.09449643445,0.0918196886,0.08809939229,0.08559097405,0.08311410455,0.08040426477,-0.005137272868,-0.003153629981,-0.002468896389,-0.0019937282,-0.002023047976,-0.002441467053,-0.003069638623,-0.004502106985,-0.005403309528,-0.005670468952,-0.005770167901,-0.005389767618,-0.004698339631,-0.003526012725
05_3_soc010,05_3,B05,3,10,0.1128058138,0.1108546709,0.109479011,0.1086311214,0.1070604763,0.105621779,0.1035980366,0.09975928588,0.0963077266,0.09322303941,0.08912600281,0.08645676387,0.08403702421,0.08166005912,-0.00586815836,-0.004758263677,-0.003620717922,-0.003164363407,-0.003628368168,-0.004390134014,-0.005304168601,-0.006515992746,-0.006849257322,-0.006709591204,-0.006204617707,-0.005459918582,-0.004671055618,-0.003408877717
05_3_soc020,05_3,B05,3,20,0.1051412034,0.1035597722,0.1026284033,0.1024137831,0.1016010641,0.1008590626,0.09995939049,0.09775149959,0.09501571845,0.09216604142,0.08803631993,0.08543685211,0.08305861686,0.08072630519,-0.004034444394,-0.003382237652,-0.00211845923,-0.001673189818,-0.001819999582,-0.002397799666,-0.003158412494,-0.004725150264,-0.005741092419,-0.006153011973,-0.005910063534,-0.005371368137,-0.004500034517,-0.003277536637
05_3_soc030,05_3,B05,3,30,0.1018352749,0.100597088,0.1000382528,0.0997565814,0.09916558772,0.09870775888,0.09799990802,0.09614448533,0.09398919666,0.09127685709,0.0872976914,0.08460989716,0.08238883466,0.07993738799,-0.003510543175,-0.002852177029,-0.00176740966,-0.001339304641,-0.001528548551,-0.001939334612,-0.002477360655,-0.003957064709,-0.005167707329,-0.005618037579,-0.005709646585,-0.005114314708,-0.004483417195,-0.003160215371
05_3_soc040,05_3,B05,3,40,0.1005332072,0.09946809812,0.09875676327,0.09856196412,0.09796277215,0.09744706246,0.09695011509,0.09529117212,0.09312629655,0.09055964294,0.08685669902,0.08414928392,0.0819539659,0.07967671,-0.003410095735,-0.002792814222,-0.001812245296,-0.00135203171,-0.001389102945,-0.001751078922,-0.002369017963,-0.00370950465,-0.004755254356,-0.005540426284,-0.005645761409,-0.005039877786,-0.004309867849,-0.00332159354
05_3_soc050,05_3,B05,3,50,0.1001500894,0.09879821549,0.09809399592,0.09782812105,0.09710906506,0.09657267326,0.09590951528,0.09452612058,0.09241240144,0.09004909008,0.08626418064,0.08363336966,0.08149191074,0.07920434731,-0.003740157627,-0.003098040603,-0.001905439106,-0.001481879196,-0.00129012747,-0.0017407499,-0.002335257408,-0.003625184596,-0.00461986086,-0.005243519597,-0.005477149629,-0.004984529584,-0.004298457398,-0.003122452698
05_3_soc060,05_3,B05,3,60,0.1022506745,0.0999531777,0.09807520686,0.09774072824,0.09661592074,0.09617034187,0.09543839177,0.09388498215,0.09184483321,0.08969478885,0.08605571468,0.0834739642,0.08113514629,0.07881901418,-0.005025814715,-0.004899021752,-0.002971074361,-0.002138325612,-0.001810418546,-0.002081107126,-0.002413859079,-0.003523063246,-0.004401330192,-0.005217880772,-0.005404697643,-0.004974206086,-0.00426139308,-0.003119178215
05_3_soc070,05_3,B05,3,70,0.1009789319,0.0990583685,0.0977355023,0.09715903749,0.09622335627,0.09547441919,0.0948484452,0.09328176249,0.09142542875,0.08916997563,0.0858261085,0.08306906723,0.0808022993,0.07858016006,-0.005914696076,-0.00444529227,-0.003002933514,-0.002160293625,-0.001876087493,-0.002144914275,-0.00244129964,-0.003476067605,-0.004275937759,-0.005071884369,-0.005281750613,-0.004888747077,-0.004194970455,-0.003012391441
05_3_soc080,05_3,B05,3,80,0.09981276734,0.09828659693,0.09701695654,0.096340334,0.09554975682,0.09498442377,0.09430086493,0.09298210675,0.09135804871,0.0890092223,0.08568864084,0.08311400409,0.08090421159,0.07858961338,-0.00551531057,-0.004324891766,-0.00289304292,-0.002080376708,-0.001962933472,-0.001954767821,-0.002160077765,-0.003138813761,-0.004165503068,-0.004912641739,-0.005149880531,-0.004872559869,-0.004158156075,-0.003035748146
05_3_soc090,05_3,B05,3,90,0.1007894002,0.09917124961,0.09795299237,0.09751680619,0.09659871498,0.09609243383,0.095566377,0.09397129673,0.09213505951,0.08985290134,0.08614740846,0.0833230429,0.08114963574,0.07875644993,-0.005127662322,-0.003946021659,-0.002748244442,-0.002010781005,-0.001772066261,-0.002006319025,-0.002325856385,-0.003488025965,-0.004465707374,-0.005182504265,-0.00556831228,-0.005066485871,-0.004419224779,-0.003159633974
05_3_soc100,05_3,B05,3,100,0.1001286352,0.09919559435,0.09850747401,0.09812680602,0.09736154931,0.09691347687,0.09621671277,0.09492272366,0.09287617105,0.09030565478,0.08638266766,0.08371287217,0.08123786374,0.07876348724,-0.004510728734,-0.00292225101,-0.002210068776,-0.00165130493,-0.001498830226,-0.001842725228,-0.002282450388,-0.003598728559,-0.004720561493,-0.00553878143,-0.00575088598,-0.005250395179,-0.004541597043,-0.003260253951
05_4_soc010,05_4,B05,4,10,0.1148718867,0.1128422638,0.1113443855,0.1104274872,0.1087903877,0.1073184624,0.1052967921,0.1013290103,0.09802259663,0.09494911207,0.09103964424,0.08822650745,0.08586545297,0.08348839107,-0.005853460554,-0.00490683575,-0.003630589313,-0.003326560324,-0.003719384508,-0.004543756424,-0.00532864105,-0.006461275455,-0.006770046306,-0.006550885904,-0.006189064653,-0.005535272573,-0.004626186861,-0.003451522886
05_4_soc020,05_4,B05,4,20,0.1066103271,0.1050610681,0.1039448309,0.1037452758,0.1028263968,0.1022438285,0.1013755187,0.0991596455,0.09655498582,0.09356313527,0.08980887852,0.08714939479,0.08475766716,0.08231961533,-0.004148109209,-0.003430185456,-0.002255356058,-0.001751239816,-0.001863790247,-0.002293536284,-0.00311700404,-0.004681555807,-0.005653183006,-0.005946626527,-0.005845430116,-0.00522675552,-0.004510486446,-0.003336810817
05_4_soc030,05_4,B05,4,30,0.1034013418,0.102021155,0.1013030735,0.1011164974,0.1004780779,0.1000176381,0.09941579916,0.09745926872,0.09546215,0.09283593318,0.08890769466,0.08631652741,0.08396338784,0.08182112011,-0.003544874811,-0.002912544603,-0.001856496018,-0.001505596081,-0.001492980299,-0.001903465586,-0.002444488454,-0.003932013723,-0.0050219871,-0.005637513458,-0.005674814793,-0.005124484866,-0.004448630199,-0.003247611596
05_4_soc040,05_4,B05,4,40,0.1015405813,0.1004161654,0.0997466203,0.09957912237,0.0989761051,0.09856769902,0.09792329489,0.09644898791,0.09428322011,0.09197056447,0.08822775313,0.08571565178,0.08333555096,0.0810347852,-0.003409885031,-0.00271544088,-0.001758440132,-0.001216395324,-0.001364614953,-0.001768359054,-0.002292529667,-0.003650129797,-0.004606230306,-0.005371624457,-0.005496077204,-0.005040772918,-0.004291134495,-0.003248537993
05_4_soc050,05_4,B05,4,50,0.101257837,0.09983452911,0.09903139147,0.09878975391,0.09801750368,0.09762417476,0.0970605575,0.09558643881,0.09358504013,0.09127715854,0.08777708281,0.08518610592,0.0828814813,0.08067414919,-0.003860774261,-0.003051027368,-0.001921687973,-0.0014652537,-0.001526554907,-0.001798945717,-0.002208144619,-0.0034686064,-0.004498227514,-0.005216362269,-0.005280840809,-0.004935910842,-0.004305919188,-0.003089694556
05_4_soc060,05_4,B05,4,60,0.1037625028,0.1011233219,0.09944420144,0.09925584188,0.09807252524,0.0974817107,0.09672706728,0.0951292492,0.09331363238,0.09098342359,0.08756836379,0.08497725694,0.08278092218,0.08041810302,-0.005309073076,-0.005023798065,-0.003101532187,-0.002091520834,-0.001993840291,-0.002165448216,-0.002374998706,-0.003428850002,-0.004333035652,-0.004907941968,-0.005379591055,-0.005032689069,-0.004236459936,-0.003140746099
05_4_soc070,05_4,B05,4,70,0.1030149254,0.1011396835,0.09974237839,0.09915885466,0.09809940296,0.09749682392,0.09670562463,0.09507982303,0.09333201605,0.09097353607,0.08737030156,0.08472472474,0.08255835982,0.08016578744,-0.005960678315,-0.004668755034,-0.003087363684,-0.002278246683,-0.002101987713,-0.002169679958,-0.002531305519,-0.00363200247,-0.004439145734,-0.005109831792,-0.005376874305,-0.005105053834,-0.004343037683,-0.003061888422
05_4_soc080,05_4,B05,4,80,0.1033669082,0.1012278159,0.09995967276,0.09944172547,0.09843811567,0.09772187366,0.09701929179,0.09540598356,0.09363152074,0.09116900566,0.08745022475,0.08481923452,0.08249303261,0.08019023604,-0.005768287079,-0.004511110277,-0.003067447884,-0.002275317565,-0.001983672891,-0.002308789478,-0.002607597804,-0.003716185194,-0.00459188388,-0.005273634066,-0.005485999968,-0.005101243362,-0.004351620875,-0.003215172616
05_4_soc090,05_4,B05,4,90,0.1034581331,0.1016041337,0.1004131395,0.09993985917,0.0989767897,0.09833802452,0.09767767571,0.09594915606,0.09403486314,0.09149985684,0.08769327676,0.08489080107,0.08252962749,0.08018879455,-0.005209911189,-0.004126943163,-0.002807956971,-0.002141170005,-0.001932205397,-0.002192619855,-0.002479184537,-0.003679900769,-0.00474261487,-0.005593149274,-0.005730345092,-0.005230377457,-0.004490388995,-0.003305615518
05_4_soc100,05_4,B05,4,100,0.0998433416,0.09909628599,0.09847762402,0.09786978512,0.09731709283,0.09678229543,0.09628120412,0.09514365624,0.09335321338,0.09106436818,0.08743224464,0.08471600216,0.08241518292,0.08002298847,-0.004646708016,-0.002907493865,-0.002024428048,-0.001594221045,-0.001512943593,-0.001620486225,-0.001933659574,-0.003128988766,-0.004269517827,-0.005071714134,-0.005531886943,-0.00504196326,-0.004449792937,-0.003192039066
05_5_soc010,05_5,B05,5,10,0.1145336054,0.112370293,0.1109720173,0.1101796093,0.1084215324,0.1069656386,0.1048872819,0.1010227088,0.09785986977,0.09481335677,0.09093510275,0.08843239077,0.0859760506,0.08351500681,-0.006025440206,-0.004871089137,-0.003655307828,-0.003161061297,-0.003708947259,-0.00456217068,-0.005434242397,-0.00635247087,-0.006590730324,-0.006354719905,-0.006029068331,-0.005413913616,-0.004542381936,-0.003373375415
05_5_soc020,05_5,B05,5,20,0.1064792215,0.1048912782,0.103957045,0.1036032242,0.1029124336,0.1022751703,0.1013615083,0.09911462794,0.09652483877,0.09377484762,0.09007044161,0.08727400882,0.08507861059,0.08265899905,-0.00408577376,-0.003388718521,-0.002240428663,-0.001656803578,-0.00198602186,-0.002405831317,-0.003003553159,-0.004532392238,-0.005461197993,-0.005865367894,-0.00571462856,-0.005242697637,-0.004451376259,-0.003285648702
05_5_soc030,05_5,B05,5,30,0.1029936708,0.1017751496,0.1011347008,0.1008486068,0.1002412626,0.09976767253,0.09912611291,0.09738820326,0.09534216536,0.09280685914,0.08904510497,0.08642244122,0.08425078833,0.08187462808,-0.003645437228,-0.002768613228,-0.00191891273,-0.001352925789,-0.001505408108,-0.001795622109,-0.002452301136,-0.003713355237,-0.004817739297,-0.005438932237,-0.005450777386,-0.00505046914,-0.00423905019,-0.003154081981
05_5_soc040,05_5,B05,5,40,0.1015606742,0.1003672556,0.09974157083,0.09950226508,0.09890004822,0.09852627896,0.09788856138,0.09625067957,0.09460038884,0.0921185066,0.0884474397,0.08595069925,0.08376660372,0.08132483957,-0.003454354191,-0.002718708224,-0.001826712922,-0.001400776098,-0.001334066191,-0.001675867089,-0.002205464768,-0.00359219145,-0.004592601306,-0.005215005712,-0.005264393907,-0.004948924533,-0.004271557149,-0.003160923693
05_5_soc050,05_5,B05,5,50,0.1013232289,0.1001445449,0.09910251246,0.09885352203,0.09828061207,0.09781921675,0.09730387216,0.09558189116,0.0939900298,0.09140657339,0.08808357192,0.08556973511,0.08330736584,0.08109952873,-0.003610670765,-0.003117650538,-0.002059057642,-0.001425889973,-0.001426226318,-0.001849795745,-0.002257865663,-0.003389073458,-0.004338408732,-0.005023120098,-0.005280987764,-0.004894569677,-0.004229846194,-0.003062069309
05_5_soc060,05_5,B05,5,60,0.1037488182,0.101344999,0.09956483531,0.09928874648,0.09812957031,0.09760811061,0.09682173963,0.09540550413,0.09343204386,0.09127538379,0.08776220743,0.08530440928,0.08313768319,0.08095341744,-0.005379180011,-0.005181222012,-0.003025925982,-0.002117357366,-0.00202910915,-0.002098831488,-0.002451050422,-0.003503033028,-0.004437107039,-0.005127868031,-0.005299784385,-0.004828529563,-0.004165597383,-0.003124422207
05_5_soc070,05_5,B05,5,70,0.1032920353,0.1013635139,0.09996763128,0.09929820496,0.0983677983,0.09748005276,0.09683642063,0.09516501722,0.0932790585,0.09107047318,0.08765304974,0.08511871889,0.08291299342,0.08065314858,-0.00607436987,-0.004583808418,-0.003230988952,-0.002216544447,-0.002093248966,-0.00218728104,-0.002551064556,-0.003609454277,-0.00434928228,-0.005015960949,-0.005360224533,-0.004966810401,-0.004241104429,-0.003078198449
05_5_soc080,05_5,B05,5,80,0.1031893799,0.1013168772,0.09999545573,0.09929974425,0.09837721455,0.0978092718,0.09700877889,0.09547420111,0.09375126693,0.09144581826,0.08783148198,0.08520824311,0.08295249912,0.08072533472,-0.005766425503,-0.004458559069,-0.002969221635,-0.002232501195,-0.001927334832,-0.002107405994,-0.002506227496,-0.003522209195,-0.004400355471,-0.005169086681,-0.005318329626,-0.005090825843,-0.004261417869,-0.003031468532
05_5_soc090,05_5,B05,5,90,0.1018851112,0.1002278469,0.09928532598,0.09869564185,0.09763555486,0.09726844053,0.09652048161,0.09519550922,0.09342925294,0.09126799477,0.08770353671,0.08516994485,0.08287376783,0.08058272611,-0.00530057916,-0.004093534762,-0.002783570513,-0.001890054505,-0.001760838422,-0.001943955901,-0.002136822002,-0.003354747944,-0.004222110188,-0.005043875957,-0.005316832995,-0.004977372078,-0.004309383848,-0.003088591095
05_5_soc100,05_5,B05,5,100,0.1013109404,0.1005294885,0.09992695188,0.09926246662,0.09859472189,0.09812436129,0.09757376924,0.09622452852,0.09421785776,0.09166231937,0.08785767091,0.08520236492,0.08297918555,0.08053352227,-0.004691441771,-0.002949939519,-0.002199472236,-0.001739463906,-0.001584803787,-0.00184450779,-0.002158224631,-0.003445231853,-0.00456516112,-0.005425397872,-0.00580833329,-0.005113125616,-0.004485507109,-0.003294044029
05_6_soc010,05_6,B05,6,10,0.1156983968,0.1136797294,0.1121623064,0.1111409573,0.1093601732,0.1076299805,0.1052930352,0.101333324,0.09820654022,0.09537896397,0.09160303241,0.08902766475,0.0868005062,0.08419451744,-0.006018616051,-0.005004841109,-0.003882805834,-0.003409918465,-0.003936638164,-0.004819448831,-0.005633951298,-0.006354376813,-0.006466231908,-0.006284603212,-0.005889231783,-0.005321259914,-0.004574275916,-0.003409536569
05_6_soc020,05_6,B05,6,20,0.1071099044,0.1056595958,0.1046708904,0.1043249081,0.1034404249,0.1028593805,0.101945193,0.09967203654,0.09704300388,0.09435984001,0.09067395276,0.08809955234,0.08586746147,0.08354624855,-0.004080036053,-0.003461188306,-0.002294524175,-0.001801581827,-0.001841961251,-0.002366057689,-0.003172424706,-0.00445726394,-0.005363461335,-0.005756642938,-0.005593840289,-0.005030910433,-0.004378196592,-0.003223404251
05_6_soc030,05_6,B05,6,30,0.1034853672,0.102173444,0.1016005016,0.101315916,0.100630434,0.1002448954,0.09959978727,0.09788914894,0.09577953884,0.09338067734,0.08968228195,0.08727039758,0.08506696804,0.0827420243,-0.003517142227,-0.002821941304,-0.001767625517,-0.001316034878,-0.00140105668,-0.001786052967,-0.002377582749,-0.003759136025,-0.004760006797,-0.005393512723,-0.005439275599,-0.004967421856,-0.004380579737,-0.003154163388
05_6_soc040,05_6,B05,6,40,0.1021017278,0.101016247,0.1003417988,0.1000817457,0.0993915172,0.09911493529,0.09855317129,0.09708580373,0.09510824913,0.09287120125,0.08955725832,0.08683788319,0.08461829587,0.08229691765,-0.003543163041,-0.002723151968,-0.001833222502,-0.001261218975,-0.001321249166,-0.001711828013,-0.002115120103,-0.00350300088,-0.004384659173,-0.005100019422,-0.005315575267,-0.00480254978,-0.00422785321,-0.003172683879
05_6_soc050,05_6,B05,6,50,0.10201546,0.1005710237,0.09985407421,0.0994409745,0.0987317524,0.09842232486,0.09782969805,0.0963406165,0.09469287146,0.09225823517,0.08892313617,0.0863735625,0.08431594367,0.08205351778,-0.003868707281,-0.003033207045,-0.001969596869,-0.001451428977,-0.001367869587,-0.001688329314,-0.002149364081,-0.003259376892,-0.004181689913,-0.004986381883,-0.005137796505,-0.004906936795,-0.004210686403,-0.003143155961
05_6_soc060,05_6,B05,6,60,0.104212384,0.1018723042,0.1000629048,0.09974480256,0.09866490654,0.09795719295,0.09734920743,0.09584237987,0.09414260796,0.09200994715,0.08855019799,0.08607855322,0.08392348034,0.0816557431,-0.005359564014,-0.005091699314,-0.003169126787,-0.002165212138,-0.001994313914,-0.002241867343,-0.002339197208,-0.003405057627,-0.004317297909,-0.004829671492,-0.005074642617,-0.004739950435,-0.004022114922,-0.003017568813
05_6_soc070,05_6,B05,6,70,0.1036955863,0.1018690777,0.1004586135,0.09979462844,0.09863841934,0.09802849785,0.09710299699,0.09566965538,0.0939699713,0.0917239872,0.0883898912,0.08592558335,0.08371450911,0.08147563196,-0.005838442776,-0.004640546405,-0.003075915699,-0.00243595237,-0.001988706215,-0.002227710072,-0.002452234913,-0.003244793604,-0.004331986388,-0.00492830637,-0.00515154857,-0.004889014335,-0.004190424992,-0.00298094563
05_6_soc080,05_6,B05,6,80,0.1037101091,0.1018173117,0.1005552422,0.09988134093,0.09882189324,0.09831494729,0.09746176141,0.09588411507,0.09418955119,0.091913872,0.08840067176,0.0859537619,0.0837602872,0.08142063575,-0.005772029049,-0.00445258566,-0.00300171574,-0.002245666436,-0.002031971799,-0.002135414459,-0.002395668109,-0.003395593314,-0.004266894749,-0.005000674929,-0.005283612993,-0.004835757791,-0.00425400043,-0.003054108753
05_6_soc090,05_6,B05,6,90,0.1034991237,0.1017640376,0.1006793413,0.1000301997,0.09905844976,0.09853128097,0.0978858442,0.09637063962,0.09458092383,0.09233340693,0.088713296,0.08620418795,0.08390074431,0.08159547738,-0.005266525555,-0.004092931866,-0.002705448934,-0.002014815743,-0.001773603889,-0.001953281314,-0.002262637917,-0.003415319996,-0.004339991774,-0.005079418477,-0.005302910381,-0.00497018723,-0.004363577928,-0.003127488304
05_6_soc100,05_6,B05,6,100,0.1005863674,0.09980653969,0.09925893155,0.09867696973,0.09807730391,0.09757633976,0.09719059063,0.09587602228,0.09416266788,0.09195079165,0.08847082636,0.08600512099,0.0837043927,0.08139511866,-0.004855081413,-0.002886971097,-0.002084463316,-0.001588493052,-0.001477104985,-0.001634452133,-0.001980842547,-0.003166701858,-0.004210895642,-0.00499652835,-0.005284169196,-0.004869594903,-0.004288428274,-0.003123483971
05_7_soc010,05_7,B05,7,10,0.1152635941,0.1132213311,0.1116834657,0.1107246417,0.1087305237,0.1069699497,0.1046947163,0.1006460745,0.09760230193,0.09480211935,0.0911265965,0.08851916872,0.08626562453,0.08375817927,-0.006116358725,-0.005007879303,-0.00394915402,-0.003504379753,-0.004078198288,-0.004985287229,-0.005728125364,-0.006286152745,-0.006425104088,-0.006169549815,-0.005848088432,-0.00527626854,-0.004488853372,-0.003416205811
05_7_soc020,05_7,B05,7,20,0.1063647225,0.1049434855,0.1039524952,0.1035191041,0.1026868542,0.1020775147,0.1011538666,0.098868374,0.09641851628,0.09361037564,0.09006924514,0.08751491978,0.08525738097,0.08296060085,-0.00416704402,-0.003434848054,-0.002280617562,-0.001753490158,-0.001925472289,-0.002478477129,-0.003152672797,-0.004570780663,-0.005331941063,-0.005598271389,-0.005566489335,-0.005063119051,-0.004415076507,-0.003255608409
05_7_soc030,05_7,B05,7,30,0.1027920668,0.1015062294,0.1008021471,0.1005968379,0.09995758749,0.09952255858,0.09886427464,0.09723752134,0.09520388779,0.0927215295,0.08917384795,0.08668309419,0.08448372762,0.08212973094,-0.003687771104,-0.002888103979,-0.001915932572,-0.001383486847,-0.00139735356,-0.001776372517,-0.002373316746,-0.003657340138,-0.004623877855,-0.005248705446,-0.005346699177,-0.004962137473,-0.004240347609,-0.003161848489
05_7_soc040,05_7,B05,7,40,0.1010107833,0.09997275343,0.09937899747,0.09912345261,0.09840909168,0.09808216999,0.09751613662,0.0961050046,0.09431017253,0.09199240395,0.08858202909,0.08605905362,0.08390028898,0.08159307048,-0.003473842313,-0.002610731314,-0.001697608033,-0.001289832067,-0.001360421889,-0.001623337836,-0.002120792657,-0.003275290313,-0.004274985962,-0.005002109359,-0.005116600809,-0.004778669582,-0.004214220872,-0.003129535348
05_7_soc050,05_7,B05,7,50,0.10101812,0.0996940131,0.09880600707,0.09858488242,0.09786908694,0.09742551288,0.09680442833,0.09545167904,0.0937085989,0.09149141955,0.0881459809,0.0856323911,0.0835534102,0.08125859684,-0.003865788766,-0.003171996266,-0.00208590934,-0.001406626324,-0.001413625027,-0.001721157477,-0.002022026026,-0.003163421559,-0.004211347893,-0.00489225915,-0.005041074673,-0.00469712735,-0.004118228248,-0.003094983863
05_7_soc060,05_7,B05,7,60,0.1036504058,0.1011639872,0.09954380759,0.09912829974,0.09789871683,0.09728883222,0.09658543916,0.09517818501,0.09340468793,0.0912087096,0.08800967517,0.08551987668,0.08342490367,0.08112354271,-0.005419557764,-0.00498703672,-0.003205534861,-0.00224081111,-0.00198121153,-0.002148535783,-0.002374499227,-0.00328860492,-0.004146412945,-0.004797617458,-0.005051510473,-0.004717388544,-0.00415989087,-0.003011924532
05_7_soc070,05_7,B05,7,70,0.1029144448,0.1010993819,0.0996907427,0.09906890028,0.09794455569,0.09731417387,0.09653598076,0.0949699495,0.09329564876,0.09110603518,0.08782245235,0.08534335033,0.08321591171,0.08088035782,-0.006076178618,-0.004616434191,-0.003135952727,-0.002377889237,-0.002126046204,-0.002243847521,-0.002408085728,-0.003286492782,-0.00423230193,-0.004803007198,-0.005106909832,-0.004808287512,-0.004134563712,-0.003039555248
05_7_soc080,05_7,B05,7,80,0.1031638882,0.1012850637,0.0999606539,0.0993308828,0.09825706056,0.09759146041,0.096867021,0.09540518147,0.09356849463,0.09127068753,0.08796079199,0.08536262978,0.08319526029,0.08089161098,-0.005779454227,-0.004440962033,-0.003059470396,-0.00229859827,-0.002026979411,-0.00224078737,-0.002409621313,-0.003403417551,-0.004318164441,-0.004988351801,-0.005149347108,-0.004913950421,-0.004219337465,-0.003108367937
05_7_soc090,05_7,B05,7,90,0.1034576796,0.1017407121,0.1005573825,0.09992295835,0.09895217173,0.09842575562,0.09767734123,0.09619166261,0.09423171502,0.09181743523,0.0883198669,0.08581936324,0.08349029567,0.08109631147,-0.005245316298,-0.004175479492,-0.002830189589,-0.00213141566,-0.001910571513,-0.002060968282,-0.002393538507,-0.003526832174,-0.004545814926,-0.005241948858,-0.005353764628,-0.005078311616,-0.004314204536,-0.003134895691
05_7_soc100,05_7,B05,7,100,0.1006078878,0.09962353458,0.098976057,0.09851856375,0.09781432354,0.09740336051,0.09684998591,0.0955955108,0.09399944416,0.09176104929,0.08841009747,0.08599918254,0.08374086631,0.08143802312,-0.004615730143,-0.003064347905,-0.002181943604,-0.001554101244,-0.001467601896,-0.0016392372,-0.001957919676,-0.003039438345,-0.004085966067,-0.00485390945,-0.005112572979,-0.004949059378,-0.004210404811,-0.003129026576
05_8_soc010,05_8,B05,8,10,0.1144524923,0.1125723715,0.1111212093,0.1101854586,0.108443325,0.1067348398,0.1044737655,0.1005456596,0.09744568101,0.09474691119,0.09103767904,0.08850855331,0.08619950207,0.08369257078,-0.00612969909,-0.004857481694,-0.003819890446,-0.003238524408,-0.003864138408,-0.004800421469,-0.005521855393,-0.006222545413,-0.006329195374,-0.006119488814,-0.005772297082,-0.005306021209,-0.004511065474,-0.003309417999
05_8_soc020,05_8,B05,8,20,0.1064683872,0.1048346638,0.1038083282,0.1035537098,0.102605046,0.1020173019,0.1011173572,0.09892929611,0.09635955106,0.09367803375,0.09011737787,0.08756224161,0.08527231175,0.08291147842,-0.003982018831,-0.003494346372,-0.002357900631,-0.001766359987,-0.001883300558,-0.002356332518,-0.002987440524,-0.004480261359,-0.005300419693,-0.005618072987,-0.005526573026,-0.005044187424,-0.00445372309,-0.003244348712
05_8_soc030,05_8,B05,8,30,0.102658266,0.1014405413,0.1006998054,0.1004957277,0.09986256328,0.09945034934,0.0988390569,0.09719290346,0.09512739565,0.09270689931,0.08920930649,0.08667857012,0.08439896452,0.08211545175,-0.003637198488,-0.002783637546,-0.001815459572,-0.00137414706,-0.001414445573,-0.001775637109,-0.002269543566,-0.003595902892,-0.004674603074,-0.005206884845,-0.005296578087,-0.004977954171,-0.004288779556,-0.003063253712
05_8_soc040,05_8,B05,8,40,0.1009776715,0.0999821206,0.09951242521,0.09921506377,0.09856131825,0.09815933658,0.09776167147,0.09628556688,0.09440291189,0.09206755233,0.08863198326,0.08619291786,0.08398700937,0.0817097854,-0.003541861227,-0.002621069841,-0.001676415807,-0.001373484236,-0.001285181379,-0.001594107532,-0.002085852303,-0.003312596254,-0.004314964454,-0.004988525615,-0.005195036567,-0.004837428728,-0.004155676787,-0.003040835155
05_8_soc050,05_8,B05,8,50,0.1011651376,0.09974403298,0.09894819984,0.09858467438,0.09785254444,0.09746881748,0.09697970657,0.09556055771,0.09372609386,0.09155278462,0.08816130358,0.08574107965,0.08363217268,0.08130750268,-0.003801372146,-0.003066195551,-0.002009253992,-0.001447491691,-0.00150299325,-0.001635558333,-0.002030670688,-0.003191564408,-0.004221097369,-0.004902986678,-0.005088838263,-0.00475010638,-0.004132219159,-0.002993982873
05_8_soc060,05_8,B05,8,60,0.1039642726,0.1013851371,0.0997067481,0.09930130761,0.09810311391,0.09750231868,0.09681560657,0.09519956476,0.09351901302,0.09127551332,0.08808073241,0.08557893966,0.08348019752,0.08120347098,-0.005517439722,-0.005113430332,-0.00313202417,-0.002172718288,-0.002014961468,-0.002200117151,-0.00232124642,-0.003377653176,-0.004155177566,-0.004866833023,-0.00507060433,-0.004744395957,-0.004095280271,-0.002929971827
05_8_soc070,05_8,B05,8,70,0.1034417029,0.10147882,0.1000929509,0.09939045254,0.09825252825,0.0975893487,0.09688393256,0.09531395409,0.09358012387,0.091323684,0.08793762162,0.08550125626,0.08326383521,0.08110660494,-0.006001709806,-0.004734734765,-0.003256789098,-0.002438718729,-0.002075705645,-0.002216924905,-0.002421850037,-0.003357097365,-0.004330313534,-0.0048307027,-0.005088845267,-0.004787388025,-0.004146202741,-0.002980276091
05_8_soc080,05_8,B05,8,80,0.1034710936,0.1016355837,0.1004462736,0.09967347769,0.09857675074,0.09793136853,0.09726306237,0.09564291728,0.09376845157,0.09144382926,0.08800723914,0.08550782063,0.08322579024,0.08097466989,-0.005858088001,-0.004516087041,-0.003083535745,-0.002343588657,-0.00204176571,-0.002238786459,-0.002490166314,-0.003479034762,-0.004451133734,-0.005159712468,-0.005358074416,-0.004902414221,-0.004227692307,-0.00307286074
05_8_soc090,05_8,B05,8,90,0.1039251404,0.1022463134,0.1012618982,0.1006343496,0.09960589867,0.09890238478,0.09831764296,0.09666638494,0.09456420437,0.09207329077,0.08843866861,0.08584301439,0.0835417606,0.08115079538,-0.00522747508,-0.004081876859,-0.002892168224,-0.002286270195,-0.001933199204,-0.002155183457,-0.002598944971,-0.003678298686,-0.004750672376,-0.005400438485,-0.005584772553,-0.005065273998,-0.004376099855,-0.003142954081
05_8_soc100,05_8,B05,8,100,0.1004994297,0.09977567097,0.09914469122,0.09867954469,0.09791576269,0.09751831953,0.09704646288,0.09585308858,0.09411806209,0.09173235644,0.08840131721,0.08599954143,0.08389236773,0.08156034859,-0.004804063294,-0.002846281029,-0.002114597915,-0.001714422812,-0.001438521008,-0.001685982428,-0.001930595552,-0.003092951888,-0.004187714399,-0.004946337943,-0.005094115353,-0.004854857082,-0.004233435141,-0.003078029485
06_3_soc010,06_3,B06,3,10,0.1175039667,0.1155477342,0.1140991901,0.1132132893,0.1113198464,0.1098732333,0.1076743338,0.103637067,0.1001596831,0.09687820382,0.09267203663,0.08970426779,0.08730830138,0.08468110646,-0.005963258977,-0.004923378969,-0.003750969218,-0.003279562465,-0.003796853281,-0.004740718922,-0.005609351234,-0.006750618446,-0.007080935635,-0.006989955097,-0.006430207135,-0.005831588823,-0.004890683793,-0.003532741974
06_3_soc020,06_3,B06,3,20,0.1086904869,0.1071136281,0.1061998414,0.1058401627,0.1049498648,0.1043273008,0.10338226,0.1009743669,0.09806723805,0.09491744578,0.0910177585,0.08812503825,0.0858393815,0.08342214832,-0.004024408848,-0.003495085726,-0.002330531192,-0.001706602039,-0.001983308328,-0.002512213609,-0.003303024081,-0.005028962638,-0.006009817748,-0.006306745187,-0.0060871274,-0.005571492923,-0.004598541868,-0.003395923213
06_3_soc030,06_3,B06,3,30,0.1062608857,0.1050654859,0.1042904157,0.1039897724,0.103232247,0.1028206488,0.1021133271,0.100275822,0.09773906483,0.09479133161,0.09087303558,0.08808298092,0.08575228862,0.08328446027,-0.003756024108,-0.002953967627,-0.001908476528,-0.001517694534,-0.001509577182,-0.002049076053,-0.002703531502,-0.004274565894,-0.005491980576,-0.006051726341,-0.005905944893,-0.005426540313,-0.004536512951,-0.003272590871
06_3_soc040,06_3,B06,3,40,0.1046616893,0.1034242817,0.1027917407,0.1025249488,0.1018061199,0.1013519025,0.1007674576,0.09912942162,0.096925209,0.09413073329,0.09017191227,0.08747456275,0.08510024638,0.0826600761,-0.003633450525,-0.002723963693,-0.001916244958,-0.001409553733,-0.001476442691,-0.001890365325,-0.002397874261,-0.003880943265,-0.005134028187,-0.005778547105,-0.005783691827,-0.005248051303,-0.004546146586,-0.0032250489
06_3_soc050,06_3,B06,3,50,0.1041299714,0.1026940367,0.1017431542,0.1014012627,0.1007304215,0.1001747695,0.09955286353,0.09794109125,0.0958316239,0.09317765478,0.08947459411,0.08667430354,0.08438451854,0.08200856127,-0.004137464446,-0.003320523642,-0.002132702438,-0.001643729986,-0.001527766663,-0.001828244187,-0.002420465563,-0.003715502562,-0.004885695578,-0.005604578655,-0.005650993429,-0.005253790036,-0.004415216275,-0.003206487
06_3_soc060,06_3,B06,3,60,0.1062263281,0.1036830616,0.1017988062,0.1014034246,0.1003039924,0.09961883901,0.09892699693,0.09720403888,0.0952542058,0.09274404798,0.08893597426,0.0861982652,0.08398285247,0.08163638387,-0.005533992929,-0.005333042585,-0.003276825128,-0.002341826339,-0.002137077133,-0.002233031805,-0.002543246795,-0.003747315697,-0.004785273838,-0.005528649883,-0.00558112873,-0.005196860477,-0.004473069933,-0.003228086075
06_3_soc070,06_3,B06,3,70,0.1056220464,0.1036804204,0.102208169,0.1016321581,0.1005186665,0.09971040067,0.09884439,0.09733197644,0.09530837676,0.09262102261,0.0887375359,0.08611274891,0.08375215634,0.08135476344,-0.006376123678,-0.004986412282,-0.003431565515,-0.002504479434,-0.002102383674,-0.002307792755,-0.002633077649,-0.003855471375,-0.004900481573,-0.005668251,-0.005646381277,-0.005183892863,-0.004409958914,-0.003172753755
06_3_soc080,06_3,B06,3,80,0.105981284,0.1039373297,0.1026457614,0.1019345262,0.1008170558,0.100054846,0.09938222019,0.09766526658,0.09562831347,0.09293110886,0.08891273697,0.08616548357,0.0837317048,0.08141167097,-0.006103954608,-0.004861638314,-0.003293108113,-0.002383732555,-0.002201376866,-0.002321865605,-0.002708140688,-0.003967894938,-0.004987689482,-0.005796464591,-0.005808785026,-0.005373996309,-0.004494430316,-0.00316569933
06_3_soc090,06_3,B06,3,90,0.1063744345,0.1044244949,0.1032272978,0.1025520223,0.1014781782,0.1009125573,0.1001911392,0.09850469135,0.09618557112,0.09336695343,0.08932217233,0.08640770382,0.08396946475,0.08142483394,-0.005456000563,-0.004292689143,-0.003025600214,-0.002388400809,-0.002036966869,-0.002356684396,-0.002696850366,-0.004123846633,-0.005298554098,-0.006068353435,-0.006094536345,-0.005529996298,-0.004667633143,-0.003384545174
06_3_soc100,06_3,B06,3,100,0.1026139447,0.1017580343,0.101138784,0.1005901265,0.0998846067,0.09939042247,0.09886692355,0.09764698048,0.09568960889,0.09313095258,0.089412892,0.08674206047,0.08431029584,0.08190754546,-0.004906422453,-0.003016155153,-0.002121509078,-0.001671872351,-0.001552849227,-0.001626855547,-0.002057858635,-0.00333896282,-0.004610083604,-0.005438781819,-0.005621244186,-0.005235864598,-0.004504064491,-0.003324846838
06_4_soc010,06_4,B06,4,10,0.1171330685,0.1151039236,0.1135824024,0.1127581118,0.11081455,0.1092453545,0.1071315345,0.1031262645,0.09980335437,0.09671257658,0.09273278421,0.08992844483,0.08736679411,0.08491375619,-0.006118006242,-0.004999118869,-0.003817053005,-0.00338018227,-0.003889712713,-0.004769033419,-0.005587324018,-0.006461753995,-0.006864970705,-0.006647765339,-0.006225162766,-0.005627272532,-0.004774572473,-0.003620122783
06_4_soc020,06_4,B06,4,20,0.1082210256,0.1067308001,0.1057547883,0.1054209174,0.1045668251,0.1039527906,0.1029704673,0.1006296468,0.09798960576,0.09505964161,0.09116939803,0.08838126333,0.08615603594,0.08368757196,-0.004032932162,-0.003418910513,-0.002263107374,-0.001667919347,-0.001876177785,-0.002485755981,-0.003216692967,-0.004793318286,-0.005729633621,-0.006068950318,-0.005857319857,-0.005279245812,-0.004555580621,-0.003318812387
06_4_soc030,06_4,B06,4,30,0.1049837674,0.1036665094,0.1029955998,0.1028438488,0.1021060037,0.1016270051,0.1010360299,0.09919680247,0.0969801824,0.09427323985,0.09037305375,0.0877914243,0.08551225215,0.08308136542,-0.003740334444,-0.002824489692,-0.001813910407,-0.001429049145,-0.001471539894,-0.001922555851,-0.002526782776,-0.003991284231,-0.005102083467,-0.005720504733,-0.005688496196,-0.005200355375,-0.004446223186,-0.003191085743
06_4_soc040,06_4,B06,4,40,0.1035321551,0.1024248178,0.1017591412,0.1014455028,0.1007997218,0.1004490607,0.09992712142,0.09832713973,0.09632132349,0.09371048547,0.08994881875,0.08732047447,0.08495391017,0.08268622187,-0.00365713717,-0.002571633313,-0.001819975606,-0.001424175088,-0.001351745594,-0.001758962269,-0.002256439028,-0.003622489894,-0.004771552284,-0.005427341028,-0.005548096079,-0.005132038235,-0.004353047595,-0.003162837277
06_4_soc050,06_4,B06,4,50,0.1035480026,0.1021764771,0.101270148,0.1008868979,0.1001551165,0.09964670077,0.09907803409,0.09758429074,0.09572103167,0.09318424246,0.08950120389,0.08698814007,0.08468588267,0.08232464774,-0.004273513242,-0.003261522804,-0.00209848055,-0.001578353573,-0.001532509864,-0.0018227452,-0.002322325113,-0.003513586368,-0.004664071219,-0.005323330682,-0.005500132099,-0.005057602703,-0.004348800046,-0.00315961487
06_4_soc060,06_4,B06,4,60,0.1060234764,0.1033530828,0.1015577288,0.1011868244,0.09991814926,0.09935005859,0.09863849428,0.09712283261,0.09514590291,0.09281404826,0.08916888221,0.08663599371,0.08433773477,0.0820247602,-0.005678275618,-0.005360023956,-0.00329205954,-0.002330838221,-0.001984514377,-0.002207251123,-0.002505316881,-0.003576053188,-0.004557189799,-0.005239370088,-0.005474210404,-0.004992611527,-0.004272533581,-0.003109456786
06_4_soc070,06_4,B06,4,70,0.1051454346,0.1031963243,0.1018618624,0.1011611545,0.09993175356,0.09923203819,0.09850951604,0.09706123799,0.09498815208,0.09256889034,0.08892358283,0.08635011601,0.08404998672,0.08174487783,-0.00631917775,-0.004816876595,-0.003383246663,-0.002550994388,-0.002040278855,-0.002240752073,-0.002547155978,-0.003663730042,-0.004604339061,-0.005256133493,-0.005467478222,-0.005083382564,-0.00437931741,-0.003082009497
06_4_soc080,06_4,B06,4,80,0.1053294372,0.1034803633,0.102373785,0.1015184656,0.1003609648,0.09962315122,0.09911999923,0.09738270017,0.0954177144,0.09284211111,0.08911586998,0.08650319003,0.08414777143,0.08180326322,-0.006076705393,-0.004704065404,-0.003174901219,-0.002396562488,-0.002093705759,-0.002332218725,-0.002590272937,-0.003690636236,-0.004839068988,-0.005328126578,-0.00567260469,-0.00523453762,-0.004392981661,-0.003070398485
06_4_soc090,06_4,B06,4,90,0.1057235942,0.1038710232,0.1027882747,0.1021058752,0.101066693,0.100501116,0.09974378489,0.09818224288,0.09603856616,0.09337195268,0.08958275394,0.08671401994,0.08437374703,0.08186900577,-0.005600988673,-0.004198433446,-0.002973492291,-0.002220592134,-0.00189217077,-0.002116181568,-0.002476059677,-0.003792188973,-0.004903220238,-0.005821105936,-0.005849868852,-0.005374681718,-0.004533618518,-0.003157739271
06_4_soc100,06_4,B06,4,100,0.102988677,0.1021624673,0.1015335515,0.1009142319,0.1002327916,0.09976411168,0.09917257838,0.09780513974,0.09572689698,0.09310452545,0.08940036397,0.08658691098,0.08422856573,0.0818547621,-0.004766758044,-0.003033963134,-0.002344419535,-0.001730711942,-0.00155053448,-0.001758161481,-0.002235376138,-0.003543385199,-0.004770553905,-0.005557141056,-0.005728450053,-0.005250562366,-0.00453179617,-0.00326101036
06_5_soc010,06_5,B06,5,10,0.1180268268,0.1160455117,0.1144203755,0.1135098236,0.1115329848,0.1098942621,0.1076194146,0.1037035842,0.1004919776,0.09756209338,0.09369847396,0.09094762187,0.08852469945,0.08597823033,-0.005960359886,-0.004999428883,-0.003846172698,-0.003478511512,-0.003968044156,-0.004837890445,-0.005587668011,-0.00632841719,-0.006515307481,-0.006485104483,-0.006076184467,-0.005507760366,-0.004729479757,-0.003472541514
06_5_soc020,06_5,B06,5,20,0.1088778822,0.1074766687,0.1065283161,0.1063075399,0.1052034167,0.1046603045,0.1038501436,0.1013141653,0.09867493735,0.09598304286,0.09224973426,0.08951979813,0.08720197496,0.08479184708,-0.004120331364,-0.003447587745,-0.002297357086,-0.00173884256,-0.00171145053,-0.002489442183,-0.00314359076,-0.004613895981,-0.005541233758,-0.005928554182,-0.005741967306,-0.005223849749,-0.004497852502,-0.003300783707
06_5_soc030,06_5,B06,5,30,0.105455282,0.1040993056,0.1035976027,0.1033042948,0.1024216139,0.1020891061,0.101537915,0.09983388132,0.09760586163,0.09493034643,0.09120359123,0.0886635645,0.08640903449,0.0840856761,-0.003679905924,-0.002934391714,-0.001723946972,-0.00136820731,-0.001444105243,-0.001757436373,-0.002428135825,-0.003727981525,-0.004914129622,-0.005554929794,-0.005571558355,-0.005180488987,-0.004378774627,-0.003229906391
06_5_soc040,06_5,B06,5,40,0.1039916268,0.1029091441,0.1022354861,0.1019141412,0.1012773508,0.100974636,0.1003195395,0.09890668412,0.09689102349,0.09446309157,0.09072236938,0.08821329687,0.08600391775,0.08365651098,-0.003670254106,-0.002694620919,-0.001774340929,-0.001409439471,-0.00143961945,-0.001676231973,-0.002152898882,-0.003426417388,-0.004615833324,-0.005297799391,-0.005359885007,-0.005058282318,-0.004357934049,-0.003167918818
06_5_soc050,06_5,B06,5,50,0.1038030746,0.1023613292,0.1013690652,0.1010778296,0.1004653217,0.09986894341,0.09927684127,0.09801930682,0.09607811772,0.09361726154,0.09011801968,0.08764476139,0.08539917506,0.08311475633,-0.003958643483,-0.003357572579,-0.002136069386,-0.001544347344,-0.001454410301,-0.001773328834,-0.002216019229,-0.003297556841,-0.004372949627,-0.005046941883,-0.005291264317,-0.004999040728,-0.004294220456,-0.003149770602
06_5_soc060,06_5,B06,5,60,0.106116528,0.1035935942,0.1020915218,0.1014226154,0.1003332701,0.09962080191,0.09896391649,0.0974932336,0.09562816045,0.0932770124,0.08990707787,0.0873288496,0.0851185626,0.08278896126,-0.005795482107,-0.005205656364,-0.00326060482,-0.002342173615,-0.002124813337,-0.002262657531,-0.00254476409,-0.003413439578,-0.004446158358,-0.004919556737,-0.00526526073,-0.004884860249,-0.004220511902,-0.0030795401
06_5_soc070,06_5,B06,5,70,0.1054130324,0.1035082191,0.102035687,0.1015288087,0.1002820786,0.09961502597,0.0987412534,0.09724475141,0.09551013139,0.09312323585,0.08962441563,0.08702772495,0.08477316318,0.08249390016,-0.006184970901,-0.004952491778,-0.003175606796,-0.002533725711,-0.002190165276,-0.002286796025,-0.002482121809,-0.003402264189,-0.004449070559,-0.005129723964,-0.005263290196,-0.00501019073,-0.004202268503,-0.003085948992
06_5_soc080,06_5,B06,5,80,0.1053969542,0.1034367121,0.102215051,0.1014570318,0.1005252794,0.09971862608,0.09901098664,0.09753634991,0.09550130637,0.09321032419,0.08963132181,0.08698312627,0.08469465621,0.08239094613,-0.006036250155,-0.004604934174,-0.003046112946,-0.00240362079,-0.002063139371,-0.002133168742,-0.002474483935,-0.003518193626,-0.00459296744,-0.005248557005,-0.005432213772,-0.005072217256,-0.004377260654,-0.003119064083
06_5_soc090,06_5,B06,5,90,0.1053326968,0.1035662073,0.1022838138,0.1018144545,0.1007441026,0.1000485844,0.09947510652,0.09793961753,0.09595022272,0.09345398212,0.08963625325,0.08703206465,0.08473906589,0.08235809992,-0.005404881379,-0.004275383563,-0.002846223005,-0.002219848827,-0.001917463305,-0.002080322039,-0.002453049504,-0.003628955815,-0.004715227333,-0.005513539263,-0.005580647593,-0.005102564999,-0.004406760876,-0.003208365895
06_5_soc100,06_5,B06,5,100,0.1031800785,0.1021631314,0.1015203849,0.1009221926,0.1001928339,0.09975359079,0.09926825377,0.09786870947,0.09591014042,0.09337637287,0.08974028931,0.08707455568,0.08480289646,0.08235107516,-0.004771444954,-0.003099973406,-0.002264589105,-0.001752057281,-0.00149417761,-0.001700420236,-0.002148508719,-0.003405824058,-0.004585970439,-0.005315117952,-0.005485727623,-0.005121227122,-0.004456384456,-0.003234237663
06_6_soc010,06_6,B06,6,10,0.1168672934,0.1149829619,0.113494234,0.1126586113,0.1107513535,0.1091795756,0.1070774165,0.1034079639,0.1004436594,0.09778521079,0.09417521428,0.0916343436,0.08922164147,0.08675290482,-0.005957359926,-0.004887687275,-0.003838955206,-0.0032797968,-0.003743698067,-0.004628472516,-0.005266179758,-0.005929008758,-0.006069205961,-0.005973102314,-0.005797415253,-0.005289070608,-0.00452018439,-0.003343065285
06_6_soc020,06_6,B06,6,20,0.1086673096,0.1070598966,0.1060713242,0.1059002561,0.1050664003,0.1044707021,0.1034152517,0.1014158351,0.09910311883,0.09632041027,0.09291061032,0.09036143172,0.08814791303,0.08572195915,-0.004025732092,-0.00341044428,-0.002206854504,-0.001778918518,-0.001803585503,-0.002358799245,-0.002987096785,-0.004303849148,-0.005074879903,-0.005489605128,-0.005411560754,-0.005050492216,-0.00434635542,-0.003267668605
06_6_soc030,06_6,B06,6,30,0.1054359616,0.1041203344,0.1034530645,0.1031835658,0.1024954131,0.1022348623,0.1015876279,0.1000181534,0.09799915856,0.09561245014,0.09209424787,0.08953415651,0.08734087842,0.08495469776,-0.003662149817,-0.002852316327,-0.00189692877,-0.001286492576,-0.001347094288,-0.001704135822,-0.002276630073,-0.003612162313,-0.004615744992,-0.005218985793,-0.005281416642,-0.004923878027,-0.004257337902,-0.003185324767
06_6_soc040,06_6,B06,6,40,0.1040572293,0.1029244394,0.102266942,0.1020130134,0.1013156233,0.1009951309,0.1004499361,0.09907782738,0.09724239601,0.09492188559,0.09147604421,0.08905222437,0.08676081447,0.08449593455,-0.003618868961,-0.002642859895,-0.001715712048,-0.001305262237,-0.001347731817,-0.001630488401,-0.002020775788,-0.003231671456,-0.004292020836,-0.005004856025,-0.005167853006,-0.004898153884,-0.004190703144,-0.003161195939
06_6_soc050,06_6,B06,6,50,0.1037067429,0.1022110936,0.1012795447,0.1009278745,0.1002633464,0.09976798704,0.09931813584,0.0979546374,0.09618223206,0.09403264231,0.09055245692,0.08817410095,0.08597499747,0.08364509845,-0.004010597264,-0.003227447886,-0.002049852777,-0.001461136376,-0.001520933795,-0.001643942088,-0.002110336326,-0.003142339561,-0.004171746207,-0.004857438579,-0.005161675696,-0.00480319526,-0.004143897659,-0.003038503294
06_6_soc060,06_6,B06,6,60,0.1060742694,0.1037085315,0.1019935882,0.101490206,0.1003333319,0.09967090491,0.09908208994,0.09760361465,0.09581896593,0.0936381368,0.09026891986,0.08789368778,0.08567164055,0.08337394341,-0.005783377358,-0.005116884741,-0.003283146565,-0.002305244266,-0.002101306727,-0.002172639889,-0.002339198111,-0.003295917261,-0.004235146072,-0.004876356655,-0.005094042885,-0.004730369069,-0.004141063077,-0.00305716912
06_6_soc070,06_6,B06,6,70,0.1056294456,0.1036492034,0.1022881756,0.1015549548,0.1004516251,0.09969128513,0.09901107362,0.09754014224,0.09573294415,0.09345520272,0.09006195031,0.08752238168,0.0853547249,0.08310609494,-0.006264737793,-0.004871664778,-0.003311826073,-0.002411225618,-0.002064711332,-0.002172917664,-0.00233427352,-0.003447380009,-0.004190028388,-0.004953279811,-0.005247672014,-0.004811014437,-0.004186032641,-0.003090368813
06_6_soc080,06_6,B06,6,80,0.1056893569,0.1039736151,0.102438977,0.1019021779,0.1007048929,0.1000696705,0.09928668235,0.09778504659,0.09590430024,0.09353741403,0.09005677819,0.08739361229,0.08523543797,0.08282959237,-0.005905118976,-0.004667401876,-0.003236249946,-0.002390094772,-0.002100994508,-0.002242112372,-0.002481599445,-0.003572740329,-0.004525958489,-0.005110564512,-0.005380021505,-0.004964357873,-0.004278927881,-0.00309849472
06_6_soc090,06_6,B06,6,90,0.1062427199,0.104334492,0.1032271723,0.1025798496,0.1014824656,0.10090796,0.1001759007,0.09855083004,0.09649820126,0.0939050365,0.0901884496,0.087458912,0.08522825836,0.08280051183,-0.005450701957,-0.004355194748,-0.002939339047,-0.002237935015,-0.001992088487,-0.002146011496,-0.002562190335,-0.003703691221,-0.004825095795,-0.005461076173,-0.005622885316,-0.005238410989,-0.004317058311,-0.003238146363
06_6_soc100,06_6,B06,6,100,0.1035092077,0.1028231492,0.1020549475,0.1014715305,0.1006592644,0.1002201787,0.09956406366,0.09792736578,0.09566976766,0.09296571348,0.08918666134,0.08642668139,0.08407606567,0.08154059256,-0.005139963096,-0.003067158462,-0.002330077628,-0.001901860054,-0.001683976583,-0.001939766238,-0.002506264437,-0.003896980948,-0.00507105866,-0.005666591632,-0.005740355092,-0.005339709606,-0.004597916148,-0.003308465248
06_7_soc010,06_7,B06,7,10,0.1178458322,0.1159238741,0.1144930153,0.1134679875,0.1115278839,0.1097989303,0.1074189748,0.1034613003,0.1004788267,0.09761089392,0.09400151982,0.09125720965,0.08896274685,0.08631351383,-0.006229312594,-0.005073841811,-0.003954983107,-0.003451588633,-0.004095253782,-0.004871208834,-0.005696816926,-0.006294573318,-0.006287851037,-0.006251632436,-0.006009997038,-0.005297364218,-0.004658018188,-0.003455214658
06_7_soc020,06_7,B06,7,20,0.1090191867,0.1075083538,0.1065604121,0.1061677046,0.1053346433,0.1048528723,0.1038985756,0.1015668175,0.09889384149,0.09630441085,0.09272561799,0.09006493486,0.08781777557,0.08537195204,-0.004121856924,-0.003346251479,-0.00224515257,-0.001730864539,-0.001948887866,-0.002451909248,-0.003182369406,-0.004623443666,-0.005412505338,-0.00562393693,-0.005555015756,-0.005174027872,-0.004395138648,-0.003208219867
06_7_soc030,06_7,B06,7,30,0.1059213141,0.1046550299,0.1039757932,0.1036790219,0.103073284,0.1025298884,0.1019905229,0.1002960793,0.09831211094,0.09577306887,0.09221045892,0.08963217991,0.08740226056,0.08496943654,-0.003663203746,-0.002822522386,-0.001857640112,-0.001396088609,-0.00145221669,-0.001883702363,-0.002373157596,-0.003723698698,-0.00475042363,-0.005298943696,-0.005420957679,-0.004988297598,-0.004290072315,-0.003107027785
06_7_soc040,06_7,B06,7,40,0.1039859346,0.1028951736,0.102342007,0.1019934505,0.1013456049,0.1009427586,0.1004819811,0.09905525837,0.09730508952,0.09495904002,0.09148997134,0.08896322121,0.08684168724,0.08441049847,-0.003536296548,-0.002643274404,-0.001758208158,-0.001284336964,-0.001348800598,-0.001713481122,-0.002102584437,-0.003237707551,-0.004404182543,-0.004946225964,-0.005158429553,-0.004919064169,-0.004170389332,-0.002969304232
06_7_soc050,06_7,B06,7,50,0.1025218764,0.1010923551,0.1002844933,0.09996541077,0.09921882006,0.09892727146,0.0984477633,0.09725018247,0.09569083144,0.09372697362,0.09056079499,0.08821685429,0.08620785965,0.08403334838,-0.003960100211,-0.003134436612,-0.002027995272,-0.001421147129,-0.001315725039,-0.001605821899,-0.001816520866,-0.002731303089,-0.003719702126,-0.004450318674,-0.004851655786,-0.004532231706,-0.003979005478,-0.002847874099
06_7_soc060,06_7,B06,7,60,0.1051557578,0.1027545112,0.1012262671,0.1006651444,0.09956188676,0.09898990035,0.09829103803,0.09710419267,0.09557336665,0.09356106581,0.09047132025,0.08810259368,0.08607021437,0.08384249442,-0.005735211246,-0.005027182236,-0.003198810406,-0.002212039197,-0.001961037018,-0.001954790153,-0.002164525387,-0.00293008801,-0.003910178823,-0.004472627685,-0.004812592856,-0.00459365999,-0.003881929203,-0.002761419957
06_7_soc070,06_7,B06,7,70,0.1047977338,0.1026604489,0.1014120444,0.1006558625,0.09961494499,0.09898527055,0.09830237942,0.09698880777,0.09542238437,0.09333750694,0.09021111055,0.0877700306,0.08568780959,0.08353175565,-0.006016696662,-0.004719660458,-0.003195641518,-0.002409336818,-0.001998677911,-0.002116016863,-0.002250857377,-0.003075653315,-0.003916571427,-0.004609539781,-0.004919303565,-0.004568607751,-0.004012643554,-0.002900648047
06_7_soc080,06_7,B06,7,80,0.1050681736,0.1032285706,0.101901001,0.1012547248,0.1001016005,0.09949198142,0.09882978787,0.09744009925,0.09574890734,0.09364119342,0.09025284923,0.08778008934,0.08561637275,0.08341973816,-0.005950325228,-0.00462490889,-0.003101055758,-0.002300111794,-0.001942133723,-0.002019712837,-0.002255445659,-0.003164957722,-0.004156782748,-0.004776733027,-0.00503586479,-0.004656902896,-0.004076817723,-0.002951995162
06_7_soc090,06_7,B06,7,90,0.1054740449,0.103646657,0.1023912654,0.1019066713,0.1007793966,0.1002581655,0.0996177644,0.09809348374,0.09626845708,0.09392669247,0.09036815247,0.08773142026,0.085497969,0.08314875437,-0.005420519257,-0.004166362913,-0.002842414485,-0.002170484278,-0.001850914145,-0.002061593399,-0.002375973759,-0.003407074021,-0.00450079241,-0.005188702946,-0.00533353997,-0.005016420153,-0.004308324451,-0.003007917227
06_7_soc100,06_7,B06,7,100,0.1046821035,0.1038250462,0.1032789941,0.1025691105,0.1017755034,0.1013189296,0.1007455268,0.0991357413,0.0970175621,0.0942713973,0.09052590108,0.08786232386,0.08553890767,0.08308788477,-0.00507674023,-0.003242088532,-0.002349505992,-0.001850712398,-0.001655434562,-0.001893675641,-0.002378978259,-0.003797998177,-0.004974828961,-0.005570625451,-0.005546156336,-0.005201992758,-0.004495319699,-0.00319517508
06_8_soc010,06_8,B06,8,10,0.1174014743,0.1153500044,0.1137089842,0.1128282025,0.1108269873,0.1088508103,0.1065153664,0.1023709815,0.09936535911,0.09682501649,0.09329576354,0.0905461158,0.08825377427,0.08571863066,-0.006084471199,-0.005142842388,-0.00408937964,-0.003509398998,-0.004190433015,-0.004995029904,-0.005866124099,-0.006210175366,-0.006214293196,-0.006101530787,-0.005853412443,-0.005340185804,-0.004575319959,-0.003444309364
06_8_soc020,06_8,B06,8,20,0.1086008321,0.1066987621,0.1057200328,0.1054307724,0.1044875942,0.1038109064,0.1028113788,0.1005233979,0.09795796418,0.09537014464,0.09196290423,0.08942956793,0.08715932322,0.08470278776,-0.00424255874,-0.003405895883,-0.002338643659,-0.001670466346,-0.001993916486,-0.002474246173,-0.00320061825,-0.004527376295,-0.005229610922,-0.00552983249,-0.005459469757,-0.005009834959,-0.004347338242,-0.003329490678
06_8_soc030,06_8,B06,8,30,0.1043476529,0.1032549418,0.1025010352,0.1022833362,0.1015473152,0.1011677513,0.10062836,0.09896189962,0.09690844843,0.0943920413,0.0909949991,0.08852831408,0.08632299351,0.08395866324,-0.003827477062,-0.002875922599,-0.001871745537,-0.001430787779,-0.001463423922,-0.001733603503,-0.002348452127,-0.003685223794,-0.004618673083,-0.005267071605,-0.005257435558,-0.004881420337,-0.004320979924,-0.003115166084
06_8_soc040,06_8,B06,8,40,0.1031415918,0.1019654367,0.1013352165,0.1010564631,0.1004247191,0.1000392994,0.09954702325,0.09806423271,0.09629953302,0.09392425076,0.09054997893,0.08805062367,0.08594725921,0.08368536289,-0.003530619759,-0.002730147071,-0.001776592249,-0.001350814903,-0.001254408287,-0.001697026743,-0.002003472237,-0.003289398981,-0.004304554284,-0.005053066066,-0.005181665732,-0.004825385263,-0.004197978112,-0.003091929189
06_8_soc050,06_8,B06,8,50,0.1031234155,0.1014854869,0.1007507643,0.1003594571,0.09971814133,0.09921005747,0.09866540556,0.09736264811,0.09554541992,0.09334099826,0.09003124986,0.08762708224,0.0855068177,0.08318278997,-0.003936603456,-0.003246031084,-0.002143837693,-0.001514724102,-0.001518339663,-0.001675686335,-0.002124005475,-0.003176306428,-0.004093316418,-0.004866051965,-0.004989108575,-0.00474091993,-0.004116445735,-0.003074021526
06_8_soc060,06_8,B06,8,60,0.1054754961,0.1030366729,0.1014390753,0.1009501981,0.09974406968,0.09911394087,0.09842415643,0.09697734042,0.09517585844,0.09298631566,0.08974408709,0.08737015162,0.08520531877,0.08296377267,-0.005807486643,-0.00516322086,-0.003260445057,-0.002266235154,-0.002002600402,-0.002131409809,-0.002288204179,-0.003218109475,-0.004172197608,-0.004747056429,-0.005111631615,-0.004697345968,-0.004107456421,-0.003023089735
06_8_soc070,06_8,B06,8,70,0.1046037415,0.1027635877,0.1014742222,0.1006680207,0.09959167223,0.09870177383,0.09811953616,0.0967536317,0.09500879544,0.09289863982,0.0895787552,0.08725815444,0.08502053356,0.0827662298,-0.006193338169,-0.004642780376,-0.003234747189,-0.002506143558,-0.001931956367,-0.002253450529,-0.002293955178,-0.003252825705,-0.003960667189,-0.004740182063,-0.004942882146,-0.00469353584,-0.004056157022,-0.003054066426
06_8_soc080,06_8,B06,8,80,0.1033577184,0.1014910334,0.1001604844,0.09962848783,0.09845854404,0.0979148342,0.09732670643,0.09602323997,0.09442055815,0.09254424496,0.08942227787,0.08708422877,0.08496740476,0.08287313144,-0.005760544342,-0.004416939011,-0.003028395092,-0.002221696367,-0.001880711798,-0.001946789358,-0.002186992698,-0.002886231778,-0.003751168287,-0.004401334831,-0.00475732566,-0.004596207306,-0.004073343167,-0.002946533962
06_8_soc090,06_8,B06,8,90,0.1036799524,0.1021108981,0.1008879718,0.1003502041,0.09937428969,0.09881608466,0.09818931284,0.09678299199,0.0952522659,0.09313027401,0.08975805895,0.08743207746,0.08522657789,0.0829481056,-0.005234206981,-0.004054804133,-0.002761758947,-0.002017314507,-0.001809192279,-0.001959495215,-0.002165351778,-0.003066428138,-0.004003785779,-0.004681842382,-0.004923424539,-0.00468144174,-0.004055074743,-0.003065730954
06_8_soc100,06_8,B06,8,100,0.1020121089,0.1014594334,0.1008526034,0.1002317489,0.09954737949,0.09919076876,0.09862666186,0.09725029915,0.09551790177,0.09317468372,0.08982952519,0.08741690196,0.0851279756,0.08278799328,-0.00480727324,-0.002807429249,-0.002207647654,-0.001663674405,-0.001446572,-0.001672872502,-0.002069859319,-0.003201390543,-0.004299251664,-0.004895430834,-0.005060627982,-0.004808174677,-0.004242091044,-0.003166001821
