measure_id,battery_id,repeat_id,soc,frequency_id,frequency_hz,z_real,z_imag,minus_z_imag,z_mag,z_phase_deg
02_4,B02,4,10,0,0.05,0.1179332465,-0.006453363783,0.006453363783,0.1181096801,-3.132128805
02_4,B02,4,10,1,0.1,0.1156878936,-0.005225879038,0.005225879038,0.1158058658,-2.586419319
02_4,B02,4,10,2,0.2,0.1142584073,-0.004234579671,0.004234579671,0.1143368502,-2.122491948
02_4,B02,4,10,3,0.4,0.1132430767,-0.003809002158,0.003809002158,0.1133071177,-1.926453323
02_4,B02,4,10,4,1,0.1110262528,-0.004652483368,0.004652483368,0.1111236897,-2.399538757
02_4,B02,4,10,5,2,0.1090565504,-0.005698637585,0.005698637585,0.1092053372,-2.991211377
02_4,B02,4,10,6,4,0.1063399993,-0.006652503384,0.006652503384,0.1065478824,-3.579690586
02_4,B02,4,10,7,10,0.1017329978,-0.00752598165,0.00752598165,0.1020109957,-4.230907803
02_4,B02,4,10,8,20,0.09783603321,-0.007709950942,0.007709950942,0.09813935367,-4.505871508
02_4,B02,4,10,9,40,0.09449205293,-0.007356290138,0.007356290138,0.09477796722,-4.451548491
02_4,B02,4,10,10,100,0.09011880227,-0.006748504782,0.006748504782,0.09037112835,-4.282574733
02_4,B02,4,10,11,200,0.08689129662,-0.006164974135,0.006164974135,0.08710972583,-4.058358959
02_4,B02,4,10,12,400,0.08437286533,-0.005057270369,0.005057270369,0.08452429466,-3.430178424
02_4,B02,4,10,13,1000,0.08165794738,-0.00365423758,0.00365423758,0.08173967105,-2.562307788
02_4,B02,4,20,0,0.05,0.1089135111,-0.004576598271,0.004576598271,0.1090096242,-2.406180743
02_4,B02,4,20,1,0.1,0.1073900128,-0.003691234133,0.003691234133,0.1074534321,-1.968608638
02_4,B02,4,20,2,0.2,0.1062960674,-0.00238087582,0.00238087582,0.1063227282,-1.283126774
02_4,B02,4,20,3,0.4,0.1058060063,-0.002026770551,0.002026770551,0.1058254165,-1.097397041
02_4,B02,4,20,4,1,0.1047509527,-0.002256836039,0.002256836039,0.1047752614,-1.234233916
02_4,B02,4,20,5,2,0.1039652763,-0.002888110227,0.002888110227,0.1040053837,-1.591242635
02_4,B02,4,20,6,4,0.1027270576,-0.00400874608,0.00400874608,0.1028052451,-2.234734979
02_4,B02,4,20,7,10,0.09983549082,-0.005825355701,0.005825355701,0.1000052998,-3.339396388
02_4,B02,4,20,8,20,0.09665381871,-0.006609611536,0.006609611536,0.09687955221,-3.912045858
02_4,B02,4,20,9,40,0.09329952983,-0.006884370411,0.006884370411,0.09355317645,-4.220083721
02_4,B02,4,20,10,100,0.08879961657,-0.006496049042,0.006496049042,0.08903690559,-4.183963787
02_4,B02,4,20,11,200,0.08601654575,-0.005872020982,0.005872020982,0.08621674299,-3.905304916
02_4,B02,4,20,12,400,0.08327289159,-0.005069592609,0.005069592609,0.08342706541,-3.483825294
02_4,B02,4,20,13,1000,0.08061146052,-0.003607331998,0.003607331998,0.08069213351,-2.562254782
02_4,B02,4,30,0,0.05,0.1050844233,-0.003881392314,0.003881392314,0.1051560803,-2.115312073
02_4,B02,4,30,1,0.1,0.1038693549,-0.003198710998,0.003198710998,0.1039185962,-1.763895971
02_4,B02,4,30,2,0.2,0.1030984727,-0.002012989388,0.002012989388,0.1031181226,-1.118553362
02_4,B02,4,30,3,0.4,0.1028434282,-0.001712976426,0.001712976426,0.102857693,-0.9542393394
02_4,B02,4,30,4,1,0.1019681087,-0.001720301762,0.001720301762,0.1019826192,-0.9665441645
02_4,B02,4,30,5,2,0.1014400434,-0.002339948973,0.002339948973,0.101467028,-1.321425189
02_4,B02,4,30,6,4,0.1004731463,-0.003114085914,0.003114085914,0.1005213941,-1.775269169
02_4,B02,4,30,7,10,0.09844953641,-0.004740993123,0.004740993123,0.09856362531,-2.757038949
02_4,B02,4,30,8,20,0.09561170281,-0.006005899221,0.006005899221,0.09580014896,-3.594341876
02_4,B02,4,30,9,40,0.09241198419,-0.006553249186,0.006553249186,0.09264404944,-4.056249124
02_4,B02,4,30,10,100,0.08812277062,-0.006484922678,0.006484922678,0.08836106,-4.208789068
02_4,B02,4,30,11,200,0.08502468551,-0.005861552499,0.005861552499,0.08522649203,-3.943698039
02_4,B02,4,30,12,400,0.08247716559,-0.005044670227,0.005044670227,0.0826312988,-3.500104283
02_4,B02,4,30,13,1000,0.07993629116,-0.003488621544,0.003488621544,0.08001238107,-2.498946709
02_4,B02,4,40,0,0.05,0.1045447431,-0.003869986607,0.003869986607,0.1046163472,-2.119979404
02_4,B02,4,40,1,0.1,0.1033235265,-0.002926222188,0.002926222188,0.1033649549,-1.622238255
02_4,B02,4,40,2,0.2,0.1026729274,-0.002097724746,0.002097724746,0.1026943546,-1.170455133
02_4,B02,4,40,3,0.4,0.1021033049,-0.001555484369,0.001555484369,0.1021151527,-0.8728003049
02_4,B02,4,40,4,1,0.1013096482,-0.001838181677,0.001838181677,0.101326323,-1.039471548
02_4,B02,4,40,5,2,0.1007827693,-0.002343285447,0.002343285447,0.1008100073,-1.331935818
02_4,B02,4,40,6,4,0.1001846093,-0.002937151626,0.002937151626,0.1002276548,-1.679281912
02_4,B02,4,40,7,10,0.09774475742,-0.004519817236,0.004519817236,0.0978492021,-2.647529323
02_4,B02,4,40,8,20,0.09541124046,-0.005965033338,0.005965033338,0.09559752313,-3.577429522
02_4,B02,4,40,9,40,0.09219779364,-0.0064899865,0.0064899865,0.09242593293,-4.026522393
02_4,B02,4,40,10,100,0.08775810641,-0.00650373428,0.00650373428,0.08799877158,-4.238429637
02_4,B02,4,40,11,200,0.08492761062,-0.005834915836,0.005834915836,0.08512781736,-3.930306144
02_4,B02,4,40,12,400,0.08225662223,-0.005008762699,0.005008762699,0.08240897769,-3.484546907
02_4,B02,4,40,13,1000,0.07970883856,-0.003534100542,0.003534100542,0.07978714691,-2.538696076
02_4,B02,4,50,0,0.05,0.1037677952,-0.00425587929,0.00425587929,0.1038550327,-2.348583537
02_4,B02,4,50,1,0.1,0.1024487663,-0.003354863953,0.003354863953,0.102503682,-1.875580231
02_4,B02,4,50,2,0.2,0.1016659442,-0.00242446489,0.00242446489,0.1016948487,-1.366094448
02_4,B02,4,50,3,0.4,0.1011084658,-0.001858087327,0.001858087327,0.1011255375,-1.052815695
02_4,B02,4,50,4,1,0.0999931838,-0.001832675241,0.001832675241,0.100009977,-1.049999584
02_4,B02,4,50,5,2,0.0995964105,-0.002299750688,0.002299750688,0.09962295839,-1.322764514
02_4,B02,4,50,6,4,0.0991059826,-0.002856405902,0.002856405902,0.09914713733,-1.650906474
02_4,B02,4,50,7,10,0.09690889135,-0.004246764325,0.004246764325,0.09700189807,-2.509223776
02_4,B02,4,50,8,20,0.09455577953,-0.005593347247,0.005593347247,0.09472106933,-3.385326354
02_4,B02,4,50,9,40,0.09144767062,-0.006258930706,0.006258930706,0.0916616096,-3.915374996
02_4,B02,4,50,10,100,0.08729052005,-0.00642956091,0.00642956091,0.08752699094,-4.212629898
02_4,B02,4,50,11,200,0.08421294136,-0.005777443812,0.005777443812,0.08441089,-3.924637522
02_4,B02,4,50,12,400,0.0818522889,-0.004829895484,0.004829895484,0.081994665,-3.376962532
02_4,B02,4,50,13,1000,0.07918731265,-0.003503252046,0.003503252046,0.07926476682,-2.533117415
02_4,B02,4,60,0,0.05,0.1060863099,-0.005590463701,0.005590463701,0.106233509,-3.016543492
02_4,B02,4,60,1,0.1,0.1035277889,-0.005275036862,0.005275036862,0.1036620909,-2.916861291
02_4,B02,4,60,2,0.2,0.1016761421,-0.003394998746,0.003394998746,0.1017328063,-1.9124138
02_4,B02,4,60,3,0.4,0.1010729708,-0.002492933423,0.002492933423,0.1011037099,-1.412896136
02_4,B02,4,60,4,1,0.09978855452,-0.002386480449,0.002386480449,0.09981708722,-1.369988761
02_4,B02,4,60,5,2,0.09903862618,-0.002693282299,0.002693282299,0.09907524033,-1.557732491
02_4,B02,4,60,6,4,0.09837407917,-0.003032797393,0.003032797393,0.09842081747,-1.765825632
02_4,B02,4,60,7,10,0.09614075297,-0.004277126589,0.004277126589,0.09623584672,-2.54730498
02_4,B02,4,60,8,20,0.09377605808,-0.0054783309,0.0054783309,0.09393594189,-3.343378874
02_4,B02,4,60,9,40,0.09102874068,-0.006076567693,0.006076567693,0.09123133401,-3.819078514
02_4,B02,4,60,10,100,0.08697817416,-0.006191534496,0.006191534496,0.08719826764,-4.071727288
02_4,B02,4,60,11,200,0.08387687288,-0.005686519726,0.005686519726,0.08406941365,-3.878491914
02_4,B02,4,60,12,400,0.08145255492,-0.004815719397,0.004815719397,0.08159479062,-3.383559591
02_4,B02,4,60,13,1000,0.07876241654,-0.003454348326,0.003454348326,0.07883813025,-2.511258986
02_4,B02,4,70,0,0.05,0.1065589614,-0.006488565657,0.006488565657,0.1067563288,-3.484540024
02_4,B02,4,70,1,0.1,0.1043127944,-0.005265322661,0.005265322661,0.1044455968,-2.889625822
02_4,B02,4,70,2,0.2,0.1029487097,-0.003589844863,0.003589844863,0.1030112801,-1.997107642
02_4,B02,4,70,3,0.4,0.1021070521,-0.003004855841,0.003004855841,0.1021512567,-1.685641486
02_4,B02,4,70,4,1,0.1006831693,-0.002466075296,0.002466075296,0.1007133661,-1.403089135
02_4,B02,4,70,5,2,0.09993079376,-0.00273759691,0.00273759691,0.09996828486,-1.569221281
02_4,B02,4,70,6,4,0.09851262364,-0.003302105785,0.003302105785,0.09856795077,-1.919814004
02_4,B02,4,70,7,10,0.0967000781,-0.004402775148,0.004402775148,0.09680025586,-2.606888677
02_4,B02,4,70,8,20,0.09434100406,-0.005739741606,0.005739741606,0.09451544678,-3.481604886
02_4,B02,4,70,9,40,0.09136898292,-0.006349032875,0.006349032875,0.09158930756,-3.974970138
02_4,B02,4,70,10,100,0.08693600698,-0.006385916173,0.006385916173,0.08717023136,-4.201137258
02_4,B02,4,70,11,200,0.08397187238,-0.005842278513,0.005842278513,0.08417486305,-3.979896452
02_4,B02,4,70,12,400,0.08150517271,-0.004904184252,0.004904184252,0.08165258233,-3.443348222
02_4,B02,4,70,13,1000,0.07887208474,-0.003572210761,0.003572210761,0.07895293814,-2.593221988
02_4,B02,4,80,0,0.05,0.107165211,-0.00633209571,0.00633209571,0.107352121,-3.381517388
02_4,B02,4,80,1,0.1,0.1050131716,-0.004916174979,0.004916174979,0.1051281836,-2.680335876
02_4,B02,4,80,2,0.2,0.1037221985,-0.003519584848,0.003519584848,0.103781896,-1.943460661
02_4,B02,4,80,3,0.4,0.1028516319,-0.002798869521,0.002798869521,0.1028897072,-1.558787556
02_4,B02,4,80,4,1,0.101210719,-0.002509140222,0.002509140222,0.1012418166,-1.42014309
02_4,B02,4,80,5,2,0.1006032262,-0.002884403384,0.002884403384,0.1006445672,-1.642282109
02_4,B02,4,80,6,4,0.09988681677,-0.003351697159,0.003351697159,0.09994303397,-1.921835955
02_4,B02,4,80,7,10,0.09742406851,-0.004753321413,0.004753321413,0.09753995689,-2.793246732
02_4,B02,4,80,8,20,0.09468931397,-0.005986280282,0.005986280282,0.09487835229,-3.61743814
02_4,B02,4,80,9,40,0.09170814988,-0.006719114988,0.006719114988,0.09195396272,-4.190361447
02_4,B02,4,80,10,100,0.08712854712,-0.00665746862,0.00665746862,0.08738252464,-4.369464521
02_4,B02,4,80,11,200,0.08411162195,-0.005921966941,0.005921966941,0.08431983538,-4.027323713
02_4,B02,4,80,12,400,0.08160914994,-0.005056290424,0.005056290424,0.0817656372,-3.545365384
02_4,B02,4,80,13,1000,0.07882889028,-0.003442016548,0.003442016548,0.0789040013,-2.500197955
02_4,B02,4,90,0,0.05,0.1077668716,-0.005976701857,0.005976701857,0.107932477,-3.174346118
02_4,B02,4,90,1,0.1,0.1057322921,-0.004508572488,0.004508572488,0.1058283743,-2.441692814
02_4,B02,4,90,2,0.2,0.1045190262,-0.00312879277,0.00312879277,0.1045658461,-1.714645728
02_4,B02,4,90,3,0.4,0.1037288257,-0.002544304982,0.002544304982,0.1037600249,-1.405093632
02_4,B02,4,90,4,1,0.1023506289,-0.0025229357,0.0025229357,0.1023817193,-1.412050927
02_4,B02,4,90,5,2,0.1016943667,-0.002816525412,0.002816525412,0.1017333624,-1.586457356
02_4,B02,4,90,6,4,0.1007667232,-0.003265507379,0.003265507379,0.1008196213,-1.856112112
02_4,B02,4,90,7,10,0.09850016144,-0.004948848714,0.004948848714,0.0986244032,-2.87623815
02_4,B02,4,90,8,20,0.09567829503,-0.006346978039,0.006346978039,0.09588858258,-3.795249806
02_4,B02,4,90,9,40,0.09241712338,-0.007113588639,0.007113588639,0.09269049486,-4.401527576
02_4,B02,4,90,10,100,0.08766636653,-0.006954534096,0.006954534096,0.08794178395,-4.53575001
02_4,B02,4,90,11,200,0.08459385424,-0.006238781776,0.006238781776,0.0848235968,-4.217917521
02_4,B02,4,90,12,400,0.08183864151,-0.005267372372,0.005267372372,0.082007978,-3.682642965
02_4,B02,4,90,13,1000,0.07927051561,-0.00376420287,0.00376420287,0.07935983788,-2.718678562
02_4,B02,4,100,0,0.05,0.11097357,-0.005473052283,0.005473052283,0.1111084495,-2.823455377
02_4,B02,4,100,1,0.1,0.109770469,-0.003682082168,0.003682082168,0.1098322065,-1.921178792
02_4,B02,4,100,2,0.2,0.1089372616,-0.002976104956,0.002976104956,0.1089779067,-1.564899353
02_4,B02,4,100,3,0.4,0.10821523,-0.002449096143,0.002449096143,0.1082429401,-1.296480379
02_4,B02,4,100,4,1,0.1069289878,-0.002464408353,0.002464408353,0.1069573828,-1.320270658
02_4,B02,4,100,5,2,0.1062338272,-0.003174754137,0.003174754137,0.1062812547,-1.711751293
02_4,B02,4,100,6,4,0.1053579406,-0.003646234795,0.003646234795,0.1054210163,-1.982105163
02_4,B02,4,100,7,10,0.1022483,-0.006235541705,0.006235541705,0.1024382586,-3.489821369
02_4,B02,4,100,8,20,0.09836655223,-0.007857315483,0.007857315483,0.09867986625,-4.566970943
02_4,B02,4,100,9,40,0.094470082,-0.008308782183,0.008308782183,0.0948347629,-5.026314132
02_4,B02,4,100,10,100,0.08909719784,-0.00780452831,0.00780452831,0.08943836607,-5.006084116
02_4,B02,4,100,11,200,0.08545077054,-0.00698161953,0.00698161953,0.08573550722,-4.670885711
02_4,B02,4,100,12,400,0.08256296715,-0.005838086809,0.005838086809,0.08276911745,-4.044693593
02_4,B02,4,100,13,1000,0.07968102495,-0.004044681219,0.004044681219,0.07978361476,-2.905891694
02_5,B02,5,10,0,0.05,0.1174463807,-0.006379972443,0.006379972443,0.1176195408,-3.109389678
02_5,B02,5,10,1,0.1,0.1153208157,-0.005276481321,0.005276481321,0.1154414647,-2.619730046
02_5,B02,5,10,2,0.2,0.1138588189,-0.004217024243,0.004217024243,0.1139368858,-2.121111949
02_5,B02,5,10,3,0.4,0.1127016882,-0.003964025781,0.003964025781,0.1127713795,-2.014418427
02_5,B02,5,10,4,1,0.1103495596,-0.004655052789,0.004655052789,0.1104477018,-2.415567745
02_5,B02,5,10,5,2,0.1083926031,-0.00585062251,0.00585062251,0.1085503855,-3.089611216
02_5,B02,5,10,6,4,0.1057973072,-0.006911395964,0.006911395964,0.1060228164,-3.737637141
02_5,B02,5,10,7,10,0.1010236832,-0.007335685667,0.007335685667,0.1012896681,-4.153159221
02_5,B02,5,10,8,20,0.09732318903,-0.007468925007,0.007468925007,0.09760936412,-4.388478406
02_5,B02,5,10,9,40,0.09395922685,-0.007182222103,0.007182222103,0.09423333076,-4.371176034
02_5,B02,5,10,10,100,0.0898042017,-0.006684738144,0.006684738144,0.09005265331,-4.25706397
02_5,B02,5,10,11,200,0.08673658365,-0.00591950265,0.00591950265,0.08693834284,-3.904205187
02_5,B02,5,10,12,400,0.08420808619,-0.005161128071,0.005161128071,0.08436610114,-3.507280879
02_5,B02,5,10,13,1000,0.08158658766,-0.003714506075,0.003714506075,0.08167110163,-2.606784511
02_5,B02,5,20,0,0.05,0.109336041,-0.004428423837,0.004428423837,0.1094256862,-2.319375966
02_5,B02,5,20,1,0.1,0.1077320195,-0.003543362369,0.003543362369,0.1077902753,-1.883809006
02_5,B02,5,20,2,0.2,0.1066169939,-0.002637609868,0.002637609868,0.1066496149,-1.417157705
02_5,B02,5,20,3,0.4,0.1063041669,-0.002028531588,0.002028531588,0.1063235197,-1.093204506
02_5,B02,5,20,4,1,0.1049895176,-0.002546575795,0.002546575795,0.1050203974,-1.389466726
02_5,B02,5,20,5,2,0.1042032959,-0.00323239763,0.00323239763,0.1042534185,-1.776751598
02_5,B02,5,20,6,4,0.1033032447,-0.003932855373,0.003932855373,0.1033780814,-2.180253314
02_5,B02,5,20,7,10,0.09986098372,-0.00589716861,0.00589716861,0.1000349572,-3.379607408
02_5,B02,5,20,8,20,0.09659536522,-0.006743568307,0.006743568307,0.09683047194,-3.993484807
02_5,B02,5,20,9,40,0.09318965784,-0.007008616895,0.007008616895,0.09345283858,-4.301009574
02_5,B02,5,20,10,100,0.08909036319,-0.006582580348,0.006582580348,0.0893332143,-4.22570944
02_5,B02,5,20,11,200,0.08591306171,-0.005901492053,0.005901492053,0.08611551417,-3.929556888
02_5,B02,5,20,12,400,0.08336229664,-0.004945636279,0.004945636279,0.08350887269,-3.395207976
02_5,B02,5,20,13,1000,0.08068134567,-0.003676480879,0.003676480879,0.08076506702,-2.609044498
02_5,B02,5,30,0,0.05,0.1051441387,-0.004121479462,0.004121479462,0.1052248854,-2.24475227
02_5,B02,5,30,1,0.1,0.1037814267,-0.003034151019,0.003034151019,0.1038257704,-1.674620865
02_5,B02,5,30,2,0.2,0.1030620672,-0.002103769394,0.002103769394,0.1030835367,-1.169396007
02_5,B02,5,30,3,0.4,0.1027888196,-0.001611347233,0.001611347233,0.1028014488,-0.898111629
02_5,B02,5,30,4,1,0.1018955044,-0.001754346206,0.001754346206,0.1019106056,-0.986370339
02_5,B02,5,30,5,2,0.1013957278,-0.002311375244,0.002311375244,0.101422069,-1.305864827
02_5,B02,5,30,6,4,0.1000624694,-0.003135549845,0.003135549845,0.1001115851,-1.794828822
02_5,B02,5,30,7,10,0.09785091657,-0.004745227832,0.004745227832,0.09796590765,-2.776353132
02_5,B02,5,30,8,20,0.09542365242,-0.006025365529,0.006025365529,0.09561369396,-3.613048585
02_5,B02,5,30,9,40,0.09240612772,-0.006580980624,0.006580980624,0.0926401735,-4.073613619
02_5,B02,5,30,10,100,0.08809802116,-0.006418847431,0.006418847431,0.08833155118,-4.16722349
02_5,B02,5,30,11,200,0.08518584405,-0.005753405625,0.005753405625,0.08537991393,-3.863857852
02_5,B02,5,30,12,400,0.08268221503,-0.004859403607,0.004859403607,0.08282489049,-3.363521501
02_5,B02,5,30,13,1000,0.08014794215,-0.003495299065,0.003495299065,0.08022412197,-2.497120489
02_5,B02,5,40,0,0.05,0.1045452,-0.003970294434,0.003970294434,0.1046205624,-2.174866453
02_5,B02,5,40,1,0.1,0.1031296972,-0.002823508971,0.002823508971,0.1031683413,-1.56826549
02_5,B02,5,40,2,0.2,0.1025360737,-0.002080870678,0.002080870678,0.1025571862,-1.162602972
02_5,B02,5,40,3,0.4,0.1021615271,-0.001569072811,0.001569072811,0.1021735759,-0.879922065
02_5,B02,5,40,4,1,0.101144949,-0.001722994218,0.001722994218,0.1011596234,-0.9759335522
02_5,B02,5,40,5,2,0.1008134647,-0.002204515447,0.002204515447,0.1008375652,-1.252702745
02_5,B02,5,40,6,4,0.1001236733,-0.003144353647,0.003144353647,0.1001730349,-1.798765417
02_5,B02,5,40,7,10,0.09802162619,-0.004494998004,0.004494998004,0.09812463609,-2.62558502
02_5,B02,5,40,8,20,0.09534765311,-0.005881123748,0.005881123748,0.09552885726,-3.529580461
02_5,B02,5,40,9,40,0.09220303309,-0.00653631877,0.00653631877,0.09243442418,-4.054942667
02_5,B02,5,40,10,100,0.08790161364,-0.006439089666,0.006439089666,0.08813714061,-4.189625862
02_5,B02,5,40,11,200,0.08493859876,-0.005865307495,0.005865307495,0.08514086793,-3.950203353
02_5,B02,5,40,12,400,0.08245333504,-0.005028930751,0.005028930751,0.08260655304,-3.490216861
02_5,B02,5,40,13,1000,0.0798400919,-0.003379902209,0.003379902209,0.07991160124,-2.424077526
02_5,B02,5,50,0,0.05,0.1038962443,-0.00439054994,0.00439054994,0.103988973,-2.419821776
02_5,B02,5,50,1,0.1,0.1022682141,-0.003228344912,0.003228344912,0.1023191567,-1.808080208
02_5,B02,5,50,2,0.2,0.1015065255,-0.002309451179,0.002309451179,0.1015327941,-1.303354442
02_5,B02,5,50,3,0.4,0.1010576399,-0.001706513178,0.001706513178,0.1010720475,-0.9674351258
02_5,B02,5,50,4,1,0.1001903535,-0.001592049637,0.001592049637,0.1002030017,-0.9103675705
02_5,B02,5,50,5,2,0.09966615034,-0.002190695478,0.002190695478,0.09969022354,-1.25917773
02_5,B02,5,50,6,4,0.09851366864,-0.002559107943,0.002559107943,0.09854690225,-1.488048491
02_5,B02,5,50,7,10,0.0967628854,-0.004132018287,0.004132018287,0.096851069,-2.445188171
02_5,B02,5,50,8,20,0.09449230416,-0.005426855306,0.005426855306,0.09464801268,-3.286984256
02_5,B02,5,50,9,40,0.09157993106,-0.006002304243,0.006002304243,0.09177642088,-3.749899352
02_5,B02,5,50,10,100,0.08749339067,-0.006340938741,0.006340938741,0.08772286427,-4.145169624
02_5,B02,5,50,11,200,0.0845850972,-0.005731263029,0.005731263029,0.08477904249,-3.876286016
02_5,B02,5,50,12,400,0.08211787089,-0.004722304126,0.004722304126,0.08225354021,-3.291249863
02_5,B02,5,50,13,1000,0.07953540415,-0.003495118095,0.003495118095,0.07961216216,-2.516197197
02_5,B02,5,60,0,0.05,0.1062824939,-0.005945918195,0.005945918195,0.1064486845,-3.202044451
02_5,B02,5,60,1,0.1,0.1035412315,-0.005450135203,0.005450135203,0.1036845726,-3.013116784
02_5,B02,5,60,2,0.2,0.1016322251,-0.00341317625,0.00341317625,0.1016895223,-1.923475767
02_5,B02,5,60,3,0.4,0.1013169394,-0.002624578013,0.002624578013,0.101350928,-1.483894211
02_5,B02,5,60,4,1,0.09992500869,-0.002293958041,0.002293958041,0.09995133619,-1.31509653
02_5,B02,5,60,5,2,0.09912843039,-0.002571111706,0.002571111706,0.09916176848,-1.485757695
02_5,B02,5,60,6,4,0.09805966451,-0.003162363977,0.003162363977,0.0981106434,-1.847113544
02_5,B02,5,60,7,10,0.09604719678,-0.004345239051,0.004345239051,0.09614543729,-2.590332902
02_5,B02,5,60,8,20,0.09388030166,-0.005359662014,0.005359662014,0.09403316977,-3.267490932
02_5,B02,5,60,9,40,0.09096711131,-0.006023607254,0.006023607254,0.09116632703,-3.788447926
02_5,B02,5,60,10,100,0.08696451554,-0.006124277486,0.006124277486,0.08717989297,-4.028274043
02_5,B02,5,60,11,200,0.08414047141,-0.005738562027,0.005738562027,0.08433593554,-3.901653938
02_5,B02,5,60,12,400,0.08167127377,-0.004841022876,0.004841022876,0.08181462254,-3.392208866
02_5,B02,5,60,13,1000,0.07900414467,-0.003562539976,0.003562539976,0.07908442683,-2.581893947
02_5,B02,5,70,0,0.05,0.1061770551,-0.006460154056,0.006460154056,0.1063734018,-3.481767642
02_5,B02,5,70,1,0.1,0.1039646154,-0.005162822307,0.005162822307,0.1040927278,-2.842939656
02_5,B02,5,70,2,0.2,0.1025685266,-0.003647713434,0.003647713434,0.1026333691,-2.036789904
02_5,B02,5,70,3,0.4,0.1014549797,-0.002718183499,0.002718183499,0.101491386,-1.534702336
02_5,B02,5,70,4,1,0.1001140627,-0.00250420641,0.00250420641,0.1001453773,-1.432871083
02_5,B02,5,70,5,2,0.09949340057,-0.003052112892,0.003052112892,0.09954020369,-1.757085017
02_5,B02,5,70,6,4,0.0983183266,-0.002917220198,0.002917220198,0.09836159575,-1.699534428
02_5,B02,5,70,7,10,0.09628628649,-0.004517160919,0.004517160919,0.09639218697,-2.685996524
02_5,B02,5,70,8,20,0.0939318206,-0.005422753074,0.005422753074,0.09408822016,-3.304060107
02_5,B02,5,70,9,40,0.09097664426,-0.006304630556,0.006304630556,0.0911948363,-3.964227624
02_5,B02,5,70,10,100,0.08693962303,-0.006335777077,0.006335777077,0.08717017909,-4.16809594
02_5,B02,5,70,11,200,0.08393055791,-0.005720873425,0.005720873425,0.08412530501,-3.899362639
02_5,B02,5,70,12,400,0.08146658832,-0.004820919803,0.004820919803,0.0816091066,-3.386622811
02_5,B02,5,70,13,1000,0.07898892773,-0.003427939694,0.003427939694,0.07906327513,-2.484947196
02_5,B02,5,80,0,0.05,0.1062419836,-0.006400630532,0.006400630532,0.1064346145,-3.447661455
02_5,B02,5,80,1,0.1,0.1041981988,-0.004812384581,0.004812384581,0.1043092694,-2.644321416
02_5,B02,5,80,2,0.2,0.1027940066,-0.003641853369,0.003641853369,0.1028584994,-2.029063721
02_5,B02,5,80,3,0.4,0.1019651046,-0.002701656468,0.002701656468,0.1020008897,-1.517747722
02_5,B02,5,80,4,1,0.1005760243,-0.002459153935,0.002459153935,0.1006060838,-1.400642693
02_5,B02,5,80,5,2,0.09964411981,-0.002882715218,0.002882715218,0.09968580972,-1.657110926
02_5,B02,5,80,6,4,0.09899657492,-0.003292305368,0.003292305368,0.0990513055,-1.904769983
02_5,B02,5,80,7,10,0.0968076501,-0.004661627687,0.004661627687,0.09691982197,-2.756863101
02_5,B02,5,80,8,20,0.09413218231,-0.005759032041,0.005759032041,0.09430818733,-3.501007317
02_5,B02,5,80,9,40,0.09110850771,-0.006365413389,0.006365413389,0.09133060093,-3.996549187
02_5,B02,5,80,10,100,0.08681411393,-0.006432096454,0.006432096454,0.08705206627,-4.237327743
02_5,B02,5,80,11,200,0.08378705394,-0.005976869069,0.005976869069,0.08399996054,-4.080227994
02_5,B02,5,80,12,400,0.08128121334,-0.00509256981,0.00509256981,0.08144059129,-3.585107126
02_5,B02,5,80,13,1000,0.07866708667,-0.003669197126,0.003669197126,0.07875260969,-2.670459359
02_5,B02,5,90,0,0.05,0.1070192747,-0.0060327242,0.0060327242,0.1071891735,-3.226374107
02_5,B02,5,90,1,0.1,0.1049245089,-0.004399726495,0.004399726495,0.1050167137,-2.401137433
02_5,B02,5,90,2,0.2,0.1037485672,-0.003195276559,0.003195276559,0.10379776,-1.76405337
02_5,B02,5,90,3,0.4,0.1029573414,-0.002630502225,0.002630502225,0.1029909398,-1.463556573
02_5,B02,5,90,4,1,0.1016555405,-0.002517478639,0.002517478639,0.1016867082,-1.418628278
02_5,B02,5,90,5,2,0.1008137922,-0.002781325437,0.002781325437,0.1008521516,-1.580317462
02_5,B02,5,90,6,4,0.09993512027,-0.0033069128,0.0033069128,0.09998981916,-1.895259995
02_5,B02,5,90,7,10,0.09766741797,-0.004775627485,0.004775627485,0.09778410479,-2.799352627
02_5,B02,5,90,8,20,0.09493246221,-0.006203625343,0.006203625343,0.09513494284,-3.73883583
02_5,B02,5,90,9,40,0.09161517941,-0.006910535912,0.006910535912,0.09187544071,-4.313653739
02_5,B02,5,90,10,100,0.08722725659,-0.006730858983,0.006730858983,0.08748656329,-4.412463662
02_5,B02,5,90,11,200,0.08393406223,-0.006126058589,0.006126058589,0.08415732527,-4.17442
02_5,B02,5,90,12,400,0.08134827509,-0.005167635336,0.005167635336,0.08151224641,-3.634820573
02_5,B02,5,90,13,1000,0.07857695707,-0.00380295898,0.00380295898,0.07866893084,-2.770832799
02_5,B02,5,100,0,0.05,0.10988779,-0.005548773671,0.005548773671,0.1100277932,-2.89068986
02_5,B02,5,100,1,0.1,0.1085774457,-0.003647475206,0.003647475206,0.1086386938,-1.924031028
02_5,B02,5,100,2,0.2,0.1078309053,-0.002885304633,0.002885304633,0.1078695004,-1.532736285
02_5,B02,5,100,3,0.4,0.10700429,-0.002458292291,0.002458292291,0.1070325244,-1.316068739
02_5,B02,5,100,4,1,0.1059484218,-0.002573683608,0.002573683608,0.105979677,-1.391547046
02_5,B02,5,100,5,2,0.1051881382,-0.003086280172,0.003086280172,0.1052334051,-1.680608809
02_5,B02,5,100,6,4,0.1038783097,-0.003913766894,0.003913766894,0.103952012,-2.157681529
02_5,B02,5,100,7,10,0.1010439121,-0.005987124341,0.005987124341,0.1012211333,-3.390964766
02_5,B02,5,100,8,20,0.09778482431,-0.00751360095,0.00751360095,0.09807306493,-4.393865635
02_5,B02,5,100,9,40,0.09378361007,-0.007943120813,0.007943120813,0.09411938528,-4.841184165
02_5,B02,5,100,10,100,0.0885125252,-0.007625661606,0.007625661606,0.08884040653,-4.92407167
02_5,B02,5,100,11,200,0.08506832108,-0.006837043753,0.006837043753,0.08534262955,-4.595054051
02_5,B02,5,100,12,400,0.08224413826,-0.005686981949,0.005686981949,0.08244052427,-3.955567328
02_5,B02,5,100,13,1000,0.07915701792,-0.003954534841,0.003954534841,0.0792557369,-2.860010966
02_6,B02,6,10,0,0.05,0.1198546745,-0.006636144748,0.006636144748,0.1200382498,-3.169131769
02_6,B02,6,10,1,0.1,0.1177752238,-0.005454095868,0.005454095868,0.1179014441,-2.651436882
02_6,B02,6,10,2,0.2,0.1161693309,-0.004296645286,0.004296645286,0.1162487618,-2.118179348
02_6,B02,6,10,3,0.4,0.114960994,-0.004379344699,0.004379344699,0.1150443775,-2.181580818
02_6,B02,6,10,4,1,0.112423765,-0.004932285382,0.004932285382,0.1125319083,-2.512084803
02_6,B02,6,10,5,2,0.110225888,-0.006078061416,0.006078061416,0.1103933386,-3.156199986
02_6,B02,6,10,6,4,0.1070229032,-0.006756810113,0.006756810113,0.1072359841,-3.612531062
02_6,B02,6,10,7,10,0.1025037454,-0.00765341915,0.00765341915,0.1027890687,-4.270053344
02_6,B02,6,10,8,20,0.09874898839,-0.007432780998,0.007432780998,0.09902832394,-4.304504409
02_6,B02,6,10,9,40,0.09541905109,-0.00710213744,0.00710213744,0.0956829957,-4.256734238
02_6,B02,6,10,10,100,0.09124867069,-0.006765925695,0.006765925695,0.0914991675,-4.240619333
02_6,B02,6,10,11,200,0.08821888191,-0.006021960635,0.006021960635,0.08842417732,-3.905042826
02_6,B02,6,10,12,400,0.08577210933,-0.005352439949,0.005352439949,0.08593895131,-3.57080028
02_6,B02,6,10,13,1000,0.08286674252,-0.003710758591,0.003710758591,0.08294978448,-2.563982352
02_6,B02,6,20,0,0.05,0.1096410099,-0.004431485294,0.004431485294,0.1097305296,-2.314528822
02_6,B02,6,20,1,0.1,0.1081052468,-0.003596785991,0.003596785991,0.1081650648,-1.905593596
02_6,B02,6,20,2,0.2,0.1068548697,-0.002620663963,0.002620663963,0.1068870014,-1.404923241
02_6,B02,6,20,3,0.4,0.1065202354,-0.002029306104,0.002029306104,0.1065395637,-1.091404008
02_6,B02,6,20,4,1,0.1053041125,-0.002446838572,0.002446838572,0.1053325359,-1.331080977
02_6,B02,6,20,5,2,0.1044800831,-0.003191555549,0.003191555549,0.1045288179,-1.749671439
02_6,B02,6,20,6,4,0.1036295702,-0.003858481564,0.003858481564,0.1037013775,-2.132331852
02_6,B02,6,20,7,10,0.1004684704,-0.005618873542,0.005618873542,0.1006254704,-3.201031273
02_6,B02,6,20,8,20,0.09732146842,-0.006310948247,0.006310948247,0.09752587494,-3.710231088
02_6,B02,6,20,9,40,0.09401300232,-0.006650739105,0.006650739105,0.09424795455,-4.046520149
02_6,B02,6,20,10,100,0.09005609839,-0.006402812026,0.006402812026,0.09028342516,-4.066774377
02_6,B02,6,20,11,200,0.08711439236,-0.005827126961,0.005827126961,0.08730906462,-3.826843716
02_6,B02,6,20,12,400,0.08463686935,-0.004999367384,0.004999367384,0.08478439318,-3.380444111
02_6,B02,6,20,13,1000,0.08202237359,-0.003661756883,0.003661756883,0.08210406953,-2.556180597
02_6,B02,6,30,0,0.05,0.1066232921,-0.003921354251,0.003921354251,0.1066953768,-2.106254902
02_6,B02,6,30,1,0.1,0.1054670963,-0.003235461613,0.003235461613,0.1055167125,-1.757137353
02_6,B02,6,30,2,0.2,0.1045113421,-0.002209977279,0.002209977279,0.1045347053,-1.211385297
02_6,B02,6,30,3,0.4,0.1042348103,-0.001618775391,0.001618775391,0.1042473794,-0.8897367606
02_6,B02,6,30,4,1,0.1032372295,-0.001772232066,0.001772232066,0.1032524399,-0.9834770411
02_6,B02,6,30,5,2,0.1026822823,-0.002458348173,0.002458348173,0.1027117061,-1.371473922
02_6,B02,6,30,6,4,0.1020533974,-0.003263723782,0.003263723782,0.1021055719,-1.831726245
02_6,B02,6,30,7,10,0.09955895924,-0.004895836561,0.004895836561,0.09967926355,-2.81526636
02_6,B02,6,30,8,20,0.09683249199,-0.005993390073,0.005993390073,0.09701779336,-3.541770402
02_6,B02,6,30,9,40,0.09375972897,-0.006548241441,0.006548241441,0.09398811756,-3.995087901
02_6,B02,6,30,10,100,0.08945227393,-0.006377163502,0.006377163502,0.08967930377,-4.077788117
02_6,B02,6,30,11,200,0.08663592812,-0.005860902263,0.005860902263,0.08683394622,-3.87015068
02_6,B02,6,30,12,400,0.08401479321,-0.00500941803,0.00500941803,0.08416400506,-3.412245492
02_6,B02,6,30,13,1000,0.08136792191,-0.00359798067,0.00359798067,0.08144743201,-2.531893396
02_6,B02,6,40,0,0.05,0.1044290144,-0.003778328831,0.003778328831,0.1044973436,-2.072105236
02_6,B02,6,40,1,0.1,0.1032993906,-0.003013131757,0.003013131757,0.1033433261,-1.670782322
02_6,B02,6,40,2,0.2,0.1026605051,-0.002087349451,0.002087349451,0.1026817234,-1.16480858
02_6,B02,6,40,3,0.4,0.1022505992,-0.001533936118,0.001533936118,0.1022621044,-0.8594714754
02_6,B02,6,40,4,1,0.1014984922,-0.001566327889,0.001566327889,0.1015105773,-0.8841200727
02_6,B02,6,40,5,2,0.1010081087,-0.002126642802,0.002126642802,0.1010304936,-1.206137401
02_6,B02,6,40,6,4,0.1003172684,-0.002878092515,0.002878092515,0.100358546,-1.643359461
02_6,B02,6,40,7,10,0.09829819969,-0.004202645221,0.004202645221,0.09838799871,-2.448135155
02_6,B02,6,40,8,20,0.09599107483,-0.005382910841,0.005382910841,0.09614188564,-3.209625402
02_6,B02,6,40,9,40,0.09310799923,-0.005984186229,0.005984186229,0.09330010721,-3.67742487
02_6,B02,6,40,10,100,0.0891361067,-0.006188108871,0.006188108871,0.0893506475,-3.971281434
02_6,B02,6,40,11,200,0.08616836101,-0.005637493986,0.005637493986,0.08635257829,-3.743194532
02_6,B02,6,40,12,400,0.08374605044,-0.004916507157,0.004916507157,0.08389024382,-3.359825934
02_6,B02,6,40,13,1000,0.08106141382,-0.003537317124,0.003537317124,0.08113855695,-2.498659148
02_6,B02,6,50,0,0.05,0.1047892452,-0.004252421772,0.004252421772,0.1048754928,-2.323828243
02_6,B02,6,50,1,0.1,0.1034048256,-0.003393687445,0.003393687445,0.1034605001,-1.879740125
02_6,B02,6,50,2,0.2,0.1024416905,-0.002271675303,0.002271675303,0.1024668749,-1.270342946
02_6,B02,6,50,3,0.4,0.1021276906,-0.001818504004,0.001818504004,0.1021438796,-1.02011114
02_6,B02,6,50,4,1,0.1010923442,-0.001869753761,0.001869753761,0.1011096338,-1.059593452
02_6,B02,6,50,5,2,0.1006293296,-0.00232005437,0.00232005437,0.100656071,-1.320745936
02_6,B02,6,50,6,4,0.09956957814,-0.002508517767,0.002508517767,0.09960117245,-1.44318261
02_6,B02,6,50,7,10,0.09799955916,-0.004306420641,0.004306420641,0.09809413262,-2.516144913
02_6,B02,6,50,8,20,0.09560057948,-0.005299905593,0.005299905593,0.09574737488,-3.173115763
02_6,B02,6,50,9,40,0.09279189575,-0.006126226841,0.006126226841,0.09299390611,-3.777251024
02_6,B02,6,50,10,100,0.08866216286,-0.006107155649,0.006107155649,0.08887224805,-3.940377711
02_6,B02,6,50,11,200,0.08585494744,-0.005678157989,0.005678157989,0.08604250972,-3.783840014
02_6,B02,6,50,12,400,0.08315717873,-0.004764801622,0.004764801622,0.08329357544,-3.279390245
02_6,B02,6,50,13,1000,0.08069165283,-0.003579014354,0.003579014354,0.080770986,-2.539644385
02_6,B02,6,60,0,0.05,0.1073153454,-0.005816698787,0.005816698787,0.1074728679,-3.102505949
02_6,B02,6,60,1,0.1,0.1045165254,-0.005468848857,0.005468848857,0.1046595069,-2.995281912
02_6,B02,6,60,2,0.2,0.1026429944,-0.00353064774,0.00353064774,0.1027036989,-1.970046667
02_6,B02,6,60,3,0.4,0.102312209,-0.002657611765,0.002657611765,0.1023467196,-1.487952476
02_6,B02,6,60,4,1,0.1008233342,-0.002386292862,0.002386292862,0.1008515697,-1.355826897
02_6,B02,6,60,5,2,0.1000261035,-0.002568219997,0.002568219997,0.1000590683,-1.470774522
02_6,B02,6,60,6,4,0.09907302297,-0.002818284894,0.002818284894,0.09911310009,-1.629427371
02_6,B02,6,60,7,10,0.09735890448,-0.004167826673,0.004167826673,0.09744807366,-2.451272076
02_6,B02,6,60,8,20,0.0949436457,-0.00532574053,0.00532574053,0.09509289864,-3.210567825
02_6,B02,6,60,9,40,0.0923432985,-0.005771138656,0.005771138656,0.09252346091,-3.576138143
02_6,B02,6,60,10,100,0.0884052538,-0.006092239576,0.006092239576,0.08861492133,-3.942171012
02_6,B02,6,60,11,200,0.08559017364,-0.005548044334,0.005548044334,0.08576980016,-3.708783518
02_6,B02,6,60,12,400,0.08307908826,-0.004668034544,0.004668034544,0.0832101283,-3.215944629
02_6,B02,6,60,13,1000,0.08047799426,-0.003490846588,0.003490846588,0.08055366888,-2.483728362
02_6,B02,6,70,0,0.05,0.1071234982,-0.006678266693,0.006678266693,0.1073314637,-3.567302697
02_6,B02,6,70,1,0.1,0.1050707251,-0.005317896702,0.005317896702,0.1052052152,-2.897412819
02_6,B02,6,70,2,0.2,0.1033975701,-0.003756518195,0.003756518195,0.1034657863,-2.080687349
02_6,B02,6,70,3,0.4,0.102477801,-0.002832782815,0.002832782815,0.1025169467,-1.583417832
02_6,B02,6,70,4,1,0.1011757945,-0.002618024508,0.002618024508,0.1012096608,-1.482254629
02_6,B02,6,70,5,2,0.100362569,-0.002850580752,0.002850580752,0.1004030431,-1.626924755
02_6,B02,6,70,6,4,0.0995479139,-0.00341632039,0.00341632039,0.09960651789,-1.965525363
02_6,B02,6,70,7,10,0.097522358,-0.004246989149,0.004246989149,0.09761479,-2.493591267
02_6,B02,6,70,8,20,0.09526342124,-0.005273795518,0.005273795518,0.09540928857,-3.168667472
02_6,B02,6,70,9,40,0.09237172218,-0.00602894379,0.00602894379,0.0925682625,-3.734300572
02_6,B02,6,70,10,100,0.08826898188,-0.00608717809,0.00608717809,0.08847862396,-3.944967934
02_6,B02,6,70,11,200,0.08534572318,-0.005642448601,0.005642448601,0.08553203898,-3.78248246
02_6,B02,6,70,12,400,0.08282386233,-0.004910820228,0.004910820228,0.0829693216,-3.39322791
02_6,B02,6,70,13,1000,0.08026511573,-0.003340944947,0.003340944947,0.08033461717,-2.383496353
02_6,B02,6,80,0,0.05,0.1078978809,-0.006371226764,0.006371226764,0.1080858234,-3.379315831
02_6,B02,6,80,1,0.1,0.1057141216,-0.005214700997,0.005214700997,0.1058426597,-2.824016017
02_6,B02,6,80,2,0.2,0.1042650174,-0.0036043867,0.0036043867,0.1043272997,-1.979896462
02_6,B02,6,80,3,0.4,0.1033867683,-0.00277855685,0.00277855685,0.1034240989,-1.539474255
02_6,B02,6,80,4,1,0.1019948326,-0.002493627666,0.002493627666,0.1020253109,-1.400520797
02_6,B02,6,80,5,2,0.101109669,-0.002879611845,0.002879611845,0.1011506665,-1.631347627
02_6,B02,6,80,6,4,0.1000075209,-0.003475614771,0.003475614771,0.1000678976,-1.990429724
02_6,B02,6,80,7,10,0.0979139306,-0.004517360225,0.004517360225,0.09801808175,-2.641526781
02_6,B02,6,80,8,20,0.09554886396,-0.005667135283,0.005667135283,0.09571677923,-3.394315441
02_6,B02,6,80,9,40,0.09258867969,-0.006189634472,0.006189634472,0.0927953403,-3.824582501
02_6,B02,6,80,10,100,0.08861486473,-0.006360310314,0.006360310314,0.08884282638,-4.105350536
02_6,B02,6,80,11,200,0.08551547786,-0.005617342046,0.005617342046,0.08569977529,-3.75824676
02_6,B02,6,80,12,400,0.08303354445,-0.004922326015,0.004922326015,0.08317931713,-3.392590659
02_6,B02,6,80,13,1000,0.0802607015,-0.003485452735,0.003485452735,0.08033634661,-2.486600941
02_6,B02,6,90,0,0.05,0.1083319355,-0.005694363624,0.005694363624,0.1084814916,-3.008928184
02_6,B02,6,90,1,0.1,0.1063320943,-0.004675236087,0.004675236087,0.1064348257,-2.517573653
02_6,B02,6,90,2,0.2,0.1050339172,-0.003272591406,0.003272591406,0.1050848877,-1.78461434
02_6,B02,6,90,3,0.4,0.1044111234,-0.002590828051,0.002590828051,0.1044432625,-1.421429562
02_6,B02,6,90,4,1,0.102993387,-0.002571986172,0.002571986172,0.1030254963,-1.430512535
02_6,B02,6,90,5,2,0.1022673369,-0.002746460082,0.002746460082,0.1023042093,-1.538348034
02_6,B02,6,90,6,4,0.1009986159,-0.003202885756,0.003202885756,0.1010493884,-1.816365052
02_6,B02,6,90,7,10,0.09859390352,-0.00469149834,0.00469149834,0.09870546068,-2.724310952
02_6,B02,6,90,8,20,0.09657915159,-0.005902871713,0.005902871713,0.09675937379,-3.497539933
02_6,B02,6,90,9,40,0.09318079762,-0.006410862394,0.006410862394,0.09340107174,-3.935761967
02_6,B02,6,90,10,100,0.08897577072,-0.006557834531,0.006557834531,0.08921711141,-4.215283403
02_6,B02,6,90,11,200,0.08589069442,-0.006116011239,0.006116011239,0.08610817024,-4.072980979
02_6,B02,6,90,12,400,0.08314440021,-0.005138646756,0.005138646756,0.08330304302,-3.536603268
02_6,B02,6,90,13,1000,0.08047564842,-0.003665025763,0.003665025763,0.08055906158,-2.607565315
02_6,B02,6,100,0,0.05,0.1092891849,-0.005362829997,0.005362829997,0.1094206831,-2.809255651
02_6,B02,6,100,1,0.1,0.1081411173,-0.003783936028,0.003783936028,0.1082072984,-2.004003227
02_6,B02,6,100,2,0.2,0.1072405713,-0.002877755273,0.002877755273,0.1072791761,-1.537139064
02_6,B02,6,100,3,0.4,0.1065971514,-0.002294918335,0.002294918335,0.1066218521,-1.233324006
02_6,B02,6,100,4,1,0.1054413404,-0.002327826826,0.002327826826,0.1054670329,-1.264712587
02_6,B02,6,100,5,2,0.1047934157,-0.002715787378,0.002715787378,0.1048286005,-1.484523931
02_6,B02,6,100,6,4,0.1039112872,-0.003674370617,0.003674370617,0.103976231,-2.025172189
02_6,B02,6,100,7,10,0.1013011272,-0.005411547267,0.005411547267,0.1014455678,-3.057857193
02_6,B02,6,100,8,20,0.09807667307,-0.00687157569,0.00687157569,0.09831710102,-4.00778225
02_6,B02,6,100,9,40,0.09454979389,-0.00741776317,0.00741776317,0.0948403223,-4.485866617
02_6,B02,6,100,10,100,0.0896339559,-0.007123973173,0.007123973173,0.08991661161,-4.544230811
02_6,B02,6,100,11,200,0.08633541598,-0.006603921862,0.006603921862,0.08658761942,-4.374120084
02_6,B02,6,100,12,400,0.08355034607,-0.005545055395,0.005545055395,0.08373415055,-3.797028336
02_6,B02,6,100,13,1000,0.08055996307,-0.003889468286,0.003889468286,0.08065380099,-2.764117512
02_7,B02,7,10,0,0.05,0.1151911613,-0.006116982646,0.006116982646,0.1153534617,-3.039715916
02_7,B02,7,10,1,0.1,0.1130225793,-0.005104604249,0.005104604249,0.1131377939,-2.585975829
02_7,B02,7,10,2,0.2,0.1114103086,-0.004136530756,0.004136530756,0.1114870744,-2.126346648
02_7,B02,7,10,3,0.4,0.1103468104,-0.003848465761,0.003848465761,0.1104138997,-1.997443412
02_7,B02,7,10,4,1,0.1080539447,-0.004645842194,0.004645842194,0.108153774,-2.461949039
02_7,B02,7,10,5,2,0.1060489409,-0.005741240163,0.005741240163,0.1062042358,-3.098833626
02_7,B02,7,10,6,4,0.1032643378,-0.006628955343,0.006628955343,0.1034768887,-3.673007933
02_7,B02,7,10,7,10,0.09875983608,-0.007166513231,0.007166513231,0.09901951391,-4.150396866
02_7,B02,7,10,8,20,0.0953318304,-0.006936171903,0.006936171903,0.09558382901,-4.161404682
02_7,B02,7,10,9,40,0.09218141513,-0.006619058507,0.006619058507,0.09241874935,-4.107057174
02_7,B02,7,10,10,100,0.08824669782,-0.006251504081,0.006251504081,0.0884678528,-4.052133678
02_7,B02,7,10,11,200,0.0854194132,-0.005768191527,0.005768191527,0.08561394854,-3.863197329
02_7,B02,7,10,12,400,0.0831368404,-0.004889875579,0.004889875579,0.08328052062,-3.36609886
02_7,B02,7,10,13,1000,0.08034765291,-0.003703626049,0.003703626049,0.08043296696,-2.639181519
02_7,B02,7,20,0,0.05,0.1062620266,-0.004192964693,0.004192964693,0.106344719,-2.259646471
02_7,B02,7,20,1,0.1,0.1046563706,-0.003548900577,0.003548900577,0.104716525,-1.942157358
02_7,B02,7,20,2,0.2,0.1037111371,-0.002465529506,0.002465529506,0.1037404396,-1.361838619
02_7,B02,7,20,3,0.4,0.1033771254,-0.001984548314,0.001984548314,0.1033961725,-1.099781767
02_7,B02,7,20,4,1,0.1022007774,-0.002366273008,0.002366273008,0.1022281671,-1.326342533
02_7,B02,7,20,5,2,0.10147394,-0.00291471178,0.00291471178,0.1015157921,-1.645297088
02_7,B02,7,20,6,4,0.1000189948,-0.003855492686,0.003855492686,0.1000932772,-2.207522101
02_7,B02,7,20,7,10,0.09728877202,-0.005425796465,0.005425796465,0.09743995294,-3.192079899
02_7,B02,7,20,8,20,0.09430972259,-0.006148135282,0.006148135282,0.09450991134,-3.729885335
02_7,B02,7,20,9,40,0.09129351005,-0.006341084978,0.006341084978,0.09151346532,-3.973281603
02_7,B02,7,20,10,100,0.08736342146,-0.006128708068,0.006128708068,0.08757812781,-4.012832375
02_7,B02,7,20,11,200,0.0846768858,-0.005449722526,0.005449722526,0.08485207401,-3.682422292
02_7,B02,7,20,12,400,0.08206169291,-0.004744821755,0.004744821755,0.08219875167,-3.30916779
02_7,B02,7,20,13,1000,0.07963653554,-0.003496953494,0.003496953494,0.07971327666,-2.514323915
02_7,B02,7,30,0,0.05,0.1034489094,-0.003831288732,0.003831288732,0.103519832,-2.121012129
02_7,B02,7,30,1,0.1,0.1021450211,-0.003123851738,0.003123851738,0.1021927776,-1.75170311
02_7,B02,7,30,2,0.2,0.1013350417,-0.002067235994,0.002067235994,0.1013561253,-1.168672448
02_7,B02,7,30,3,0.4,0.101024002,-0.001710388766,0.001710388766,0.1010384798,-0.9699546036
02_7,B02,7,30,4,1,0.1003295301,-0.001693260061,0.001693260061,0.1003438177,-0.9668882667
02_7,B02,7,30,5,2,0.09985098132,-0.002299365543,0.002299365543,0.09987745267,-1.319172425
02_7,B02,7,30,6,4,0.09911157142,-0.002833163071,0.002833163071,0.09915205697,-1.637387958
02_7,B02,7,30,7,10,0.09683438602,-0.004561321727,0.004561321727,0.09694175557,-2.696887536
02_7,B02,7,30,8,20,0.09443207976,-0.005541307943,0.005541307943,0.094594523,-3.35828558
02_7,B02,7,30,9,40,0.09151010821,-0.005901174894,0.005901174894,0.09170018413,-3.689700577
02_7,B02,7,30,10,100,0.0874945171,-0.006031164345,0.006031164345,0.0877021406,-3.943269895
02_7,B02,7,30,11,200,0.08470191969,-0.005607136001,0.005607136001,0.08488730868,-3.787366008
02_7,B02,7,30,12,400,0.0821576997,-0.004754716877,0.004754716877,0.08229516968,-3.312187133
02_7,B02,7,30,13,1000,0.07969730229,-0.00351536125,0.00351536125,0.079774794,-2.525617371
02_7,B02,7,40,0,0.05,0.1019100977,-0.003691975151,0.003691975151,0.1019769518,-2.074790711
02_7,B02,7,40,1,0.1,0.1007391939,-0.002866761222,0.002866761222,0.1007799757,-1.630040859
02_7,B02,7,40,2,0.2,0.09995831419,-0.002026201119,0.002026201119,0.0999788481,-1.161252837
02_7,B02,7,40,3,0.4,0.0996611416,-0.001369271194,0.001369271194,0.09967054755,-0.7871525775
02_7,B02,7,40,4,1,0.09888697957,-0.001593429778,0.001593429778,0.09889981672,-0.9231640116
02_7,B02,7,40,5,2,0.09841993035,-0.002032408891,0.002032408891,0.09844091312,-1.183011437
02_7,B02,7,40,6,4,0.0977435115,-0.002445537615,0.002445537615,0.09777410032,-1.433238429
02_7,B02,7,40,7,10,0.0959037156,-0.003893904142,0.003893904142,0.09598273363,-2.325058983
02_7,B02,7,40,8,20,0.09369071404,-0.00507860245,0.00507860245,0.09382825854,-3.102740684
02_7,B02,7,40,9,40,0.09101972566,-0.005875761813,0.005875761813,0.09120918285,-3.6935935
02_7,B02,7,40,10,100,0.08695319878,-0.005921131283,0.005921131283,0.08715456715,-3.895577316
02_7,B02,7,40,11,200,0.08424218707,-0.005420251672,0.005420251672,0.08441637998,-3.681410322
02_7,B02,7,40,12,400,0.08186788054,-0.004664611046,0.004664611046,0.08200066134,-3.26103316
02_7,B02,7,40,13,1000,0.07922789706,-0.003505251043,0.003505251043,0.07930539992,-2.533264323
02_7,B02,7,50,0,0.05,0.102529485,-0.004181231533,0.004181231533,0.1026147065,-2.33527211
02_7,B02,7,50,1,0.1,0.1008816695,-0.003358607636,0.003358607636,0.1009375623,-1.90681809
02_7,B02,7,50,2,0.2,0.1000707554,-0.002269842574,0.002269842574,0.1000964948,-1.299381648
02_7,B02,7,50,3,0.4,0.09944039478,-0.001807205949,0.001807205949,0.09945681529,-1.041165175
02_7,B02,7,50,4,1,0.09873355994,-0.001664331633,0.001664331633,0.0987475866,-0.9657318921
02_7,B02,7,50,5,2,0.09809922036,-0.002088579243,0.002088579243,0.09812145126,-1.219670241
02_7,B02,7,50,6,4,0.09736212432,-0.002817180475,0.002817180475,0.09740287346,-1.657395297
02_7,B02,7,50,7,10,0.0954998001,-0.004016442753,0.004016442753,0.09558422272,-2.408273947
02_7,B02,7,50,8,20,0.09328623148,-0.00497653909,0.00497653909,0.09341887885,-3.053662416
02_7,B02,7,50,9,40,0.09067270008,-0.005641386521,0.005641386521,0.09084802575,-3.560184454
02_7,B02,7,50,10,100,0.08675897464,-0.00585880951,0.00585880951,0.08695657151,-3.863302675
02_7,B02,7,50,11,200,0.08396033845,-0.005266440198,0.005266440198,0.08412534592,-3.589194595
02_7,B02,7,50,12,400,0.08160246802,-0.004729031655,0.004729031655,0.08173938174,-3.316699165
02_7,B02,7,50,13,1000,0.07907594645,-0.003408068132,0.003408068132,0.07914935397,-2.467844655
02_7,B02,7,60,0,0.05,0.1049387118,-0.005669217767,0.005669217767,0.1050917374,-3.092345894
02_7,B02,7,60,1,0.1,0.1023578168,-0.005448020227,0.005448020227,0.1025027003,-3.046707237
02_7,B02,7,60,2,0.2,0.1005066972,-0.003232326786,0.003232326786,0.1005586601,-1.84201529
02_7,B02,7,60,3,0.4,0.09997869908,-0.00260307387,0.00260307387,0.1000125805,-1.491432278
02_7,B02,7,60,4,1,0.09862430616,-0.002411099558,0.002411099558,0.09865377422,-1.400449057
02_7,B02,7,60,5,2,0.09789428322,-0.002639111837,0.002639111837,0.0979298504,-1.544251094
02_7,B02,7,60,6,4,0.09680011243,-0.002872451256,0.002872451256,0.09684272168,-1.699698983
02_7,B02,7,60,7,10,0.09507353785,-0.003991100069,0.003991100069,0.09515727234,-2.403812992
02_7,B02,7,60,8,20,0.09278915217,-0.004948863062,0.004948863062,0.09292103102,-3.052949186
02_7,B02,7,60,9,40,0.09032362245,-0.005618697251,0.005618697251,0.09049821287,-3.559571078
02_7,B02,7,60,10,100,0.08634592043,-0.00567601398,0.00567601398,0.08653227785,-3.760970072
02_7,B02,7,60,11,200,0.08365149718,-0.005465097072,0.005465097072,0.08382982922,-3.73792036
02_7,B02,7,60,12,400,0.08133826472,-0.004524950404,0.004524950404,0.08146403184,-3.184154477
02_7,B02,7,60,13,1000,0.07872145731,-0.003499276008,0.003499276008,0.07879919273,-2.545199954
02_7,B02,7,70,0,0.05,0.1048178932,-0.006463451808,0.006463451808,0.1050169841,-3.528597902
02_7,B02,7,70,1,0.1,0.1026597131,-0.005232836189,0.005232836189,0.1027929923,-2.917991478
02_7,B02,7,70,2,0.2,0.1010270214,-0.00342471474,0.00342471474,0.1010850519,-1.941526015
02_7,B02,7,70,3,0.4,0.1003444745,-0.00277156185,0.00277156185,0.1003827431,-1.582134282
02_7,B02,7,70,4,1,0.09899155411,-0.002522661332,0.002522661332,0.09902369214,-1.459786874
02_7,B02,7,70,5,2,0.0980795065,-0.002709086576,0.002709086576,0.09811691366,-1.58218344
02_7,B02,7,70,6,4,0.09682882283,-0.00309673531,0.00309673531,0.09687832936,-1.831783167
02_7,B02,7,70,7,10,0.09518386828,-0.004364764865,0.004364764865,0.09528389137,-2.625524058
02_7,B02,7,70,8,20,0.09288242866,-0.005229935466,0.005229935466,0.09302955326,-3.222753246
02_7,B02,7,70,9,40,0.09019251652,-0.005722081779,0.005722081779,0.09037384719,-3.630149592
02_7,B02,7,70,10,100,0.08639882897,-0.005850678671,0.005850678671,0.08659669791,-3.873990074
02_7,B02,7,70,11,200,0.0834342161,-0.005459155763,0.005459155763,0.08361262344,-3.74356443
02_7,B02,7,70,12,400,0.08110721718,-0.004595937051,0.004595937051,0.08123732711,-3.243194694
02_7,B02,7,70,13,1000,0.07860520882,-0.003434431352,0.003434431352,0.07868020191,-2.501785196
02_7,B02,7,80,0,0.05,0.1055600749,-0.006210096062,0.006210096062,0.105742587,-3.366828421
02_7,B02,7,80,1,0.1,0.1034375507,-0.004987592215,0.004987592215,0.1035577277,-2.760572141
02_7,B02,7,80,2,0.2,0.1020103346,-0.003479957701,0.003479957701,0.1020696746,-1.953817702
02_7,B02,7,80,3,0.4,0.1011741113,-0.002755870105,0.002755870105,0.1012116377,-1.560287407
02_7,B02,7,80,4,1,0.09984284073,-0.0024597004,0.0024597004,0.09987313438,-1.411237401
02_7,B02,7,80,5,2,0.09898418861,-0.002723232393,0.002723232393,0.09902164203,-1.575912038
02_7,B02,7,80,6,4,0.09766525117,-0.003121866939,0.003121866939,0.09771513362,-1.830834553
02_7,B02,7,80,7,10,0.09593723213,-0.004281509524,0.004281509524,0.09603272271,-2.555314067
02_7,B02,7,80,8,20,0.09330153927,-0.005588319383,0.005588319383,0.09346874635,-3.427650343
02_7,B02,7,80,9,40,0.09060745872,-0.006219779011,0.006219779011,0.09082068721,-3.92692736
02_7,B02,7,80,10,100,0.08660344037,-0.006073313976,0.006073313976,0.08681613345,-4.011463015
02_7,B02,7,80,11,200,0.08365530734,-0.005635411083,0.005635411083,0.08384490625,-3.853887927
02_7,B02,7,80,12,400,0.08127766029,-0.004709420949,0.004709420949,0.0814139835,-3.316145934
02_7,B02,7,80,13,1000,0.07855562758,-0.003550211908,0.003550211908,0.07863581009,-2.587641996
02_7,B02,7,90,0,0.05,0.1059452858,-0.005708390608,0.005708390608,0.10609896,-3.084146059
02_7,B02,7,90,1,0.1,0.1041439895,-0.004614428616,0.004614428616,0.1042461678,-2.53701124
02_7,B02,7,90,2,0.2,0.1026796508,-0.003214516971,0.003214516971,0.1027299558,-1.793131546
02_7,B02,7,90,3,0.4,0.1020312728,-0.002586044896,0.002586044896,0.10206404,-1.451885666
02_7,B02,7,90,4,1,0.1006052114,-0.002561771953,0.002561771953,0.1006378221,-1.458642228
02_7,B02,7,90,5,2,0.09994987036,-0.002795511311,0.002795511311,0.09998895674,-1.60209566
02_7,B02,7,90,6,4,0.09882663793,-0.003529710741,0.003529710741,0.09888965175,-2.045517321
02_7,B02,7,90,7,10,0.09678829323,-0.004712832177,0.004712832177,0.09690296432,-2.787654207
02_7,B02,7,90,8,20,0.09425133064,-0.005840844104,0.005840844104,0.09443213853,-3.546138759
02_7,B02,7,90,9,40,0.09102094327,-0.006360002184,0.006360002184,0.09124287228,-3.996991814
02_7,B02,7,90,10,100,0.08680900616,-0.006381997209,0.006381997209,0.08704328486,-4.204688746
02_7,B02,7,90,11,200,0.08408469722,-0.005923194607,0.005923194607,0.08429306342,-4.029441463
02_7,B02,7,90,12,400,0.08137962741,-0.005042138824,0.005042138824,0.08153567882,-3.545413791
02_7,B02,7,90,13,1000,0.07880361183,-0.003655253499,0.003655253499,0.07888833954,-2.655723388
02_7,B02,7,100,0,0.05,0.108977045,-0.005559270676,0.005559270676,0.109118751,-2.920311108
02_7,B02,7,100,1,0.1,0.1077446092,-0.003855338395,0.003855338395,0.1078135633,-2.049294322
02_7,B02,7,100,2,0.2,0.1069989301,-0.002825682993,0.002825682993,0.1070362346,-1.512744927
02_7,B02,7,100,3,0.4,0.1062600068,-0.002350859954,0.002350859954,0.1062860084,-1.26738543
02_7,B02,7,100,4,1,0.10505558,-0.002462258995,0.002462258995,0.1050844309,-1.342634295
02_7,B02,7,100,5,2,0.1043252009,-0.003046803657,0.003046803657,0.1043696821,-1.672840149
02_7,B02,7,100,6,4,0.1027746784,-0.004351297656,0.004351297656,0.1028667503,-2.424353835
02_7,B02,7,100,7,10,0.1001241679,-0.006176257799,0.006176257799,0.1003144813,-3.529873815
02_7,B02,7,100,8,20,0.09661193129,-0.007388662378,0.007388662378,0.09689405348,-4.373338787
02_7,B02,7,100,9,40,0.09295783906,-0.007772360297,0.007772360297,0.09328220317,-4.77947894
02_7,B02,7,100,10,100,0.08782973569,-0.007294707832,0.007294707832,0.08813214643,-4.7478099
02_7,B02,7,100,11,200,0.08456002139,-0.00650292309,0.00650292309,0.08480970008,-4.397564333
02_7,B02,7,100,12,400,0.08159819954,-0.005571220328,0.005571220328,0.08178816946,-3.905880095
02_7,B02,7,100,13,1000,0.07875429215,-0.00408768276,0.00408768276,0.07886030486,-2.971228376
02_8,B02,8,10,0,0.05,0.11321347,-0.006062846196,0.006062846196,0.1133756936,-3.065394914
02_8,B02,8,10,1,0.1,0.1109783562,-0.005009393719,0.005009393719,0.1110913569,-2.584489761
02_8,B02,8,10,2,0.2,0.109555516,-0.004151988763,0.004151988763,0.1096341648,-2.17038489
02_8,B02,8,10,3,0.4,0.1084655177,-0.003772411601,0.003772411601,0.1085310998,-1.991934206
02_8,B02,8,10,4,1,0.1062416972,-0.004504823447,0.004504823447,0.1063371603,-2.427981298
02_8,B02,8,10,5,2,0.1043451662,-0.005660035097,0.005660035097,0.1044985632,-3.10487425
02_8,B02,8,10,6,4,0.1014391818,-0.006548033228,0.006548033228,0.1016503042,-3.693393998
02_8,B02,8,10,7,10,0.09693909676,-0.006840584384,0.006840584384,0.09718015268,-4.036431233
02_8,B02,8,10,8,20,0.09385975214,-0.006670929795,0.006670929795,0.09409651628,-4.065368583
02_8,B02,8,10,9,40,0.09103336177,-0.006401396945,0.006401396945,0.09125815491,-4.022374532
02_8,B02,8,10,10,100,0.08711985388,-0.005865590905,0.005865590905,0.08731708938,-3.85178755
02_8,B02,8,10,11,200,0.08462223731,-0.005560177095,0.005560177095,0.0848047087,-3.75926492
02_8,B02,8,10,12,400,0.08198201412,-0.00472363516,0.00472363516,0.08211798444,-3.297619108
02_8,B02,8,10,13,1000,0.07956202588,-0.003637511789,0.003637511789,0.07964513452,-2.617694068
02_8,B02,8,20,0,0.05,0.1043991929,-0.004125991973,0.004125991973,0.1044806933,-2.263225929
02_8,B02,8,20,1,0.1,0.1029323352,-0.003482729043,0.003482729043,0.1029912376,-1.937870929
02_8,B02,8,20,2,0.2,0.101848125,-0.002429991371,0.002429991371,0.1018771095,-1.366758987
02_8,B02,8,20,3,0.4,0.1013807179,-0.00203742218,0.00203742218,0.1014011886,-1.151303547
02_8,B02,8,20,4,1,0.1004030957,-0.00221602215,0.00221602215,0.1004275479,-1.264384375
02_8,B02,8,20,5,2,0.09967337949,-0.002852877349,0.002852877349,0.09971419903,-1.639487069
02_8,B02,8,20,6,4,0.09825206315,-0.003711803733,0.003711803733,0.09832215111,-2.163512837
02_8,B02,8,20,7,10,0.0955608594,-0.005098607689,0.005098607689,0.09569677972,-3.054095312
02_8,B02,8,20,8,20,0.09299929332,-0.005666705098,0.005666705098,0.0931717774,-3.486879791
02_8,B02,8,20,9,40,0.089949735,-0.005989389147,0.005989389147,0.09014891907,-3.809470923
02_8,B02,8,20,10,100,0.08623018199,-0.005656583809,0.005656583809,0.08641551496,-3.753148642
02_8,B02,8,20,11,200,0.08363107951,-0.005394164876,0.005394164876,0.08380485949,-3.690438569
02_8,B02,8,20,12,400,0.08127450906,-0.004623382127,0.004623382127,0.08140590571,-3.255819062
02_8,B02,8,20,13,1000,0.07864018802,-0.003659046944,0.003659046944,0.07872526784,-2.663992245
02_8,B02,8,30,0,0.05,0.1017475803,-0.003766092538,0.003766092538,0.1018172557,-2.119782552
02_8,B02,8,30,1,0.1,0.1005561969,-0.002882419473,0.002882419473,0.1005975004,-1.641920289
02_8,B02,8,30,2,0.2,0.09986944326,-0.002085529804,0.002085529804,0.09989121649,-1.196308771
02_8,B02,8,30,3,0.4,0.09948023965,-0.00155876556,0.00155876556,0.09949245112,-0.8976996843
02_8,B02,8,30,4,1,0.0987044649,-0.001795434451,0.001795434451,0.09872079303,-1.042095441
02_8,B02,8,30,5,2,0.09799839506,-0.002245086183,0.002245086183,0.09802410849,-1.312383389
02_8,B02,8,30,6,4,0.09726841719,-0.002948047825,0.002948047825,0.09731308221,-1.736010632
02_8,B02,8,30,7,10,0.09521162512,-0.004317169518,0.004317169518,0.09530945132,-2.596177538
02_8,B02,8,30,8,20,0.09254957097,-0.005567749552,0.005567749552,0.09271689664,-3.442744583
02_8,B02,8,30,9,40,0.08963614021,-0.005937166828,0.005937166828,0.08983255302,-3.789525401
02_8,B02,8,30,10,100,0.0859844387,-0.005691332041,0.005691332041,0.08617258821,-3.786898458
02_8,B02,8,30,11,200,0.08315827281,-0.005368499523,0.005368499523,0.08333138139,-3.693752935
02_8,B02,8,30,12,400,0.08090855034,-0.004638694887,0.004638694887,0.08104141539,-3.281322006
02_8,B02,8,30,13,1000,0.07813179699,-0.003530017129,0.003530017129,0.07821149993,-2.586880642
02_8,B02,8,40,0,0.05,0.100105629,-0.003759122272,0.003759122272,0.1001761846,-2.150535295
02_8,B02,8,40,1,0.1,0.09906428318,-0.002893198525,0.002893198525,0.09910652249,-1.672862843
02_8,B02,8,40,2,0.2,0.09829258252,-0.001811749469,0.001811749469,0.09830927838,-1.055968232
02_8,B02,8,40,3,0.4,0.09798397879,-0.001489816441,0.001489816441,0.09799530423,-0.8710976871
02_8,B02,8,40,4,1,0.09747321425,-0.001551678207,0.001551678207,0.09748556406,-0.9120157195
02_8,B02,8,40,5,2,0.09672358294,-0.001970804235,0.001970804235,0.09674365905,-1.16727626
02_8,B02,8,40,6,4,0.09595609359,-0.002726021299,0.002726021299,0.09599480761,-1.627280884
02_8,B02,8,40,7,10,0.09429464517,-0.004153952855,0.004153952855,0.09438609767,-2.522414544
02_8,B02,8,40,8,20,0.09188550405,-0.005089853363,0.005089853363,0.0920263683,-3.170569587
02_8,B02,8,40,9,40,0.08926949234,-0.005611526058,0.005611526058,0.08944569015,-3.596909396
02_8,B02,8,40,10,100,0.08549705537,-0.005739925603,0.005739925603,0.08568951641,-3.840842692
02_8,B02,8,40,11,200,0.08280603442,-0.00533665424,0.00533665424,0.08297782363,-3.687478615
02_8,B02,8,40,12,400,0.08028156174,-0.004625499328,0.004625499328,0.08041470263,-3.297505822
02_8,B02,8,40,13,1000,0.07786127496,-0.003469423963,0.003469423963,0.07793853374,-2.551357463
02_8,B02,8,50,0,0.05,0.100016536,-0.004122935632,0.004122935632,0.1001014789,-2.360541067
02_8,B02,8,50,1,0.1,0.09859316067,-0.003206751828,0.003206751828,0.09864529684,-1.862893898
02_8,B02,8,50,2,0.2,0.09769846018,-0.002323659367,0.002323659367,0.09772608922,-1.362465478
02_8,B02,8,50,3,0.4,0.09726552521,-0.001711105669,0.001711105669,0.09728057502,-1.007849606
02_8,B02,8,50,4,1,0.09648919608,-0.001742095972,0.001742095972,0.09650492142,-1.034353141
02_8,B02,8,50,5,2,0.09576773864,-0.002070900111,0.002070900111,0.0957901268,-1.238781959
02_8,B02,8,50,6,4,0.09514421839,-0.002698662596,0.002698662596,0.09518248302,-1.624697061
02_8,B02,8,50,7,10,0.09337500298,-0.003893614547,0.003893614547,0.09345614702,-2.387775187
02_8,B02,8,50,8,20,0.09127074853,-0.004914003885,0.004914003885,0.09140293744,-3.081820982
02_8,B02,8,50,9,40,0.08881959402,-0.005441717843,0.005441717843,0.08898613698,-3.505963196
02_8,B02,8,50,10,100,0.08521752392,-0.005541533203,0.005541533203,0.08539751152,-3.720596897
02_8,B02,8,50,11,200,0.08233730406,-0.005151228385,0.005151228385,0.08249828358,-3.579901968
02_8,B02,8,50,12,400,0.08002447693,-0.004665107567,0.004665107567,0.08016034017,-3.336339222
02_8,B02,8,50,13,1000,0.07749375699,-0.003277200633,0.003277200633,0.07756302223,-2.421587935
02_8,B02,8,60,0,0.05,0.1030317366,-0.00568834346,0.00568834346,0.1031886427,-3.160070323
02_8,B02,8,60,1,0.1,0.1003734156,-0.005339161961,0.005339161961,0.1005153183,-3.044864108
02_8,B02,8,60,2,0.2,0.09863764857,-0.003360722051,0.003360722051,0.09869488421,-1.951392135
02_8,B02,8,60,3,0.4,0.09798644675,-0.002653183098,0.002653183098,0.09802236035,-1.551021229
02_8,B02,8,60,4,1,0.09673626701,-0.002284550471,0.002284550471,0.09676323953,-1.352861524
02_8,B02,8,60,5,2,0.09594969666,-0.002551188953,0.002551188953,0.09598360721,-1.523068162
02_8,B02,8,60,6,4,0.09484365712,-0.002720122646,0.002720122646,0.09488265576,-1.642796592
02_8,B02,8,60,7,10,0.09316109906,-0.004001909324,0.004001909324,0.0932470142,-2.459735182
02_8,B02,8,60,8,20,0.09106959313,-0.005006894721,0.005006894721,0.09120712575,-3.146883695
02_8,B02,8,60,9,40,0.08848174911,-0.00543983672,0.00543983672,0.08864881133,-3.518102717
02_8,B02,8,60,10,100,0.08467724095,-0.005636990165,0.005636990165,0.08486466163,-3.808578387
02_8,B02,8,60,11,200,0.08208768701,-0.005254200428,0.005254200428,0.08225566838,-3.662344634
02_8,B02,8,60,12,400,0.07980716055,-0.004447954339,0.004447954339,0.07993101509,-3.190009829
02_8,B02,8,60,13,1000,0.07729185311,-0.003285260294,0.003285260294,0.07736164097,-2.433869922
02_8,B02,8,70,0,0.05,0.1025783092,-0.006169974432,0.006169974432,0.1027637003,-3.442132123
02_8,B02,8,70,1,0.1,0.1003663038,-0.004998838253,0.004998838253,0.1004907126,-2.851314111
02_8,B02,8,70,2,0.2,0.09901534772,-0.00359736854,0.00359736854,0.09908067493,-2.080722059
02_8,B02,8,70,3,0.4,0.09828590689,-0.002744650849,0.002744650849,0.09832422185,-1.599578789
02_8,B02,8,70,4,1,0.09689062379,-0.002534648238,0.002534648238,0.09692377118,-1.498509627
02_8,B02,8,70,5,2,0.09587951705,-0.002653154332,0.002653154332,0.09591621875,-1.585070175
02_8,B02,8,70,6,4,0.09471760301,-0.003107179598,0.003107179598,0.09476855431,-1.878895276
02_8,B02,8,70,7,10,0.09310778662,-0.004062690466,0.004062690466,0.09319638074,-2.498474763
02_8,B02,8,70,8,20,0.09089304247,-0.004894901423,0.004894901423,0.09102475064,-3.082596086
02_8,B02,8,70,9,40,0.08830776008,-0.005539790097,0.005539790097,0.08848135264,-3.589618829
02_8,B02,8,70,10,100,0.08460699839,-0.005664237905,0.005664237905,0.08479639006,-3.830101238
02_8,B02,8,70,11,200,0.08184573067,-0.005117103194,0.005117103194,0.08200553868,-3.577551219
02_8,B02,8,70,12,400,0.07961726357,-0.004607459462,0.004607459462,0.07975046922,-3.312018855
02_8,B02,8,70,13,1000,0.07708623375,-0.003522976575,0.003522976575,0.07716669487,-2.616697204
02_8,B02,8,80,0,0.05,0.1031802027,-0.005965033931,0.005965033931,0.1033524836,-3.308689701
02_8,B02,8,80,1,0.1,0.1010792843,-0.005012280335,0.005012280335,0.1012034815,-2.838835575
02_8,B02,8,80,2,0.2,0.09967437674,-0.003521021671,0.003521021671,0.09973654782,-2.023146124
02_8,B02,8,80,3,0.4,0.09886558287,-0.002837174357,0.002837174357,0.0989062841,-1.643782494
02_8,B02,8,80,4,1,0.09738333622,-0.002655800248,0.002655800248,0.09741954346,-1.56216088
02_8,B02,8,80,5,2,0.09658477143,-0.002693601111,0.002693601111,0.09662232433,-1.597477328
02_8,B02,8,80,6,4,0.0955197814,-0.002881846986,0.002881846986,0.0955632444,-1.728098574
02_8,B02,8,80,7,10,0.09352938144,-0.004336366054,0.004336366054,0.09362985241,-2.654542059
02_8,B02,8,80,8,20,0.09137886192,-0.005222988953,0.005222988953,0.09152800675,-3.271325199
02_8,B02,8,80,9,40,0.08865190568,-0.00586695121,0.00586695121,0.08884582993,-3.786292842
02_8,B02,8,80,10,100,0.08475635935,-0.005867918615,0.005867918615,0.08495924269,-3.960426648
02_8,B02,8,80,11,200,0.08207624378,-0.00540333889,0.00540333889,0.08225391094,-3.766527391
02_8,B02,8,80,12,400,0.07957831264,-0.004619200492,0.004619200492,0.07971226289,-3.322061503
02_8,B02,8,80,13,1000,0.07701586374,-0.003317142176,0.003317142176,0.07708726678,-2.466256202
02_8,B02,8,90,0,0.05,0.1030854285,-0.005618277611,0.005618277611,0.1032384163,-3.119601302
02_8,B02,8,90,1,0.1,0.1009621434,-0.004406750152,0.004406750152,0.1010582696,-2.499234073
02_8,B02,8,90,2,0.2,0.09968741711,-0.003071018458,0.003071018458,0.09973470953,-1.764523247
02_8,B02,8,90,3,0.4,0.09900588726,-0.00254916796,0.00254916796,0.09903869936,-1.474905247
02_8,B02,8,90,4,1,0.09790613932,-0.002309833258,0.002309833258,0.09793338269,-1.351489826
02_8,B02,8,90,5,2,0.09704488459,-0.002594002635,0.002594002635,0.09707954715,-1.531147384
02_8,B02,8,90,6,4,0.09598402773,-0.003139377264,0.003139377264,0.09603535427,-1.873321762
02_8,B02,8,90,7,10,0.09401603854,-0.004271512653,0.004271512653,0.09411302419,-2.601380137
02_8,B02,8,90,8,20,0.09170122391,-0.005476495536,0.005476495536,0.09186460945,-3.417706114
02_8,B02,8,90,9,40,0.08894774641,-0.005899814683,0.005899814683,0.08914319606,-3.794812885
02_8,B02,8,90,10,100,0.08500127405,-0.006009378105,0.006009378105,0.0852134333,-4.043940298
02_8,B02,8,90,11,200,0.08225974483,-0.005647257482,0.005647257482,0.0824533634,-3.927280959
02_8,B02,8,90,12,400,0.07966910282,-0.004850628134,0.004850628134,0.07981663071,-3.484134501
02_8,B02,8,90,13,1000,0.0770175261,-0.003432153431,0.003432153431,0.07709396217,-2.551599586
02_8,B02,8,100,0,0.05,0.1051854911,-0.005456419605,0.005456419605,0.1053269199,-2.969514528
02_8,B02,8,100,1,0.1,0.1040436806,-0.003622916113,0.003622916113,0.1041067384,-1.994296684
02_8,B02,8,100,2,0.2,0.1033478764,-0.002837996639,0.002837996639,0.1033868356,-1.572982252
02_8,B02,8,100,3,0.4,0.1025144046,-0.002248977687,0.002248977687,0.1025390709,-1.256762539
02_8,B02,8,100,4,1,0.1015770865,-0.00228469876,0.00228469876,0.1016027773,-1.288494609
02_8,B02,8,100,5,2,0.100699711,-0.002894631839,0.002894631839,0.1007413058,-1.646524392
02_8,B02,8,100,6,4,0.09937641721,-0.003759592986,0.003759592986,0.09944750795,-2.166571679
02_8,B02,8,100,7,10,0.09689386001,-0.005610219688,0.005610219688,0.09705614186,-3.313764371
02_8,B02,8,100,8,20,0.0938633637,-0.00654296791,0.00654296791,0.09409113388,-3.987487702
02_8,B02,8,100,9,40,0.09035758341,-0.007113452605,0.007113452605,0.09063715622,-4.501359059
02_8,B02,8,100,10,100,0.0859935237,-0.006843058209,0.006843058209,0.08626536712,-4.549806399
02_8,B02,8,100,11,200,0.08270706276,-0.006346616373,0.006346616373,0.08295021259,-4.388054498
02_8,B02,8,100,12,400,0.07994931121,-0.005373492783,0.005373492783,0.0801296873,-3.845137715
02_8,B02,8,100,13,1000,0.07702803195,-0.003878113201,0.003878113201,0.07712559542,-2.882224233
02_9,B02,9,10,0,0.05,0.1144560838,-0.00619467903,0.00619467903,0.1146235978,-3.097983075
02_9,B02,9,10,1,0.1,0.1123979297,-0.005227479605,0.005227479605,0.1125194256,-2.662832361
02_9,B02,9,10,2,0.2,0.1107749818,-0.004157731029,0.004157731029,0.1108529806,-2.149480576
02_9,B02,9,10,3,0.4,0.1097005405,-0.003795228646,0.003795228646,0.1097661712,-1.981429529
02_9,B02,9,10,4,1,0.1074846173,-0.00471483633,0.00471483633,0.1075879763,-2.511681812
02_9,B02,9,10,5,2,0.105374391,-0.005719057502,0.005719057502,0.105529474,-3.106605717
02_9,B02,9,10,6,4,0.1024819016,-0.0063567332,0.0063567332,0.1026788596,-3.549387301
02_9,B02,9,10,7,10,0.09807770591,-0.006712193756,0.006712193756,0.0983071205,-3.915075632
02_9,B02,9,10,8,20,0.09504335836,-0.006490415729,0.006490415729,0.09526471259,-3.906606245
02_9,B02,9,10,9,40,0.09243496523,-0.006287076855,0.006287076855,0.09264853011,-3.891049417
02_9,B02,9,10,10,100,0.08861856053,-0.005960014933,0.005960014933,0.08881875392,-3.847616419
02_9,B02,9,10,11,200,0.08583841415,-0.005485995127,0.005485995127,0.08601354246,-3.656841229
02_9,B02,9,10,12,400,0.08344068835,-0.004754345711,0.004754345711,0.08357602692,-3.26111551
02_9,B02,9,10,13,1000,0.0808238057,-0.003568840776,0.003568840776,0.08090255986,-2.528299355
02_9,B02,9,20,0,0.05,0.1057148983,-0.004282218688,0.004282218688,0.1058015931,-2.319625701
02_9,B02,9,20,1,0.1,0.1042718762,-0.003556167156,0.003556167156,0.1043324997,-1.953301641
02_9,B02,9,20,2,0.2,0.1032281641,-0.002459611073,0.002459611073,0.1032574625,-1.364924729
02_9,B02,9,20,3,0.4,0.1029975143,-0.001914343852,0.001914343852,0.1030153031,-1.064794587
02_9,B02,9,20,4,1,0.1017451077,-0.002301431226,0.002301431226,0.101771133,-1.295785293
02_9,B02,9,20,5,2,0.101105651,-0.002877113602,0.002877113602,0.1011465791,-1.629997833
02_9,B02,9,20,6,4,0.09957574333,-0.003658314609,0.003658314609,0.0996429221,-2.104044127
02_9,B02,9,20,7,10,0.09686491317,-0.00509330463,0.00509330463,0.0969987276,-3.009927407
02_9,B02,9,20,8,20,0.09410038668,-0.005542365248,0.005542365248,0.09426346368,-3.370737462
02_9,B02,9,20,9,40,0.09112781595,-0.005788134202,0.005788134202,0.09131145239,-3.634354167
02_9,B02,9,20,10,100,0.08764975378,-0.005772321595,0.005772321595,0.0878396211,-3.767868766
02_9,B02,9,20,11,200,0.08502958509,-0.00535121239,0.00535121239,0.08519780405,-3.601076793
02_9,B02,9,20,12,400,0.0826252135,-0.00454005315,0.00454005315,0.08274985189,-3.14510006
02_9,B02,9,20,13,1000,0.08010751474,-0.003337809055,0.003337809055,0.08017702218,-2.385941132
02_9,B02,9,30,0,0.05,0.1023930298,-0.003687917844,0.003687917844,0.1024594226,-2.062746156
02_9,B02,9,30,1,0.1,0.1012333758,-0.002939681772,0.002939681772,0.101276049,-1.663325345
02_9,B02,9,30,2,0.2,0.1004603078,-0.002008789733,0.002008789733,0.1004803895,-1.145525433
02_9,B02,9,30,3,0.4,0.1002499972,-0.001489866115,0.001489866115,0.1002610674,-0.8514389935
02_9,B02,9,30,4,1,0.09946474654,-0.001722347411,0.001722347411,0.09947965764,-0.9920437071
02_9,B02,9,30,5,2,0.0987489846,-0.002102457624,0.002102457624,0.0987713637,-1.219696101
02_9,B02,9,30,6,4,0.09791722685,-0.002800405909,0.002800405909,0.09795726409,-1.638197071
02_9,B02,9,30,7,10,0.09584246562,-0.004413877897,0.004413877897,0.09594404897,-2.636806232
02_9,B02,9,30,8,20,0.09361074597,-0.005320079436,0.005320079436,0.09376179929,-3.252730823
02_9,B02,9,30,9,40,0.09062084507,-0.005729811854,0.005729811854,0.09080180783,-3.617904851
02_9,B02,9,30,10,100,0.08706672244,-0.005632747891,0.005632747891,0.08724873641,-3.701569844
02_9,B02,9,30,11,200,0.08450009504,-0.00530609684,0.00530609684,0.0846665266,-3.593112045
02_9,B02,9,30,12,400,0.08210117672,-0.0045291572,0.0045291572,0.08222600856,-3.157553162
02_9,B02,9,30,13,1000,0.07964445387,-0.003359340374,0.003359340374,0.07971526955,-2.415259242
02_9,B02,9,40,0,0.05,0.101036411,-0.003860526802,0.003860526802,0.101110138,-2.188165055
02_9,B02,9,40,1,0.1,0.09992002416,-0.002809863497,0.002809863497,0.09995952462,-1.610797267
02_9,B02,9,40,2,0.2,0.09911481728,-0.001984296509,0.001984296509,0.09913467828,-1.146918619
02_9,B02,9,40,3,0.4,0.09892155975,-0.00143357773,0.00143357773,0.09893194696,-0.8302760721
02_9,B02,9,40,4,1,0.09800995616,-0.001497233906,0.001497233906,0.09802139163,-0.8752020197
02_9,B02,9,40,5,2,0.09751601327,-0.001873495952,0.001873495952,0.09753400858,-1.100641866
02_9,B02,9,40,6,4,0.09710583239,-0.002698697654,0.002698697654,0.09714332531,-1.591914637
02_9,B02,9,40,7,10,0.09489403823,-0.00411063952,0.00411063952,0.09498302927,-2.480399707
02_9,B02,9,40,8,20,0.09289474657,-0.004870945363,0.004870945363,0.09302236317,-3.001561095
02_9,B02,9,40,9,40,0.09018566083,-0.005497353977,0.005497353977,0.09035305374,-3.488203507
02_9,B02,9,40,10,100,0.08670177401,-0.0055833354,0.0055833354,0.08688136308,-3.684589465
02_9,B02,9,40,11,200,0.0841744472,-0.005194208862,0.005194208862,0.08433455619,-3.531111531
02_9,B02,9,40,12,400,0.0816202276,-0.004624501292,0.004624501292,0.08175113189,-3.242840998
02_9,B02,9,40,13,1000,0.079287973,-0.003455271398,0.003455271398,0.0793632255,-2.495300102
02_9,B02,9,50,0,0.05,0.1009007549,-0.004057789867,0.004057789867,0.1009823153,-2.302946273
02_9,B02,9,50,1,0.1,0.0994889677,-0.003159464058,0.003159464058,0.09953912249,-1.818926688
02_9,B02,9,50,2,0.2,0.09836130837,-0.002241449041,0.002241449041,0.09838684403,-1.305425366
02_9,B02,9,50,3,0.4,0.09804605791,-0.00164590783,0.00164590783,0.09805987194,-0.9617389742
02_9,B02,9,50,4,1,0.09712632963,-0.001766011934,0.001766011934,0.09714238367,-1.041673068
02_9,B02,9,50,5,2,0.09673193048,-0.002106507315,0.002106507315,0.09675486421,-1.247518836
02_9,B02,9,50,6,4,0.0963199398,-0.002633541965,0.002633541965,0.09635593571,-1.566168508
02_9,B02,9,50,7,10,0.09403291026,-0.003700396669,0.003700396669,0.09410569137,-2.253548997
02_9,B02,9,50,8,20,0.09228265678,-0.00455747014,0.00455747014,0.09239512583,-2.827311566
02_9,B02,9,50,9,40,0.08973017907,-0.005288246643,0.005288246643,0.08988587535,-3.372824463
02_9,B02,9,50,10,100,0.08622057304,-0.005533795133,0.005533795133,0.08639797511,-3.672311691
02_9,B02,9,50,11,200,0.08352008902,-0.005050726715,0.005050726715,0.08367266644,-3.460644478
02_9,B02,9,50,12,400,0.08132416467,-0.00453379441,0.00453379441,0.08145044537,-3.190917062
02_9,B02,9,50,13,1000,0.07873155751,-0.00322542412,0.00322542412,0.07879759837,-2.345945038
02_9,B02,9,60,0,0.05,0.1031465445,-0.005566829148,0.005566829148,0.1032966564,-3.089261742
02_9,B02,9,60,1,0.1,0.1006188303,-0.005255216083,0.005255216083,0.100755974,-2.989781936
02_9,B02,9,60,2,0.2,0.09895640733,-0.003377914253,0.003377914253,0.09901404374,-1.955053901
02_9,B02,9,60,3,0.4,0.09850790147,-0.002400931501,0.002400931501,0.09853715606,-1.396192692
02_9,B02,9,60,4,1,0.09708549603,-0.002237281394,0.002237281394,0.09711127107,-1.320115804
02_9,B02,9,60,5,2,0.09632424694,-0.002371386864,0.002371386864,0.09635343286,-1.410268167
02_9,B02,9,60,6,4,0.09518019384,-0.002593418545,0.002593418545,0.09521551932,-1.560778296
02_9,B02,9,60,7,10,0.09361852188,-0.003763468229,0.003763468229,0.09369413713,-2.302053032
02_9,B02,9,60,8,20,0.09166735851,-0.00470665824,0.00470665824,0.0917881106,-2.939269247
02_9,B02,9,60,9,40,0.08915344382,-0.005411962686,0.005411962686,0.08931755642,-3.473815101
02_9,B02,9,60,10,100,0.08556436952,-0.005434796001,0.005434796001,0.08573679688,-3.634376386
02_9,B02,9,60,11,200,0.08317210608,-0.005165794008,0.005165794008,0.0833323746,-3.554057929
02_9,B02,9,60,12,400,0.08081616977,-0.004497427652,0.004497427652,0.08094121417,-3.185230226
02_9,B02,9,60,13,1000,0.07845267534,-0.003231346313,0.003231346313,0.07851919425,-2.358592795
02_9,B02,9,70,0,0.05,0.1036333621,-0.006209356618,0.006209356618,0.1038192172,-3.428867862
02_9,B02,9,70,1,0.1,0.1015286316,-0.005097797763,0.005097797763,0.1016565324,-2.874432635
02_9,B02,9,70,2,0.2,0.1000231797,-0.003540016312,0.003540016312,0.1000858041,-2.026963865
02_9,B02,9,70,3,0.4,0.09924935226,-0.002741377104,0.002741377104,0.09928720498,-1.582170651
02_9,B02,9,70,4,1,0.0978309284,-0.002570619297,0.002570619297,0.09786469555,-1.505165655
02_9,B02,9,70,5,2,0.09701981513,-0.002795416752,0.002795416752,0.09706007873,-1.650397722
02_9,B02,9,70,6,4,0.09598747025,-0.002834839133,0.002834839133,0.09602932239,-1.691649116
02_9,B02,9,70,7,10,0.09404646513,-0.004007130073,0.004007130073,0.09413179428,-2.439781818
02_9,B02,9,70,8,20,0.09189318766,-0.005015655657,0.005015655657,0.09202996653,-3.124181897
02_9,B02,9,70,9,40,0.08944893905,-0.005648253471,0.005648253471,0.08962709113,-3.61314501
02_9,B02,9,70,10,100,0.0855270159,-0.005630361147,0.005630361147,0.08571214275,-3.766425341
02_9,B02,9,70,11,200,0.08296929297,-0.005276577008,0.005276577008,0.08313691022,-3.638924454
02_9,B02,9,70,12,400,0.08066393854,-0.004555143482,0.004555143482,0.08079245208,-3.232096076
02_9,B02,9,70,13,1000,0.07820131924,-0.003243477812,0.003243477812,0.07826855358,-2.375038405
02_9,B02,9,80,0,0.05,0.1038509637,-0.005995736179,0.005995736179,0.1040238987,-3.304249091
02_9,B02,9,80,1,0.1,0.1017870324,-0.004727529737,0.004727529737,0.101896759,-2.659208919
02_9,B02,9,80,2,0.2,0.1002804679,-0.003496802482,0.003496802482,0.1003414165,-1.997107539
02_9,B02,9,80,3,0.4,0.09934176662,-0.002577317456,0.002577317456,0.09937519389,-1.486145249
02_9,B02,9,80,4,1,0.09812404015,-0.002446030292,0.002446030292,0.09815452267,-1.427970084
02_9,B02,9,80,5,2,0.09718350279,-0.002802621649,0.002802621649,0.09722390602,-1.651863684
02_9,B02,9,80,6,4,0.09622712017,-0.003025451676,0.003025451676,0.09627466964,-1.800828365
02_9,B02,9,80,7,10,0.09419612845,-0.004209533057,0.004209533057,0.0942901415,-2.558789985
02_9,B02,9,80,8,20,0.09200877017,-0.005194343105,0.005194343105,0.09215527651,-3.231195892
02_9,B02,9,80,9,40,0.08952542298,-0.005710570909,0.005710570909,0.0897073686,-3.649789322
02_9,B02,9,80,10,100,0.08551332071,-0.005643452397,0.005643452397,0.08569933824,-3.77576028
02_9,B02,9,80,11,200,0.08280165804,-0.00529705115,0.00529705115,0.08297091855,-3.660381584
02_9,B02,9,80,12,400,0.08038219543,-0.004688812043,0.004688812043,0.08051883196,-3.338364444
02_9,B02,9,80,13,1000,0.07792441255,-0.003514727256,0.003514727256,0.07800363696,-2.582536537
02_9,B02,9,90,0,0.05,0.1040669961,-0.005563474502,0.005563474502,0.1042156031,-3.060148384
02_9,B02,9,90,1,0.1,0.1020266854,-0.004514818594,0.004514818594,0.1021265299,-2.533762616
02_9,B02,9,90,2,0.2,0.1009140844,-0.002850058167,0.002850058167,0.1009543226,-1.617741559
02_9,B02,9,90,3,0.4,0.100090156,-0.002572474442,0.002572474442,0.1001232089,-1.472267532
02_9,B02,9,90,4,1,0.09887675986,-0.002306403435,0.002306403435,0.09890365583,-1.336241432
02_9,B02,9,90,5,2,0.09799646567,-0.002553107837,0.002553107837,0.09802971816,-1.492392805
02_9,B02,9,90,6,4,0.09683802349,-0.003386773947,0.003386773947,0.09689722922,-2.003023065
02_9,B02,9,90,7,10,0.09514915816,-0.004655614314,0.004655614314,0.09526298884,-2.801227964
02_9,B02,9,90,8,20,0.09258304411,-0.005506559262,0.005506559262,0.09274665628,-3.403769716
02_9,B02,9,90,9,40,0.08962077845,-0.006071863011,0.006071863011,0.08982622919,-3.875901321
02_9,B02,9,90,10,100,0.08566539942,-0.006070776091,0.006070776091,0.08588023626,-4.053554068
02_9,B02,9,90,11,200,0.08298816093,-0.00552681658,0.00552681658,0.08317199382,-3.810138008
02_9,B02,9,90,12,400,0.08040245216,-0.004854750475,0.004854750475,0.08054888525,-3.455359961
02_9,B02,9,90,13,1000,0.07789429601,-0.003543673351,0.003543673351,0.07797486115,-2.604781597
02_9,B02,9,100,0,0.05,0.1051959542,-0.00530266723,0.00530266723,0.1053295166,-2.885695735
02_9,B02,9,100,1,0.1,0.1042448327,-0.003635608492,0.003635608492,0.1043082106,-1.997419192
02_9,B02,9,100,2,0.2,0.103299772,-0.002672085982,0.002672085982,0.103334326,-1.481756571
02_9,B02,9,100,3,0.4,0.1023874396,-0.002155742956,0.002155742956,0.1024101314,-1.206170668
02_9,B02,9,100,4,1,0.1013992286,-0.002620485556,0.002620485556,0.1014330839,-1.48037961
02_9,B02,9,100,5,2,0.1008246718,-0.002931606683,0.002931606683,0.1008672829,-1.665479052
02_9,B02,9,100,6,4,0.09976078822,-0.003676867102,0.003676867102,0.09982852407,-2.110785765
02_9,B02,9,100,7,10,0.09705028805,-0.005424751768,0.005424751768,0.09720178158,-3.199292753
02_9,B02,9,100,8,20,0.09402911164,-0.007003923835,0.007003923835,0.09428960062,-4.25991019
02_9,B02,9,100,9,40,0.09076847521,-0.007163188935,0.007163188935,0.0910506857,-4.512267515
02_9,B02,9,100,10,100,0.08619864554,-0.006610784955,0.006610784955,0.08645177252,-4.385568667
02_9,B02,9,100,11,200,0.08314467377,-0.006124515953,0.006124515953,0.08336993746,-4.21285319
02_9,B02,9,100,12,400,0.08060417305,-0.005443664152,0.005443664152,0.08078778492,-3.863647055
02_9,B02,9,100,13,1000,0.07767805586,-0.003869172522,0.003869172522,0.07777435862,-2.851567086
03_4,B03,4,10,0,0.05,0.1136271679,-0.005934555161,0.005934555161,0.1137820383,-2.989745343
03_4,B03,4,10,1,0.1,0.1119263663,-0.00482627929,0.00482627929,0.1120303728,-2.469071844
03_4,B03,4,10,2,0.2,0.1104103385,-0.003781413349,0.003781413349,0.1104750738,-1.961540705
03_4,B03,4,10,3,0.4,0.1093373179,-0.003450751566,0.003450751566,0.1093917583,-1.807689252
03_4,B03,4,10,4,1,0.1076019539,-0.004243449921,0.004243449921,0.1076855949,-2.25837763
03_4,B03,4,10,5,2,0.1056824684,-0.005198910338,0.005198910338,0.1058102679,-2.816320295
03_4,B03,4,10,6,4,0.1032626624,-0.005989435184,0.005989435184,0.103436216,-3.319547371
03_4,B03,4,10,7,10,0.09905222741,-0.006483944462,0.006483944462,0.09926421959,-3.7452301
03_4,B03,4,10,8,20,0.09591135034,-0.006413454768,0.006413454768,0.09612554044,-3.825591657
03_4,B03,4,10,9,40,0.09304099486,-0.006324173461,0.006324173461,0.09325568023,-3.888521961
03_4,B03,4,10,10,100,0.08932695732,-0.006050818279,0.006050818279,0.08953165757,-3.875174615
03_4,B03,4,10,11,200,0.08648246039,-0.005500650568,0.005500650568,0.08665721615,-3.639351734
03_4,B03,4,10,12,400,0.0841126561,-0.004799031138,0.004799031138,0.08424944876,-3.265459266
03_4,B03,4,10,13,1000,0.08145608226,-0.003623625651,0.003623625651,0.08153664207,-2.547159843
03_4,B03,4,20,0,0.05,0.1065573929,-0.004216646016,0.004216646016,0.1066407899,-2.266103048
03_4,B03,4,20,1,0.1,0.1051368569,-0.003421609508,0.003421609508,0.1051925192,-1.863995382
03_4,B03,4,20,2,0.2,0.1040779939,-0.002224959873,0.002224959873,0.1041017735,-1.22467191
03_4,B03,4,20,3,0.4,0.1037777874,-0.001872016803,0.001872016803,0.1037946704,-1.033429534
03_4,B03,4,20,4,1,0.1028107737,-0.002025281228,0.002025281228,0.1028307199,-1.128530173
03_4,B03,4,20,5,2,0.1019846397,-0.002713278236,0.002713278236,0.1020207264,-1.523981736
03_4,B03,4,20,6,4,0.1008079628,-0.003592938609,0.003592938609,0.1008719712,-2.04123871
03_4,B03,4,20,7,10,0.0982594099,-0.005105706599,0.005105706599,0.09839197057,-2.974499683
03_4,B03,4,20,8,20,0.09541849589,-0.00579147439,0.00579147439,0.09559409256,-3.473335619
03_4,B03,4,20,9,40,0.09256774721,-0.006084258663,0.006084258663,0.09276748367,-3.760506754
03_4,B03,4,20,10,100,0.08869678745,-0.005918660126,0.005918660126,0.08889404166,-3.817638297
03_4,B03,4,20,11,200,0.08585679339,-0.005447300206,0.005447300206,0.08602942549,-3.630342086
03_4,B03,4,20,12,400,0.08357322148,-0.004666354835,0.004666354835,0.0837033943,-3.195821676
03_4,B03,4,20,13,1000,0.08098784597,-0.003512920943,0.003512920943,0.08106399823,-2.483699282
03_4,B03,4,30,0,0.05,0.1036403433,-0.003795120063,0.003795120063,0.1037098052,-2.097129785
03_4,B03,4,30,1,0.1,0.1022908952,-0.003038767435,0.003038767435,0.1023360218,-1.701591896
03_4,B03,4,30,2,0.2,0.1015156172,-0.002099624298,0.002099624298,0.1015373279,-1.184866573
03_4,B03,4,30,3,0.4,0.1012719323,-0.001431537791,0.001431537791,0.1012820496,-0.8098553013
03_4,B03,4,30,4,1,0.1005560367,-0.001571093357,0.001571093357,0.1005683094,-0.8951197546
03_4,B03,4,30,5,2,0.09996923201,-0.002099917173,0.002099917173,0.09999128463,-1.203357249
03_4,B03,4,30,6,4,0.09923681619,-0.002836756968,0.002836756968,0.0992773533,-1.637395862
03_4,B03,4,30,7,10,0.09738914404,-0.004247827907,0.004247827907,0.0974817389,-2.497490337
03_4,B03,4,30,8,20,0.09491225966,-0.005464014014,0.005464014014,0.09506940876,-3.294830151
03_4,B03,4,30,9,40,0.09209101778,-0.0059208012,0.0059208012,0.09228115432,-3.678650351
03_4,B03,4,30,10,100,0.08807510413,-0.005891522859,0.005891522859,0.08827193217,-3.826930103
03_4,B03,4,30,11,200,0.08534429419,-0.00537468252,0.00537468252,0.08551336599,-3.603527154
03_4,B03,4,30,12,400,0.08293851902,-0.00471912045,0.00471912045,0.08307266719,-3.25656236
03_4,B03,4,30,13,1000,0.08044199387,-0.003449614036,0.003449614036,0.08051592523,-2.45552469
03_4,B03,4,40,0,0.05,0.1024213728,-0.003792116544,0.003792116544,0.1024915496,-2.120388239
03_4,B03,4,40,1,0.1,0.1013383108,-0.002763969396,0.002763969396,0.101375997,-1.562336377
03_4,B03,4,40,2,0.2,0.1005316336,-0.001841144709,0.001841144709,0.1005484916,-1.049202385
03_4,B03,4,40,3,0.4,0.1002580726,-0.001437710182,0.001437710182,0.1002683805,-0.8215705503
03_4,B03,4,40,4,1,0.0996204163,-0.001514522699,0.001514522699,0.09963192823,-0.8709969029
03_4,B03,4,40,5,2,0.09904327069,-0.001902529614,0.001902529614,0.09906154192,-1.100463586
03_4,B03,4,40,6,4,0.09840477446,-0.002531155476,0.002531155476,0.09843732212,-1.473430086
03_4,B03,4,40,7,10,0.09679141646,-0.003915085945,0.003915085945,0.09687056415,-2.316276525
03_4,B03,4,40,8,20,0.09446950549,-0.005131944196,0.005131944196,0.0946087962,-3.109469125
03_4,B03,4,40,9,40,0.09180361097,-0.005898030599,0.005898030599,0.09199287881,-3.675982446
03_4,B03,4,40,10,100,0.08782767592,-0.005850726506,0.005850726506,0.08802233613,-3.811183415
03_4,B03,4,40,11,200,0.08508215399,-0.005499357954,0.005499357954,0.08525969661,-3.698217417
03_4,B03,4,40,12,400,0.08256705897,-0.004688986684,0.004688986684,0.08270009567,-3.250338449
03_4,B03,4,40,13,1000,0.08009236762,-0.003591220138,0.003591220138,0.08017283962,-2.567336133
03_4,B03,4,50,0,0.05,0.1023687495,-0.003923172723,0.003923172723,0.1024438976,-2.194725345
03_4,B03,4,50,1,0.1,0.1010795003,-0.003377332547,0.003377332547,0.1011359074,-1.913691084
03_4,B03,4,50,2,0.2,0.1000628814,-0.002084593201,0.002084593201,0.100084593,-1.193460715
03_4,B03,4,50,3,0.4,0.09972943241,-0.001615723045,0.001615723045,0.09974251977,-0.9281714628
03_4,B03,4,50,4,1,0.0989731808,-0.00159484976,0.00159484976,0.09898602964,-0.923181933
03_4,B03,4,50,5,2,0.0984562664,-0.001962559245,0.001962559245,0.09847582461,-1.141943285
03_4,B03,4,50,6,4,0.09781202112,-0.002445683172,0.002445683172,0.09784259217,-1.432320187
03_4,B03,4,50,7,10,0.09610669745,-0.003902129713,0.003902129713,0.09618588208,-2.325049494
03_4,B03,4,50,8,20,0.09401070577,-0.005013468239,0.005013468239,0.09414429172,-3.052617502
03_4,B03,4,50,9,40,0.09133784043,-0.005748501043,0.005748501043,0.09151855746,-3.601256643
03_4,B03,4,50,10,100,0.08746612137,-0.005810615866,0.005810615866,0.08765891651,-3.800732074
03_4,B03,4,50,11,200,0.08466634351,-0.005330777689,0.005330777689,0.08483399621,-3.602711626
03_4,B03,4,50,12,400,0.08243773023,-0.004698202274,0.004698202274,0.08257149914,-3.261810953
03_4,B03,4,50,13,1000,0.07980884616,-0.003367307061,0.003367307061,0.07987985154,-2.415999348
03_4,B03,4,60,0,0.05,0.1049669356,-0.005209505204,0.005209505204,0.1050961299,-2.841256191
03_4,B03,4,60,1,0.1,0.1025530533,-0.005113186364,0.005113186364,0.1026804432,-2.854343089
03_4,B03,4,60,2,0.2,0.1007575405,-0.003302635193,0.003302635193,0.100811653,-1.877371479
03_4,B03,4,60,3,0.4,0.1003560843,-0.002255144516,0.002255144516,0.1003814193,-1.287301328
03_4,B03,4,60,4,1,0.09916088627,-0.002105221529,0.002105221529,0.09918323106,-1.216227443
03_4,B03,4,60,5,2,0.09851526336,-0.002459935499,0.002459935499,0.09854597099,-1.430383831
03_4,B03,4,60,6,4,0.09772028754,-0.002778550133,0.002778550133,0.0977597818,-1.628692646
03_4,B03,4,60,7,10,0.0959861439,-0.003848528536,0.003848528536,0.09606326558,-2.296023029
03_4,B03,4,60,8,20,0.0938095292,-0.005083879906,0.005083879906,0.09394718519,-3.102032416
03_4,B03,4,60,9,40,0.09128438117,-0.005613063344,0.005613063344,0.09145679158,-3.518678915
03_4,B03,4,60,10,100,0.08739274115,-0.005843920498,0.005843920498,0.08758791363,-3.825652317
03_4,B03,4,60,11,200,0.08453629169,-0.005324333355,0.005324333355,0.08470379648,-3.603888988
03_4,B03,4,60,12,400,0.0821610651,-0.004688568352,0.004688568352,0.08229473429,-3.266074325
03_4,B03,4,60,13,1000,0.07966818972,-0.003453240291,0.003453240291,0.07974299544,-2.481948227
03_4,B03,4,70,0,0.05,0.10482925,-0.006291247755,0.006291247755,0.1050178626,-3.434443319
03_4,B03,4,70,1,0.1,0.1029741757,-0.004936304163,0.004936304163,0.1030924244,-2.744504098
03_4,B03,4,70,2,0.2,0.1013936644,-0.003355238127,0.003355238127,0.1014491637,-1.895294557
03_4,B03,4,70,3,0.4,0.1007026364,-0.002499303794,0.002499303794,0.1007336463,-1.421712212
03_4,B03,4,70,4,1,0.09962376389,-0.002317640112,0.002317640112,0.09965071895,-1.332684527
03_4,B03,4,70,5,2,0.09884294944,-0.002515811757,0.002515811757,0.09887496126,-1.458012748
03_4,B03,4,70,6,4,0.09786763578,-0.002740332139,0.002740332139,0.09790599345,-1.603885197
03_4,B03,4,70,7,10,0.09605889906,-0.004164795108,0.004164795108,0.09614914251,-2.482600053
03_4,B03,4,70,8,20,0.09387434663,-0.005112202699,0.005112202699,0.09401344357,-3.117130589
03_4,B03,4,70,9,40,0.09111445367,-0.005930879051,0.005930879051,0.09130727788,-3.724278689
03_4,B03,4,70,10,100,0.08730629274,-0.005939961845,0.005939961845,0.08750812475,-3.892171617
03_4,B03,4,70,11,200,0.08428899025,-0.005520712163,0.005520712163,0.08446959299,-3.747373737
03_4,B03,4,70,12,400,0.08199353947,-0.004723891818,0.004723891818,0.08212950547,-3.297335359
03_4,B03,4,70,13,1000,0.0794744874,-0.003410369536,0.003410369536,0.07954762579,-2.457140443
03_4,B03,4,80,0,0.05,0.1055066545,-0.005948390258,0.005948390258,0.1056742045,-3.226879242
03_4,B03,4,80,1,0.1,0.1036188402,-0.004884546624,0.004884546624,0.103733904,-2.698899959
03_4,B03,4,80,2,0.2,0.1022298908,-0.003269253425,0.003269253425,0.1022821519,-1.831662018
03_4,B03,4,80,3,0.4,0.1015253251,-0.002562425727,0.002562425727,0.1015576568,-1.445797059
03_4,B03,4,80,4,1,0.1002435631,-0.002295134158,0.002295134158,0.1002698339,-1.311590747
03_4,B03,4,80,5,2,0.09961331481,-0.002597689946,0.002597689946,0.09964718,-1.49380578
03_4,B03,4,80,6,4,0.09861254577,-0.002972553263,0.002972553263,0.09865733757,-1.726587604
03_4,B03,4,80,7,10,0.09678747805,-0.004297813433,0.004297813433,0.09688285249,-2.54252843
03_4,B03,4,80,8,20,0.09448566226,-0.00539997201,0.00539997201,0.09463984399,-3.270966208
03_4,B03,4,80,9,40,0.09156288707,-0.006051874293,0.006051874293,0.09176266927,-3.781480188
03_4,B03,4,80,10,100,0.08743651431,-0.006158994147,0.006158994147,0.08765316448,-4.029237268
03_4,B03,4,80,11,200,0.08456107633,-0.005641616866,0.005641616866,0.08474906177,-3.816915958
03_4,B03,4,80,12,400,0.08207563711,-0.004742962538,0.004742962538,0.08221256535,-3.307313259
03_4,B03,4,80,13,1000,0.07951189891,-0.003499603634,0.003499603634,0.0795888767,-2.520166087
03_4,B03,4,90,0,0.05,0.1069877182,-0.005680106009,0.005680106009,0.1071383939,-3.03904829
03_4,B03,4,90,1,0.1,0.1049793053,-0.004476466578,0.004476466578,0.1050747034,-2.441694174
03_4,B03,4,90,2,0.2,0.1036734657,-0.00310358892,0.00310358892,0.1037199101,-1.714705434
03_4,B03,4,90,3,0.4,0.1031235661,-0.002424748676,0.002424748676,0.1031520688,-1.346949844
03_4,B03,4,90,4,1,0.1020463647,-0.002259122169,0.002259122169,0.102071368,-1.268217898
03_4,B03,4,90,5,2,0.101203233,-0.002583410412,0.002583410412,0.101236201,-1.462269244
03_4,B03,4,90,6,4,0.1003057649,-0.003459999928,0.003459999928,0.1003654227,-1.975607495
03_4,B03,4,90,7,10,0.09819811589,-0.004833694594,0.004833694594,0.09831701057,-2.818047362
03_4,B03,4,90,8,20,0.0954361716,-0.006144772676,0.006144772676,0.0956337863,-3.683972543
03_4,B03,4,90,9,40,0.09233555887,-0.006602615671,0.006602615671,0.09257132367,-4.090073287
03_4,B03,4,90,10,100,0.08788132513,-0.006612261977,0.006612261977,0.08812973003,-4.302873232
03_4,B03,4,90,11,200,0.08492595788,-0.005938346331,0.005938346331,0.08513332061,-3.999828696
03_4,B03,4,90,12,400,0.08233157509,-0.005103154876,0.005103154876,0.08248957781,-3.546824591
03_4,B03,4,90,13,1000,0.07967572871,-0.003831322825,0.003831322825,0.07976779288,-2.753029907
03_4,B03,4,100,0,0.05,0.1091907618,-0.005406872824,0.005406872824,0.1093245477,-2.834838382
03_4,B03,4,100,1,0.1,0.1084475401,-0.00358128137,0.00358128137,0.1085066566,-1.891400827
03_4,B03,4,100,2,0.2,0.1076279256,-0.002698305502,0.002698305502,0.1076617445,-1.43614343
03_4,B03,4,100,3,0.4,0.1068846386,-0.00214979725,0.00214979725,0.1069062561,-1.152248865
03_4,B03,4,100,4,1,0.1059629291,-0.002402026571,0.002402026571,0.1059901508,-1.298590173
03_4,B03,4,100,5,2,0.1052055994,-0.002943885048,0.002943885048,0.1052467796,-1.602844207
03_4,B03,4,100,6,4,0.1041097489,-0.004027691572,0.004027691572,0.1041876294,-2.215495709
03_4,B03,4,100,7,10,0.1012782598,-0.005945896615,0.005945896615,0.101452647,-3.359893717
03_4,B03,4,100,8,20,0.09787900519,-0.007307396626,0.007307396626,0.09815140194,-4.269635764
03_4,B03,4,100,9,40,0.09414791047,-0.007624954308,0.007624954308,0.09445617489,-4.630227543
03_4,B03,4,100,10,100,0.08925708126,-0.007242636945,0.007242636945,0.08955044581,-4.639019562
03_4,B03,4,100,11,200,0.08607234425,-0.00653087048,0.00653087048,0.08631975854,-4.339090387
03_4,B03,4,100,12,400,0.08317775534,-0.005492150695,0.005492150695,0.08335887896,-3.77770394
03_4,B03,4,100,13,1000,0.08028703363,-0.004069025543,0.004069025543,0.0803900786,-2.901323876
03_5,B03,5,10,0,0.05,0.1127561647,-0.006047357481,0.006047357481,0.1129182147,-3.0699556
03_5,B03,5,10,1,0.1,0.1107787769,-0.00471803553,0.00471803553,0.1108792012,-2.438736586
03_5,B03,5,10,2,0.2,0.1092726554,-0.003864657037,0.003864657037,0.1093409749,-2.025541363
03_5,B03,5,10,3,0.4,0.1083934109,-0.003634162427,0.003634162427,0.108454316,-1.920266182
03_5,B03,5,10,4,1,0.1062539775,-0.004459719472,0.004459719472,0.1063475285,-2.403422619
03_5,B03,5,10,5,2,0.1042495509,-0.005317516727,0.005317516727,0.1043850796,-2.91998811
03_5,B03,5,10,6,4,0.1015548386,-0.006012466276,0.006012466276,0.1017326644,-3.388192019
03_5,B03,5,10,7,10,0.09756732676,-0.006325788939,0.006325788939,0.09777217833,-3.709586457
03_5,B03,5,10,8,20,0.09461033159,-0.006116789082,0.006116789082,0.09480785807,-3.699163767
03_5,B03,5,10,9,40,0.09194454853,-0.006025581739,0.006025581739,0.0921417801,-3.749514554
03_5,B03,5,10,10,100,0.08840864103,-0.005748479887,0.005748479887,0.08859533187,-3.720231899
03_5,B03,5,10,11,200,0.08568625272,-0.005318792892,0.005318792892,0.08585117042,-3.55195705
03_5,B03,5,10,12,400,0.0833548483,-0.00477865895,0.00477865895,0.08349171406,-3.281124363
03_5,B03,5,10,13,1000,0.08076994245,-0.003573859607,0.003573859607,0.08084897078,-2.533536479
03_5,B03,5,20,0,0.05,0.1049682621,-0.004285722629,0.004285722629,0.105055716,-2.338016324
03_5,B03,5,20,1,0.1,0.1035869102,-0.003451116562,0.003451116562,0.1036443832,-1.90816873
03_5,B03,5,20,2,0.2,0.1025448769,-0.002304559425,0.002304559425,0.1025707696,-1.287429558
03_5,B03,5,20,3,0.4,0.102231115,-0.001942226067,0.001942226067,0.1022495629,-1.088396335
03_5,B03,5,20,4,1,0.1012095777,-0.002150012682,0.002150012682,0.1012324116,-1.216961183
03_5,B03,5,20,5,2,0.1004293888,-0.002732523355,0.002732523355,0.1004665557,-1.558542182
03_5,B03,5,20,6,4,0.09926174639,-0.00362993209,0.00362993209,0.09932809625,-2.094333005
03_5,B03,5,20,7,10,0.09666677282,-0.005017099257,0.005017099257,0.09679688142,-2.971040727
03_5,B03,5,20,8,20,0.09403274401,-0.005590558068,0.005590558068,0.09419878601,-3.402418788
03_5,B03,5,20,9,40,0.09121698319,-0.005626805091,0.005626805091,0.09139036578,-3.529871152
03_5,B03,5,20,10,100,0.08768282707,-0.005683208301,0.005683208301,0.08786681409,-3.708468568
03_5,B03,5,20,11,200,0.0851247629,-0.005091695619,0.005091695619,0.08527690557,-3.42304033
03_5,B03,5,20,12,400,0.08276362642,-0.00462242859,0.00462242859,0.08289260947,-3.196703608
03_5,B03,5,20,13,1000,0.08027999383,-0.003414246635,0.003414246635,0.08035256368,-2.435278057
03_5,B03,5,30,0,0.05,0.1022563603,-0.003807448951,0.003807448951,0.1023272197,-2.132385939
03_5,B03,5,30,1,0.1,0.101047957,-0.003010210062,0.003010210062,0.101092784,-1.706331773
03_5,B03,5,30,2,0.2,0.1003681663,-0.001911474445,0.001911474445,0.1003863663,-1.091044944
03_5,B03,5,30,3,0.4,0.1000220257,-0.001498013833,0.001498013833,0.1000332429,-0.8580455472
03_5,B03,5,30,4,1,0.09929671475,-0.00153512313,0.00153512313,0.09930858051,-0.8857198359
03_5,B03,5,30,5,2,0.09877457076,-0.002048368928,0.002048368928,0.09879580782,-1.188019079
03_5,B03,5,30,6,4,0.09808684952,-0.002716744934,0.002716744934,0.09812446561,-1.586535135
03_5,B03,5,30,7,10,0.0963350841,-0.004048592277,0.004048592277,0.09642011994,-2.406504655
03_5,B03,5,30,8,20,0.09382345182,-0.005159219957,0.005159219957,0.09396519389,-3.147444711
03_5,B03,5,30,9,40,0.09112207688,-0.005560754558,0.005560754558,0.09129159264,-3.492162945
03_5,B03,5,30,10,100,0.08744944991,-0.005583793875,0.005583793875,0.08762753588,-3.65347178
03_5,B03,5,30,11,200,0.0848101703,-0.005166727727,0.005166727727,0.08496740588,-3.486212519
03_5,B03,5,30,12,400,0.08253653955,-0.004548319385,0.004548319385,0.08266176607,-3.154193205
03_5,B03,5,30,13,1000,0.07993196034,-0.003541557293,0.003541557293,0.08001038002,-2.536953402
03_5,B03,5,40,0,0.05,0.1010098392,-0.003720331353,0.003720331353,0.1010783284,-2.109328931
03_5,B03,5,40,1,0.1,0.09989665502,-0.002786606382,0.002786606382,0.0999355135,-1.597845215
03_5,B03,5,40,2,0.2,0.09919123339,-0.001845416309,0.001845416309,0.09920839855,-1.06584388
03_5,B03,5,40,3,0.4,0.09885824417,-0.001379975375,0.001379975375,0.09886787533,-0.7997474616
03_5,B03,5,40,4,1,0.09824085578,-0.001519136079,0.001519136079,0.09825260057,-0.8859160331
03_5,B03,5,40,5,2,0.09776878863,-0.00178503616,0.00178503616,0.09778508262,-1.045974668
03_5,B03,5,40,6,4,0.09719074452,-0.00230737192,0.00230737192,0.09721812993,-1.35998386
03_5,B03,5,40,7,10,0.09551197738,-0.003826571152,0.003826571152,0.0955886001,-2.294258702
03_5,B03,5,40,8,20,0.09331984895,-0.004933719506,0.004933719506,0.09345017815,-3.026348335
03_5,B03,5,40,9,40,0.09083055822,-0.005476610957,0.005476610957,0.09099551403,-3.450460659
03_5,B03,5,40,10,100,0.08720931401,-0.005615372701,0.005615372701,0.0873899128,-3.684166304
03_5,B03,5,40,11,200,0.08446692888,-0.005129679317,0.005129679317,0.08462254832,-3.475306264
03_5,B03,5,40,12,400,0.08212123634,-0.00454337484,0.00454337484,0.0822468219,-3.166672868
03_5,B03,5,40,13,1000,0.079631191,-0.003488455846,0.003488455846,0.07970756491,-2.508390011
03_5,B03,5,50,0,0.05,0.1008135857,-0.004074947698,0.004074947698,0.100895908,-2.314670925
03_5,B03,5,50,1,0.1,0.09937098116,-0.003206594215,0.003206594215,0.09942270436,-1.848231578
03_5,B03,5,50,2,0.2,0.09861269586,-0.002108062746,0.002108062746,0.09863522552,-1.224636479
03_5,B03,5,50,3,0.4,0.09824951806,-0.001507416047,0.001507416047,0.09826108132,-0.8790048348
03_5,B03,5,50,4,1,0.09749061892,-0.001483475143,0.001483475143,0.09750190499,-0.8717793198
03_5,B03,5,50,5,2,0.09697420912,-0.001854828456,0.001854828456,0.09699194618,-1.095764391
03_5,B03,5,50,6,4,0.09650239531,-0.002413488697,0.002413488697,0.09653257082,-1.432647299
03_5,B03,5,50,7,10,0.09499052944,-0.003606785018,0.003606785018,0.09505897949,-2.174472911
03_5,B03,5,50,8,20,0.09286679294,-0.004687359942,0.004687359942,0.09298501264,-2.88949594
03_5,B03,5,50,9,40,0.09022073823,-0.005393329772,0.005393329772,0.09038179912,-3.421028602
03_5,B03,5,50,10,100,0.08667982328,-0.005426492118,0.005426492118,0.08684951687,-3.582262315
03_5,B03,5,50,11,200,0.08399792966,-0.005222032714,0.005222032714,0.08416009633,-3.557419384
03_5,B03,5,50,12,400,0.08172946688,-0.004516986354,0.004516986354,0.08185419307,-3.163378399
03_5,B03,5,50,13,1000,0.07927293428,-0.00338320051,0.00338320051,0.07934509535,-2.443779229
03_5,B03,5,60,0,0.05,0.1032536962,-0.005431296614,0.005431296614,0.1033964446,-3.011067379
03_5,B03,5,60,1,0.1,0.1008194117,-0.005106008261,0.005106008261,0.100948626,-2.899272843
03_5,B03,5,60,2,0.2,0.09907527663,-0.003270593597,0.003270593597,0.09912924504,-1.890715739
03_5,B03,5,60,3,0.4,0.09876313171,-0.002290430482,0.002290430482,0.098789687,-1.32851681
03_5,B03,5,60,4,1,0.09743497394,-0.002073870966,0.002073870966,0.09745704227,-1.21933747
03_5,B03,5,60,5,2,0.09680608512,-0.002127194798,0.002127194798,0.09682945354,-1.258801792
03_5,B03,5,60,6,4,0.09620840503,-0.002545269314,0.002545269314,0.09624206769,-1.51545159
03_5,B03,5,60,7,10,0.0944398999,-0.00373265149,0.00373265149,0.09451363595,-2.263385685
03_5,B03,5,60,8,20,0.09256083019,-0.004718100437,0.004718100437,0.09268099998,-2.918010575
03_5,B03,5,60,9,40,0.08988664346,-0.005466721079,0.005466721079,0.09005272739,-3.480324846
03_5,B03,5,60,10,100,0.08632493338,-0.00550499026,0.00550499026,0.08650028347,-3.648843672
03_5,B03,5,60,11,200,0.08370940192,-0.005242872509,0.005242872509,0.08387342656,-3.58385787
03_5,B03,5,60,12,400,0.08144846387,-0.00436268953,0.00436268953,0.08156522131,-3.066049878
03_5,B03,5,60,13,1000,0.07891828319,-0.00342570052,0.00342570052,0.07899259995,-2.485546219
03_5,B03,5,70,0,0.05,0.1029543305,-0.006083552978,0.006083552978,0.1031339119,-3.381665208
03_5,B03,5,70,1,0.1,0.1010886668,-0.004791949228,0.004791949228,0.1012021805,-2.713984662
03_5,B03,5,70,2,0.2,0.09966958291,-0.003308651012,0.003308651012,0.0997244851,-1.901303729
03_5,B03,5,70,3,0.4,0.0990424891,-0.002444403696,0.002444403696,0.09907264888,-1.413793114
03_5,B03,5,70,4,1,0.09788184297,-0.002130863429,0.002130863429,0.0979050344,-1.247117913
03_5,B03,5,70,5,2,0.09695300812,-0.002452264159,0.002452264159,0.09698401612,-1.448891975
03_5,B03,5,70,6,4,0.09632239993,-0.002825329346,0.002825329346,0.09636382731,-1.680118499
03_5,B03,5,70,7,10,0.09461438537,-0.003982272274,0.003982272274,0.09469815421,-2.410128243
03_5,B03,5,70,8,20,0.09256861723,-0.004843027091,0.004843027091,0.09269521998,-2.994883779
03_5,B03,5,70,9,40,0.08989358791,-0.005502760602,0.005502760602,0.09006185387,-3.502942083
03_5,B03,5,70,10,100,0.08619581059,-0.005575367341,0.005575367341,0.08637593695,-3.700883243
03_5,B03,5,70,11,200,0.08354062588,-0.005209627603,0.005209627603,0.08370290552,-3.568367455
03_5,B03,5,70,12,400,0.08125193489,-0.004585742252,0.004585742252,0.08138123835,-3.230264434
03_5,B03,5,70,13,1000,0.07875392589,-0.00339271446,0.00339271446,0.07882697098,-2.466773527
03_5,B03,5,80,0,0.05,0.1037003676,-0.006010544531,0.006010544531,0.1038744092,-3.317191418
03_5,B03,5,80,1,0.1,0.1017006425,-0.004593308359,0.004593308359,0.1018043181,-2.586005805
03_5,B03,5,80,2,0.2,0.1004042782,-0.003231509114,0.003231509114,0.1004562677,-1.843426849
03_5,B03,5,80,3,0.4,0.09963523573,-0.002400611483,0.002400611483,0.0996641517,-1.380217537
03_5,B03,5,80,4,1,0.09843817294,-0.002326367633,0.002326367633,0.09846565837,-1.353806522
03_5,B03,5,80,5,2,0.09768357709,-0.00242228954,0.00242228954,0.09771360561,-1.420489862
03_5,B03,5,80,6,4,0.09686576164,-0.002738439857,0.002738439857,0.09690446238,-1.619346859
03_5,B03,5,80,7,10,0.09516563046,-0.004067396902,0.004067396902,0.09525251146,-2.447342885
03_5,B03,5,80,8,20,0.09302469954,-0.005131939121,0.005131939121,0.0931661501,-3.157663503
03_5,B03,5,80,9,40,0.09036771603,-0.00566182061,0.00566182061,0.09054490772,-3.585074077
03_5,B03,5,80,10,100,0.08651868073,-0.005849089311,0.005849089311,0.08671616897,-3.867592117
03_5,B03,5,80,11,200,0.08373886065,-0.005302421026,0.005302421026,0.08390656978,-3.623183748
03_5,B03,5,80,12,400,0.08149121982,-0.0046354752,0.0046354752,0.0816229535,-3.255654553
03_5,B03,5,80,13,1000,0.07885015456,-0.003544516598,0.003544516598,0.07892978191,-2.573859419
03_5,B03,5,90,0,0.05,0.1044772442,-0.005613370535,0.005613370535,0.1046279336,-3.075440019
03_5,B03,5,90,1,0.1,0.1028684096,-0.004297809341,0.004297809341,0.102958151,-2.392408024
03_5,B03,5,90,2,0.2,0.1015882634,-0.003050845335,0.003050845335,0.1016340637,-1.720159731
03_5,B03,5,90,3,0.4,0.1009366076,-0.002340353993,0.002340353993,0.1009637361,-1.328243416
03_5,B03,5,90,4,1,0.099751681,-0.002239721332,0.002239721332,0.09977682203,-1.286244203
03_5,B03,5,90,5,2,0.09912260903,-0.002414943502,0.002414943502,0.09915202254,-1.395632188
03_5,B03,5,90,6,4,0.09813817735,-0.002889902681,0.002889902681,0.09818071802,-1.686717605
03_5,B03,5,90,7,10,0.09633465511,-0.004395118605,0.004395118605,0.09643486321,-2.612219268
03_5,B03,5,90,8,20,0.09400327536,-0.005499954356,0.005499954356,0.09416403388,-3.348450679
03_5,B03,5,90,9,40,0.09120562934,-0.006083848076,0.006083848076,0.09140831488,-3.816246796
03_5,B03,5,90,10,100,0.08705259249,-0.006057038275,0.006057038275,0.08726305961,-3.980172226
03_5,B03,5,90,11,200,0.08424189206,-0.005701519205,0.005701519205,0.08443461197,-3.871892673
03_5,B03,5,90,12,400,0.08171246932,-0.004773851222,0.004773851222,0.08185180082,-3.343565198
03_5,B03,5,90,13,1000,0.07913089614,-0.003477631611,0.003477631611,0.07920727647,-2.516406257
03_5,B03,5,100,0,0.05,0.1055313058,-0.00504807117,0.00504807117,0.1056519736,-2.738645826
03_5,B03,5,100,1,0.1,0.1045673849,-0.003469573553,0.003469573553,0.1046249297,-1.90039196
03_5,B03,5,100,2,0.2,0.1037489742,-0.002627790243,0.002627790243,0.1037822477,-1.450897299
03_5,B03,5,100,3,0.4,0.1028640033,-0.002014991088,0.002014991088,0.1028837371,-1.122216886
03_5,B03,5,100,4,1,0.1021710779,-0.002071016507,0.002071016507,0.1021920656,-1.161231339
03_5,B03,5,100,5,2,0.101511087,-0.002492413339,0.002492413339,0.1015416806,-1.406507239
03_5,B03,5,100,6,4,0.1006858179,-0.003201336628,0.003201336628,0.1007366988,-1.82112346
03_5,B03,5,100,7,10,0.09833667324,-0.004964392175,0.004964392175,0.09846190377,-2.890045383
03_5,B03,5,100,8,20,0.09555673905,-0.006235625358,0.006235625358,0.09575997808,-3.733584691
03_5,B03,5,100,9,40,0.09231104814,-0.006759800674,0.006759800674,0.0925582223,-4.188209034
03_5,B03,5,100,10,100,0.08799501961,-0.00655607379,0.00655607379,0.08823891194,-4.260952663
03_5,B03,5,100,11,200,0.08494534714,-0.006037032731,0.006037032731,0.08515960172,-4.06515371
03_5,B03,5,100,12,400,0.08226004326,-0.005200336577,0.005200336577,0.08242425745,-3.617325516
03_5,B03,5,100,13,1000,0.07943340844,-0.003785095868,0.003785095868,0.07952353945,-2.728148037
03_6,B03,6,10,0,0.05,0.1162459175,-0.006076696731,0.006076696731,0.1164046373,-2.992384285
03_6,B03,6,10,1,0.1,0.1141650519,-0.005030465279,0.005030465279,0.1142758271,-2.522997249
03_6,B03,6,10,2,0.2,0.1126551268,-0.004194122706,0.004194122706,0.1127331728,-2.132123086
03_6,B03,6,10,3,0.4,0.111638381,-0.004046958037,0.004046958037,0.1117117092,-2.076097168
03_6,B03,6,10,4,1,0.1092573836,-0.005049630798,0.005049630798,0.1093740126,-2.646199108
03_6,B03,6,10,5,2,0.107024181,-0.006004496951,0.006004496951,0.1071924872,-3.211162593
03_6,B03,6,10,6,4,0.1037067024,-0.006754405877,0.006754405877,0.1039264265,-3.726404615
03_6,B03,6,10,7,10,0.09934390275,-0.006639358122,0.006639358122,0.09956551657,-3.8235094
03_6,B03,6,10,8,20,0.09638237081,-0.00650748067,0.00650748067,0.09660180489,-3.862596038
03_6,B03,6,10,9,40,0.09364840696,-0.006242873152,0.006242873152,0.09385626027,-3.813859222
03_6,B03,6,10,10,100,0.08999057859,-0.0058451693,0.0058451693,0.0901802098,-3.716319525
03_6,B03,6,10,11,200,0.0874395281,-0.005443158212,0.005443158212,0.08760878406,-3.562097006
03_6,B03,6,10,12,400,0.08492534986,-0.004856142796,0.004856142796,0.08506407686,-3.272683961
03_6,B03,6,10,13,1000,0.0823172768,-0.003625581323,0.003625581323,0.08239708065,-2.521904862
03_6,B03,6,20,0,0.05,0.1045566526,-0.003869654448,0.003869654448,0.1046282362,-2.119556379
03_6,B03,6,20,1,0.1,0.1035512954,-0.00326749413,0.00326749413,0.1036028345,-1.807331572
03_6,B03,6,20,2,0.2,0.1024262204,-0.002326562137,0.002326562137,0.1024526403,-1.301222208
03_6,B03,6,20,3,0.4,0.1019757153,-0.001608367345,0.001608367345,0.1019883982,-0.9035976887
03_6,B03,6,20,4,1,0.1011341078,-0.002116973107,0.002116973107,0.101156262,-1.199159375
03_6,B03,6,20,5,2,0.1004680444,-0.00269535129,0.00269535129,0.1005041932,-1.536759473
03_6,B03,6,20,6,4,0.09922961035,-0.00328062977,0.00328062977,0.09928382599,-1.893565842
03_6,B03,6,20,7,10,0.09685955141,-0.004553468805,0.004553468805,0.09696652401,-2.691552868
03_6,B03,6,20,8,20,0.09460154603,-0.004982123446,0.004982123446,0.09473264519,-3.014656645
03_6,B03,6,20,9,40,0.09187025397,-0.005327950879,0.005327950879,0.09202461967,-3.319110741
03_6,B03,6,20,10,100,0.08855714916,-0.005296725897,0.005296725897,0.08871541001,-3.422862262
03_6,B03,6,20,11,200,0.08624613215,-0.004873084129,0.004873084129,0.08638369209,-3.233891113
03_6,B03,6,20,12,400,0.08401255349,-0.004341664501,0.004341664501,0.0841246646,-2.958343042
03_6,B03,6,20,13,1000,0.08147569446,-0.00339535229,0.00339535229,0.08154641135,-2.386317279
03_6,B03,6,30,0,0.05,0.1018333643,-0.00353854782,0.00353854782,0.1018948252,-1.99013668
03_6,B03,6,30,1,0.1,0.1005766468,-0.002932820263,0.002932820263,0.1006193983,-1.670274608
03_6,B03,6,30,2,0.2,0.09990341213,-0.001869033512,0.001869033512,0.09992089392,-1.071787626
03_6,B03,6,30,3,0.4,0.09950347676,-0.001386080602,0.001386080602,0.09951313033,-0.7980769613
03_6,B03,6,30,4,1,0.09887859165,-0.001442963659,0.001442963659,0.09888911988,-0.8360744021
03_6,B03,6,30,5,2,0.09846763637,-0.00189615689,0.00189615689,0.09848589149,-1.103188472
03_6,B03,6,30,6,4,0.09757832796,-0.002434706006,0.002434706006,0.09760869778,-1.429307544
03_6,B03,6,30,7,10,0.09582149059,-0.003602721054,0.003602721054,0.09588919469,-2.153207228
03_6,B03,6,30,8,20,0.09393742746,-0.004597586731,0.004597586731,0.09404987018,-2.801995844
03_6,B03,6,30,9,40,0.09152881463,-0.005169891169,0.005169891169,0.09167470579,-3.232845671
03_6,B03,6,30,10,100,0.08800553319,-0.005298377911,0.005298377911,0.08816488349,-3.445336826
03_6,B03,6,30,11,200,0.0856156689,-0.004998196667,0.004998196667,0.08576144081,-3.341104537
03_6,B03,6,30,12,400,0.08335511978,-0.004436692762,0.004436692762,0.08347311086,-3.046772902
03_6,B03,6,30,13,1000,0.08102501208,-0.003415810776,0.003415810776,0.08109698111,-2.414016568
03_6,B03,6,40,0,0.05,0.100632898,-0.00360142329,0.00360142329,0.1006973207,-2.049611341
03_6,B03,6,40,1,0.1,0.09944278573,-0.002636574759,0.002636574759,0.09947773199,-1.518754952
03_6,B03,6,40,2,0.2,0.09883292121,-0.001843080507,0.001843080507,0.09885010501,-1.068353482
03_6,B03,6,40,3,0.4,0.09862810499,-0.001424091354,0.001424091354,0.09863838569,-0.8272363595
03_6,B03,6,40,4,1,0.0978254605,-0.001420564245,0.001420564245,0.09783577426,-0.8319573958
03_6,B03,6,40,5,2,0.09759070937,-0.001692470938,0.001692470938,0.09760538414,-0.9935548399
03_6,B03,6,40,6,4,0.09682642054,-0.00200612164,0.00200612164,0.09684720047,-1.186926665
03_6,B03,6,40,7,10,0.09544393582,-0.003333929302,0.003333929302,0.09550214641,-2.000571769
03_6,B03,6,40,8,20,0.09372246325,-0.004518539795,0.004518539795,0.09383132377,-2.760202203
03_6,B03,6,40,9,40,0.09124320111,-0.0051355807,0.0051355807,0.0913876137,-3.221467082
03_6,B03,6,40,10,100,0.08771094841,-0.005247846617,0.005247846617,0.0878678005,-3.423990384
03_6,B03,6,40,11,200,0.08532977215,-0.004983615919,0.004983615919,0.08547518027,-3.342516343
03_6,B03,6,40,12,400,0.08313876501,-0.004319290283,0.004319290283,0.08325088898,-2.974001467
03_6,B03,6,40,13,1000,0.08070869895,-0.003218718875,0.003218718875,0.08077285582,-2.283785163
03_6,B03,6,50,0,0.05,0.1008623504,-0.004017156263,0.004017156263,0.1009423166,-2.280776839
03_6,B03,6,50,1,0.1,0.0995006969,-0.00307479998,0.00307479998,0.09954819475,-1.770007853
03_6,B03,6,50,2,0.2,0.09887922457,-0.002068482501,0.002068482501,0.09890085779,-1.198411843
03_6,B03,6,50,3,0.4,0.09840270697,-0.001463769401,0.001463769401,0.09841359337,-0.852228829
03_6,B03,6,50,4,1,0.0975792035,-0.00145765031,0.00145765031,0.09759009017,-0.8558278441
03_6,B03,6,50,5,2,0.09727499499,-0.001717261715,0.001717261715,0.09729015181,-1.011376348
03_6,B03,6,50,6,4,0.09637308862,-0.002189225586,0.002189225586,0.0963979508,-1.301315745
03_6,B03,6,50,7,10,0.09523011407,-0.003465445573,0.003465445573,0.09529314738,-2.08408686
03_6,B03,6,50,8,20,0.09325549827,-0.004333660775,0.004333660775,0.09335613838,-2.660668485
03_6,B03,6,50,9,40,0.09097802504,-0.004963652418,0.004963652418,0.0911133299,-3.122893174
03_6,B03,6,50,10,100,0.0876078856,-0.005170010438,0.005170010438,0.08776030211,-3.37728307
03_6,B03,6,50,11,200,0.0851683793,-0.004896521649,0.004896521649,0.0853090192,-3.290441036
03_6,B03,6,50,12,400,0.08298293504,-0.004385680386,0.004385680386,0.08309874668,-3.025289613
03_6,B03,6,50,13,1000,0.0805219547,-0.003312689299,0.003312689299,0.08059006824,-2.355831318
03_6,B03,6,60,0,0.05,0.1038227097,-0.005580708726,0.005580708726,0.1039725894,-3.076818524
03_6,B03,6,60,1,0.1,0.1013583178,-0.004989434709,0.004989434709,0.1014810477,-2.818150355
03_6,B03,6,60,2,0.2,0.09966801248,-0.003227668458,0.003227668458,0.09972026151,-1.85482953
03_6,B03,6,60,3,0.4,0.09929610445,-0.002226118507,0.002226118507,0.09932105498,-1.284298446
03_6,B03,6,60,4,1,0.09815979536,-0.002068131975,0.002068131975,0.09818157971,-1.206988099
03_6,B03,6,60,5,2,0.09751780061,-0.002170465432,0.002170465432,0.09754195177,-1.275028551
03_6,B03,6,60,6,4,0.09676101949,-0.002496404616,0.002496404616,0.09679321737,-1.477885686
03_6,B03,6,60,7,10,0.09513938391,-0.003571423689,0.003571423689,0.0952063939,-2.149808617
03_6,B03,6,60,8,20,0.09333985607,-0.004500365007,0.004500365007,0.09344828526,-2.760368436
03_6,B03,6,60,9,40,0.09101819599,-0.004955446596,0.004955446596,0.09115299475,-3.116367352
03_6,B03,6,60,10,100,0.08757717555,-0.005265319004,0.005265319004,0.08773531365,-3.440597967
03_6,B03,6,60,11,200,0.08503557174,-0.004832998091,0.004832998091,0.08517280277,-3.252907031
03_6,B03,6,60,12,400,0.08286294053,-0.004510715837,0.004510715837,0.08298562207,-3.115870028
03_6,B03,6,60,13,1000,0.080352522,-0.003287365373,0.003287365373,0.08041973989,-2.3427663
03_6,B03,6,70,0,0.05,0.1031364498,-0.00616939582,0.00616939582,0.1033208049,-3.423228566
03_6,B03,6,70,1,0.1,0.1013263026,-0.004660406792,0.004660406792,0.1014334215,-2.63340891
03_6,B03,6,70,2,0.2,0.09996301463,-0.003075107676,0.003075107676,0.1000103024,-1.762003132
03_6,B03,6,70,3,0.4,0.09929107525,-0.002482641242,0.002482641242,0.09932210797,-1.432306307
03_6,B03,6,70,4,1,0.09794263788,-0.002212639453,0.002212639453,0.09796762775,-1.294158955
03_6,B03,6,70,5,2,0.09747492047,-0.002281838886,0.002281838886,0.09750162516,-1.341020469
03_6,B03,6,70,6,4,0.09641837909,-0.002730820142,0.002730820142,0.09645704332,-1.622332312
03_6,B03,6,70,7,10,0.09495816779,-0.003429836004,0.003429836004,0.09502008948,-2.068592308
03_6,B03,6,70,8,20,0.0930215914,-0.004562789647,0.004562789647,0.09313342857,-2.808156936
03_6,B03,6,70,9,40,0.09055948722,-0.005097214805,0.005097214805,0.09070282423,-3.221540633
03_6,B03,6,70,10,100,0.0872509186,-0.005413104526,0.005413104526,0.08741867362,-3.550117757
03_6,B03,6,70,11,200,0.08470827669,-0.004996806074,0.004996806074,0.08485552552,-3.375874634
03_6,B03,6,70,12,400,0.08225261329,-0.004451422623,0.004451422623,0.08237297831,-3.097763781
03_6,B03,6,70,13,1000,0.07992081868,-0.003284002047,0.003284002047,0.07998826119,-2.352999737
03_6,B03,6,80,0,0.05,0.103814857,-0.005852576552,0.005852576552,0.103979696,-3.226641927
03_6,B03,6,80,1,0.1,0.1019777114,-0.004574556125,0.004574556125,0.1020802634,-2.56847462
03_6,B03,6,80,2,0.2,0.1005060224,-0.003185389743,0.003185389743,0.1005564879,-1.815297351
03_6,B03,6,80,3,0.4,0.09987837188,-0.002426096914,0.002426096914,0.09990783311,-1.391470264
03_6,B03,6,80,4,1,0.09877549283,-0.00219226342,0.00219226342,0.09879981783,-1.271437071
03_6,B03,6,80,5,2,0.0981041688,-0.002371160658,0.002371160658,0.09813281989,-1.384559434
03_6,B03,6,80,6,4,0.09711176699,-0.002835526516,0.002835526516,0.09715315485,-1.672480698
03_6,B03,6,80,7,10,0.09543956743,-0.003920952651,0.003920952651,0.09552007591,-2.35256488
03_6,B03,6,80,8,20,0.09346615891,-0.004848376332,0.004848376332,0.09359182451,-2.969446313
03_6,B03,6,80,9,40,0.09097949274,-0.005449612829,0.005449612829,0.09114256074,-3.427884414
03_6,B03,6,80,10,100,0.0873045456,-0.005524099516,0.005524099516,0.0874791367,-3.620501188
03_6,B03,6,80,11,200,0.08472171414,-0.005227437235,0.005227437235,0.0848828307,-3.530746245
03_6,B03,6,80,12,400,0.08247401505,-0.004554046201,0.004554046201,0.08259965191,-3.160546017
03_6,B03,6,80,13,1000,0.08004433077,-0.003441006901,0.003441006901,0.08011825894,-2.461559182
03_6,B03,6,90,0,0.05,0.1046908609,-0.005371428773,0.005371428773,0.1048285677,-2.937129048
03_6,B03,6,90,1,0.1,0.1029509688,-0.004233694683,0.004233694683,0.1030379841,-2.354870841
03_6,B03,6,90,2,0.2,0.1016258983,-0.002811898855,0.002811898855,0.1016647923,-1.584919239
03_6,B03,6,90,3,0.4,0.1008509432,-0.002115870962,0.002115870962,0.1008731365,-1.201899454
03_6,B03,6,90,4,1,0.1000048068,-0.002196905624,0.002196905624,0.1000289347,-1.258471283
03_6,B03,6,90,5,2,0.09923055782,-0.002388480062,0.002388480062,0.09925929902,-1.378843478
03_6,B03,6,90,6,4,0.0984668198,-0.002907442898,0.002907442898,0.09850973467,-1.691288707
03_6,B03,6,90,7,10,0.09663950368,-0.004194353283,0.004194353283,0.09673048264,-2.485195007
03_6,B03,6,90,8,20,0.09425682923,-0.00531130562,0.00531130562,0.09440635478,-3.225165951
03_6,B03,6,90,9,40,0.09166968144,-0.005852270378,0.005852270378,0.09185629844,-3.652854055
03_6,B03,6,90,10,100,0.08784149883,-0.005799202483,0.005799202483,0.0880327193,-3.777125356
03_6,B03,6,90,11,200,0.08514974928,-0.005358089567,0.005358089567,0.08531816294,-3.600617565
03_6,B03,6,90,12,400,0.08275364722,-0.004620341672,0.004620341672,0.08288252944,-3.195647878
03_6,B03,6,90,13,1000,0.08013488516,-0.003528136945,0.003528136945,0.08021251505,-2.520960657
03_6,B03,6,100,0,0.05,0.1055949014,-0.005201958841,0.005201958841,0.1057229567,-2.820302143
03_6,B03,6,100,1,0.1,0.1045456578,-0.003421730688,0.003421730688,0.1046016387,-1.874595
03_6,B03,6,100,2,0.2,0.1037871844,-0.002493976031,0.002493976031,0.1038171449,-1.376536105
03_6,B03,6,100,3,0.4,0.1032713951,-0.001926021664,0.001926021664,0.1032893538,-1.06844805
03_6,B03,6,100,4,1,0.1024753024,-0.002035742162,0.002035742162,0.1024955211,-1.138070259
03_6,B03,6,100,5,2,0.1017592699,-0.002492900518,0.002492900518,0.1017898009,-1.403352393
03_6,B03,6,100,6,4,0.1009424903,-0.003005585409,0.003005585409,0.1009872264,-1.705490864
03_6,B03,6,100,7,10,0.09850613879,-0.004813169321,0.004813169321,0.09862365831,-2.797339728
03_6,B03,6,100,8,20,0.09590538444,-0.00591660703,0.00591660703,0.09608771515,-3.530224385
03_6,B03,6,100,9,40,0.09283770966,-0.006217966837,0.006217966837,0.09304570622,-3.831761565
03_6,B03,6,100,10,100,0.08870636081,-0.006271648768,0.006271648768,0.08892779108,-4.044152559
03_6,B03,6,100,11,200,0.08571127837,-0.005892436935,0.005892436935,0.0859135848,-3.932754255
03_6,B03,6,100,12,400,0.08316348811,-0.005076804853,0.005076804853,0.08331830353,-3.493347514
03_6,B03,6,100,13,1000,0.08051634494,-0.003842084577,0.003842084577,0.08060796125,-2.731971691
03_7,B03,7,10,0,0.05,0.1158584496,-0.005965077426,0.005965077426,0.1160119067,-2.947322792
03_7,B03,7,10,1,0.1,0.1140869163,-0.004967076593,0.004967076593,0.1141949925,-2.492949421
03_7,B03,7,10,2,0.2,0.1124677696,-0.004066594341,0.004066594341,0.1125412653,-2.070790884
03_7,B03,7,10,3,0.4,0.1114004826,-0.003707738536,0.003707738536,0.1114621678,-1.906269827
03_7,B03,7,10,4,1,0.1091332144,-0.004731116207,0.004731116207,0.1092357174,-2.482318219
03_7,B03,7,10,5,2,0.106946066,-0.005761827905,0.005761827905,0.1071011657,-3.08388682
03_7,B03,7,10,6,4,0.1041892787,-0.006428116363,0.006428116363,0.1043873866,-3.530475449
03_7,B03,7,10,7,10,0.09986904756,-0.006335691072,0.006335691072,0.1000698138,-3.629978942
03_7,B03,7,10,8,20,0.09689940051,-0.005997441079,0.005997441079,0.09708482435,-3.541717237
03_7,B03,7,10,9,40,0.09456370685,-0.005805239103,0.005805239103,0.09474173027,-3.512962958
03_7,B03,7,10,10,100,0.09125125819,-0.005504873498,0.005504873498,0.0914171524,-3.452272763
03_7,B03,7,10,11,200,0.08855837936,-0.00521339276,0.00521339276,0.08871170171,-3.369088877
03_7,B03,7,10,12,400,0.08625786057,-0.004586179234,0.004586179234,0.08637969408,-3.043450509
03_7,B03,7,10,13,1000,0.0838392624,-0.003522921564,0.003522921564,0.08391324625,-2.406150261
03_7,B03,7,20,0,0.05,0.107357936,-0.004211982991,0.004211982991,0.1074405287,-2.246737889
03_7,B03,7,20,1,0.1,0.1058947888,-0.003425631324,0.003425631324,0.1059501829,-1.852837107
03_7,B03,7,20,2,0.2,0.1050252207,-0.002438877727,0.002438877727,0.1050535345,-1.330273717
03_7,B03,7,20,3,0.4,0.1044506663,-0.001905282041,0.001905282041,0.104468042,-1.045015014
03_7,B03,7,20,4,1,0.1034491623,-0.002129314478,0.002129314478,0.1034710741,-1.179163806
03_7,B03,7,20,5,2,0.10264064,-0.002819941391,0.002819941391,0.1026793701,-1.573744148
03_7,B03,7,20,6,4,0.1015863676,-0.003758737633,0.003758737633,0.1016558813,-2.119000908
03_7,B03,7,20,7,10,0.09872381684,-0.00493570627,0.00493570627,0.09884712038,-2.862124699
03_7,B03,7,20,8,20,0.09610470965,-0.005357379958,0.005357379958,0.09625391804,-3.190664597
03_7,B03,7,20,9,40,0.0935522214,-0.005430399319,0.005430399319,0.09370969729,-3.322104055
03_7,B03,7,20,10,100,0.09009322859,-0.005499656589,0.005499656589,0.09026093319,-3.493232359
03_7,B03,7,20,11,200,0.08767289949,-0.005103040305,0.005103040305,0.08782128628,-3.331167991
03_7,B03,7,20,12,400,0.08542654888,-0.004426483629,0.004426483629,0.0855411539,-2.966199804
03_7,B03,7,20,13,1000,0.08293678615,-0.003372118897,0.003372118897,0.08300531117,-2.328301205
03_7,B03,7,30,0,0.05,0.1038369182,-0.003846082924,0.003846082924,0.1039081225,-2.121245803
03_7,B03,7,30,1,0.1,0.1026009781,-0.003007925078,0.003007925078,0.1026450599,-1.679243868
03_7,B03,7,30,2,0.2,0.1018336178,-0.001884023662,0.001884023662,0.1018510444,-1.05990824
03_7,B03,7,30,3,0.4,0.1016044323,-0.001579224956,0.001579224956,0.1016167044,-0.8904694173
03_7,B03,7,30,4,1,0.1008573322,-0.001551366256,0.001551366256,0.1008692629,-0.8812421252
03_7,B03,7,30,5,2,0.1002677587,-0.001970351673,0.001970351673,0.1002871164,-1.125768725
03_7,B03,7,30,6,4,0.09939361144,-0.002559741909,0.002559741909,0.09942656725,-1.475245686
03_7,B03,7,30,7,10,0.09778032925,-0.004013389351,0.004013389351,0.09786265929,-2.350383477
03_7,B03,7,30,8,20,0.09547623076,-0.004982718777,0.004982718777,0.09560616155,-2.987445061
03_7,B03,7,30,9,40,0.09294565139,-0.005401292396,0.005401292396,0.09310246007,-3.325853242
03_7,B03,7,30,10,100,0.08934444611,-0.005411923294,0.005411923294,0.08950820613,-3.466381671
03_7,B03,7,30,11,200,0.08689931943,-0.005052884053,0.005052884053,0.08704609902,-3.327797221
03_7,B03,7,30,12,400,0.08466996116,-0.004389383714,0.004389383714,0.08478366006,-2.967619504
03_7,B03,7,30,13,1000,0.08216134818,-0.003436386483,0.003436386483,0.08223317997,-2.394991793
03_7,B03,7,40,0,0.05,0.1023197861,-0.00366168216,0.00366168216,0.1023852848,-2.049549246
03_7,B03,7,40,1,0.1,0.1010055977,-0.002694141089,0.002694141089,0.101041522,-1.527898703
03_7,B03,7,40,2,0.2,0.1005161248,-0.001776207078,0.001776207078,0.1005318171,-1.012360738
03_7,B03,7,40,3,0.4,0.1001983041,-0.001401069787,0.001401069787,0.1002080992,-0.8011129034
03_7,B03,7,40,4,1,0.09946034476,-0.001462606724,0.001462606724,0.0994710983,-0.84249811
03_7,B03,7,40,5,2,0.09895152579,-0.001800828092,0.001800828092,0.09896791115,-1.042616164
03_7,B03,7,40,6,4,0.09849441484,-0.002383993027,0.002383993027,0.09852326211,-1.386536222
03_7,B03,7,40,7,10,0.09672266981,-0.003464068369,0.003464068369,0.09678468177,-2.051139644
03_7,B03,7,40,8,20,0.09481506753,-0.004566680304,0.004566680304,0.09492497879,-2.757467471
03_7,B03,7,40,9,40,0.09227632423,-0.005134696136,0.005134696136,0.09241907334,-3.184926781
03_7,B03,7,40,10,100,0.0889495378,-0.005336078134,0.005336078134,0.08910944958,-3.433056482
03_7,B03,7,40,11,200,0.08635450076,-0.005062964754,0.005062964754,0.08650279425,-3.355410603
03_7,B03,7,40,12,400,0.08424429398,-0.004437442766,0.004437442766,0.08436108088,-3.015183406
03_7,B03,7,40,13,1000,0.08164691823,-0.003331498174,0.003331498174,0.08171485872,-2.336584888
03_7,B03,7,50,0,0.05,0.1019779304,-0.003900789255,0.003900789255,0.1020525083,-2.190570555
03_7,B03,7,50,1,0.1,0.1007942653,-0.003281431494,0.003281431494,0.1008476658,-1.864647695
03_7,B03,7,50,2,0.2,0.09988767855,-0.002106693879,0.002106693879,0.09990989183,-1.208224853
03_7,B03,7,50,3,0.4,0.09949007594,-0.001498684473,0.001498684473,0.09950136314,-0.8630187514
03_7,B03,7,50,4,1,0.09878773475,-0.001431299984,0.001431299984,0.098798103,-0.8300798768
03_7,B03,7,50,5,2,0.09840106863,-0.001853694738,0.001853694738,0.09841852718,-1.079219215
03_7,B03,7,50,6,4,0.0977618839,-0.002083827306,0.002083827306,0.09778409012,-1.221093825
03_7,B03,7,50,7,10,0.0962207133,-0.003503893997,0.003503893997,0.09628448962,-2.085514252
03_7,B03,7,50,8,20,0.09436582265,-0.004564312341,0.004564312341,0.09447614213,-2.769140077
03_7,B03,7,50,9,40,0.09186520009,-0.00503234352,0.00503234352,0.09200293185,-3.135508906
03_7,B03,7,50,10,100,0.08847346058,-0.005210507855,0.005210507855,0.08862676017,-3.370453328
03_7,B03,7,50,11,200,0.08605055335,-0.004887844834,0.004887844834,0.08618926128,-3.251022298
03_7,B03,7,50,12,400,0.08376545198,-0.004350677121,0.004350677121,0.08387836036,-2.973202455
03_7,B03,7,50,13,1000,0.08145811051,-0.003388653434,0.003388653434,0.08152856395,-2.382128138
03_7,B03,7,60,0,0.05,0.1046634796,-0.005471292082,0.005471292082,0.1048063881,-2.992417836
03_7,B03,7,60,1,0.1,0.1023409036,-0.005110974207,0.005110974207,0.1024684469,-2.859014843
03_7,B03,7,60,2,0.2,0.1005457625,-0.003368295536,0.003368295536,0.1006021658,-1.91869819
03_7,B03,7,60,3,0.4,0.1000140278,-0.002286425995,0.002286425995,0.1000401595,-1.309613739
03_7,B03,7,60,4,1,0.0986752453,-0.002132150454,0.002132150454,0.0986982781,-1.237840502
03_7,B03,7,60,5,2,0.09809616358,-0.002333861368,0.002333861368,0.09812392276,-1.362899218
03_7,B03,7,60,6,4,0.09774860216,-0.002555504069,0.002555504069,0.09778200154,-1.497578987
03_7,B03,7,60,7,10,0.09587319756,-0.003605782201,0.003605782201,0.09594098017,-2.15387386
03_7,B03,7,60,8,20,0.093857521,-0.00450451981,0.00450451981,0.09396555192,-2.747697657
03_7,B03,7,60,9,40,0.09152384545,-0.005185927438,0.005185927438,0.09167065031,-3.243027822
03_7,B03,7,60,10,100,0.08812053977,-0.005219802597,0.005219802597,0.08827500138,-3.38994294
03_7,B03,7,60,11,200,0.0856042441,-0.004972022273,0.004972022273,0.08574851377,-3.324089858
03_7,B03,7,60,12,400,0.08342871657,-0.00444444216,0.00444444216,0.0835470156,-3.049397211
03_7,B03,7,60,13,1000,0.08105166079,-0.003227374606,0.003227374606,0.08111589033,-2.280240842
03_7,B03,7,70,0,0.05,0.104082909,-0.006129164346,0.006129164346,0.1042632178,-3.370103406
03_7,B03,7,70,1,0.1,0.102159076,-0.004811273616,0.004811273616,0.1022723088,-2.696403912
03_7,B03,7,70,2,0.2,0.1007776199,-0.003293508605,0.003293508605,0.100831423,-1.871814442
03_7,B03,7,70,3,0.4,0.100101471,-0.002535607436,0.002535607436,0.1001335798,-1.451013089
03_7,B03,7,70,4,1,0.09887176453,-0.002179908925,0.002179908925,0.09889579276,-1.263043594
03_7,B03,7,70,5,2,0.09813203444,-0.002418723066,0.002418723066,0.09816183782,-1.411919882
03_7,B03,7,70,6,4,0.09720130489,-0.002449205184,0.002449205184,0.0972321566,-1.443390429
03_7,B03,7,70,7,10,0.09545176872,-0.003656693694,0.003656693694,0.09552178579,-2.193890322
03_7,B03,7,70,8,20,0.09367644579,-0.004614880116,0.004614880116,0.09379005072,-2.820341409
03_7,B03,7,70,9,40,0.09127087653,-0.005155745047,0.005155745047,0.09141638042,-3.233110486
03_7,B03,7,70,10,100,0.08780885931,-0.005205024042,0.005205024042,0.0879629925,-3.392338214
03_7,B03,7,70,11,200,0.08530394045,-0.005002728614,0.005002728614,0.08545050936,-3.356319745
03_7,B03,7,70,12,400,0.08308110908,-0.004410374059,0.004410374059,0.08319808944,-3.038703437
03_7,B03,7,70,13,1000,0.08065745367,-0.003319670091,0.003319670091,0.08072573965,-2.356828635
03_7,B03,7,80,0,0.05,0.1041281737,-0.005800562696,0.005800562696,0.1042896116,-3.188422617
03_7,B03,7,80,1,0.1,0.1022816928,-0.004638140977,0.004638140977,0.1023868011,-2.596397913
03_7,B03,7,80,2,0.2,0.1008615291,-0.003310064301,0.003310064301,0.1009158291,-1.879652964
03_7,B03,7,80,3,0.4,0.1001167516,-0.002431810151,0.002431810151,0.1001462812,-1.391426151
03_7,B03,7,80,4,1,0.09887166788,-0.002237072894,0.002237072894,0.09889697268,-1.296154624
03_7,B03,7,80,5,2,0.0981724612,-0.002436595553,0.002436595553,0.09820269414,-1.421763131
03_7,B03,7,80,6,4,0.09752396638,-0.002592259544,0.002592259544,0.09755841239,-1.522605899
03_7,B03,7,80,7,10,0.09574414384,-0.003774833593,0.003774833593,0.09581852873,-2.257788977
03_7,B03,7,80,8,20,0.09367331039,-0.004709259597,0.004709259597,0.09379161052,-2.878020728
03_7,B03,7,80,9,40,0.09123652552,-0.005251046104,0.005251046104,0.09138751049,-3.293979417
03_7,B03,7,80,10,100,0.08767106059,-0.005514909883,0.005514909883,0.08784434584,-3.599423435
03_7,B03,7,80,11,200,0.08506268437,-0.005085354516,0.005085354516,0.08521455921,-3.421276556
03_7,B03,7,80,12,400,0.08279863323,-0.004502852208,0.004502852208,0.08292098253,-3.112859785
03_7,B03,7,80,13,1000,0.08041184139,-0.003339038592,0.003339038592,0.08048113701,-2.377796249
03_7,B03,7,90,0,0.05,0.1048151106,-0.005518339456,0.005518339456,0.1049602758,-3.013744029
03_7,B03,7,90,1,0.1,0.1030811659,-0.004380373835,0.004380373835,0.1031741946,-2.433286676
03_7,B03,7,90,2,0.2,0.1020580464,-0.002953416984,0.002953416984,0.1021007714,-1.657597035
03_7,B03,7,90,3,0.4,0.1012633343,-0.002379429076,0.002379429076,0.1012912857,-1.34605642
03_7,B03,7,90,4,1,0.1001907859,-0.002219959388,0.002219959388,0.1002153771,-1.269313274
03_7,B03,7,90,5,2,0.09941914922,-0.002483651253,0.002483651253,0.09945016719,-1.431043657
03_7,B03,7,90,6,4,0.09831643057,-0.00281926198,0.00281926198,0.09835684399,-1.64252871
03_7,B03,7,90,7,10,0.09657722775,-0.00395254229,0.00395254229,0.09665807524,-2.343592632
03_7,B03,7,90,8,20,0.09442231162,-0.005132852289,0.005132852289,0.09456172113,-3.111569648
03_7,B03,7,90,9,40,0.09180670501,-0.005596118136,0.005596118136,0.0919771038,-3.488173566
03_7,B03,7,90,10,100,0.08797236405,-0.00558534489,0.00558534489,0.08814949185,-3.632819684
03_7,B03,7,90,11,200,0.08531725115,-0.005158283834,0.005158283834,0.08547304392,-3.459893049
03_7,B03,7,90,12,400,0.08301223216,-0.004576375832,0.004576375832,0.08313828182,-3.155461117
03_7,B03,7,90,13,1000,0.08047021795,-0.003420742756,0.003420742756,0.08054289203,-2.434145183
03_7,B03,7,100,0,0.05,0.1056093738,-0.005121985861,0.005121985861,0.1057335073,-2.77663231
03_7,B03,7,100,1,0.1,0.1044646437,-0.003470514531,0.003470514531,0.1045222764,-1.902775156
03_7,B03,7,100,2,0.2,0.1038374537,-0.002395487127,0.002395487127,0.1038650814,-1.321555533
03_7,B03,7,100,3,0.4,0.10343437,-0.002004844331,0.002004844331,0.1034537979,-1.110411722
03_7,B03,7,100,4,1,0.1024054175,-0.002086948828,0.002086948828,0.1024266805,-1.167485212
03_7,B03,7,100,5,2,0.1014980693,-0.002556247992,0.002556247992,0.101530254,-1.442700017
03_7,B03,7,100,6,4,0.1005596796,-0.00324429295,0.00324429295,0.1006120003,-1.84785633
03_7,B03,7,100,7,10,0.09840032188,-0.005068282745,0.005068282745,0.09853076086,-2.94851496
03_7,B03,7,100,8,20,0.09544354602,-0.005938238784,0.005938238784,0.09562809816,-3.560199031
03_7,B03,7,100,9,40,0.09246820802,-0.006289420982,0.006289420982,0.09268185534,-3.891100657
03_7,B03,7,100,10,100,0.08838749617,-0.00610063626,0.00610063626,0.0885977835,-3.948377765
03_7,B03,7,100,11,200,0.08544886647,-0.00561127322,0.00561127322,0.08563290938,-3.757116263
03_7,B03,7,100,12,400,0.08280895435,-0.005140707168,0.005140707168,0.0829683662,-3.552313037
03_7,B03,7,100,13,1000,0.08017671789,-0.003766513905,0.003766513905,0.08026514012,-2.68964373
03_8,B03,8,10,0,0.05,0.1185658844,-0.006031818879,0.006031818879,0.118719214,-2.912305541
03_8,B03,8,10,1,0.1,0.1165245009,-0.00512819796,0.00512819796,0.1166372913,-2.519938898
03_8,B03,8,10,2,0.2,0.1150023839,-0.00435772994,0.00435772994,0.115084917,-2.170043159
03_8,B03,8,10,3,0.4,0.1138771201,-0.004188719496,0.004188719496,0.1139541304,-2.106549588
03_8,B03,8,10,4,1,0.1112646196,-0.005259486725,0.005259486725,0.1113888584,-2.706361145
03_8,B03,8,10,5,2,0.1086361708,-0.006492930632,0.006492930632,0.1088300315,-3.420366307
03_8,B03,8,10,6,4,0.1053040702,-0.007048835446,0.007048835446,0.1055397237,-3.829547468
03_8,B03,8,10,7,10,0.1007721053,-0.006667555511,0.006667555511,0.1009924428,-3.785440229
03_8,B03,8,10,8,20,0.09796874981,-0.006310372004,0.006310372004,0.09817177157,-3.685449701
03_8,B03,8,10,9,40,0.09527169746,-0.006132520972,0.006132520972,0.09546886483,-3.682977249
03_8,B03,8,10,10,100,0.09159176268,-0.005770205694,0.005770205694,0.09177334179,-3.604822951
03_8,B03,8,10,11,200,0.08911646798,-0.005349955441,0.005349955441,0.08927691128,-3.435531325
03_8,B03,8,10,12,400,0.08674312238,-0.004685056003,0.004685056003,0.0868695518,-3.091580787
03_8,B03,8,10,13,1000,0.08410273636,-0.003519392442,0.003519392442,0.08417634101,-2.39622114
03_8,B03,8,20,0,0.05,0.1088835488,-0.004223227458,0.004223227458,0.1089654204,-2.221197598
03_8,B03,8,20,1,0.1,0.1073053654,-0.003370860073,0.003370860073,0.107358298,-1.799281537
03_8,B03,8,20,2,0.2,0.106272064,-0.002475725594,0.002475725594,0.1063008974,-1.334527345
03_8,B03,8,20,3,0.4,0.1058625721,-0.001952607108,0.001952607108,0.1058805783,-1.05668566
03_8,B03,8,20,4,1,0.1048043731,-0.002314820634,0.002314820634,0.1048299338,-1.26528968
03_8,B03,8,20,5,2,0.1037469875,-0.003272318643,0.003272318643,0.1037985813,-1.806586522
03_8,B03,8,20,6,4,0.1023286568,-0.004095426545,0.004095426545,0.1024105782,-2.29188477
03_8,B03,8,20,7,10,0.09935312991,-0.005255987955,0.005255987955,0.09949205914,-3.028243458
03_8,B03,8,20,8,20,0.096595771,-0.005678916252,0.005678916252,0.09676256024,-3.364576263
03_8,B03,8,20,9,40,0.09410132329,-0.005752024461,0.005752024461,0.09427695811,-3.497901733
03_8,B03,8,20,10,100,0.09048151025,-0.005487084904,0.005487084904,0.09064773465,-3.47034724
03_8,B03,8,20,11,200,0.088005657,-0.005167702603,0.005167702603,0.08815725049,-3.360556047
03_8,B03,8,20,12,400,0.08572628001,-0.004568391389,0.004568391389,0.08584791951,-3.050432011
03_8,B03,8,20,13,1000,0.08314533385,-0.003518550115,0.003518550115,0.08321974967,-2.423201033
03_8,B03,8,30,0,0.05,0.1041769883,-0.003694613498,0.003694613498,0.104242482,-2.031130689
03_8,B03,8,30,1,0.1,0.102836662,-0.002891136883,0.002891136883,0.1028772945,-1.610382097
03_8,B03,8,30,2,0.2,0.1019185849,-0.001958524451,0.001958524451,0.1019374013,-1.100892202
03_8,B03,8,30,3,0.4,0.1017565842,-0.001515072209,0.001515072209,0.1017678626,-0.8530242055
03_8,B03,8,30,4,1,0.101139689,-0.001550318203,0.001550318203,0.1011515703,-0.8781887192
03_8,B03,8,30,5,2,0.1006420284,-0.00204582384,0.00204582384,0.1006628197,-1.164532673
03_8,B03,8,30,6,4,0.09962629507,-0.002646372698,0.002646372698,0.09966143666,-1.521589652
03_8,B03,8,30,7,10,0.09773589314,-0.004096003053,0.004096003053,0.09782168496,-2.399798364
03_8,B03,8,30,8,20,0.0956637524,-0.004870056073,0.004870056073,0.09578763475,-2.914301137
03_8,B03,8,30,9,40,0.09311504403,-0.005231327773,0.005231327773,0.09326187975,-3.215573254
03_8,B03,8,30,10,100,0.08974777565,-0.005279690653,0.005279690653,0.08990293859,-3.366721338
03_8,B03,8,30,11,200,0.08721633894,-0.004941539617,0.004941539617,0.08735621667,-3.24282107
03_8,B03,8,30,12,400,0.08504176162,-0.004395358787,0.004395358787,0.08515527229,-2.958683103
03_8,B03,8,30,13,1000,0.08257153186,-0.003360312702,0.003360312702,0.08263987885,-2.330410372
03_8,B03,8,40,0,0.05,0.1016747803,-0.00356476858,0.00356476858,0.1017372523,-2.007996148
03_8,B03,8,40,1,0.1,0.1004013269,-0.002753578251,0.002753578251,0.1004390792,-1.570983959
03_8,B03,8,40,2,0.2,0.09981040694,-0.001750039296,0.001750039296,0.09982574804,-1.004500386
03_8,B03,8,40,3,0.4,0.09952953911,-0.001382400648,0.001382400648,0.09953913897,-0.7957499925
03_8,B03,8,40,4,1,0.09886694708,-0.001405775001,0.001405775001,0.09887694084,-0.8146256101
03_8,B03,8,40,5,2,0.09853716938,-0.001733678104,0.001733678104,0.0985524195,-1.007966753
03_8,B03,8,40,6,4,0.09780983165,-0.002190299639,0.002190299639,0.09783435276,-1.282835807
03_8,B03,8,40,7,10,0.09634577343,-0.003459258915,0.003459258915,0.09640785513,-2.056300189
03_8,B03,8,40,8,20,0.09451901731,-0.004286907251,0.004286907251,0.09461618364,-2.596868721
03_8,B03,8,40,9,40,0.09217466252,-0.004876645608,0.004876645608,0.09230357568,-3.02849981
03_8,B03,8,40,10,100,0.08900748997,-0.005052098549,0.005052098549,0.08915075418,-3.248644187
03_8,B03,8,40,11,200,0.08653474224,-0.004796809572,0.004796809572,0.08666758908,-3.172783031
03_8,B03,8,40,12,400,0.0843389097,-0.004249504957,0.004249504957,0.08444589973,-2.884468971
03_8,B03,8,40,13,1000,0.0819872652,-0.003167316516,0.003167316516,0.08204842198,-2.212339573
03_8,B03,8,50,0,0.05,0.101676441,-0.003891102298,0.003891102298,0.1017508689,-2.191608943
03_8,B03,8,50,1,0.1,0.1002211828,-0.003230395338,0.003230395338,0.1002732314,-1.846156223
03_8,B03,8,50,2,0.2,0.09937952365,-0.002088050352,0.002088050352,0.0994014571,-1.203657132
03_8,B03,8,50,3,0.4,0.0989449209,-0.001522540704,0.001522540704,0.09895663446,-0.8815841318
03_8,B03,8,50,4,1,0.09836109852,-0.001547147319,0.001547147319,0.0983732655,-0.9011459157
03_8,B03,8,50,5,2,0.09789522481,-0.001805869909,0.001805869909,0.0979118798,-1.056813448
03_8,B03,8,50,6,4,0.09721788939,-0.00218531655,0.00218531655,0.09724244766,-1.287708811
03_8,B03,8,50,7,10,0.09586278265,-0.003242034313,0.003242034313,0.09591758902,-1.936978115
03_8,B03,8,50,8,20,0.09401914259,-0.004260782219,0.004260782219,0.09411563865,-2.594768621
03_8,B03,8,50,9,40,0.09180152416,-0.004833101895,0.004833101895,0.09192866099,-3.013685462
03_8,B03,8,50,10,100,0.08848275493,-0.004950762887,0.004950762887,0.08862114857,-3.202458691
03_8,B03,8,50,11,200,0.0860984946,-0.004730530536,0.004730530536,0.08622835202,-3.144853977
03_8,B03,8,50,12,400,0.08410917217,-0.00422203887,0.00422203887,0.08421507262,-2.873671544
03_8,B03,8,50,13,1000,0.08160011809,-0.003266667472,0.003266667472,0.08166547857,-2.29247671
03_8,B03,8,60,0,0.05,0.1041791959,-0.005474228009,0.005474228009,0.1043229219,-3.00791306
03_8,B03,8,60,1,0.1,0.1018130385,-0.004983710156,0.004983710156,0.1019349409,-2.802370184
03_8,B03,8,60,2,0.2,0.1001386248,-0.00319798277,0.00319798277,0.1001896765,-1.829150968
03_8,B03,8,60,3,0.4,0.09963293632,-0.002222868375,0.002222868375,0.09965772997,-1.278089912
03_8,B03,8,60,4,1,0.09848691272,-0.002084418127,0.002084418127,0.098508968,-1.212450781
03_8,B03,8,60,5,2,0.09792104663,-0.00221301121,0.00221301121,0.09794605041,-1.294661627
03_8,B03,8,60,6,4,0.09703872047,-0.002480465293,0.002480465293,0.09707041762,-1.464253139
03_8,B03,8,60,7,10,0.09550219625,-0.003415719367,0.003415719367,0.09556325982,-2.048360419
03_8,B03,8,60,8,20,0.09372725184,-0.004354172557,0.004354172557,0.09382833557,-2.659807795
03_8,B03,8,60,9,40,0.09141103752,-0.004914923246,0.004914923246,0.0915430732,-3.07767498
03_8,B03,8,60,10,100,0.08811436891,-0.004990239445,0.004990239445,0.08825556355,-3.241407342
03_8,B03,8,60,11,200,0.08588494356,-0.004797586152,0.004797586152,0.08601883726,-3.19725492
03_8,B03,8,60,12,400,0.083685809,-0.004265986238,0.004265986238,0.08379447038,-2.918196312
03_8,B03,8,60,13,1000,0.08125329762,-0.003227333027,0.003227333027,0.08131736624,-2.274558912
03_8,B03,8,70,0,0.05,0.1040618135,-0.005936768623,0.005936768623,0.1042310235,-3.265208026
03_8,B03,8,70,1,0.1,0.1021973153,-0.004926495926,0.004926495926,0.1023159891,-2.759848283
03_8,B03,8,70,2,0.2,0.1006622451,-0.00329218733,0.00329218733,0.1007160667,-1.873207057
03_8,B03,8,70,3,0.4,0.1000490745,-0.002465130732,0.002465130732,0.1000794393,-1.411437495
03_8,B03,8,70,4,1,0.09893639921,-0.002200426731,0.002200426731,0.09896086584,-1.274095117
03_8,B03,8,70,5,2,0.09811788325,-0.00241417107,0.00241417107,0.09814757885,-1.409466916
03_8,B03,8,70,6,4,0.09727690165,-0.002636101918,0.002636101918,0.09731261289,-1.55227558
03_8,B03,8,70,7,10,0.09564311503,-0.003651412747,0.003651412747,0.09571279052,-2.186346457
03_8,B03,8,70,8,20,0.09365291704,-0.004501197184,0.004501197184,0.09376102414,-2.751663279
03_8,B03,8,70,9,40,0.09151221459,-0.004966836673,0.004966836673,0.0916469033,-3.106687306
03_8,B03,8,70,10,100,0.08799150686,-0.005088462382,0.005088462382,0.08813851444,-3.309672518
03_8,B03,8,70,11,200,0.08563120154,-0.004825579262,0.004825579262,0.08576706182,-3.22538049
03_8,B03,8,70,12,400,0.08337236509,-0.004358056051,0.004358056051,0.08348618995,-2.992252491
03_8,B03,8,70,13,1000,0.08109258723,-0.003232473228,0.003232473228,0.08115698729,-2.282687959
03_8,B03,8,80,0,0.05,0.104416301,-0.005928005815,0.005928005815,0.1045844404,-3.249353797
03_8,B03,8,80,1,0.1,0.1024154484,-0.004647838029,0.004647838029,0.1025208587,-2.598425461
03_8,B03,8,80,2,0.2,0.1010541272,-0.003228240919,0.003228240919,0.1011056782,-1.829729307
03_8,B03,8,80,3,0.4,0.1004385213,-0.002509092225,0.002509092225,0.1004698567,-1.431029637
03_8,B03,8,80,4,1,0.09925167778,-0.002236732696,0.002236732696,0.09927687805,-1.290997366
03_8,B03,8,80,5,2,0.09847031441,-0.002468326,0.002468326,0.09850124594,-1.435915518
03_8,B03,8,80,6,4,0.09773482096,-0.002741374332,0.002741374332,0.09777325996,-1.606674117
03_8,B03,8,80,7,10,0.09594043069,-0.003939291816,0.003939291816,0.09602126983,-2.351230685
03_8,B03,8,80,8,20,0.09391428394,-0.00482321437,0.00482321437,0.09403805679,-2.939992002
03_8,B03,8,80,9,40,0.09139968835,-0.005192021642,0.005192021642,0.09154703774,-3.251231725
03_8,B03,8,80,10,100,0.0879551289,-0.005301174951,0.005301174951,0.08811473858,-3.449121936
03_8,B03,8,80,11,200,0.08535020834,-0.005046139344,0.005046139344,0.08549924904,-3.383545532
03_8,B03,8,80,12,400,0.08311894753,-0.004432465054,0.004432465054,0.08323704815,-3.052507569
03_8,B03,8,80,13,1000,0.0807324904,-0.003353347552,0.003353347552,0.0808021036,-2.378500661
03_8,B03,8,90,0,0.05,0.1049737984,-0.005410489468,0.005410489468,0.1051131379,-2.950490014
03_8,B03,8,90,1,0.1,0.1031811502,-0.004399949637,0.004399949637,0.103274921,-2.441782275
03_8,B03,8,90,2,0.2,0.1019388985,-0.003051704565,0.003051704565,0.1019845671,-1.714729011
03_8,B03,8,90,3,0.4,0.1012141572,-0.002329389695,0.002329389695,0.1012409585,-1.318398984
03_8,B03,8,90,4,1,0.10022115,-0.00218724891,0.00218724891,0.1002450147,-1.250237504
03_8,B03,8,90,5,2,0.09951417181,-0.002481871455,0.002481871455,0.09954511579,-1.428653681
03_8,B03,8,90,6,4,0.09859189619,-0.003068404755,0.003068404755,0.09863963252,-1.782599992
03_8,B03,8,90,7,10,0.09653862722,-0.004234772976,0.004234772976,0.09663146406,-2.511732107
03_8,B03,8,90,8,20,0.09420127723,-0.005225139858,0.005225139858,0.0943460795,-3.17481891
03_8,B03,8,90,9,40,0.09154297874,-0.00567855986,0.00567855986,0.09171893478,-3.549602189
03_8,B03,8,90,10,100,0.08775724238,-0.005629811646,0.005629811646,0.08793763909,-3.670614797
03_8,B03,8,90,11,200,0.0850744108,-0.005214938242,0.005214938242,0.08523409502,-3.507759262
03_8,B03,8,90,12,400,0.082766366,-0.004723950783,0.004723950783,0.08290106785,-3.266654341
03_8,B03,8,90,13,1000,0.08035156727,-0.003464145926,0.003464145926,0.08042620636,-2.468627735
03_8,B03,8,100,0,0.05,0.1048881882,-0.005063903431,0.005063903431,0.1050103573,-2.764040337
03_8,B03,8,100,1,0.1,0.1038080167,-0.003424450492,0.003424450492,0.1038644847,-1.889405467
03_8,B03,8,100,2,0.2,0.1030026113,-0.002543185541,0.002543185541,0.1030340028,-1.414373839
03_8,B03,8,100,3,0.4,0.1023798252,-0.001978888729,0.001978888729,0.1023989482,-1.107326128
03_8,B03,8,100,4,1,0.1015659136,-0.002073656351,0.002073656351,0.1015870801,-1.169637019
03_8,B03,8,100,5,2,0.1008936718,-0.002486346133,0.002486346133,0.1009243029,-1.411667454
03_8,B03,8,100,6,4,0.09994748847,-0.003260706199,0.003260706199,0.1000006633,-1.868565854
03_8,B03,8,100,7,10,0.0975630799,-0.004849866772,0.004849866772,0.09768354912,-2.845834203
03_8,B03,8,100,8,20,0.09488180361,-0.005766734632,0.005766734632,0.09505688762,-3.478049543
03_8,B03,8,100,9,40,0.09192385939,-0.006038154754,0.006038154754,0.0921219585,-3.758159155
03_8,B03,8,100,10,100,0.08809551115,-0.005907155337,0.005907155337,0.08829333819,-3.836167942
03_8,B03,8,100,11,200,0.08535719605,-0.005616769402,0.005616769402,0.0855417969,-3.764813095
03_8,B03,8,100,12,400,0.08288301525,-0.00484016598,0.00484016598,0.08302422191,-3.342138053
03_8,B03,8,100,13,1000,0.08016158733,-0.003641726412,0.003641726412,0.08024426618,-2.601148406
03_9,B03,9,10,0,0.05,0.1176555996,-0.006234431764,0.006234431764,0.1178206615,-3.033199164
03_9,B03,9,10,1,0.1,0.1156945982,-0.005292561781,0.005292561781,0.1158155916,-2.619225031
03_9,B03,9,10,2,0.2,0.1139171158,-0.004479270529,0.004479270529,0.1140051452,-2.251734976
03_9,B03,9,10,3,0.4,0.1128692779,-0.004357291371,0.004357291371,0.1129533527,-2.210791977
03_9,B03,9,10,4,1,0.1099670288,-0.005670476592,0.005670476592,0.1101131315,-2.951856358
03_9,B03,9,10,5,2,0.1072325296,-0.006943067683,0.006943067683,0.1074570686,-3.704603101
03_9,B03,9,10,6,4,0.1037973638,-0.007347368312,0.007347368312,0.1040570832,-4.048967856
03_9,B03,9,10,7,10,0.09910196544,-0.006685966614,0.006685966614,0.09932724553,-3.859641372
03_9,B03,9,10,8,20,0.09611757323,-0.006337613354,0.006337613354,0.09632628524,-3.772396938
03_9,B03,9,10,9,40,0.0936047492,-0.006088833505,0.006088833505,0.09380257441,-3.721751961
03_9,B03,9,10,10,100,0.09026266479,-0.005651043941,0.005651043941,0.09043938828,-3.582421708
03_9,B03,9,10,11,200,0.08759148429,-0.005282411548,0.005282411548,0.08775062389,-3.451177543
03_9,B03,9,10,12,400,0.08527524719,-0.00463567079,0.00463567079,0.08540115472,-3.111608699
03_9,B03,9,10,13,1000,0.08269005035,-0.003554041749,0.003554041749,0.08276639197,-2.461074101
03_9,B03,9,20,0,0.05,0.1078538239,-0.004238573229,0.004238573229,0.1079370781,-2.250522433
03_9,B03,9,20,1,0.1,0.106414026,-0.003588319858,0.003588319858,0.1064745085,-1.931302848
03_9,B03,9,20,2,0.2,0.1052346703,-0.002491742073,0.002491742073,0.1052641659,-1.356393597
03_9,B03,9,20,3,0.4,0.1048013173,-0.002102650059,0.002102650059,0.1048224081,-1.149382626
03_9,B03,9,20,4,1,0.1038725702,-0.002582137218,0.002582137218,0.1039046595,-1.424005405
03_9,B03,9,20,5,2,0.1026849578,-0.003362437421,0.003362437421,0.1027399948,-1.875490473
03_9,B03,9,20,6,4,0.1012008819,-0.004314183917,0.004314183917,0.1012927968,-2.441035613
03_9,B03,9,20,7,10,0.09794256813,-0.005288693349,0.005288693349,0.09808525337,-3.090850236
03_9,B03,9,20,8,20,0.09542658363,-0.005603343391,0.005603343391,0.09559095313,-3.360486098
03_9,B03,9,20,9,40,0.09264802091,-0.005596674741,0.005596674741,0.09281690874,-3.456918361
03_9,B03,9,20,10,100,0.08928314061,-0.005458829697,0.005458829697,0.08944986316,-3.498746178
03_9,B03,9,20,11,200,0.08676167045,-0.005106153837,0.005106153837,0.0869117959,-3.368123139
03_9,B03,9,20,12,400,0.08455855173,-0.004525937903,0.004525937903,0.08467958895,-3.063793367
03_9,B03,9,20,13,1000,0.0818908363,-0.003455580531,0.003455580531,0.08196371214,-2.416299544
03_9,B03,9,30,0,0.05,0.1039301116,-0.00375551027,0.00375551027,0.1039979421,-2.069480197
03_9,B03,9,30,1,0.1,0.1025838336,-0.003085141698,0.003085141698,0.1026302149,-1.722613869
03_9,B03,9,30,2,0.2,0.1019503594,-0.001892996568,0.001892996568,0.1019679323,-1.063735849
03_9,B03,9,30,3,0.4,0.1017348371,-0.001558213997,0.001558213997,0.1017467696,-0.8774978926
03_9,B03,9,30,4,1,0.1007299809,-0.00173252642,0.00173252642,0.1007448793,-0.9853736093
03_9,B03,9,30,5,2,0.1001666395,-0.002268145111,0.002268145111,0.1001923159,-1.297167786
03_9,B03,9,30,6,4,0.09932517801,-0.002927226821,0.002927226821,0.09936830301,-1.688083668
03_9,B03,9,30,7,10,0.09707555568,-0.004343946593,0.004343946593,0.09717269875,-2.562167981
03_9,B03,9,30,8,20,0.0946894736,-0.005082740746,0.005082740746,0.09482579113,-3.072573592
03_9,B03,9,30,9,40,0.0921760642,-0.005421907792,0.005421907792,0.0923353881,-3.36632833
03_9,B03,9,30,10,100,0.088773537,-0.005399562889,0.005399562889,0.08893759695,-3.480671224
03_9,B03,9,30,11,200,0.08618851839,-0.00508977682,0.00508977682,0.08633867344,-3.379619979
03_9,B03,9,30,12,400,0.08394674893,-0.004516789339,0.004516789339,0.08406817497,-3.079853182
03_9,B03,9,30,13,1000,0.08134842222,-0.003415203192,0.003415203192,0.0814200799,-2.404003465
03_9,B03,9,40,0,0.05,0.1021263343,-0.003635897537,0.003635897537,0.1021910363,-2.038980798
03_9,B03,9,40,1,0.1,0.1011045044,-0.002819844209,0.002819844209,0.10114382,-1.597587567
03_9,B03,9,40,2,0.2,0.100182431,-0.001933173289,0.001933173289,0.100201081,-1.105472534
03_9,B03,9,40,3,0.4,0.1000845602,-0.001350936083,0.001350936083,0.1000936772,-0.7733284288
03_9,B03,9,40,4,1,0.0994438163,-0.00144478578,0.00144478578,0.09945431115,-0.8323725579
03_9,B03,9,40,5,2,0.09889417814,-0.001908365282,0.001908365282,0.09891258933,-1.105501957
03_9,B03,9,40,6,4,0.09827337863,-0.002514085066,0.002514085066,0.09830553174,-1.465453344
03_9,B03,9,40,7,10,0.09644831342,-0.003688267163,0.003688267163,0.09651880892,-2.18997321
03_9,B03,9,40,8,20,0.09421482996,-0.004897197486,0.004897197486,0.09434201995,-2.975502435
03_9,B03,9,40,9,40,0.09162198129,-0.00529242935,0.00529242935,0.09177470928,-3.305945501
03_9,B03,9,40,10,100,0.08834572147,-0.005276318374,0.005276318374,0.0885031414,-3.417846377
03_9,B03,9,40,11,200,0.0857933723,-0.005010286203,0.005010286203,0.08593954677,-3.342246186
03_9,B03,9,40,12,400,0.08359663136,-0.004346747947,0.004346747947,0.08370956333,-2.976510208
03_9,B03,9,40,13,1000,0.08107898963,-0.003340484026,0.003340484026,0.08114777503,-2.359272743
03_9,B03,9,50,0,0.05,0.1003781528,-0.003954048886,0.003954048886,0.1004560006,-2.255802055
03_9,B03,9,50,1,0.1,0.09902142425,-0.003182093518,0.003182093518,0.09907253999,-1.84058964
03_9,B03,9,50,2,0.2,0.09818596303,-0.002077773205,0.002077773205,0.09820794508,-1.212290089
03_9,B03,9,50,3,0.4,0.097668096,-0.001558546708,0.001558546708,0.09768053053,-0.9142245382
03_9,B03,9,50,4,1,0.09719903051,-0.001413521743,0.001413521743,0.09720930808,-0.8331679964
03_9,B03,9,50,5,2,0.09666761854,-0.001847790255,0.001847790255,0.09668527707,-1.095068785
03_9,B03,9,50,6,4,0.09615083249,-0.002360682606,0.002360682606,0.0961798077,-1.406435899
03_9,B03,9,50,7,10,0.09449588117,-0.003227829822,0.003227829822,0.09455099388,-1.956372534
03_9,B03,9,50,8,20,0.09283348689,-0.004191641033,0.004191641033,0.09292806973,-2.585277563
03_9,B03,9,50,9,40,0.09047920736,-0.004754330179,0.004754330179,0.09060403202,-3.007903872
03_9,B03,9,50,10,100,0.0873334322,-0.004932969555,0.004932969555,0.08747263897,-3.232877938
03_9,B03,9,50,11,200,0.08497560442,-0.004696884938,0.004696884938,0.08510531167,-3.1637095
03_9,B03,9,50,12,400,0.08280845755,-0.004167166038,0.004167166038,0.0829132433,-2.880862573
03_9,B03,9,50,13,1000,0.08043121868,-0.003289010774,0.003289010774,0.08049843806,-2.341646765
03_9,B03,9,60,0,0.05,0.1024907035,-0.005514781043,0.005514781043,0.1026389649,-3.079979498
03_9,B03,9,60,1,0.1,0.1002855564,-0.005043527873,0.005043527873,0.1004123,-2.879074634
03_9,B03,9,60,2,0.2,0.09858607079,-0.003254339419,0.003254339419,0.09863976925,-1.890654836
03_9,B03,9,60,3,0.4,0.09802108396,-0.002250829433,0.002250829433,0.09804692312,-1.315435028
03_9,B03,9,60,4,1,0.09704627356,-0.001992441875,0.001992441875,0.09706672466,-1.176165456
03_9,B03,9,60,5,2,0.09627638186,-0.002248141894,0.002248141894,0.09630262637,-1.337665954
03_9,B03,9,60,6,4,0.09552449872,-0.002394727142,0.002394727142,0.09555451101,-1.436061194
03_9,B03,9,60,7,10,0.09393912446,-0.003307489564,0.003307489564,0.09399733289,-2.01648615
03_9,B03,9,60,8,20,0.0922323756,-0.004229991634,0.004229991634,0.09232932328,-2.625877922
03_9,B03,9,60,9,40,0.08997217043,-0.004684933805,0.004684933805,0.09009406227,-2.980751986
03_9,B03,9,60,10,100,0.08695458972,-0.004825045554,0.004825045554,0.08708835593,-3.176043152
03_9,B03,9,60,11,200,0.0845083617,-0.004579523551,0.004579523551,0.08463235335,-3.10183487
03_9,B03,9,60,12,400,0.08252400755,-0.004090285861,0.004090285861,0.08262531246,-2.837531699
03_9,B03,9,60,13,1000,0.08024122847,-0.00322199182,0.00322199182,0.08030589005,-2.299409129
03_9,B03,9,70,0,0.05,0.1027954204,-0.005948845,0.005948845,0.1029674084,-3.312053937
03_9,B03,9,70,1,0.1,0.1008754846,-0.004662704664,0.004662704664,0.1009831878,-2.646463454
03_9,B03,9,70,2,0.2,0.09937997933,-0.003167498521,0.003167498521,0.09943044472,-1.825547572
03_9,B03,9,70,3,0.4,0.09881712054,-0.002422103201,0.002422103201,0.09884680012,-1.40409383
03_9,B03,9,70,4,1,0.09762560068,-0.002196979439,0.002196979439,0.09765031811,-1.289174207
03_9,B03,9,70,5,2,0.09690676451,-0.002327197598,0.002327197598,0.09693470409,-1.375682878
03_9,B03,9,70,6,4,0.0960657262,-0.00256596033,0.00256596033,0.09609998909,-1.530033183
03_9,B03,9,70,7,10,0.09444285791,-0.003592502996,0.003592502996,0.09451116066,-2.178418483
03_9,B03,9,70,8,20,0.09246886913,-0.004297559426,0.004297559426,0.0925686814,-2.660949165
03_9,B03,9,70,9,40,0.09037024829,-0.004812516761,0.004812516761,0.09049829884,-3.048311711
03_9,B03,9,70,10,100,0.08695579358,-0.004904553835,0.004904553835,0.08709399914,-3.228224369
03_9,B03,9,70,11,200,0.08465217495,-0.004737090197,0.004737090197,0.08478461386,-3.20290055
03_9,B03,9,70,12,400,0.08253505798,-0.00411409614,0.00411409614,0.08263753132,-2.853640757
03_9,B03,9,70,13,1000,0.08018737423,-0.003207179261,0.003207179261,0.08025148587,-2.290384822
03_9,B03,9,80,0,0.05,0.1032038382,-0.005732774414,0.005732774414,0.1033629378,-3.179402763
03_9,B03,9,80,1,0.1,0.1013689261,-0.004562498858,0.004562498858,0.1014715506,-2.577077912
03_9,B03,9,80,2,0.2,0.1001373473,-0.003237231495,0.003237231495,0.1001896601,-1.851608145
03_9,B03,9,80,3,0.4,0.09931064963,-0.002483363999,0.002483363999,0.0993416943,-1.432440836
03_9,B03,9,80,4,1,0.09822125339,-0.002251145777,0.002251145777,0.09824704716,-1.312939621
03_9,B03,9,80,5,2,0.09755753203,-0.002344018194,0.002344018194,0.09758568787,-1.376382854
03_9,B03,9,80,6,4,0.09667253424,-0.002706194501,0.002706194501,0.09671040464,-1.603485851
03_9,B03,9,80,7,10,0.09482619064,-0.0037315214,0.0037315214,0.0948995821,-2.253493161
03_9,B03,9,80,8,20,0.09287281045,-0.004682742965,0.004682742965,0.09299078988,-2.886467929
03_9,B03,9,80,9,40,0.09055605926,-0.005081040326,0.005081040326,0.09069849414,-3.211460781
03_9,B03,9,80,10,100,0.08724610553,-0.005086326363,0.005086326363,0.08739424263,-3.336487579
03_9,B03,9,80,11,200,0.08470168399,-0.004868821269,0.004868821269,0.08484150335,-3.289855133
03_9,B03,9,80,12,400,0.08254885383,-0.004380803536,0.004380803536,0.08266501502,-3.037792819
03_9,B03,9,80,13,1000,0.08024219656,-0.003389262137,0.003389262137,0.08031374233,-2.418615974
03_9,B03,9,90,0,0.05,0.1042215688,-0.005455539937,0.005455539937,0.1043642579,-2.996446798
03_9,B03,9,90,1,0.1,0.102572071,-0.004221716124,0.004221716124,0.1026589141,-2.356880047
03_9,B03,9,90,2,0.2,0.1012311195,-0.003039101933,0.003039101933,0.1012767283,-1.719584161
03_9,B03,9,90,3,0.4,0.1006445596,-0.002281700168,0.002281700168,0.1006704203,-1.29872295
03_9,B03,9,90,4,1,0.09946264179,-0.002187832023,0.002187832023,0.09948670122,-1.260104573
03_9,B03,9,90,5,2,0.09879835777,-0.00242256905,0.00242256905,0.09882805441,-1.40463037
03_9,B03,9,90,6,4,0.09789931019,-0.002903309094,0.002903309094,0.09794235111,-1.698669956
03_9,B03,9,90,7,10,0.0959089152,-0.004105672479,0.004105672479,0.09599675287,-2.451223321
03_9,B03,9,90,8,20,0.09372815061,-0.004962541402,0.004962541402,0.09385943232,-3.030758988
03_9,B03,9,90,9,40,0.09105711751,-0.005373196334,0.005373196334,0.09121551342,-3.377054905
03_9,B03,9,90,10,100,0.08762084604,-0.005429125912,0.005429125912,0.08778888352,-3.545604092
03_9,B03,9,90,11,200,0.08501045987,-0.005069109396,0.005069109396,0.08516145934,-3.412463301
03_9,B03,9,90,12,400,0.08274709985,-0.004450811249,0.004450811249,0.08286671379,-3.078865549
03_9,B03,9,90,13,1000,0.08023649515,-0.00351687412,0.00351687412,0.08031353284,-2.509745113
03_9,B03,9,100,0,0.05,0.1038950693,-0.005137272868,0.005137272868,0.1040220025,-2.830784157
03_9,B03,9,100,1,0.1,0.1029461479,-0.003153629981,0.003153629981,0.1029944404,-1.754637761
03_9,B03,9,100,2,0.2,0.1024516886,-0.002468896389,0.002468896389,0.1024814322,-1.380455238
03_9,B03,9,100,3,0.4,0.1017641352,-0.0019937282,0.0019937282,0.1017836636,-1.122375767
03_9,B03,9,100,4,1,0.100898253,-0.002023047976,0.002023047976,0.1009185324,-1.148648051
03_9,B03,9,100,5,2,0.1002248082,-0.002441467053,0.002441467053,0.1002545408,-1.395443909
03_9,B03,9,100,6,4,0.09932658544,-0.003069638623,0.003069638623,0.09937400694,-1.770134111
03_9,B03,9,100,7,10,0.09707790962,-0.004502106985,0.004502106985,0.09718224891,-2.655259453
03_9,B03,9,100,8,20,0.09449643445,-0.005403309528,0.005403309528,0.0946507891,-3.272611179
03_9,B03,9,100,9,40,0.0918196886,-0.005670468952,0.005670468952,0.09199461632,-3.533902712
03_9,B03,9,100,10,100,0.08809939229,-0.005770167901,0.005770167901,0.08828815187,-3.747298748
03_9,B03,9,100,11,200,0.08559097405,-0.005389767618,0.005389767618,0.08576050626,-3.603227154
03_9,B03,9,100,12,400,0.08311410455,-0.004698339631,0.004698339631,0.08324679435,-3.235417666
03_9,B03,9,100,13,1000,0.08040426477,-0.003526012725,0.003526012725,0.08048154173,-2.511014683
05_3,B05,3,10,0,0.05,0.1128058138,-0.00586815836,0.00586815836,0.1129583414,-2.977842256
05_3,B05,3,10,1,0.1,0.1108546709,-0.004758263677,0.004758263677,0.1109567444,-2.457823175
05_3,B05,3,10,2,0.2,0.109479011,-0.003620717922,0.003620717922,0.1095388672,-1.8942103
05_3,B05,3,10,3,0.4,0.1086311214,-0.003164363407,0.003164363407,0.1086771997,-1.668521979
05_3,B05,3,10,4,1,0.1070604763,-0.003628368168,0.003628368168,0.1071219428,-1.941058467
05_3,B05,3,10,5,2,0.105621779,-0.004390134014,0.004390134014,0.1057129769,-2.380109952
05_3,B05,3,10,6,4,0.1035980366,-0.005304168601,0.005304168601,0.1037337331,-2.930956505
05_3,B05,3,10,7,10,0.09975928588,-0.006515992746,0.006515992746,0.09997186244,-3.737088796
05_3,B05,3,10,8,20,0.0963077266,-0.006849257322,0.006849257322,0.09655097374,-4.067938579
05_3,B05,3,10,9,40,0.09322303941,-0.006709591204,0.006709591204,0.093464184,-4.116680891
05_3,B05,3,10,10,100,0.08912600281,-0.006204617707,0.006204617707,0.08934171286,-3.982292067
05_3,B05,3,10,11,200,0.08645676387,-0.005459918582,0.005459918582,0.08662899474,-3.61354503
05_3,B05,3,10,12,400,0.08403702421,-0.004671055618,0.004671055618,0.08416674046,-3.181415199
05_3,B05,3,10,13,1000,0.08166005912,-0.003408877717,0.003408877717,0.0817311795,-2.390409382
05_3,B05,3,20,0,0.05,0.1051412034,-0.004034444394,0.004034444394,0.1052185792,-2.197457119
05_3,B05,3,20,1,0.1,0.1035597722,-0.003382237652,0.003382237652,0.103614989,-1.87060169
05_3,B05,3,20,2,0.2,0.1026284033,-0.00211845923,0.00211845923,0.1026502656,-1.182533625
05_3,B05,3,20,3,0.4,0.1024137831,-0.001673189818,0.001673189818,0.1024274501,-0.9359891209
05_3,B05,3,20,4,1,0.1016010641,-0.001819999582,0.001819999582,0.1016173638,-1.026240662
05_3,B05,3,20,5,2,0.1008590626,-0.002397799666,0.002397799666,0.1008875609,-1.36187987
05_3,B05,3,20,6,4,0.09995939049,-0.003158412494,0.003158412494,0.1000092762,-1.80977013
05_3,B05,3,20,7,10,0.09775149959,-0.004725150264,0.004725150264,0.09786563604,-2.767431707
05_3,B05,3,20,8,20,0.09501571845,-0.005741092419,0.005741092419,0.09518900616,-3.457753491
05_3,B05,3,20,9,40,0.09216604142,-0.006153011973,0.006153011973,0.09237120085,-3.819403108
05_3,B05,3,20,10,100,0.08803631993,-0.005910063534,0.005910063534,0.08823447443,-3.840623705
05_3,B05,3,20,11,200,0.08543685211,-0.005371368137,0.005371368137,0.08560553308,-3.597419606
05_3,B05,3,20,12,400,0.08305861686,-0.004500034517,0.004500034517,0.08318043127,-3.101197209
05_3,B05,3,20,13,1000,0.08072630519,-0.003277536637,0.003277536637,0.08079281277,-2.324966238
05_3,B05,3,30,0,0.05,0.1018352749,-0.003510543175,0.003510543175,0.101895766,-1.974361916
05_3,B05,3,30,1,0.1,0.100597088,-0.002852177029,0.002852177029,0.100637513,-1.624042425
05_3,B05,3,30,2,0.2,0.1000382528,-0.00176740966,0.00176740966,0.1000538643,-1.012158621
05_3,B05,3,30,3,0.4,0.0997565814,-0.001339304641,0.001339304641,0.09976557156,-0.7691912879
05_3,B05,3,30,4,1,0.09916558772,-0.001528548551,0.001528548551,0.09917736762,-0.8830930934
05_3,B05,3,30,5,2,0.09870775888,-0.001939334612,0.001939334612,0.09872680832,-1.125558877
05_3,B05,3,30,6,4,0.09799990802,-0.002477360655,0.002477360655,0.09803121588,-1.448083869
05_3,B05,3,30,7,10,0.09614448533,-0.003957064709,0.003957064709,0.09622588228,-2.356819717
05_3,B05,3,30,8,20,0.09398919666,-0.005167707329,0.005167707329,0.09413115472,-3.147063824
05_3,B05,3,30,9,40,0.09127685709,-0.005618037579,0.005618037579,0.09144958713,-3.52207886
05_3,B05,3,30,10,100,0.0872976914,-0.005709646585,0.005709646585,0.08748420993,-3.742062023
05_3,B05,3,30,11,200,0.08460989716,-0.005114314708,0.005114314708,0.0847643257,-3.459081724
05_3,B05,3,30,12,400,0.08238883466,-0.004483417195,0.004483417195,0.08251073328,-3.114836701
05_3,B05,3,30,13,1000,0.07993738799,-0.003160215371,0.003160215371,0.079999831,-2.26393138
05_3,B05,3,40,0,0.05,0.1005332072,-0.003410095735,0.003410095735,0.1005910259,-1.942733312
05_3,B05,3,40,1,0.1,0.09946809812,-0.002792814222,0.002792814222,0.099507298,-1.608298956
05_3,B05,3,40,2,0.2,0.09875676327,-0.001812245296,0.001812245296,0.09877338976,-1.051293609
05_3,B05,3,40,3,0.4,0.09856196412,-0.00135203171,0.00135203171,0.09857123699,-0.7859101936
05_3,B05,3,40,4,1,0.09796277215,-0.001389102945,0.001389102945,0.09797262033,-0.8123943474
05_3,B05,3,40,5,2,0.09744706246,-0.001751078922,0.001751078922,0.09746279423,-1.029468025
05_3,B05,3,40,6,4,0.09695011509,-0.002369017963,0.002369017963,0.09697905476,-1.399768583
05_3,B05,3,40,7,10,0.09529117212,-0.00370950465,0.00370950465,0.09536334678,-2.229290426
05_3,B05,3,40,8,20,0.09312629655,-0.004755254356,0.004755254356,0.09324762492,-2.923122545
05_3,B05,3,40,9,40,0.09055964294,-0.005540426284,0.005540426284,0.09072896589,-3.500984093
05_3,B05,3,40,10,100,0.08685669902,-0.005645761409,0.005645761409,0.08703999533,-3.719043879
05_3,B05,3,40,11,200,0.08414928392,-0.005039877786,0.005039877786,0.08430007327,-3.427470595
05_3,B05,3,40,12,400,0.0819539659,-0.004309867849,0.004309867849,0.08206721323,-3.010348185
05_3,B05,3,40,13,1000,0.07967671,-0.00332159354,0.00332159354,0.07974591588,-2.38718637
05_3,B05,3,50,0,0.05,0.1001500894,-0.003740157627,0.003740157627,0.1002199042,-2.138747017
05_3,B05,3,50,1,0.1,0.09879821549,-0.003098040603,0.003098040603,0.09884677658,-1.796049716
05_3,B05,3,50,2,0.2,0.09809399592,-0.001905439106,0.001905439106,0.09811250039,-1.112809097
05_3,B05,3,50,3,0.4,0.09782812105,-0.001481879196,0.001481879196,0.097839344,-0.8678376897
05_3,B05,3,50,4,1,0.09710906506,-0.00129012747,0.00129012747,0.09711763458,-0.7611494415
05_3,B05,3,50,5,2,0.09657267326,-0.0017407499,0.0017407499,0.09658836074,-1.032660889
05_3,B05,3,50,6,4,0.09590951528,-0.002335257408,0.002335257408,0.09593794113,-1.394793429
05_3,B05,3,50,7,10,0.09452612058,-0.003625184596,0.003625184596,0.09459561002,-2.19628218
05_3,B05,3,50,8,20,0.09241240144,-0.00461986086,0.00461986086,0.09252780693,-2.861935687
05_3,B05,3,50,9,40,0.09004909008,-0.005243519597,0.005243519597,0.09020162483,-3.332545343
05_3,B05,3,50,10,100,0.08626418064,-0.005477149629,0.005477149629,0.08643788539,-3.632989633
05_3,B05,3,50,11,200,0.08363336966,-0.004984529584,0.004984529584,0.08378177639,-3.410780576
05_3,B05,3,50,12,400,0.08149191074,-0.004298457398,0.004298457398,0.08160519746,-3.019384847
05_3,B05,3,50,13,1000,0.07920434731,-0.003122452698,0.003122452698,0.07926587124,-2.25758778
05_3,B05,3,60,0,0.05,0.1022506745,-0.005025814715,0.005025814715,0.1023741142,-2.813931695
05_3,B05,3,60,1,0.1,0.0999531777,-0.004899021752,0.004899021752,0.100073164,-2.806002081
05_3,B05,3,60,2,0.2,0.09807520686,-0.002971074361,0.002971074361,0.09812019916,-1.735178352
05_3,B05,3,60,3,0.4,0.09774072824,-0.002138325612,0.002138325612,0.09776411609,-1.253290148
05_3,B05,3,60,4,1,0.09661592074,-0.001810418546,0.001810418546,0.09663288134,-1.073500133
05_3,B05,3,60,5,2,0.09617034187,-0.002081107126,0.002081107126,0.09619285661,-1.239675824
05_3,B05,3,60,6,4,0.09543839177,-0.002413859079,0.002413859079,0.09546891295,-1.448834743
05_3,B05,3,60,7,10,0.09388498215,-0.003523063246,0.003523063246,0.09395106092,-2.14903366
05_3,B05,3,60,8,20,0.09184483321,-0.004401330192,0.004401330192,0.09195023162,-2.743593325
05_3,B05,3,60,9,40,0.08969478885,-0.005217880772,0.005217880772,0.08984643247,-3.329357092
05_3,B05,3,60,10,100,0.08605571468,-0.005404697643,0.005404697643,0.08622526768,-3.593720358
05_3,B05,3,60,11,200,0.0834739642,-0.004974206086,0.004974206086,0.08362203911,-3.410217697
05_3,B05,3,60,12,400,0.08113514629,-0.00426139308,0.00426139308,0.08124697801,-3.006535504
05_3,B05,3,60,13,1000,0.07881901418,-0.003119178215,0.003119178215,0.0788807091,-2.266236661
05_3,B05,3,70,0,0.05,0.1009789319,-0.005914696076,0.005914696076,0.1011520059,-3.352187962
05_3,B05,3,70,1,0.1,0.0990583685,-0.00444529227,0.00444529227,0.09915806065,-2.56945199
05_3,B05,3,70,2,0.2,0.0977355023,-0.003002933514,0.003002933514,0.09778162414,-1.759865158
05_3,B05,3,70,3,0.4,0.09715903749,-0.002160293625,0.002160293625,0.09718305117,-1.273739625
05_3,B05,3,70,4,1,0.09622335627,-0.001876087493,0.001876087493,0.09624164377,-1.116966628
05_3,B05,3,70,5,2,0.09547441919,-0.002144914275,0.002144914275,0.09549850982,-1.286982075
05_3,B05,3,70,6,4,0.0948484452,-0.00244129964,0.00244129964,0.09487985825,-1.474407818
05_3,B05,3,70,7,10,0.09328176249,-0.003476067605,0.003476067605,0.09334650641,-2.134092312
05_3,B05,3,70,8,20,0.09142542875,-0.004275937759,0.004275937759,0.09152536624,-2.677753789
05_3,B05,3,70,9,40,0.08916997563,-0.005071884369,0.005071884369,0.0893141006,-3.255409601
05_3,B05,3,70,10,100,0.0858261085,-0.005281750613,0.005281750613,0.08598847475,-3.521549103
05_3,B05,3,70,11,200,0.08306906723,-0.004888747077,0.004888747077,0.08321279817,-3.368063138
05_3,B05,3,70,12,400,0.0808022993,-0.004194970455,0.004194970455,0.08091112006,-2.971926655
05_3,B05,3,70,13,1000,0.07858016006,-0.003012391441,0.003012391441,0.07863787928,-2.195374009
05_3,B05,3,80,0,0.05,0.09981276734,-0.00551531057,0.00551531057,0.09996502976,-3.162751596
05_3,B05,3,80,1,0.1,0.09828659693,-0.004324891766,0.004324891766,0.09838170473,-2.519553074
05_3,B05,3,80,2,0.2,0.09701695654,-0.00289304292,0.00289304292,0.09706008218,-1.708052372
05_3,B05,3,80,3,0.4,0.096340334,-0.002080376708,0.002080376708,0.09636279324,-1.237054909
05_3,B05,3,80,4,1,0.09554975682,-0.001962933472,0.001962933472,0.09556991752,-1.176894523
05_3,B05,3,80,5,2,0.09498442377,-0.001954767821,0.001954767821,0.09500453608,-1.178973707
05_3,B05,3,80,6,4,0.09430086493,-0.002160077765,0.002160077765,0.09432560131,-1.312201115
05_3,B05,3,80,7,10,0.09298210675,-0.003138813761,0.003138813761,0.09303507042,-1.93340979
05_3,B05,3,80,8,20,0.09135804871,-0.004165503068,0.004165503068,0.09145296321,-2.610613563
05_3,B05,3,80,9,40,0.0890092223,-0.004912641739,0.004912641739,0.08914468971,-3.15909231
05_3,B05,3,80,10,100,0.08568864084,-0.005149880531,0.005149880531,0.08584325506,-3.439334834
05_3,B05,3,80,11,200,0.08311400409,-0.004872559869,0.004872559869,0.08325670854,-3.355125805
05_3,B05,3,80,12,400,0.08090421159,-0.004158156075,0.004158156075,0.0810109975,-2.942187336
05_3,B05,3,80,13,1000,0.07858961338,-0.003035748146,0.003035748146,0.07864822374,-2.212113229
05_3,B05,3,90,0,0.05,0.1007894002,-0.005127662322,0.005127662322,0.1009197509,-2.912412715
05_3,B05,3,90,1,0.1,0.09917124961,-0.003946021659,0.003946021659,0.09924972462,-2.278595686
05_3,B05,3,90,2,0.2,0.09795299237,-0.002748244442,0.002748244442,0.09799153822,-1.60711282
05_3,B05,3,90,3,0.4,0.09751680619,-0.002010781005,0.002010781005,0.09753753498,-1.181262447
05_3,B05,3,90,4,1,0.09659871498,-0.001772066261,0.001772066261,0.09661496755,-1.050951151
05_3,B05,3,90,5,2,0.09609243383,-0.002006319025,0.002006319025,0.09611337657,-1.196107832
05_3,B05,3,90,6,4,0.095566377,-0.002325856385,0.002325856385,0.0955946757,-1.39416662
05_3,B05,3,90,7,10,0.09397129673,-0.003488025965,0.003488025965,0.09403600872,-2.125728483
05_3,B05,3,90,8,20,0.09213505951,-0.004465707374,0.004465707374,0.09224322052,-2.7749057
05_3,B05,3,90,9,40,0.08985290134,-0.005182504265,0.005182504265,0.09000223458,-3.30102868
05_3,B05,3,90,10,100,0.08614740846,-0.00556831228,0.00556831228,0.08632718046,-3.698284106
05_3,B05,3,90,11,200,0.0833230429,-0.005066485871,0.005066485871,0.08347693548,-3.479605148
05_3,B05,3,90,12,400,0.08114963574,-0.004419224779,0.004419224779,0.08126987713,-3.117118979
05_3,B05,3,90,13,1000,0.07875644993,-0.003159633974,0.003159633974,0.0788198052,-2.297420192
05_3,B05,3,100,0,0.05,0.1001286352,-0.004510728734,0.004510728734,0.1002301863,-2.579392973
05_3,B05,3,100,1,0.1,0.09919559435,-0.00292225101,0.00292225101,0.09923862902,-1.687416057
05_3,B05,3,100,2,0.2,0.09850747401,-0.002210068776,0.002210068776,0.09853226294,-1.285246371
05_3,B05,3,100,3,0.4,0.09812680602,-0.00165130493,0.00165130493,0.09814069934,-0.9640981643
05_3,B05,3,100,4,1,0.09736154931,-0.001498830226,0.001498830226,0.09737308548,-0.8819689473
05_3,B05,3,100,5,2,0.09691347687,-0.001842725228,0.001842725228,0.09693099419,-1.089298009
05_3,B05,3,100,6,4,0.09621671277,-0.002282450388,0.002282450388,0.09624378107,-1.358914146
05_3,B05,3,100,7,10,0.09492272366,-0.003598728559,0.003598728559,0.09499091701,-2.171168781
05_3,B05,3,100,8,20,0.09287617105,-0.004720561493,0.004720561493,0.09299605824,-2.909634468
05_3,B05,3,100,9,40,0.09030565478,-0.00553878143,0.00553878143,0.09047535236,-3.509766462
05_3,B05,3,100,10,100,0.08638266766,-0.00575088598,0.00575088598,0.0865738873,-3.808819436
05_3,B05,3,100,11,200,0.08371287217,-0.005250395179,0.005250395179,0.08387736057,-3.588838303
05_3,B05,3,100,12,400,0.08123786374,-0.004541597043,0.004541597043,0.08136471353,-3.199785791
05_3,B05,3,100,13,1000,0.07876348724,-0.003260253951,0.003260253951,0.07883093414,-2.370288849
05_4,B05,4,10,0,0.05,0.1148718867,-0.005853460554,0.005853460554,0.1150209257,-2.917065
05_4,B05,4,10,1,0.1,0.1128422638,-0.00490683575,0.00490683575,0.1129488979,-2.489882523
05_4,B05,4,10,2,0.2,0.1113443855,-0.003630589313,0.003630589313,0.1114035608,-1.867573017
05_4,B05,4,10,3,0.4,0.1104274872,-0.003326560324,0.003326560324,0.1104775812,-1.725478397
05_4,B05,4,10,4,1,0.1087903877,-0.003719384508,0.003719384508,0.1088539493,-1.95809637
05_4,B05,4,10,5,2,0.1073184624,-0.004543756424,0.004543756424,0.1074146083,-2.424398074
05_4,B05,4,10,6,4,0.1052967921,-0.00532864105,0.00532864105,0.1054315363,-2.897034265
05_4,B05,4,10,7,10,0.1013290103,-0.006461275455,0.006461275455,0.1015348039,-3.648543315
05_4,B05,4,10,8,20,0.09802259663,-0.006770046306,0.006770046306,0.09825610911,-3.95092644
05_4,B05,4,10,9,40,0.09494911207,-0.006550885904,0.006550885904,0.09517482855,-3.946790543
05_4,B05,4,10,10,100,0.09103964424,-0.006189064653,0.006189064653,0.09124977449,-3.889102561
05_4,B05,4,10,11,200,0.08822650745,-0.005535272573,0.005535272573,0.08839997658,-3.589993806
05_4,B05,4,10,12,400,0.08586545297,-0.004626186861,0.004626186861,0.08598998557,-3.083952282
05_4,B05,4,10,13,1000,0.08348839107,-0.003451522886,0.003451522886,0.08355970592,-2.367336873
05_4,B05,4,20,0,0.05,0.1066103271,-0.004148109209,0.004148109209,0.1066909962,-2.228201796
05_4,B05,4,20,1,0.1,0.1050610681,-0.003430185456,0.003430185456,0.10511705,-1.870011062
05_4,B05,4,20,2,0.2,0.1039448309,-0.002255356058,0.002255356058,0.103969296,-1.242987354
05_4,B05,4,20,3,0.4,0.1037452758,-0.001751239816,0.001751239816,0.1037600554,-0.9670717151
05_4,B05,4,20,4,1,0.1028263968,-0.001863790247,0.001863790247,0.1028432866,-1.038406733
05_4,B05,4,20,5,2,0.1022438285,-0.002293536284,0.002293536284,0.1022695496,-1.285044938
05_4,B05,4,20,6,4,0.1013755187,-0.00311700404,0.00311700404,0.1014234269,-1.76112469
05_4,B05,4,20,7,10,0.0991596455,-0.004681555807,0.004681555807,0.09927009752,-2.703058855
05_4,B05,4,20,8,20,0.09655498582,-0.005653183006,0.005653183006,0.09672033791,-3.350776487
05_4,B05,4,20,9,40,0.09356313527,-0.005946626527,0.005946626527,0.09375192078,-3.636677317
05_4,B05,4,20,10,100,0.08980887852,-0.005845430116,0.005845430116,0.08999890952,-3.723982889
05_4,B05,4,20,11,200,0.08714939479,-0.00522675552,0.00522675552,0.08730599055,-3.432183823
05_4,B05,4,20,12,400,0.08475766716,-0.004510486446,0.004510486446,0.08487759793,-3.046193956
05_4,B05,4,20,13,1000,0.08231961533,-0.003336810817,0.003336810817,0.08238721608,-2.321203384
05_4,B05,4,30,0,0.05,0.1034013418,-0.003544874811,0.003544874811,0.1034620878,-1.96348372
05_4,B05,4,30,1,0.1,0.102021155,-0.002912544603,0.002912544603,0.1020627208,-1.635260844
05_4,B05,4,30,2,0.2,0.1013030735,-0.001856496018,0.001856496018,0.1013200833,-1.04989392
05_4,B05,4,30,3,0.4,0.1011164974,-0.001505596081,0.001505596081,0.1011277057,-0.8530549329
05_4,B05,4,30,4,1,0.1004780779,-0.001492980299,0.001492980299,0.1004891692,-0.8512819643
05_4,B05,4,30,5,2,0.1000176381,-0.001903465586,0.001903465586,0.1000357492,-1.0902815
05_4,B05,4,30,6,4,0.09941579916,-0.002444488454,0.002444488454,0.09944584781,-1.408535229
05_4,B05,4,30,7,10,0.09745926872,-0.003932013723,0.003932013723,0.09753855541,-2.310356698
05_4,B05,4,30,8,20,0.09546215,-0.0050219871,0.0050219871,0.09559415482,-3.011388973
05_4,B05,4,30,9,40,0.09283593318,-0.005637513458,0.005637513458,0.09300694623,-3.475050612
05_4,B05,4,30,10,100,0.08890769466,-0.005674814793,0.005674814793,0.08908861707,-3.652130075
05_4,B05,4,30,11,200,0.08631652741,-0.005124484866,0.005124484866,0.08646851016,-3.397577905
05_4,B05,4,30,12,400,0.08396338784,-0.004448630199,0.004448630199,0.08408115608,-3.032865108
05_4,B05,4,30,13,1000,0.08182112011,-0.003247611596,0.003247611596,0.08188554621,-2.272968331
05_4,B05,4,40,0,0.05,0.1015405813,-0.003409885031,0.003409885031,0.1015978197,-1.923355436
05_4,B05,4,40,1,0.1,0.1004161654,-0.00271544088,0.00271544088,0.100452874,-1.549007512
05_4,B05,4,40,2,0.2,0.0997466203,-0.001758440132,0.001758440132,0.09976211893,-1.009966678
05_4,B05,4,40,3,0.4,0.09957912237,-0.001216395324,0.001216395324,0.09958655145,-0.69985405
05_4,B05,4,40,4,1,0.0989761051,-0.001364614953,0.001364614953,0.09898551184,-0.7899050362
05_4,B05,4,40,5,2,0.09856769902,-0.001768359054,0.001768359054,0.09858356041,-1.027807722
05_4,B05,4,40,6,4,0.09792329489,-0.002292529667,0.002292529667,0.09795012697,-1.341134246
05_4,B05,4,40,7,10,0.09644898791,-0.003650129797,0.003650129797,0.09651803311,-2.167335047
05_4,B05,4,40,8,20,0.09428322011,-0.004606230306,0.004606230306,0.09439567232,-2.79697575
05_4,B05,4,40,9,40,0.09197056447,-0.005371624457,0.005371624457,0.09212729823,-3.342614727
05_4,B05,4,40,10,100,0.08822775313,-0.005496077204,0.005496077204,0.08839877424,-3.564588573
05_4,B05,4,40,11,200,0.08571565178,-0.005040772918,0.005040772918,0.08586374294,-3.365578536
05_4,B05,4,40,12,400,0.08333555096,-0.004291134495,0.004291134495,0.0834459579,-2.947684864
05_4,B05,4,40,13,1000,0.0810347852,-0.003248537993,0.003248537993,0.08109987306,-2.295654958
05_4,B05,4,50,0,0.05,0.101257837,-0.003860774261,0.003860774261,0.1013314123,-2.183524531
05_4,B05,4,50,1,0.1,0.09983452911,-0.003051027368,0.003051027368,0.09988113922,-1.7504625
05_4,B05,4,50,2,0.2,0.09903139147,-0.001921687973,0.001921687973,0.09905003474,-1.111675722
05_4,B05,4,50,3,0.4,0.09878975391,-0.0014652537,0.0014652537,0.09880061967,-0.849751054
05_4,B05,4,50,4,1,0.09801750368,-0.001526554907,0.001526554907,0.09802939048,-0.8922700468
05_4,B05,4,50,5,2,0.09762417476,-0.001798945717,0.001798945717,0.09764074817,-1.05568455
05_4,B05,4,50,6,4,0.0970605575,-0.002208144619,0.002208144619,0.09708567209,-1.303264169
05_4,B05,4,50,7,10,0.09558643881,-0.0034686064,0.0034686064,0.09564935188,-2.078216819
05_4,B05,4,50,8,20,0.09358504013,-0.004498227514,0.004498227514,0.09369308292,-2.751842046
05_4,B05,4,50,9,40,0.09127715854,-0.005216362269,0.005216362269,0.09142609095,-3.270816173
05_4,B05,4,50,10,100,0.08777708281,-0.005280840809,0.005280840809,0.08793579218,-3.442876262
05_4,B05,4,50,11,200,0.08518610592,-0.004935910842,0.004935910842,0.08532898604,-3.316162865
05_4,B05,4,50,12,400,0.0828814813,-0.004305919188,0.004305919188,0.08299325805,-2.973998372
05_4,B05,4,50,13,1000,0.08067414919,-0.003089694556,0.003089694556,0.08073329276,-2.193267403
05_4,B05,4,60,0,0.05,0.1037625028,-0.005309073076,0.005309073076,0.103898235,-2.929020043
05_4,B05,4,60,1,0.1,0.1011233219,-0.005023798065,0.005023798065,0.1012480359,-2.844111166
05_4,B05,4,60,2,0.2,0.09944420144,-0.003101532187,0.003101532187,0.09949255601,-1.786399967
05_4,B05,4,60,3,0.4,0.09925584188,-0.002091520834,0.002091520834,0.09927787572,-1.207159016
05_4,B05,4,60,4,1,0.09807252524,-0.001993840291,0.001993840291,0.0980927908,-1.164677858
05_4,B05,4,60,5,2,0.0974817107,-0.002165448216,0.002165448216,0.09750575925,-1.272552982
05_4,B05,4,60,6,4,0.09672706728,-0.002374998706,0.002374998706,0.09675622028,-1.406535624
05_4,B05,4,60,7,10,0.0951292492,-0.003428850002,0.003428850002,0.09519102408,-2.064282261
05_4,B05,4,60,8,20,0.09331363238,-0.004333035652,0.004333035652,0.09341418086,-2.658630269
05_4,B05,4,60,9,40,0.09098342359,-0.004907941968,0.004907941968,0.09111570261,-3.087728165
05_4,B05,4,60,10,100,0.08756836379,-0.005379591055,0.005379591055,0.0877334505,-3.515436086
05_4,B05,4,60,11,200,0.08497725694,-0.005032689069,0.005032689069,0.08512615437,-3.389323593
05_4,B05,4,60,12,400,0.08278092218,-0.004236459936,0.004236459936,0.08288925546,-2.92965687
05_4,B05,4,60,13,1000,0.08041810302,-0.003140746099,0.003140746099,0.0804794109,-2.236562154
05_4,B05,4,70,0,0.05,0.1030149254,-0.005960678315,0.005960678315,0.1031872305,-3.31157189
05_4,B05,4,70,1,0.1,0.1011396835,-0.004668755034,0.004668755034,0.1012473844,-2.642980371
05_4,B05,4,70,2,0.2,0.09974237839,-0.003087363684,0.003087363684,0.09979014912,-1.772931925
05_4,B05,4,70,3,0.4,0.09915885466,-0.002278246683,0.002278246683,0.0991850234,-1.316180571
05_4,B05,4,70,4,1,0.09809940296,-0.002101987713,0.002101987713,0.09812192015,-1.227495729
05_4,B05,4,70,5,2,0.09749682392,-0.002169679958,0.002169679958,0.0975209628,-1.274841417
05_4,B05,4,70,6,4,0.09670562463,-0.002531305519,0.002531305519,0.09673874789,-1.499395861
05_4,B05,4,70,7,10,0.09507982303,-0.00363200247,0.00363200247,0.0951491681,-2.187606954
05_4,B05,4,70,8,20,0.09333201605,-0.004439145734,0.004439145734,0.09343752584,-2.723103929
05_4,B05,4,70,9,40,0.09097353607,-0.005109831792,0.005109831792,0.09111692843,-3.214830412
05_4,B05,4,70,10,100,0.08737030156,-0.005376874305,0.005376874305,0.08753559488,-3.521610408
05_4,B05,4,70,11,200,0.08472472474,-0.005105053834,0.005105053834,0.08487838687,-3.448164939
05_4,B05,4,70,12,400,0.08255835982,-0.004343037683,0.004343037683,0.0826725151,-3.011307026
05_4,B05,4,70,13,1000,0.08016578744,-0.003061888422,0.003061888422,0.0802242397,-2.187317755
05_4,B05,4,80,0,0.05,0.1033669082,-0.005768287079,0.005768287079,0.1035277299,-3.194021017
05_4,B05,4,80,1,0.1,0.1012278159,-0.004511110277,0.004511110277,0.1013282824,-2.551637418
05_4,B05,4,80,2,0.2,0.09995967276,-0.003067447884,0.003067447884,0.1000067268,-1.757675635
05_4,B05,4,80,3,0.4,0.09944172547,-0.002275317565,0.002275317565,0.09946775274,-1.310751092
05_4,B05,4,80,4,1,0.09843811567,-0.001983672891,0.001983672891,0.09845810061,-1.154438025
05_4,B05,4,80,5,2,0.09772187366,-0.002308789478,0.002308789478,0.09774914373,-1.353425623
05_4,B05,4,80,6,4,0.09701929179,-0.002607597804,0.002607597804,0.0970543278,-1.539574101
05_4,B05,4,80,7,10,0.09540598356,-0.003716185194,0.003716185194,0.09547833121,-2.230616317
05_4,B05,4,80,8,20,0.09363152074,-0.00459188388,0.00459188388,0.09374405087,-2.807654327
05_4,B05,4,80,9,40,0.09116900566,-0.005273634066,0.005273634066,0.0913214039,-3.310561983
05_4,B05,4,80,10,100,0.08745022475,-0.005485999968,0.005485999968,0.08762213194,-3.589622376
05_4,B05,4,80,11,200,0.08481923452,-0.005101243362,0.005101243362,0.08497249689,-3.44176737
05_4,B05,4,80,12,400,0.08249303261,-0.004351620875,0.004351620875,0.08260772987,-3.019632292
05_4,B05,4,80,13,1000,0.08019023604,-0.003215172616,0.003215172616,0.08025466523,-2.296005264
05_4,B05,4,90,0,0.05,0.1034581331,-0.005209911189,0.005209911189,0.1035892295,-2.882847105
05_4,B05,4,90,1,0.1,0.1016041337,-0.004126943163,0.004126943163,0.101687913,-2.325953772
05_4,B05,4,90,2,0.2,0.1004131395,-0.002807956971,0.002807956971,0.1004523927,-1.601803983
05_4,B05,4,90,3,0.4,0.09993985917,-0.002141170005,0.002141170005,0.09996279338,-1.22735053
05_4,B05,4,90,4,1,0.0989767897,-0.001932205397,0.001932205397,0.09899564797,-1.118374868
05_4,B05,4,90,5,2,0.09833802452,-0.002192619855,0.002192619855,0.09836246564,-1.27729891
05_4,B05,4,90,6,4,0.09767767571,-0.002479184537,0.002479184537,0.09770913308,-1.453928123
05_4,B05,4,90,7,10,0.09594915606,-0.003679900769,0.003679900769,0.09601969703,-2.196366337
05_4,B05,4,90,8,20,0.09403486314,-0.00474261487,0.00474261487,0.09415438323,-2.887245864
05_4,B05,4,90,9,40,0.09149985684,-0.005593149274,0.005593149274,0.09167064481,-3.497990128
05_4,B05,4,90,10,100,0.08769327676,-0.005730345092,0.005730345092,0.08788030293,-3.738695578
05_4,B05,4,90,11,200,0.08489080107,-0.005230377457,0.005230377457,0.08505177808,-3.525708342
05_4,B05,4,90,12,400,0.08252962749,-0.004490388995,0.004490388995,0.08265169694,-3.114359203
05_4,B05,4,90,13,1000,0.08018879455,-0.003305615518,0.003305615518,0.08025689917,-2.360562285
05_4,B05,4,100,0,0.05,0.0998433416,-0.004646708016,0.004646708016,0.09995141198,-2.664622225
05_4,B05,4,100,1,0.1,0.09909628599,-0.002907493865,0.002907493865,0.09913892988,-1.680581152
05_4,B05,4,100,2,0.2,0.09847762402,-0.002024428048,0.002024428048,0.09849843015,-1.177677153
05_4,B05,4,100,3,0.4,0.09786978512,-0.001594221045,0.001594221045,0.09788276856,-0.9332201949
05_4,B05,4,100,4,1,0.09731709283,-0.001512943593,0.001512943593,0.09732885263,-0.8906790908
05_4,B05,4,100,5,2,0.09678229543,-0.001620486225,0.001620486225,0.09679586088,-0.9592492718
05_4,B05,4,100,6,4,0.09628120412,-0.001933659574,0.001933659574,0.09630061945,-1.150542742
05_4,B05,4,100,7,10,0.09514365624,-0.003128988766,0.003128988766,0.09519509385,-1.883607027
05_4,B05,4,100,8,20,0.09335321338,-0.004269517827,0.004269517827,0.09345079577,-2.618603003
05_4,B05,4,100,9,40,0.09106436818,-0.005071714134,0.005071714134,0.09120549016,-3.187722387
05_4,B05,4,100,10,100,0.08743224464,-0.005531886943,0.005531886943,0.08760707264,-3.620310213
05_4,B05,4,100,11,200,0.08471600216,-0.00504196326,0.00504196326,0.08486590844,-3.406001706
05_4,B05,4,100,12,400,0.08241518292,-0.004449792937,0.004449792937,0.08253522299,-3.090535416
05_4,B05,4,100,13,1000,0.08002298847,-0.003192039066,0.003192039066,0.08008662683,-2.284261829
05_5,B05,5,10,0,0.05,0.1145336054,-0.006025440206,0.006025440206,0.1146919905,-3.011468344
05_5,B05,5,10,1,0.1,0.112370293,-0.004871089137,0.004871089137,0.1124758208,-2.482134951
05_5,B05,5,10,2,0.2,0.1109720173,-0.003655307828,0.003655307828,0.1110322021,-1.886583862
05_5,B05,5,10,3,0.4,0.1101796093,-0.003161061297,0.003161061297,0.1102249455,-1.643369435
05_5,B05,5,10,4,1,0.1084215324,-0.003708947259,0.003708947259,0.1084849528,-1.959243556
05_5,B05,5,10,5,2,0.1069656386,-0.00456217068,0.00456217068,0.1070628845,-2.442231003
05_5,B05,5,10,6,4,0.1048872819,-0.005434242397,0.005434242397,0.1050279625,-2.965860128
05_5,B05,5,10,7,10,0.1010227088,-0.00635247087,0.00635247087,0.1012222385,-3.59811359
05_5,B05,5,10,8,20,0.09785986977,-0.006590730324,0.006590730324,0.09808155707,-3.852975057
05_5,B05,5,10,9,40,0.09481335677,-0.006354719905,0.006354719905,0.09502607583,-3.834427058
05_5,B05,5,10,10,100,0.09093510275,-0.006029068331,0.006029068331,0.09113474956,-3.793203383
05_5,B05,5,10,11,200,0.08843239077,-0.005413913616,0.005413913616,0.0885979582,-3.503328711
05_5,B05,5,10,12,400,0.0859760506,-0.004542381936,0.004542381936,0.08609596106,-3.024302229
05_5,B05,5,10,13,1000,0.08351500681,-0.003373375415,0.003373375415,0.08358310849,-2.313059278
05_5,B05,5,20,0,0.05,0.1064792215,-0.00408577376,0.00408577376,0.1065575814,-2.197450331
05_5,B05,5,20,1,0.1,0.1048912782,-0.003388718521,0.003388718521,0.1049460035,-1.85040896
05_5,B05,5,20,2,0.2,0.103957045,-0.002240428663,0.002240428663,0.1039811844,-1.234617992
05_5,B05,5,20,3,0.4,0.1036032242,-0.001656803578,0.001656803578,0.103616471,-0.9161854009
05_5,B05,5,20,4,1,0.1029124336,-0.00198602186,0.00198602186,0.1029315951,-1.105566585
05_5,B05,5,20,5,2,0.1022751703,-0.002405831317,0.002405831317,0.1023034627,-1.347527107
05_5,B05,5,20,6,4,0.1013615083,-0.003003553159,0.003003553159,0.1014059993,-1.697296935
05_5,B05,5,20,7,10,0.09911462794,-0.004532392238,0.004532392238,0.09921820424,-2.618242797
05_5,B05,5,20,8,20,0.09652483877,-0.005461197993,0.005461197993,0.09667920761,-3.238237562
05_5,B05,5,20,9,40,0.09377484762,-0.005865367894,0.005865367894,0.09395810016,-3.57903657
05_5,B05,5,20,10,100,0.09007044161,-0.00571462856,0.00571462856,0.09025154531,-3.630334327
05_5,B05,5,20,11,200,0.08727400882,-0.005242697637,0.005242697637,0.08743133588,-3.437723429
05_5,B05,5,20,12,400,0.08507861059,-0.004451376259,0.004451376259,0.08519498066,-2.995026919
05_5,B05,5,20,13,1000,0.08265899905,-0.003285648702,0.003285648702,0.08272427462,-2.276276649
05_5,B05,5,30,0,0.05,0.1029936708,-0.003645437228,0.003645437228,0.1030581653,-2.027124667
05_5,B05,5,30,1,0.1,0.1017751496,-0.002768613228,0.002768613228,0.1018128002,-1.558246208
05_5,B05,5,30,2,0.2,0.1011347008,-0.00191891273,0.00191891273,0.1011529037,-1.086990014
05_5,B05,5,30,3,0.4,0.1008486068,-0.001352925789,0.001352925789,0.1008576814,-0.7686004829
05_5,B05,5,30,4,1,0.1002412626,-0.001505408108,0.001505408108,0.100252566,-0.8603946643
05_5,B05,5,30,5,2,0.09976767253,-0.001795622109,0.001795622109,0.09978383006,-1.031100147
05_5,B05,5,30,6,4,0.09912611291,-0.002452301136,0.002452301136,0.09915644226,-1.417162914
05_5,B05,5,30,7,10,0.09738820326,-0.003713355237,0.003713355237,0.09745897158,-2.183596767
05_5,B05,5,30,8,20,0.09534216536,-0.004817739297,0.004817739297,0.09546381046,-2.892755209
05_5,B05,5,30,9,40,0.09280685914,-0.005438932237,0.005438932237,0.09296609644,-3.353974411
05_5,B05,5,30,10,100,0.08904510497,-0.005450777386,0.005450777386,0.08921178001,-3.502913848
05_5,B05,5,30,11,200,0.08642244122,-0.00505046914,0.00505046914,0.08656988844,-3.344522794
05_5,B05,5,30,12,400,0.08425078833,-0.00423905019,0.00423905019,0.08435736411,-2.880388959
05_5,B05,5,30,13,1000,0.08187462808,-0.003154081981,0.003154081981,0.0819353584,-2.206132385
05_5,B05,5,40,0,0.05,0.1015606742,-0.003454354191,0.003454354191,0.1016194032,-1.948034004
05_5,B05,5,40,1,0.1,0.1003672556,-0.002718708224,0.002718708224,0.1004040705,-1.551625821
05_5,B05,5,40,2,0.2,0.09974157083,-0.001826712922,0.001826712922,0.09975829705,-1.049223913
05_5,B05,5,40,3,0.4,0.09950226508,-0.001400776098,0.001400776098,0.09951212453,-0.8065470369
05_5,B05,5,40,4,1,0.09890004822,-0.001334066191,0.001334066191,0.09890904544,-0.772817893
05_5,B05,5,40,5,2,0.09852627896,-0.001675867089,0.001675867089,0.09854053063,-0.9744694891
05_5,B05,5,40,6,4,0.09788856138,-0.002205464768,0.002205464768,0.09791340319,-1.290676319
05_5,B05,5,40,7,10,0.09625067957,-0.00359219145,0.00359219145,0.0963176887,-2.13735561
05_5,B05,5,40,8,20,0.09460038884,-0.004592601306,0.004592601306,0.09471180262,-2.779377997
05_5,B05,5,40,9,40,0.0921185066,-0.005215005712,0.005215005712,0.09226600427,-3.240165675
05_5,B05,5,40,10,100,0.0884474397,-0.005264393907,0.005264393907,0.08860396963,-3.406227738
05_5,B05,5,40,11,200,0.08595069925,-0.004948924533,0.004948924533,0.08609305754,-3.295374666
05_5,B05,5,40,12,400,0.08376660372,-0.004271557149,0.004271557149,0.08387544396,-2.919187101
05_5,B05,5,40,13,1000,0.08132483957,-0.003160923693,0.003160923693,0.08138624558,-2.225844774
05_5,B05,5,50,0,0.05,0.1013232289,-0.003610670765,0.003610670765,0.101387542,-2.04088141
05_5,B05,5,50,1,0.1,0.1001445449,-0.003117650538,0.003117650538,0.1001930617,-1.783128023
05_5,B05,5,50,2,0.2,0.09910251246,-0.002059057642,0.002059057642,0.09912390073,-1.190265898
05_5,B05,5,50,3,0.4,0.09885352203,-0.001425889973,0.001425889973,0.09886380521,-0.8263925305
05_5,B05,5,50,4,1,0.09828061207,-0.001426226318,0.001426226318,0.09829096007,-0.8314052118
05_5,B05,5,50,5,2,0.09781921675,-0.001849795745,0.001849795745,0.09783670533,-1.08335419
05_5,B05,5,50,6,4,0.09730387216,-0.002257865663,0.002257865663,0.0973300647,-1.329268397
05_5,B05,5,50,7,10,0.09558189116,-0.003389073458,0.003389073458,0.09564195594,-2.030701519
05_5,B05,5,50,8,20,0.0939900298,-0.004338408732,0.004338408732,0.09409010305,-2.642793088
05_5,B05,5,50,9,40,0.09140657339,-0.005023120098,0.005023120098,0.09154448861,-3.145445478
05_5,B05,5,50,10,100,0.08808357192,-0.005280987764,0.005280987764,0.08824173884,-3.431020597
05_5,B05,5,50,11,200,0.08556973511,-0.004894569677,0.004894569677,0.08570960494,-3.273738506
05_5,B05,5,50,12,400,0.08330736584,-0.004229846194,0.004229846194,0.08341467977,-2.906638481
05_5,B05,5,50,13,1000,0.08109952873,-0.003062069309,0.003062069309,0.08115731531,-2.162285675
05_5,B05,5,60,0,0.05,0.1037488182,-0.005379180011,0.005379180011,0.1038881747,-2.968020143
05_5,B05,5,60,1,0.1,0.101344999,-0.005181222012,0.005181222012,0.1014773566,-2.926675446
05_5,B05,5,60,2,0.2,0.09956483531,-0.003025925982,0.003025925982,0.09961080594,-1.740769607
05_5,B05,5,60,3,0.4,0.09928874648,-0.002117357366,0.002117357366,0.0993113205,-1.221661669
05_5,B05,5,60,4,1,0.09812957031,-0.00202910915,0.00202910915,0.09815054688,-1.18458508
05_5,B05,5,60,5,2,0.09760811061,-0.002098831488,0.002098831488,0.0976306732,-1.231820357
05_5,B05,5,60,6,4,0.09682173963,-0.002451050422,0.002451050422,0.09685275894,-1.45013772
05_5,B05,5,60,7,10,0.09540550413,-0.003503033028,0.003503033028,0.09546979343,-2.102802
05_5,B05,5,60,8,20,0.09343204386,-0.004437107039,0.004437107039,0.09353734409,-2.718945587
05_5,B05,5,60,9,40,0.09127538379,-0.005127868031,0.005127868031,0.0914193126,-3.215507445
05_5,B05,5,60,10,100,0.08776220743,-0.005299784385,0.005299784385,0.08792208351,-3.455780998
05_5,B05,5,60,11,200,0.08530440928,-0.004828529563,0.004828529563,0.08544095588,-3.23968563
05_5,B05,5,60,12,400,0.08313768319,-0.004165597383,0.004165597383,0.083241976,-2.868395089
05_5,B05,5,60,13,1000,0.08095341744,-0.003124422207,0.003124422207,0.08101368903,-2.210251321
05_5,B05,5,70,0,0.05,0.1032920353,-0.00607436987,0.00607436987,0.1034704911,-3.365558405
05_5,B05,5,70,1,0.1,0.1013635139,-0.004583808418,0.004583808418,0.1014671043,-2.589236097
05_5,B05,5,70,2,0.2,0.09996763128,-0.003230988952,0.003230988952,0.100019831,-1.851175313
05_5,B05,5,70,3,0.4,0.09929820496,-0.002216544447,0.002216544447,0.09932294084,-1.27874975
05_5,B05,5,70,4,1,0.0983677983,-0.002093248966,0.002093248966,0.09839006776,-1.219059844
05_5,B05,5,70,5,2,0.09748005276,-0.00218728104,0.00218728104,0.09750458904,-1.285400888
05_5,B05,5,70,6,4,0.09683642063,-0.002551064556,0.002551064556,0.0968700175,-1.509054466
05_5,B05,5,70,7,10,0.09516501722,-0.003609454277,0.003609454277,0.09523344298,-2.172094536
05_5,B05,5,70,8,20,0.0932790585,-0.00434928228,0.00434928228,0.0933803995,-2.669572046
05_5,B05,5,70,9,40,0.09107047318,-0.005015960949,0.005015960949,0.09120850261,-3.152540024
05_5,B05,5,70,10,100,0.08765304974,-0.005360224533,0.005360224533,0.08781679301,-3.499436261
05_5,B05,5,70,11,200,0.08511871889,-0.004966810401,0.004966810401,0.08526350632,-3.33951156
05_5,B05,5,70,12,400,0.08291299342,-0.004241104429,0.004241104429,0.08302139149,-2.928199502
05_5,B05,5,70,13,1000,0.08065314858,-0.003078198449,0.003078198449,0.08071186828,-2.185683052
05_5,B05,5,80,0,0.05,0.1031893799,-0.005766425503,0.005766425503,0.1033503739,-3.198474226
05_5,B05,5,80,1,0.1,0.1013168772,-0.004458559069,0.004458559069,0.1014149316,-2.51973724
05_5,B05,5,80,2,0.2,0.09999545573,-0.002969221635,0.002969221635,0.1000395294,-1.700816237
05_5,B05,5,80,3,0.4,0.09929974425,-0.002232501195,0.002232501195,0.09932483712,-1.287932332
05_5,B05,5,80,4,1,0.09837721455,-0.001927334832,0.001927334832,0.09839609221,-1.122353659
05_5,B05,5,80,5,2,0.0978092718,-0.002107405994,0.002107405994,0.09783197233,-1.234308236
05_5,B05,5,80,6,4,0.09700877889,-0.002506227496,0.002506227496,0.09704114776,-1.479910629
05_5,B05,5,80,7,10,0.09547420111,-0.003522209195,0.003522209195,0.09553914923,-2.112782724
05_5,B05,5,80,8,20,0.09375126693,-0.004400355471,0.004400355471,0.09385447874,-2.687290584
05_5,B05,5,80,9,40,0.09144581826,-0.005169086681,0.005169086681,0.09159179622,-3.235271125
05_5,B05,5,80,10,100,0.08783148198,-0.005318329626,0.005318329626,0.08799235112,-3.465115666
05_5,B05,5,80,11,200,0.08520824311,-0.005090825843,0.005090825843,0.0853601851,-3.419111898
05_5,B05,5,80,12,400,0.08295249912,-0.004261417869,0.004261417869,0.08306188532,-2.940801245
05_5,B05,5,80,13,1000,0.08072533472,-0.003031468532,0.003031468532,0.08078223485,-2.150610773
05_5,B05,5,90,0,0.05,0.1018851112,-0.00530057916,0.00530057916,0.1020228995,-2.978131504
05_5,B05,5,90,1,0.1,0.1002278469,-0.004093534762,0.004093534762,0.1003114067,-2.338790966
05_5,B05,5,90,2,0.2,0.09928532598,-0.002783570513,0.002783570513,0.0993243385,-1.605927904
05_5,B05,5,90,3,0.4,0.09869564185,-0.001890054505,0.001890054505,0.09871373778,-1.097099212
05_5,B05,5,90,4,1,0.09763555486,-0.001760838422,0.001760838422,0.09765143176,-1.033206337
05_5,B05,5,90,5,2,0.09726844053,-0.001943955901,0.001943955901,0.09728786403,-1.144930899
05_5,B05,5,90,6,4,0.09652048161,-0.002136822002,0.002136822002,0.09654413176,-1.268237419
05_5,B05,5,90,7,10,0.09519550922,-0.003354747944,0.003354747944,0.09525460257,-2.018303065
05_5,B05,5,90,8,20,0.09342925294,-0.004222110188,0.004222110188,0.09352460382,-2.587461791
05_5,B05,5,90,9,40,0.09126799477,-0.005043875957,0.005043875957,0.09140726204,-3.163202318
05_5,B05,5,90,10,100,0.08770353671,-0.005316832995,0.005316832995,0.08786454953,-3.469184213
05_5,B05,5,90,11,200,0.08516994485,-0.004977372078,0.004977372078,0.08531526088,-3.344588483
05_5,B05,5,90,12,400,0.08287376783,-0.004309383848,0.004309383848,0.08298573482,-2.97666356
05_5,B05,5,90,13,1000,0.08058272611,-0.003088591095,0.003088591095,0.08064189446,-2.194969856
05_5,B05,5,100,0,0.05,0.1013109404,-0.004691441771,0.004691441771,0.1014195063,-2.651321996
05_5,B05,5,100,1,0.1,0.1005294885,-0.002949939519,0.002949939519,0.1005727607,-1.680806292
05_5,B05,5,100,2,0.2,0.09992695188,-0.002199472236,0.002199472236,0.09995115502,-1.260922389
05_5,B05,5,100,3,0.4,0.09926246662,-0.001739463906,0.001739463906,0.09927770653,-1.003941811
05_5,B05,5,100,4,1,0.09859472189,-0.001584803787,0.001584803787,0.09860745807,-0.9208885384
05_5,B05,5,100,5,2,0.09812436129,-0.00184450779,0.00184450779,0.09814169597,-1.076899408
05_5,B05,5,100,6,4,0.09757376924,-0.002158224631,0.002158224631,0.0975976351,-1.267113111
05_5,B05,5,100,7,10,0.09622452852,-0.003445231853,0.003445231853,0.09628618547,-2.050547428
05_5,B05,5,100,8,20,0.09421785776,-0.00456516112,0.00456516112,0.09432839136,-2.773997052
05_5,B05,5,100,9,40,0.09166231937,-0.005425397872,0.005425397872,0.09182274083,-3.387325969
05_5,B05,5,100,10,100,0.08785767091,-0.00580833329,0.00580833329,0.08804945811,-3.78236083
05_5,B05,5,100,11,200,0.08520236492,-0.005113125616,0.005113125616,0.08535565032,-3.434289509
05_5,B05,5,100,12,400,0.08297918555,-0.004485507109,0.004485507109,0.08310033097,-3.094158388
05_5,B05,5,100,13,1000,0.08053352227,-0.003294044029,0.003294044029,0.08060086188,-2.342250372
05_6,B05,6,10,0,0.05,0.1156983968,-0.006018616051,0.006018616051,0.1158548349,-2.977835106
05_6,B05,6,10,1,0.1,0.1136797294,-0.005004841109,0.005004841109,0.1137898472,-2.520864703
05_6,B05,6,10,2,0.2,0.1121623064,-0.003882805834,0.003882805834,0.1122294933,-1.982658792
05_6,B05,6,10,3,0.4,0.1111409573,-0.003409918465,0.003409918465,0.1111932549,-1.75734196
05_6,B05,6,10,4,1,0.1093601732,-0.003936638164,0.003936638164,0.1094310039,-2.06158603
05_6,B05,6,10,5,2,0.1076299805,-0.004819448831,0.004819448831,0.107737829,-2.563874327
05_6,B05,6,10,6,4,0.1052930352,-0.005633951298,0.005633951298,0.1054436564,-3.062824569
05_6,B05,6,10,7,10,0.101333324,-0.006354376813,0.006354376813,0.1015323627,-3.588186633
05_6,B05,6,10,8,20,0.09820654022,-0.006466231908,0.006466231908,0.09841918866,-3.767099321
05_6,B05,6,10,9,40,0.09537896397,-0.006284603212,0.006284603212,0.09558578872,-3.769819547
05_6,B05,6,10,10,100,0.09160303241,-0.005889231783,0.005889231783,0.09179214889,-3.678528631
05_6,B05,6,10,11,200,0.08902766475,-0.005321259914,0.005321259914,0.0891865511,-3.420548413
05_6,B05,6,10,12,400,0.0868005062,-0.004574275916,0.004574275916,0.08692095189,-3.016623989
05_6,B05,6,10,13,1000,0.08419451744,-0.003409536569,0.003409536569,0.08426352537,-2.318979656
05_6,B05,6,20,0,0.05,0.1071099044,-0.004080036053,0.004080036053,0.1071875847,-2.18145912
05_6,B05,6,20,1,0.1,0.1056595958,-0.003461188306,0.003461188306,0.1057162712,-1.87621949
05_6,B05,6,20,2,0.2,0.1046708904,-0.002294524175,0.002294524175,0.1046960369,-1.255798038
05_6,B05,6,20,3,0.4,0.1043249081,-0.001801581827,0.001801581827,0.1043404626,-0.9893397268
05_6,B05,6,20,4,1,0.1034404249,-0.001841961251,0.001841961251,0.1034568235,-1.020156801
05_6,B05,6,20,5,2,0.1028593805,-0.002366057689,0.002366057689,0.1028865899,-1.317733162
05_6,B05,6,20,6,4,0.101945193,-0.003172424706,0.003172424706,0.1019945423,-1.782407799
05_6,B05,6,20,7,10,0.09967203654,-0.00445726394,0.00445726394,0.09977164963,-2.560521341
05_6,B05,6,20,8,20,0.09704300388,-0.005363461335,0.005363461335,0.0971911072,-3.163456983
05_6,B05,6,20,9,40,0.09435984001,-0.005756642938,0.005756642938,0.09453527566,-3.491136235
05_6,B05,6,20,10,100,0.09067395276,-0.005593840289,0.005593840289,0.09084633596,-3.530206381
05_6,B05,6,20,11,200,0.08809955234,-0.005030910433,0.005030910433,0.08824308008,-3.268316522
05_6,B05,6,20,12,400,0.08586746147,-0.004378196592,0.004378196592,0.08597900642,-2.918860481
05_6,B05,6,20,13,1000,0.08354624855,-0.003223404251,0.003223404251,0.08360840856,-2.209505547
05_6,B05,6,30,0,0.05,0.1034853672,-0.003517142227,0.003517142227,0.1035451183,-1.94655412
05_6,B05,6,30,1,0.1,0.102173444,-0.002821941304,0.002821941304,0.1022124064,-1.582057207
05_6,B05,6,30,2,0.2,0.1016005016,-0.001767625517,0.001767625517,0.1016158768,-0.9967201324
05_6,B05,6,30,3,0.4,0.101315916,-0.001316034878,0.001316034878,0.1013244629,-0.7441970304
05_6,B05,6,30,4,1,0.100630434,-0.00140105668,0.00140105668,0.1006401868,-0.7976657276
05_6,B05,6,30,5,2,0.1002448954,-0.001786052967,0.001786052967,0.1002608051,-1.020724999
05_6,B05,6,30,6,4,0.09959978727,-0.002377582749,0.002377582749,0.0996281613,-1.367468685
05_6,B05,6,30,7,10,0.09788914894,-0.003759136025,0.003759136025,0.09796130146,-2.199190095
05_6,B05,6,30,8,20,0.09577953884,-0.004760006797,0.004760006797,0.0958977462,-2.845118103
05_6,B05,6,30,9,40,0.09338067734,-0.005393512723,0.005393512723,0.09353630782,-3.305636367
05_6,B05,6,30,10,100,0.08968228195,-0.005439275599,0.005439275599,0.08984707794,-3.470766351
05_6,B05,6,30,11,200,0.08727039758,-0.004967421856,0.004967421856,0.08741165583,-3.257754543
05_6,B05,6,30,12,400,0.08506696804,-0.004380579737,0.004380579737,0.08517968378,-2.947880138
05_6,B05,6,30,13,1000,0.0827420243,-0.003154163388,0.003154163388,0.08280212154,-2.183083974
05_6,B05,6,40,0,0.05,0.1021017278,-0.003543163041,0.003543163041,0.1021631872,-1.987496793
05_6,B05,6,40,1,0.1,0.101016247,-0.002723151968,0.002723151968,0.1010529451,-1.544180672
05_6,B05,6,40,2,0.2,0.1003417988,-0.001833222502,0.001833222502,0.1003585436,-1.046664794
05_6,B05,6,40,3,0.4,0.1000817457,-0.001261218975,0.001261218975,0.1000896922,-0.7219967931
05_6,B05,6,40,4,1,0.0993915172,-0.001321249166,0.001321249166,0.09940029875,-0.7616096857
05_6,B05,6,40,5,2,0.09911493529,-0.001711828013,0.001711828013,0.0991297168,-0.9894651054
05_6,B05,6,40,6,4,0.09855317129,-0.002115120103,0.002115120103,0.09857586573,-1.229476962
05_6,B05,6,40,7,10,0.09708580373,-0.00350300088,0.00350300088,0.09714897993,-2.066420917
05_6,B05,6,40,8,20,0.09510824913,-0.004384659173,0.004384659173,0.09520926577,-2.639568214
05_6,B05,6,40,9,40,0.09287120125,-0.005100019422,0.005100019422,0.09301112955,-3.143239028
05_6,B05,6,40,10,100,0.08955725832,-0.005315575267,0.005315575267,0.08971486977,-3.396744659
05_6,B05,6,40,11,200,0.08683788319,-0.00480254978,0.00480254978,0.08697058377,-3.165505589
05_6,B05,6,40,12,400,0.08461829587,-0.00422785321,0.00422785321,0.08472384988,-2.860337367
05_6,B05,6,40,13,1000,0.08229691765,-0.003172683879,0.003172683879,0.08235805108,-2.207754859
05_6,B05,6,50,0,0.05,0.10201546,-0.003868707281,0.003868707281,0.1020887897,-2.171773099
05_6,B05,6,50,1,0.1,0.1005710237,-0.003033207045,0.003033207045,0.1006167538,-1.727508485
05_6,B05,6,50,2,0.2,0.09985407421,-0.001969596869,0.001969596869,0.09987349723,-1.12999852
05_6,B05,6,50,3,0.4,0.0994409745,-0.001451428977,0.001451428977,0.09945156638,-0.8362231996
05_6,B05,6,50,4,1,0.0987317524,-0.001367869587,0.001367869587,0.09874122746,-0.7937480951
05_6,B05,6,50,5,2,0.09842232486,-0.001688329314,0.001688329314,0.09843680454,-0.9827511968
05_6,B05,6,50,6,4,0.09782969805,-0.002149364081,0.002149364081,0.09785330646,-1.258612506
05_6,B05,6,50,7,10,0.0963406165,-0.003259376892,0.003259376892,0.09639573603,-1.937680546
05_6,B05,6,50,8,20,0.09469287146,-0.004181689913,0.004181689913,0.09478515937,-2.528570668
05_6,B05,6,50,9,40,0.09225823517,-0.004986381883,0.004986381883,0.09239288913,-3.09371764
05_6,B05,6,50,10,100,0.08892313617,-0.005137796505,0.005137796505,0.08907143818,-3.306756308
05_6,B05,6,50,11,200,0.0863735625,-0.004906936795,0.004906936795,0.08651283331,-3.251514499
05_6,B05,6,50,12,400,0.08431594367,-0.004210686403,0.004210686403,0.08442101774,-2.858940914
05_6,B05,6,50,13,1000,0.08205351778,-0.003143155961,0.003143155961,0.08211369685,-2.193709273
05_6,B05,6,60,0,0.05,0.104212384,-0.005359564014,0.005359564014,0.1043501122,-2.944084722
05_6,B05,6,60,1,0.1,0.1018723042,-0.005091699314,0.005091699314,0.1019994695,-2.861330359
05_6,B05,6,60,2,0.2,0.1000629048,-0.003169126787,0.003169126787,0.1001130775,-1.814028032
05_6,B05,6,60,3,0.4,0.09974480256,-0.002165212138,0.002165212138,0.09976830048,-1.243553886
05_6,B05,6,60,4,1,0.09866490654,-0.001994313914,0.001994313914,0.09868506002,-1.157961999
05_6,B05,6,60,5,2,0.09795719295,-0.002241867343,0.002241867343,0.0979828435,-1.311053469
05_6,B05,6,60,6,4,0.09734920743,-0.002339197208,0.002339197208,0.09737730757,-1.376491343
05_6,B05,6,60,7,10,0.09584237987,-0.003405057627,0.003405057627,0.09590284769,-2.034730452
05_6,B05,6,60,8,20,0.09414260796,-0.004317297909,0.004317297909,0.09424154973,-2.625694853
05_6,B05,6,60,9,40,0.09200994715,-0.004829671492,0.004829671492,0.09213661651,-3.004741053
05_6,B05,6,60,10,100,0.08855019799,-0.005074642617,0.005074642617,0.08869548783,-3.279924104
05_6,B05,6,60,11,200,0.08607855322,-0.004739950435,0.004739950435,0.08620895809,-3.151832241
05_6,B05,6,60,12,400,0.08392348034,-0.004022114922,0.004022114922,0.08401980696,-2.743856799
05_6,B05,6,60,13,1000,0.0816557431,-0.003017568813,0.003017568813,0.08171148085,-2.11638901
05_6,B05,6,70,0,0.05,0.1036955863,-0.005838442776,0.005838442776,0.1038598191,-3.222560643
05_6,B05,6,70,1,0.1,0.1018690777,-0.004640546405,0.004640546405,0.1019747207,-2.608250123
05_6,B05,6,70,2,0.2,0.1004586135,-0.003075915699,0.003075915699,0.1005056928,-1.753776386
05_6,B05,6,70,3,0.4,0.09979462844,-0.00243595237,0.00243595237,0.09982435439,-1.398292493
05_6,B05,6,70,4,1,0.09863841934,-0.001988706215,0.001988706215,0.09865846503,-1.155016861
05_6,B05,6,70,5,2,0.09802849785,-0.002227710072,0.002227710072,0.09805380708,-1.3018298
05_6,B05,6,70,6,4,0.09710299699,-0.002452234913,0.002452234913,0.09713395637,-1.446637669
05_6,B05,6,70,7,10,0.09566965538,-0.003244793604,0.003244793604,0.09572466582,-1.942535903
05_6,B05,6,70,8,20,0.0939699713,-0.004331986388,0.004331986388,0.09406976992,-2.639448867
05_6,B05,6,70,9,40,0.0917239872,-0.00492830637,0.00492830637,0.0918562901,-3.075530284
05_6,B05,6,70,10,100,0.0883898912,-0.00515154857,0.00515154857,0.08853988547,-3.335545095
05_6,B05,6,70,11,200,0.08592558335,-0.004889014335,0.004889014335,0.08606455911,-3.25651773
05_6,B05,6,70,12,400,0.08371450911,-0.004190424992,0.004190424992,0.08381932174,-2.865613647
05_6,B05,6,70,13,1000,0.08147563196,-0.00298094563,0.00298094563,0.08153014559,-2.09534374
05_6,B05,6,80,0,0.05,0.1037101091,-0.005772029049,0.005772029049,0.1038706072,-3.185533947
05_6,B05,6,80,1,0.1,0.1018173117,-0.00445258566,0.00445258566,0.1019146235,-2.504013516
05_6,B05,6,80,2,0.2,0.1005552422,-0.00300171574,0.00300171574,0.100600035,-1.709852026
05_6,B05,6,80,3,0.4,0.09988134093,-0.002245666436,0.002245666436,0.09990658279,-1.28798366
05_6,B05,6,80,4,1,0.09882189324,-0.002031971799,0.002031971799,0.0988427817,-1.177947526
05_6,B05,6,80,5,2,0.09831494729,-0.002135414459,0.002135414459,0.09833813531,-1.244276732
05_6,B05,6,80,6,4,0.09746176141,-0.002395668109,0.002395668109,0.09749120044,-1.408080821
05_6,B05,6,80,7,10,0.09588411507,-0.003395593314,0.003395593314,0.09594422117,-2.028197226
05_6,B05,6,80,8,20,0.09418955119,-0.004266894749,0.004266894749,0.09428614927,-2.593791206
05_6,B05,6,80,9,40,0.091913872,-0.005000674929,0.005000674929,0.09204980508,-3.114169422
05_6,B05,6,80,10,100,0.08840067176,-0.005283612993,0.005283612993,0.08855842893,-3.420437968
05_6,B05,6,80,11,200,0.0859537619,-0.004835757791,0.004835757791,0.08608968427,-3.22006548
05_6,B05,6,80,12,400,0.0837602872,-0.00425400043,0.00425400043,0.08386824328,-2.907428306
05_6,B05,6,80,13,1000,0.08142063575,-0.003054108753,0.003054108753,0.08147789581,-2.148172132
05_6,B05,6,90,0,0.05,0.1034991237,-0.005266525555,0.005266525555,0.10363303,-2.91296819
05_6,B05,6,90,1,0.1,0.1017640376,-0.004092931866,0.004092931866,0.1018463128,-2.303184903
05_6,B05,6,90,2,0.2,0.1006793413,-0.002705448934,0.002705448934,0.1007156851,-1.539278154
05_6,B05,6,90,3,0.4,0.1000301997,-0.002014815743,0.002014815743,0.100050489,-1.153899834
05_6,B05,6,90,4,1,0.09905844976,-0.001773603889,0.001773603889,0.09907432634,-1.025749552
05_6,B05,6,90,5,2,0.09853128097,-0.001953281314,0.001953281314,0.09855063996,-1.13568115
05_6,B05,6,90,6,4,0.0978858442,-0.002262637917,0.002262637917,0.09791199122,-1.324160021
05_6,B05,6,90,7,10,0.09637063962,-0.003415319996,0.003415319996,0.09643113912,-2.029680003
05_6,B05,6,90,8,20,0.09458092383,-0.004339991774,0.004339991774,0.09468044509,-2.627262407
05_6,B05,6,90,9,40,0.09233340693,-0.005079418477,0.005079418477,0.09247301513,-3.14876493
05_6,B05,6,90,10,100,0.088713296,-0.005302910381,0.005302910381,0.08887164759,-3.420831934
05_6,B05,6,90,11,200,0.08620418795,-0.00497018723,0.00497018723,0.08634734959,-3.299791346
05_6,B05,6,90,12,400,0.08390074431,-0.004363577928,0.004363577928,0.08401413993,-2.977202922
05_6,B05,6,90,13,1000,0.08159547738,-0.003127488304,0.003127488304,0.08165539242,-2.195026139
05_6,B05,6,100,0,0.05,0.1005863674,-0.004855081413,0.004855081413,0.1007034712,-2.763395812
05_6,B05,6,100,1,0.1,0.09980653969,-0.002886971097,0.002886971097,0.09984828475,-1.656856857
05_6,B05,6,100,2,0.2,0.09925893155,-0.002084463316,0.002084463316,0.09928081627,-1.203049404
05_6,B05,6,100,3,0.4,0.09867696973,-0.001588493052,0.001588493052,0.09868975461,-0.9222626848
05_6,B05,6,100,4,1,0.09807730391,-0.001477104985,0.001477104985,0.09808842633,-0.8628447179
05_6,B05,6,100,5,2,0.09757633976,-0.001634452133,0.001634452133,0.09759002775,-0.9596430063
05_6,B05,6,100,6,4,0.09719059063,-0.001980842547,0.001980842547,0.09721077432,-1.167584294
05_6,B05,6,100,7,10,0.09587602228,-0.003166701858,0.003166701858,0.09592830473,-1.891742186
05_6,B05,6,100,8,20,0.09416266788,-0.004210895642,0.004210895642,0.09425677517,-2.560525485
05_6,B05,6,100,9,40,0.09195079165,-0.00499652835,0.00499652835,0.09208644515,-3.110345319
05_6,B05,6,100,10,100,0.08847082636,-0.005284169196,0.005284169196,0.08862849181,-3.418091029
05_6,B05,6,100,11,200,0.08600512099,-0.004869594903,0.004869594903,0.08614286848,-3.240617039
05_6,B05,6,100,12,400,0.0837043927,-0.004288428274,0.004288428274,0.08381417526,-2.932871146
05_6,B05,6,100,13,1000,0.08139511866,-0.003123483971,0.003123483971,0.08145502743,-2.19760943
05_7,B05,7,10,0,0.05,0.1152635941,-0.006116358725,0.006116358725,0.1154257595,-3.037500038
05_7,B05,7,10,1,0.1,0.1132213311,-0.005007879303,0.005007879303,0.1133320285,-2.532592143
05_7,B05,7,10,2,0.2,0.1116834657,-0.00394915402,0.00394915402,0.1117532654,-2.025148683
05_7,B05,7,10,3,0.4,0.1107246417,-0.003504379753,0.003504379753,0.1107800838,-1.81277776
05_7,B05,7,10,4,1,0.1087305237,-0.004078198288,0.004078198288,0.1088069781,-2.148008319
05_7,B05,7,10,5,2,0.1069699497,-0.004985287229,0.004985287229,0.1070860552,-2.668313755
05_7,B05,7,10,6,4,0.1046947163,-0.005728125364,0.005728125364,0.1048512997,-3.131681548
05_7,B05,7,10,7,10,0.1006460745,-0.006286152745,0.006286152745,0.1008421937,-3.573937438
05_7,B05,7,10,8,20,0.09760230193,-0.006425104088,0.006425104088,0.09781355379,-3.766314429
05_7,B05,7,10,9,40,0.09480211935,-0.006169549815,0.006169549815,0.09500265879,-3.723454746
05_7,B05,7,10,10,100,0.0911265965,-0.005848088432,0.005848088432,0.09131405548,-3.671945807
05_7,B05,7,10,11,200,0.08851916872,-0.00527626854,0.00527626854,0.08867627778,-3.411133029
05_7,B05,7,10,12,400,0.08626562453,-0.004488853372,0.004488853372,0.08638233488,-2.978713717
05_7,B05,7,10,13,1000,0.08375817927,-0.003416205811,0.003416205811,0.08382781792,-2.335601699
05_7,B05,7,20,0,0.05,0.1063647225,-0.00416704402,0.00416704402,0.1064463172,-2.243525796
05_7,B05,7,20,1,0.1,0.1049434855,-0.003434848054,0.003434848054,0.1049996825,-1.874647711
05_7,B05,7,20,2,0.2,0.1039524952,-0.002280617562,0.002280617562,0.1039775095,-1.256812566
05_7,B05,7,20,3,0.4,0.1035191041,-0.001753490158,0.001753490158,0.103533954,-0.9704293641
05_7,B05,7,20,4,1,0.1026868542,-0.001925472289,0.001925472289,0.1027049048,-1.074222302
05_7,B05,7,20,5,2,0.1020775147,-0.002478477129,0.002478477129,0.1021075994,-1.39088793
05_7,B05,7,20,6,4,0.1011538666,-0.003152672797,0.003152672797,0.1012029845,-1.785165478
05_7,B05,7,20,7,10,0.098868374,-0.004570780663,0.004570780663,0.09897397341,-2.646954658
05_7,B05,7,20,8,20,0.09641851628,-0.005331941063,0.005331941063,0.09656583183,-3.165231002
05_7,B05,7,20,9,40,0.09361037564,-0.005598271389,0.005598271389,0.09377762564,-3.422438397
05_7,B05,7,20,10,100,0.09006924514,-0.005566489335,0.005566489335,0.09024109221,-3.536514723
05_7,B05,7,20,11,200,0.08751491978,-0.005063119051,0.005063119051,0.08766125917,-3.311119293
05_7,B05,7,20,12,400,0.08525738097,-0.004415076507,0.004415076507,0.08537162239,-2.964429396
05_7,B05,7,20,13,1000,0.08296060085,-0.003255608409,0.003255608409,0.08302445592,-2.247295158
05_7,B05,7,30,0,0.05,0.1027920668,-0.003687771104,0.003687771104,0.1028581969,-2.0546638
05_7,B05,7,30,1,0.1,0.1015062294,-0.002888103979,0.002888103979,0.101547308,-1.629767336
05_7,B05,7,30,2,0.2,0.1008021471,-0.001915932572,0.001915932572,0.1008203534,-1.088881905
05_7,B05,7,30,3,0.4,0.1005968379,-0.001383486847,0.001383486847,0.1006063508,-0.787926957
05_7,B05,7,30,4,1,0.09995758749,-0.00139735356,0.00139735356,0.09996735414,-0.8009121534
05_7,B05,7,30,5,2,0.09952255858,-0.001776372517,0.001776372517,0.0995384105,-1.022560545
05_7,B05,7,30,6,4,0.09886427464,-0.002373316746,0.002373316746,0.09889275723,-1.375167335
05_7,B05,7,30,7,10,0.09723752134,-0.003657340138,0.003657340138,0.09730627777,-2.154018515
05_7,B05,7,30,8,20,0.09520388779,-0.004623877855,0.004623877855,0.09531610827,-2.780565753
05_7,B05,7,30,9,40,0.0927215295,-0.005248705446,0.005248705446,0.09286996793,-3.239895545
05_7,B05,7,30,10,100,0.08917384795,-0.005346699177,0.005346699177,0.08933399325,-3.431241274
05_7,B05,7,30,11,200,0.08668309419,-0.004962137473,0.004962137473,0.08682500577,-3.276297312
05_7,B05,7,30,12,400,0.08448372762,-0.004240347609,0.004240347609,0.08459007495,-2.873338126
05_7,B05,7,30,13,1000,0.08212973094,-0.003161848489,0.003161848489,0.08219057118,-2.204696778
05_7,B05,7,40,0,0.05,0.1010107833,-0.003473842313,0.003473842313,0.1010704998,-1.969671789
05_7,B05,7,40,1,0.1,0.09997275343,-0.002610731314,0.002610731314,0.1000068365,-1.495906544
05_7,B05,7,40,2,0.2,0.09937899747,-0.001697608033,0.001697608033,0.09939349582,-0.9786405476
05_7,B05,7,40,3,0.4,0.09912345261,-0.001289832067,0.001289832067,0.09913184415,-0.7455124004
05_7,B05,7,40,4,1,0.09840909168,-0.001360421889,0.001360421889,0.09841849457,-0.7920149088
05_7,B05,7,40,5,2,0.09808216999,-0.001623337836,0.001623337836,0.09809560284,-0.9482040963
05_7,B05,7,40,6,4,0.09751613662,-0.002120792657,0.002120792657,0.09753919552,-1.245879097
05_7,B05,7,40,7,10,0.0961050046,-0.003275290313,0.003275290313,0.09616079989,-1.95190364
05_7,B05,7,40,8,20,0.09431017253,-0.004274985962,0.004274985962,0.09440701324,-2.59538386
05_7,B05,7,40,9,40,0.09199240395,-0.005002109359,0.005002109359,0.09212829903,-3.112406923
05_7,B05,7,40,10,100,0.08858202909,-0.005116600809,0.005116600809,0.08872967644,-3.305797553
05_7,B05,7,40,11,200,0.08605905362,-0.004778669582,0.004778669582,0.08619162601,-3.178244512
05_7,B05,7,40,12,400,0.08390028898,-0.004214220872,0.004214220872,0.08400606019,-2.875488496
05_7,B05,7,40,13,1000,0.08159307048,-0.003129535348,0.003129535348,0.08165306573,-2.196526179
05_7,B05,7,50,0,0.05,0.10101812,-0.003865788766,0.003865788766,0.1010920614,-2.191541012
05_7,B05,7,50,1,0.1,0.0996940131,-0.003171996266,0.003171996266,0.09974446254,-1.82238333
05_7,B05,7,50,2,0.2,0.09880600707,-0.00208590934,0.00208590934,0.0988280226,-1.209400672
05_7,B05,7,50,3,0.4,0.09858488242,-0.001406626324,0.001406626324,0.0985949169,-0.8174507214
05_7,B05,7,50,4,1,0.09786908694,-0.001413625027,0.001413625027,0.09787929563,-0.8275249977
05_7,B05,7,50,5,2,0.09742551288,-0.001721157477,0.001721157477,0.09744071502,-1.01210452
05_7,B05,7,50,6,4,0.09680442833,-0.002022026026,0.002022026026,0.09682554381,-1.196605516
05_7,B05,7,50,7,10,0.09545167904,-0.003163421559,0.003163421559,0.09550408508,-1.89817916
05_7,B05,7,50,8,20,0.0937085989,-0.004211347893,0.004211347893,0.09380318203,-2.573191947
05_7,B05,7,50,9,40,0.09149141955,-0.00489225915,0.00489225915,0.09162212643,-3.060823647
05_7,B05,7,50,10,100,0.0881459809,-0.005041074673,0.005041074673,0.08829001293,-3.273184115
05_7,B05,7,50,11,200,0.0856323911,-0.00469712735,0.00469712735,0.08576111829,-3.139654793
05_7,B05,7,50,12,400,0.0835534102,-0.004118228248,0.004118228248,0.08365483943,-2.821743601
05_7,B05,7,50,13,1000,0.08125859684,-0.003094983863,0.003094983863,0.08131751647,-2.181231817
05_7,B05,7,60,0,0.05,0.1036504058,-0.005419557764,0.005419557764,0.103791995,-2.993092703
05_7,B05,7,60,1,0.1,0.1011639872,-0.00498703672,0.00498703672,0.1012868345,-2.822200276
05_7,B05,7,60,2,0.2,0.09954380759,-0.003205534861,0.003205534861,0.09959540694,-1.844415811
05_7,B05,7,60,3,0.4,0.09912829974,-0.00224081111,0.00224081111,0.09915362346,-1.294959741
05_7,B05,7,60,4,1,0.09789871683,-0.00198121153,0.00198121153,0.09791876202,-1.159357035
05_7,B05,7,60,5,2,0.09728883222,-0.002148535783,0.002148535783,0.09731255357,-1.265119777
05_7,B05,7,60,6,4,0.09658543916,-0.002374499227,0.002374499227,0.09661462262,-1.40830115
05_7,B05,7,60,7,10,0.09517818501,-0.00328860492,0.00328860492,0.09523498214,-1.978901502
05_7,B05,7,60,8,20,0.09340468793,-0.004146412945,0.004146412945,0.09349667624,-2.541800577
05_7,B05,7,60,9,40,0.0912087096,-0.004797617458,0.004797617458,0.09133480082,-3.011007799
05_7,B05,7,60,10,100,0.08800967517,-0.005051510473,0.005051510473,0.08815452729,-3.285014058
05_7,B05,7,60,11,200,0.08551987668,-0.004717388544,0.004717388544,0.08564988652,-3.157310603
05_7,B05,7,60,12,400,0.08342490367,-0.00415989087,0.00415989087,0.08352855347,-2.854626538
05_7,B05,7,60,13,1000,0.08112354271,-0.003011924532,0.003011924532,0.08117943626,-2.126279619
05_7,B05,7,70,0,0.05,0.1029144448,-0.006076178618,0.006076178618,0.1030936608,-3.378881505
05_7,B05,7,70,1,0.1,0.1010993819,-0.004616434191,0.004616434191,0.1012047256,-2.614443204
05_7,B05,7,70,2,0.2,0.0996907427,-0.003135952727,0.003135952727,0.09974005404,-1.801748297
05_7,B05,7,70,3,0.4,0.09906890028,-0.002377889237,0.002377889237,0.09909743367,-1.374970977
05_7,B05,7,70,4,1,0.09794455569,-0.002126046204,0.002126046204,0.09796762762,-1.243502992
05_7,B05,7,70,5,2,0.09731417387,-0.002243847521,0.002243847521,0.09734003948,-1.320878666
05_7,B05,7,70,6,4,0.09653598076,-0.002408085728,0.002408085728,0.09656601089,-1.428944323
05_7,B05,7,70,7,10,0.0949699495,-0.003286492782,0.003286492782,0.09502679803,-1.981964335
05_7,B05,7,70,8,20,0.09329564876,-0.00423230193,0.00423230193,0.09339159736,-2.597408368
05_7,B05,7,70,9,40,0.09110603518,-0.004803007198,0.004803007198,0.09123255189,-3.017775057
05_7,B05,7,70,10,100,0.08782245235,-0.005106909832,0.005106909832,0.08797081143,-3.328024084
05_7,B05,7,70,11,200,0.08534335033,-0.004808287512,0.004808287512,0.08547869369,-3.224664107
05_7,B05,7,70,12,400,0.08321591171,-0.004134563712,0.004134563712,0.08331856083,-2.844388827
05_7,B05,7,70,13,1000,0.08088035782,-0.003039555248,0.003039555248,0.08093745226,-2.15221315
05_7,B05,7,80,0,0.05,0.1031638882,-0.005779454227,0.005779454227,0.1033256498,-3.206476308
05_7,B05,7,80,1,0.1,0.1012850637,-0.004440962033,0.004440962033,0.1013823765,-2.510592403
05_7,B05,7,80,2,0.2,0.0999606539,-0.003059470396,0.003059470396,0.1000074632,-1.753090121
05_7,B05,7,80,3,0.4,0.0993308828,-0.00229859827,0.00229859827,0.09935747496,-1.325634839
05_7,B05,7,80,4,1,0.09825706056,-0.002026979411,0.002026979411,0.09827796598,-1.18180713
05_7,B05,7,80,5,2,0.09759146041,-0.00224078737,0.00224078737,0.09761718227,-1.315331317
05_7,B05,7,80,6,4,0.096867021,-0.002409621313,0.002409621313,0.0968969867,-1.424970681
05_7,B05,7,80,7,10,0.09540518147,-0.003403417551,0.003403417551,0.09546586774,-2.043063103
05_7,B05,7,80,8,20,0.09356849463,-0.004318164441,0.004318164441,0.09366808277,-2.642312204
05_7,B05,7,80,9,40,0.09127068753,-0.004988351801,0.004988351801,0.09140690377,-3.12835849
05_7,B05,7,80,10,100,0.08796079199,-0.005149347108,0.005149347108,0.08811138805,-3.350350794
05_7,B05,7,80,11,200,0.08536262978,-0.004913950421,0.004913950421,0.08550395004,-3.294629501
05_7,B05,7,80,12,400,0.08319526029,-0.004219337465,0.004219337465,0.0833021857,-2.903329797
05_7,B05,7,80,13,1000,0.08089161098,-0.003108367937,0.003108367937,0.08095131054,-2.200583984
05_7,B05,7,90,0,0.05,0.1034576796,-0.005245316298,0.005245316298,0.1035905633,-2.902417447
05_7,B05,7,90,1,0.1,0.1017407121,-0.004175479492,0.004175479492,0.1018263577,-2.350122838
05_7,B05,7,90,2,0.2,0.1005573825,-0.002830189589,0.002830189589,0.1005972025,-1.612165288
05_7,B05,7,90,3,0.4,0.09992295835,-0.00213141566,0.00213141566,0.09994568794,-1.221967477
05_7,B05,7,90,4,1,0.09895217173,-0.001910571513,0.001910571513,0.09897061469,-1.106131196
05_7,B05,7,90,5,2,0.09842575562,-0.002060968282,0.002060968282,0.09844733089,-1.1995593
05_7,B05,7,90,6,4,0.09767734123,-0.002393538507,0.002393538507,0.09770666311,-1.403725912
05_7,B05,7,90,7,10,0.09619166261,-0.003526832174,0.003526832174,0.09625629591,-2.099788253
05_7,B05,7,90,8,20,0.09423171502,-0.004545814926,0.004545814926,0.09434129822,-2.761854105
05_7,B05,7,90,9,40,0.09181743523,-0.005241948858,0.005241948858,0.09196694754,-3.26752618
05_7,B05,7,90,10,100,0.0883198669,-0.005353764628,0.005353764628,0.08848198509,-3.468904973
05_7,B05,7,90,11,200,0.08581936324,-0.005078311616,0.005078311616,0.08596948503,-3.386495854
05_7,B05,7,90,12,400,0.08349029567,-0.004314204536,0.004314204536,0.08360168558,-2.958021135
05_7,B05,7,90,13,1000,0.08109631147,-0.003134895691,0.003134895691,0.08115688082,-2.213749319
05_7,B05,7,100,0,0.05,0.1006078878,-0.004615730143,0.004615730143,0.1007137133,-2.626797435
05_7,B05,7,100,1,0.1,0.09962353458,-0.003064347905,0.003064347905,0.099670652,-1.761821259
05_7,B05,7,100,2,0.2,0.098976057,-0.002181943604,0.002181943604,0.09900010474,-1.262890412
05_7,B05,7,100,3,0.4,0.09851856375,-0.001554101244,0.001554101244,0.09853082073,-0.9037490399
05_7,B05,7,100,4,1,0.09781432354,-0.001467601896,0.001467601896,0.09782533284,-0.859598907
05_7,B05,7,100,5,2,0.09740336051,-0.0016392372,0.0016392372,0.0974171532,-0.9641608582
05_7,B05,7,100,6,4,0.09684998591,-0.001957919676,0.001957919676,0.09686977454,-1.158133938
05_7,B05,7,100,7,10,0.0955955108,-0.003039438345,0.003039438345,0.09564381774,-1.821093283
05_7,B05,7,100,8,20,0.09399944416,-0.004085966067,0.004085966067,0.0940882066,-2.488965048
05_7,B05,7,100,9,40,0.09176104929,-0.00485390945,0.00485390945,0.09188933891,-3.027968496
05_7,B05,7,100,10,100,0.08841009747,-0.005112572979,0.005112572979,0.08855779885,-3.309610455
05_7,B05,7,100,11,200,0.08599918254,-0.004949059378,0.004949059378,0.08614146845,-3.293610484
05_7,B05,7,100,12,400,0.08374086631,-0.004210404811,0.004210404811,0.08384664691,-2.878349156
05_7,B05,7,100,13,1000,0.08143802312,-0.003129026576,0.003129026576,0.08149811297,-2.200346551
05_8,B05,8,10,0,0.05,0.1144524923,-0.00612969909,0.00612969909,0.114616518,-3.065644677
05_8,B05,8,10,1,0.1,0.1125723715,-0.004857481694,0.004857481694,0.1126771225,-2.470771983
05_8,B05,8,10,2,0.2,0.1111212093,-0.003819890446,0.003819890446,0.111186846,-1.968818128
05_8,B05,8,10,3,0.4,0.1101854586,-0.003238524408,0.003238524408,0.110233041,-1.683528656
05_8,B05,8,10,4,1,0.108443325,-0.003864138408,0.003864138408,0.1085121482,-2.040745158
05_8,B05,8,10,5,2,0.1067348398,-0.004800421469,0.004800421469,0.1068427353,-2.57515414
05_8,B05,8,10,6,4,0.1044737655,-0.005521855393,0.005521855393,0.1046195897,-3.025495389
05_8,B05,8,10,7,10,0.1005456596,-0.006222545413,0.006222545413,0.1007380252,-3.541390639
05_8,B05,8,10,8,20,0.09744568101,-0.006329195374,0.006329195374,0.0976510085,-3.716198837
05_8,B05,8,10,9,40,0.09474691119,-0.006119488814,0.006119488814,0.0949443275,-3.695471935
05_8,B05,8,10,10,100,0.09103767904,-0.005772297082,0.005772297082,0.09122049341,-3.62801562
05_8,B05,8,10,11,200,0.08850855331,-0.005306021209,0.005306021209,0.08866745666,-3.430732907
05_8,B05,8,10,12,400,0.08619950207,-0.004511065474,0.004511065474,0.08631745982,-2.995718519
05_8,B05,8,10,13,1000,0.08369257078,-0.003309417999,0.003309417999,0.08375797664,-2.26444171
05_8,B05,8,20,0,0.05,0.1064683872,-0.003982018831,0.003982018831,0.1065428268,-2.141918232
05_8,B05,8,20,1,0.1,0.1048346638,-0.003494346372,0.003494346372,0.1048928843,-1.909074682
05_8,B05,8,20,2,0.2,0.1038083282,-0.002357900631,0.002357900631,0.1038351034,-1.301191637
05_8,B05,8,20,3,0.4,0.1035537098,-0.001766359987,0.001766359987,0.1035687735,-0.9772238857
05_8,B05,8,20,4,1,0.102605046,-0.001883300558,0.001883300558,0.1026223284,-1.051537545
05_8,B05,8,20,5,2,0.1020173019,-0.002356332518,0.002356332518,0.1020445108,-1.323147203
05_8,B05,8,20,6,4,0.1011173572,-0.002987440524,0.002987440524,0.1011614785,-1.692270865
05_8,B05,8,20,7,10,0.09892929611,-0.004480261359,0.004480261359,0.09903069409,-2.593011362
05_8,B05,8,20,8,20,0.09635955106,-0.005300419693,0.005300419693,0.09650522022,-3.148478098
05_8,B05,8,20,9,40,0.09367803375,-0.005618072987,0.005618072987,0.0938463465,-3.432040332
05_8,B05,8,20,10,100,0.09011737787,-0.005526573026,0.005526573026,0.09028668121,-3.509347981
05_8,B05,8,20,11,200,0.08756224161,-0.005044187424,0.005044187424,0.08770741122,-3.296987162
05_8,B05,8,20,12,400,0.08527231175,-0.00445372309,0.00445372309,0.08538854022,-2.989808465
05_8,B05,8,20,13,1000,0.08291147842,-0.003244348712,0.003244348712,0.08297493027,-2.240856193
05_8,B05,8,30,0,0.05,0.102658266,-0.003637198488,0.003637198488,0.1027226791,-2.02914969
05_8,B05,8,30,1,0.1,0.1014405413,-0.002783637546,0.002783637546,0.1014787271,-1.571863343
05_8,B05,8,30,2,0.2,0.1006998054,-0.001815459572,0.001815459572,0.100716169,-1.032841163
05_8,B05,8,30,3,0.4,0.1004957277,-0.00137414706,0.00137414706,0.100505122,-0.7833956974
05_8,B05,8,30,4,1,0.09986256328,-0.001414445573,0.001414445573,0.09987257982,-0.8114786985
05_8,B05,8,30,5,2,0.09945034934,-0.001775637109,0.001775637109,0.09946619965,-1.0228793
05_8,B05,8,30,6,4,0.0988390569,-0.002269543566,0.002269543566,0.09886511011,-1.315395201
05_8,B05,8,30,7,10,0.09719290346,-0.003595902892,0.003595902892,0.09725940058,-2.118839163
05_8,B05,8,30,8,20,0.09512739565,-0.004674603074,0.004674603074,0.09524218244,-2.813277386
05_8,B05,8,30,9,40,0.09270689931,-0.005206884845,0.005206884845,0.09285300657,-3.21464123
05_8,B05,8,30,10,100,0.08920930649,-0.005296578087,0.005296578087,0.08936640367,-3.397803952
05_8,B05,8,30,11,200,0.08667857012,-0.004977954171,0.004977954171,0.08682139451,-3.286888745
05_8,B05,8,30,12,400,0.08439896452,-0.004288779556,0.004288779556,0.0845078626,-2.909014199
05_8,B05,8,30,13,1000,0.08211545175,-0.003063253712,0.003063253712,0.08217256805,-2.136384312
05_8,B05,8,40,0,0.05,0.1009776715,-0.003541861227,0.003541861227,0.101039769,-2.008865277
05_8,B05,8,40,1,0.1,0.0999821206,-0.002621069841,0.002621069841,0.1000164709,-1.501687004
05_8,B05,8,40,2,0.2,0.09951242521,-0.001676415807,0.001676415807,0.09952654491,-0.9651303887
05_8,B05,8,40,3,0.4,0.09921506377,-0.001373484236,0.001373484236,0.09922457023,-0.7931237498
05_8,B05,8,40,4,1,0.09856131825,-0.001285181379,0.001285181379,0.09856969689,-0.7470607877
05_8,B05,8,40,5,2,0.09815933658,-0.001594107532,0.001594107532,0.09817227988,-0.9304016159
05_8,B05,8,40,6,4,0.09776167147,-0.002085852303,0.002085852303,0.09778392091,-1.222282741
05_8,B05,8,40,7,10,0.09628556688,-0.003312596254,0.003312596254,0.09634253309,-1.970419458
05_8,B05,8,40,8,20,0.09440291189,-0.004314964454,0.004314964454,0.09450147455,-2.617051642
05_8,B05,8,40,9,40,0.09206755233,-0.004988525615,0.004988525615,0.09220260072,-3.101442802
05_8,B05,8,40,10,100,0.08863198326,-0.005195036567,0.005195036567,0.08878410253,-3.35447196
05_8,B05,8,40,11,200,0.08619291786,-0.004837428728,0.004837428728,0.0863285573,-3.21225687
05_8,B05,8,40,12,400,0.08398700937,-0.004155676787,0.004155676787,0.08408975795,-2.832684654
05_8,B05,8,40,13,1000,0.0817097854,-0.003040835155,0.003040835155,0.08176634827,-2.131282734
05_8,B05,8,50,0,0.05,0.1011651376,-0.003801372146,0.003801372146,0.1012365324,-2.151928654
05_8,B05,8,50,1,0.1,0.09974403298,-0.003066195551,0.003066195551,0.09979115026,-1.760754522
05_8,B05,8,50,2,0.2,0.09894819984,-0.002009253992,0.002009253992,0.09896859782,-1.163295085
05_8,B05,8,50,3,0.4,0.09858467438,-0.001447491691,0.001447491691,0.09859530037,-0.841197745
05_8,B05,8,50,4,1,0.09785254444,-0.00150299325,0.00150299325,0.09786408658,-0.8799811913
05_8,B05,8,50,5,2,0.09746881748,-0.001635558333,0.001635558333,0.09748253912,-0.9613515162
05_8,B05,8,50,6,4,0.09697970657,-0.002030670688,0.002030670688,0.09700096448,-1.199548486
05_8,B05,8,50,7,10,0.09556055771,-0.003191564408,0.003191564408,0.09561383934,-1.912873145
05_8,B05,8,50,8,20,0.09372609386,-0.004221097369,0.004221097369,0.09382109748,-2.578660204
05_8,B05,8,50,9,40,0.09155278462,-0.004902986678,0.004902986678,0.09168397707,-3.065470336
05_8,B05,8,50,10,100,0.08816130358,-0.005088838263,0.005088838263,0.08830805016,-3.303555765
05_8,B05,8,50,11,200,0.08574107965,-0.00475010638,0.00475010638,0.08587255819,-3.170978478
05_8,B05,8,50,12,400,0.08363217268,-0.004132219159,0.004132219159,0.08373419577,-2.828652254
05_8,B05,8,50,13,1000,0.08130750268,-0.002993982873,0.002993982873,0.08136260766,-2.108847359
05_8,B05,8,60,0,0.05,0.1039642726,-0.005517439722,0.005517439722,0.1041105764,-3.037867862
05_8,B05,8,60,1,0.1,0.1013851371,-0.005113430332,0.005113430332,0.1015140049,-2.887306186
05_8,B05,8,60,2,0.2,0.0997067481,-0.00313202417,0.00313202417,0.0997559281,-1.799203973
05_8,B05,8,60,3,0.4,0.09930130761,-0.002172718288,0.002172718288,0.09932507437,-1.253434935
05_8,B05,8,60,4,1,0.09810311391,-0.002014961468,0.002014961468,0.09812380459,-1.176645197
05_8,B05,8,60,5,2,0.09750231868,-0.002200117151,0.002200117151,0.09752713809,-1.292646581
05_8,B05,8,60,6,4,0.09681560657,-0.00232124642,0.00232124642,0.09684342962,-1.373457774
05_8,B05,8,60,7,10,0.09519956476,-0.003377653176,0.003377653176,0.095259465,-2.031985436
05_8,B05,8,60,8,20,0.09351901302,-0.004155177566,0.004155177566,0.09361127761,-2.54405656
05_8,B05,8,60,9,40,0.09127551332,-0.004866833023,0.004866833023,0.0914051716,-3.052134917
05_8,B05,8,60,10,100,0.08808073241,-0.00507060433,0.00507060433,0.08822656318,-3.294749262
05_8,B05,8,60,11,200,0.08557893966,-0.004744395957,0.004744395957,0.08571035064,-3.173162553
05_8,B05,8,60,12,400,0.08348019752,-0.004095280271,0.004095280271,0.08358058804,-2.808502199
05_8,B05,8,60,13,1000,0.08120347098,-0.002929971827,0.002929971827,0.08125631319,-2.066441526
05_8,B05,8,70,0,0.05,0.1034417029,-0.006001709806,0.006001709806,0.1036156668,-3.32059068
05_8,B05,8,70,1,0.1,0.10147882,-0.004734734765,0.004734734765,0.1015892151,-2.671333041
05_8,B05,8,70,2,0.2,0.1000929509,-0.003256789098,0.003256789098,0.100145921,-1.863612363
05_8,B05,8,70,3,0.4,0.09939045254,-0.002438718729,0.002438718729,0.09942036716,-1.405570212
05_8,B05,8,70,4,1,0.09825252825,-0.002075705645,0.002075705645,0.09827445172,-1.210263862
05_8,B05,8,70,5,2,0.0975893487,-0.002216924905,0.002216924905,0.09761452625,-1.301357158
05_8,B05,8,70,6,4,0.09688393256,-0.002421850037,0.002421850037,0.09691419786,-1.431949448
05_8,B05,8,70,7,10,0.09531395409,-0.003357097365,0.003357097365,0.09537305672,-2.017207579
05_8,B05,8,70,8,20,0.09358012387,-0.004330313534,0.004330313534,0.09368026046,-2.649406916
05_8,B05,8,70,9,40,0.091323684,-0.0048307027,0.0048307027,0.09145135837,-3.027923876
05_8,B05,8,70,10,100,0.08793762162,-0.005088845267,0.005088845267,0.08808474126,-3.311944699
05_8,B05,8,70,11,200,0.08550125626,-0.004787388025,0.004787388025,0.08563517914,-3.204760123
05_8,B05,8,70,12,400,0.08326383521,-0.004146202741,0.004146202741,0.08336700337,-2.850743722
05_8,B05,8,70,13,1000,0.08110660494,-0.002980276091,0.002980276091,0.08116134184,-2.104396449
05_8,B05,8,80,0,0.05,0.1034710936,-0.005858088001,0.005858088001,0.1036367908,-3.240381229
05_8,B05,8,80,1,0.1,0.1016355837,-0.004516087041,0.004516087041,0.1017358684,-2.544213615
05_8,B05,8,80,2,0.2,0.1004462736,-0.003083535745,0.003083535745,0.1004935921,-1.758334191
05_8,B05,8,80,3,0.4,0.09967347769,-0.002343588657,0.002343588657,0.09970102588,-1.346928043
05_8,B05,8,80,4,1,0.09857675074,-0.00204176571,0.00204176571,0.09859789346,-1.186566126
05_8,B05,8,80,5,2,0.09793136853,-0.002238786459,0.002238786459,0.09795695538,-1.309597512
05_8,B05,8,80,6,4,0.09726306237,-0.002490166314,0.002490166314,0.09729493425,-1.466588189
05_8,B05,8,80,7,10,0.09564291728,-0.003479034762,0.003479034762,0.09570617174,-2.083229654
05_8,B05,8,80,8,20,0.09376845157,-0.004451133734,0.004451133734,0.09387403848,-2.717757129
05_8,B05,8,80,9,40,0.09144382926,-0.005159712468,0.005159712468,0.09158928181,-3.229486439
05_8,B05,8,80,10,100,0.08800723914,-0.005358074416,0.005358074416,0.08817019395,-3.483992769
05_8,B05,8,80,11,200,0.08550782063,-0.004902414221,0.004902414221,0.08564824023,-3.281342951
05_8,B05,8,80,12,400,0.08322579024,-0.004227692307,0.004227692307,0.08333309993,-2.908003595
05_8,B05,8,80,13,1000,0.08097466989,-0.00307286074,0.00307286074,0.08103295402,-2.17324146
05_8,B05,8,90,0,0.05,0.1039251404,-0.00522747508,0.00522747508,0.1040565294,-2.87957312
05_8,B05,8,90,1,0.1,0.1022463134,-0.004081876859,0.004081876859,0.1023277593,-2.286147838
05_8,B05,8,90,2,0.2,0.1012618982,-0.002892168224,0.002892168224,0.1013031917,-1.635995366
05_8,B05,8,90,3,0.4,0.1006343496,-0.002286270195,0.002286270195,0.1006603167,-1.301455256
05_8,B05,8,90,4,1,0.09960589867,-0.001933199204,0.001933199204,0.09962465713,-1.111884457
05_8,B05,8,90,5,2,0.09890238478,-0.002155183457,0.002155183457,0.09892586381,-1.248335687
05_8,B05,8,90,6,4,0.09831764296,-0.002598944971,0.002598944971,0.09835198743,-1.514213563
05_8,B05,8,90,7,10,0.09666638494,-0.003678298686,0.003678298686,0.09673634197,-2.179137685
05_8,B05,8,90,8,20,0.09456420437,-0.004750672376,0.004750672376,0.0946834602,-2.875980787
05_8,B05,8,90,9,40,0.09207329077,-0.005400438485,0.005400438485,0.09223153262,-3.356763184
05_8,B05,8,90,10,100,0.08843866861,-0.005584772553,0.005584772553,0.08861482827,-3.613346734
05_8,B05,8,90,11,200,0.08584301439,-0.005065273998,0.005065273998,0.08599232594,-3.376893324
05_8,B05,8,90,12,400,0.0835417606,-0.004376099855,0.004376099855,0.08365629691,-2.9985375
05_8,B05,8,90,13,1000,0.08115079538,-0.003142954081,0.003142954081,0.08121163557,-2.217945558
05_8,B05,8,100,0,0.05,0.1004994297,-0.004804063294,0.004804063294,0.1006141859,-2.736763645
05_8,B05,8,100,1,0.1,0.09977567097,-0.002846281029,0.002846281029,0.09981626037,-1.634022335
05_8,B05,8,100,2,0.2,0.09914469122,-0.002114597915,0.002114597915,0.09916723915,-1.221842217
05_8,B05,8,100,3,0.4,0.09867954469,-0.001714422812,0.001714422812,0.09869443645,-0.9953360677
05_8,B05,8,100,4,1,0.09791576269,-0.001438521008,0.001438521008,0.09792632908,-0.8416954652
05_8,B05,8,100,5,2,0.09751831953,-0.001685982428,0.001685982428,0.09753289282,-0.9904811212
05_8,B05,8,100,6,4,0.09704646288,-0.001930595552,0.001930595552,0.09706566415,-1.139664293
05_8,B05,8,100,7,10,0.09585308858,-0.003092951888,0.003092951888,0.09590297671,-1.848157693
05_8,B05,8,100,8,20,0.09411806209,-0.004187714399,0.004187714399,0.09421118067,-2.547653499
05_8,B05,8,100,9,40,0.09173235644,-0.004946337943,0.004946337943,0.0918656164,-3.086480165
05_8,B05,8,100,10,100,0.08840131721,-0.005094115353,0.005094115353,0.08854796946,-3.29801519
05_8,B05,8,100,11,200,0.08599954143,-0.004854857082,0.004854857082,0.08613646594,-3.231039294
05_8,B05,8,100,12,400,0.08389236773,-0.004233435141,0.004233435141,0.0839991151,-2.888849093
05_8,B05,8,100,13,1000,0.08156034859,-0.003078029485,0.003078029485,0.08161840924,-2.161276245
06_3,B06,3,10,0,0.05,0.1175039667,-0.005963258977,0.005963258977,0.1176551854,-2.905235539
06_3,B06,3,10,1,0.1,0.1155477342,-0.004923378969,0.004923378969,0.1156525769,-2.439842805
06_3,B06,3,10,2,0.2,0.1140991901,-0.003750969218,0.003750969218,0.1141608293,-1.882899719
06_3,B06,3,10,3,0.4,0.1132132893,-0.003279562465,0.003279562465,0.1132607805,-1.659280069
06_3,B06,3,10,4,1,0.1113198464,-0.003796853281,0.003796853281,0.1113845784,-1.953464508
06_3,B06,3,10,5,2,0.1098732333,-0.004740718922,0.004740718922,0.1099754601,-2.470618254
06_3,B06,3,10,6,4,0.1076743338,-0.005609351234,0.005609351234,0.1078203459,-2.982158012
06_3,B06,3,10,7,10,0.103637067,-0.006750618446,0.006750618446,0.1038566922,-3.726816352
06_3,B06,3,10,8,20,0.1001596831,-0.007080935635,0.007080935635,0.1004096697,-4.043880992
06_3,B06,3,10,9,40,0.09687820382,-0.006989955097,0.006989955097,0.09713004606,-4.126853027
06_3,B06,3,10,10,100,0.09267203663,-0.006430207135,0.006430207135,0.0928948542,-3.969203497
06_3,B06,3,10,11,200,0.08970426779,-0.005831588823,0.005831588823,0.08989362096,-3.719510059
06_3,B06,3,10,12,400,0.08730830138,-0.004890683793,0.004890683793,0.08744517298,-3.206144178
06_3,B06,3,10,13,1000,0.08468110646,-0.003532741974,0.003532741974,0.08475476421,-2.38889063
06_3,B06,3,20,0,0.05,0.1086904869,-0.004024408848,0.004024408848,0.1087649659,-2.120483249
06_3,B06,3,20,1,0.1,0.1071136281,-0.003495085726,0.003495085726,0.1071706347,-1.868881115
06_3,B06,3,20,2,0.2,0.1061998414,-0.002330531192,0.002330531192,0.1062254098,-1.257140981
06_3,B06,3,20,3,0.4,0.1058401627,-0.001706602039,0.001706602039,0.1058539207,-0.9237761806
06_3,B06,3,20,4,1,0.1049498648,-0.001983308328,0.001983308328,0.1049686031,-1.082628096
06_3,B06,3,20,5,2,0.1043273008,-0.002512213609,0.002512213609,0.1043575436,-1.379422495
06_3,B06,3,20,6,4,0.10338226,-0.003303024081,0.003303024081,0.1034350118,-1.82995598
06_3,B06,3,20,7,10,0.1009743669,-0.005028962638,0.005028962638,0.1010995215,-2.851223111
06_3,B06,3,20,8,20,0.09806723805,-0.006009817748,0.006009817748,0.09825121418,-3.50685008
06_3,B06,3,20,9,40,0.09491744578,-0.006306745187,0.006306745187,0.0951267394,-3.801403539
06_3,B06,3,20,10,100,0.0910177585,-0.0060871274,0.0060871274,0.09122108025,-3.826155758
06_3,B06,3,20,11,200,0.08812503825,-0.005571492923,0.005571492923,0.08830098471,-3.61757262
06_3,B06,3,20,12,400,0.0858393815,-0.004598541868,0.004598541868,0.08596246858,-3.06648788
06_3,B06,3,20,13,1000,0.08342214832,-0.003395923213,0.003395923213,0.08349123981,-2.331091947
06_3,B06,3,30,0,0.05,0.1062608857,-0.003756024108,0.003756024108,0.1063272475,-2.024402184
06_3,B06,3,30,1,0.1,0.1050654859,-0.002953967627,0.002953967627,0.1051070038,-1.61047466
06_3,B06,3,30,2,0.2,0.1042904157,-0.001908476528,0.001908476528,0.1043078765,-1.048374829
06_3,B06,3,30,3,0.4,0.1039897724,-0.001517694534,0.001517694534,0.1040008469,-0.8361525954
06_3,B06,3,30,4,1,0.103232247,-0.001509577182,0.001509577182,0.1032432838,-0.8377831506
06_3,B06,3,30,5,2,0.1028206488,-0.002049076053,0.002049076053,0.1028410644,-1.14167604
06_3,B06,3,30,6,4,0.1021133271,-0.002703531502,0.002703531502,0.1021491099,-1.516597009
06_3,B06,3,30,7,10,0.100275822,-0.004274565894,0.004274565894,0.1003668889,-2.440931349
06_3,B06,3,30,8,20,0.09773906483,-0.005491980576,0.005491980576,0.09789324106,-3.216081143
06_3,B06,3,30,9,40,0.09479133161,-0.006051726341,0.006051726341,0.09498431418,-3.652954685
06_3,B06,3,30,10,100,0.09087303558,-0.005905944893,0.005905944893,0.09106475049,-3.718490173
06_3,B06,3,30,11,200,0.08808298092,-0.005426540313,0.005426540313,0.08824997942,-3.525373356
06_3,B06,3,30,12,400,0.08575228862,-0.004536512951,0.004536512951,0.08587220128,-3.028268704
06_3,B06,3,30,13,1000,0.08328446027,-0.003272590871,0.003272590871,0.08334873229,-2.250230462
06_3,B06,3,40,0,0.05,0.1046616893,-0.003633450525,0.003633450525,0.1047247401,-1.988290154
06_3,B06,3,40,1,0.1,0.1034242817,-0.002723963693,0.002723963693,0.103460147,-1.508693586
06_3,B06,3,40,2,0.2,0.1027917407,-0.001916244958,0.001916244958,0.1028096005,-1.067984956
06_3,B06,3,40,3,0.4,0.1025249488,-0.001409553733,0.001409553733,0.1025346378,-0.7876755171
06_3,B06,3,40,4,1,0.1018061199,-0.001476442691,0.001476442691,0.1018168254,-0.8308734784
06_3,B06,3,40,5,2,0.1013519025,-0.001890365325,0.001890365325,0.10136953,-1.068528516
06_3,B06,3,40,6,4,0.1007674576,-0.002397874261,0.002397874261,0.1007959836,-1.363159842
06_3,B06,3,40,7,10,0.09912942162,-0.003880943265,0.003880943265,0.09920536251,-2.242000029
06_3,B06,3,40,8,20,0.096925209,-0.005134028187,0.005134028187,0.09706108584,-3.032064667
06_3,B06,3,40,9,40,0.09413073329,-0.005778547105,0.005778547105,0.09430793475,-3.512895118
06_3,B06,3,40,10,100,0.09017191227,-0.005783691827,0.005783691827,0.09035720698,-3.66996556
06_3,B06,3,40,11,200,0.08747456275,-0.005248051303,0.005248051303,0.08763185021,-3.433354643
06_3,B06,3,40,12,400,0.08510024638,-0.004546146586,0.004546146586,0.08522158989,-3.05789542
06_3,B06,3,40,13,1000,0.0826600761,-0.0032250489,0.0032250489,0.0827229661,-2.234307355
06_3,B06,3,50,0,0.05,0.1041299714,-0.004137464446,0.004137464446,0.1042121373,-2.275373863
06_3,B06,3,50,1,0.1,0.1026940367,-0.003320523642,0.003320523642,0.1027477058,-1.851964687
06_3,B06,3,50,2,0.2,0.1017431542,-0.002132702438,0.002132702438,0.1017655042,-1.20083712
06_3,B06,3,50,3,0.4,0.1014012627,-0.001643729986,0.001643729986,0.1014145844,-0.928692016
06_3,B06,3,50,4,1,0.1007304215,-0.001527766663,0.001527766663,0.1007420066,-0.8689318427
06_3,B06,3,50,5,2,0.1001747695,-0.001828244187,0.001828244187,0.1001914513,-1.045563154
06_3,B06,3,50,6,4,0.09955286353,-0.002420465563,0.002420465563,0.09958228402,-1.392779063
06_3,B06,3,50,7,10,0.09794109125,-0.003715502562,0.003715502562,0.09801154174,-2.172536346
06_3,B06,3,50,8,20,0.0958316239,-0.004885695578,0.004885695578,0.09595608454,-2.918531214
06_3,B06,3,50,9,40,0.09317765478,-0.005604578655,0.005604578655,0.09334605858,-3.442158728
06_3,B06,3,50,10,100,0.08947459411,-0.005650993429,0.005650993429,0.08965286787,-3.613859342
06_3,B06,3,50,11,200,0.08667430354,-0.005253790036,0.005253790036,0.08683338761,-3.468757441
06_3,B06,3,50,12,400,0.08438451854,-0.004415216275,0.004415216275,0.08449994736,-2.995132164
06_3,B06,3,50,13,1000,0.08200856127,-0.003206487,0.003206487,0.08207122321,-2.239091071
06_3,B06,3,60,0,0.05,0.1062263281,-0.005533992929,0.005533992929,0.1063703806,-2.982199063
06_3,B06,3,60,1,0.1,0.1036830616,-0.005333042585,0.005333042585,0.1038201262,-2.944471199
06_3,B06,3,60,2,0.2,0.1017988062,-0.003276825128,0.003276825128,0.1018515318,-1.843670396
06_3,B06,3,60,3,0.4,0.1014034246,-0.002341826339,0.002341826339,0.1014304623,-1.322962413
06_3,B06,3,60,4,1,0.1003039924,-0.002137077133,0.002137077133,0.1003267561,-1.220559366
06_3,B06,3,60,5,2,0.09961883901,-0.002233031805,0.002233031805,0.09964386342,-1.284113292
06_3,B06,3,60,6,4,0.09892699693,-0.002543246795,0.002543246795,0.09895968283,-1.4726538
06_3,B06,3,60,7,10,0.09720403888,-0.003747315697,0.003747315697,0.0972762435,-2.207717986
06_3,B06,3,60,8,20,0.0952542058,-0.004785273838,0.004785273838,0.09537432866,-2.875943283
06_3,B06,3,60,9,40,0.09274404798,-0.005528649883,0.005528649883,0.09290868853,-3.411473718
06_3,B06,3,60,10,100,0.08893597426,-0.00558112873,0.00558112873,0.08911092254,-3.5908567
06_3,B06,3,60,11,200,0.0861982652,-0.005196860477,0.005196860477,0.08635478146,-3.450164438
06_3,B06,3,60,12,400,0.08398285247,-0.004473069933,0.004473069933,0.08410188978,-3.048790152
06_3,B06,3,60,13,1000,0.08163638387,-0.003228086075,0.003228086075,0.08170018183,-2.264424161
06_3,B06,3,70,0,0.05,0.1056220464,-0.006376123678,0.006376123678,0.1058143263,-3.454602349
06_3,B06,3,70,1,0.1,0.1036804204,-0.004986412282,0.004986412282,0.1038002595,-2.753464966
06_3,B06,3,70,2,0.2,0.102208169,-0.003431565515,0.003431565515,0.102265759,-1.922942132
06_3,B06,3,70,3,0.4,0.1016321581,-0.002504479434,0.002504479434,0.1016630118,-1.411630613
06_3,B06,3,70,4,1,0.1005186665,-0.002102383674,0.002102383674,0.1005406502,-1.198186918
06_3,B06,3,70,5,2,0.09971040067,-0.002307792755,0.002307792755,0.09973710397,-1.325871531
06_3,B06,3,70,6,4,0.09884439,-0.002633077649,0.002633077649,0.09887945455,-1.525919341
06_3,B06,3,70,7,10,0.09733197644,-0.003855471375,0.003855471375,0.09740830713,-2.26838925
06_3,B06,3,70,8,20,0.09530837676,-0.004900481573,0.004900481573,0.09543427791,-2.943391559
06_3,B06,3,70,9,40,0.09262102261,-0.005668251,0.005668251,0.09279430423,-3.502037835
06_3,B06,3,70,10,100,0.0887375359,-0.005646381277,0.005646381277,0.08891699444,-3.64082975
06_3,B06,3,70,11,200,0.08611274891,-0.005183892863,0.005183892863,0.08626864013,-3.444985547
06_3,B06,3,70,12,400,0.08375215634,-0.004409958914,0.004409958914,0.08386817888,-3.014118301
06_3,B06,3,70,13,1000,0.08135476344,-0.003172753755,0.003172753755,0.08141660703,-2.233345848
06_3,B06,3,80,0,0.05,0.105981284,-0.006103954608,0.006103954608,0.106156916,-3.296288643
06_3,B06,3,80,1,0.1,0.1039373297,-0.004861638314,0.004861638314,0.1040509684,-2.678041459
06_3,B06,3,80,2,0.2,0.1026457614,-0.003293108113,0.003293108113,0.102698573,-1.837547884
06_3,B06,3,80,3,0.4,0.1019345262,-0.002383732555,0.002383732555,0.1019623941,-1.339614084
06_3,B06,3,80,4,1,0.1008170558,-0.002201376866,0.002201376866,0.1008410869,-1.250875288
06_3,B06,3,80,5,2,0.100054846,-0.002321865605,0.002321865605,0.1000817829,-1.329363171
06_3,B06,3,80,6,4,0.09938222019,-0.002708140688,0.002708140688,0.09941911142,-1.560909413
06_3,B06,3,80,7,10,0.09766526658,-0.003967894938,0.003967894938,0.09774583615,-2.326504409
06_3,B06,3,80,8,20,0.09562831347,-0.004987689482,0.004987689482,0.09575829668,-2.985672688
06_3,B06,3,80,9,40,0.09293110886,-0.005796464591,0.005796464591,0.09311170709,-3.569130616
06_3,B06,3,80,10,100,0.08891273697,-0.005808785026,0.005808785026,0.08910228268,-3.737896011
06_3,B06,3,80,11,200,0.08616548357,-0.005373996309,0.005373996309,0.08633290448,-3.568818867
06_3,B06,3,80,12,400,0.0837317048,-0.004494430316,0.004494430316,0.08385224083,-3.072492117
06_3,B06,3,80,13,1000,0.08141167097,-0.00316569933,0.00316569933,0.08147319696,-2.226829057
06_3,B06,3,90,0,0.05,0.1063744345,-0.005456000563,0.005456000563,0.1065142632,-2.936157665
06_3,B06,3,90,1,0.1,0.1044244949,-0.004292689143,0.004292689143,0.1045126897,-2.353993362
06_3,B06,3,90,2,0.2,0.1032272978,-0.003025600214,0.003025600214,0.1032716285,-1.678863153
06_3,B06,3,90,3,0.4,0.1025520223,-0.002388400809,0.002388400809,0.102579831,-1.334157525
06_3,B06,3,90,4,1,0.1014781782,-0.002036966869,0.002036966869,0.1014986201,-1.149941154
06_3,B06,3,90,5,2,0.1009125573,-0.002356684396,0.002356684396,0.1009400722,-1.33782686
06_3,B06,3,90,6,4,0.1001911392,-0.002696850366,0.002696850366,0.1002274283,-1.541861324
06_3,B06,3,90,7,10,0.09850469135,-0.004123846633,0.004123846633,0.09859097488,-2.397257555
06_3,B06,3,90,8,20,0.09618557112,-0.005298554098,0.005298554098,0.09633140073,-3.153053626
06_3,B06,3,90,9,40,0.09336695343,-0.006068353435,0.006068353435,0.09356395089,-3.718689326
06_3,B06,3,90,10,100,0.08932217233,-0.006094536345,0.006094536345,0.08952984889,-3.903295543
06_3,B06,3,90,11,200,0.08640770382,-0.005529996298,0.005529996298,0.08658447977,-3.661871686
06_3,B06,3,90,12,400,0.08396946475,-0.004667633143,0.004667633143,0.08409909517,-3.181641517
06_3,B06,3,90,13,1000,0.08142483394,-0.003384545174,0.003384545174,0.08149514543,-2.380214695
06_3,B06,3,100,0,0.05,0.1026139447,-0.004906422453,0.004906422453,0.1027311765,-2.737477462
06_3,B06,3,100,1,0.1,0.1017580343,-0.003016155153,0.003016155153,0.1018027246,-1.697776297
06_3,B06,3,100,2,0.2,0.101138784,-0.002121509078,0.002121509078,0.1011610322,-1.201672477
06_3,B06,3,100,3,0.4,0.1005901265,-0.001671872351,0.001671872351,0.1006040194,-0.9522048906
06_3,B06,3,100,4,1,0.0998846067,-0.001552849227,0.001552849227,0.0998966766,-0.8906731777
06_3,B06,3,100,5,2,0.09939042247,-0.001626855547,0.001626855547,0.09940373604,-0.9377526647
06_3,B06,3,100,6,4,0.09886692355,-0.002057858635,0.002057858635,0.09888833781,-1.192406798
06_3,B06,3,100,7,10,0.09764698048,-0.00333896282,0.00333896282,0.09770405042,-1.958421722
06_3,B06,3,100,8,20,0.09568960889,-0.004610083604,0.004610083604,0.09580059562,-2.758233206
06_3,B06,3,100,9,40,0.09313095258,-0.005438781819,0.005438781819,0.09328962791,-3.342236943
06_3,B06,3,100,10,100,0.089412892,-0.005621244186,0.005621244186,0.08958941702,-3.597358713
06_3,B06,3,100,11,200,0.08674206047,-0.005235864598,0.005235864598,0.08689993862,-3.454257325
06_3,B06,3,100,12,400,0.08431029584,-0.004504064491,0.004504064491,0.08443051926,-3.057975323
06_3,B06,3,100,13,1000,0.08190754546,-0.003324846838,0.003324846838,0.08197499991,-2.324513091
06_4,B06,4,10,0,0.05,0.1171330685,-0.006118006242,0.006118006242,0.1172927353,-2.98991306
06_4,B06,4,10,1,0.1,0.1151039236,-0.004999118869,0.004999118869,0.1152124317,-2.486870231
06_4,B06,4,10,2,0.2,0.1135824024,-0.003817053005,0.003817053005,0.1136465223,-1.924759007
06_4,B06,4,10,3,0.4,0.1127581118,-0.00338018227,0.00338018227,0.1128087648,-1.717057807
06_4,B06,4,10,4,1,0.11081455,-0.003889712713,0.003889712713,0.1108827956,-2.010319584
06_4,B06,4,10,5,2,0.1092453545,-0.004769033419,0.004769033419,0.1093493994,-2.499622176
06_4,B06,4,10,6,4,0.1071315345,-0.005587324018,0.005587324018,0.1072771358,-2.98549167
06_4,B06,4,10,7,10,0.1031262645,-0.006461753995,0.006461753995,0.1033285086,-3.585389712
06_4,B06,4,10,8,20,0.09980335437,-0.006864970705,0.006864970705,0.1000391792,-3.934890458
06_4,B06,4,10,9,40,0.09671257658,-0.006647765339,0.006647765339,0.0969407822,-3.932174367
06_4,B06,4,10,10,100,0.09273278421,-0.006225162766,0.006225162766,0.09294149729,-3.840510342
06_4,B06,4,10,11,200,0.08992844483,-0.005627272532,0.005627272532,0.09010433611,-3.580614879
06_4,B06,4,10,12,400,0.08736679411,-0.004774572473,0.004774572473,0.08749716142,-3.128087748
06_4,B06,4,10,13,1000,0.08491375619,-0.003620122783,0.003620122783,0.08499088939,-2.44120903
06_4,B06,4,20,0,0.05,0.1082210256,-0.004032932162,0.004032932162,0.1082961445,-2.134179703
06_4,B06,4,20,1,0.1,0.1067308001,-0.003418910513,0.003418910513,0.1067855451,-1.834729829
06_4,B06,4,20,2,0.2,0.1057547883,-0.002263107374,0.002263107374,0.1057790003,-1.225918139
06_4,B06,4,20,3,0.4,0.1054209174,-0.001667919347,0.001667919347,0.105434111,-0.9064307997
06_4,B06,4,20,4,1,0.1045668251,-0.001876177785,0.001876177785,0.1045836553,-1.027912394
06_4,B06,4,20,5,2,0.1039527906,-0.002485755981,0.002485755981,0.1039825065,-1.369815944
06_4,B06,4,20,6,4,0.1029704673,-0.003216692967,0.003216692967,0.1030206981,-1.789280157
06_4,B06,4,20,7,10,0.1006296468,-0.004793318286,0.004793318286,0.1007437428,-2.727123548
06_4,B06,4,20,8,20,0.09798960576,-0.005729633621,0.005729633621,0.09815697397,-3.346380039
06_4,B06,4,20,9,40,0.09505964161,-0.006068950318,0.006068950318,0.09525317644,-3.653011332
06_4,B06,4,20,10,100,0.09116939803,-0.005857319857,0.005857319857,0.09135736058,-3.676004359
06_4,B06,4,20,11,200,0.08838126333,-0.005279245812,0.005279245812,0.08853879457,-3.418366228
06_4,B06,4,20,12,400,0.08615603594,-0.004555580621,0.004555580621,0.08627639215,-3.026748997
06_4,B06,4,20,13,1000,0.08368757196,-0.003318812387,0.003318812387,0.08375335347,-2.270998522
06_4,B06,4,30,0,0.05,0.1049837674,-0.003740334444,0.003740334444,0.1050503761,-2.040456127
06_4,B06,4,30,1,0.1,0.1036665094,-0.002824489692,0.002824489692,0.1037049801,-1.560690263
06_4,B06,4,30,2,0.2,0.1029955998,-0.001813910407,0.001813910407,0.1030115714,-1.008962206
06_4,B06,4,30,3,0.4,0.1028438488,-0.001429049145,0.001429049145,0.1028537769,-0.7960924896
06_4,B06,4,30,4,1,0.1021060037,-0.001471539894,0.001471539894,0.102116607,-0.8256829731
06_4,B06,4,30,5,2,0.1016270051,-0.001922555851,0.001922555851,0.1016451887,-1.083778846
06_4,B06,4,30,6,4,0.1010360299,-0.002526782776,0.002526782776,0.1010676208,-1.432596054
06_4,B06,4,30,7,10,0.09919680247,-0.003991284231,0.003991284231,0.09927706669,-2.304111092
06_4,B06,4,30,8,20,0.0969801824,-0.005102083467,0.005102083467,0.09711429881,-3.011528654
06_4,B06,4,30,9,40,0.09427323985,-0.005720504733,0.005720504733,0.09444664063,-3.4724529
06_4,B06,4,30,10,100,0.09037305375,-0.005688496196,0.005688496196,0.09055190684,-3.601708556
06_4,B06,4,30,11,200,0.0877914243,-0.005200355375,0.005200355375,0.08794531185,-3.389974071
06_4,B06,4,30,12,400,0.08551225215,-0.004446223186,0.004446223186,0.08562776517,-2.976422873
06_4,B06,4,30,13,1000,0.08308136542,-0.003191085743,0.003191085743,0.0831426263,-2.19960172
06_4,B06,4,40,0,0.05,0.1035321551,-0.00365713717,0.00365713717,0.1035967267,-2.023056881
06_4,B06,4,40,1,0.1,0.1024248178,-0.002571633313,0.002571633313,0.1024570964,-1.438252847
06_4,B06,4,40,2,0.2,0.1017591412,-0.001819975606,0.001819975606,0.1017754152,-1.024633298
06_4,B06,4,40,3,0.4,0.1014455028,-0.001424175088,0.001424175088,0.1014554992,-0.8043122603
06_4,B06,4,40,4,1,0.1007997218,-0.001351745594,0.001351745594,0.100808785,-0.768302471
06_4,B06,4,40,5,2,0.1004490607,-0.001758962269,0.001758962269,0.1004644601,-1.003203161
06_4,B06,4,40,6,4,0.09992712142,-0.002256439028,0.002256439028,0.09995259433,-1.293567393
06_4,B06,4,40,7,10,0.09832713973,-0.003622489894,0.003622489894,0.09839384554,-2.109891094
06_4,B06,4,40,8,20,0.09632132349,-0.004771552284,0.004771552284,0.09643943732,-2.835992006
06_4,B06,4,40,9,40,0.09371048547,-0.005427341028,0.005427341028,0.09386751897,-3.314642391
06_4,B06,4,40,10,100,0.08994881875,-0.005548096079,0.005548096079,0.09011976123,-3.529565862
06_4,B06,4,40,11,200,0.08732047447,-0.005132038235,0.005132038235,0.08747115569,-3.363544122
06_4,B06,4,40,12,400,0.08495391017,-0.004353047595,0.004353047595,0.08506536238,-2.933276614
06_4,B06,4,40,13,1000,0.08268622187,-0.003162837277,0.003162837277,0.08274669073,-2.190557487
06_4,B06,4,50,0,0.05,0.1035480026,-0.004273513242,0.004273513242,0.1036361508,-2.363303874
06_4,B06,4,50,1,0.1,0.1021764771,-0.003261522804,0.003261522804,0.1022285186,-1.828288336
06_4,B06,4,50,2,0.2,0.101270148,-0.00209848055,0.00209848055,0.1012918876,-1.187090933
06_4,B06,4,50,3,0.4,0.1008868979,-0.001578353573,0.001578353573,0.1008992436,-0.8963068862
06_4,B06,4,50,4,1,0.1001551165,-0.001532509864,0.001532509864,0.1001668405,-0.8766351492
06_4,B06,4,50,5,2,0.09964670077,-0.0018227452,0.0018227452,0.09966337028,-1.047941984
06_4,B06,4,50,6,4,0.09907803409,-0.002322325113,0.002322325113,0.09910524726,-1.342730193
06_4,B06,4,50,7,10,0.09758429074,-0.003513586368,0.003513586368,0.09764752474,-2.062081315
06_4,B06,4,50,8,20,0.09572103167,-0.004664071219,0.004664071219,0.09583459429,-2.789568876
06_4,B06,4,50,9,40,0.09318424246,-0.005323330682,0.005323330682,0.09333617141,-3.269578938
06_4,B06,4,50,10,100,0.08950120389,-0.005500132099,0.005500132099,0.08967004489,-3.516584561
06_4,B06,4,50,11,200,0.08698814007,-0.005057602703,0.005057602703,0.0871350438,-3.32750448
06_4,B06,4,50,12,400,0.08468588267,-0.004348800046,0.004348800046,0.08479746922,-2.939677838
06_4,B06,4,50,13,1000,0.08232464774,-0.00315961487,0.00315961487,0.08238525834,-2.197929687
06_4,B06,4,60,0,0.05,0.1060234764,-0.005678275618,0.005678275618,0.1061754225,-3.065648396
06_4,B06,4,60,1,0.1,0.1033530828,-0.005360023956,0.005360023956,0.1034919783,-2.968773212
06_4,B06,4,60,2,0.2,0.1015577288,-0.00329205954,0.00329205954,0.1016110719,-1.856629676
06_4,B06,4,60,3,0.4,0.1011868244,-0.002330838221,0.002330838221,0.1012136663,-1.319574762
06_4,B06,4,60,4,1,0.09991814926,-0.001984514377,0.001984514377,0.09993785493,-1.137824824
06_4,B06,4,60,5,2,0.09935005859,-0.002207251123,0.002207251123,0.09937457471,-1.272725694
06_4,B06,4,60,6,4,0.09863849428,-0.002505316881,0.002505316881,0.0986703054,-1.454941394
06_4,B06,4,60,7,10,0.09712283261,-0.003576053188,0.003576053188,0.09718864527,-2.108672424
06_4,B06,4,60,8,20,0.09514590291,-0.004557189799,0.004557189799,0.09525497792,-2.742192133
06_4,B06,4,60,9,40,0.09281404826,-0.005239370088,0.005239370088,0.09296181234,-3.230928282
06_4,B06,4,60,10,100,0.08916888221,-0.005474210404,0.005474210404,0.08933675914,-3.513064135
06_4,B06,4,60,11,200,0.08663599371,-0.004992611527,0.004992611527,0.08677973021,-3.298162003
06_4,B06,4,60,12,400,0.08433773477,-0.004272533581,0.004272533581,0.08444588829,-2.900114007
06_4,B06,4,60,13,1000,0.0820247602,-0.003109456786,0.003109456786,0.08208367686,-2.17097229
06_4,B06,4,70,0,0.05,0.1051454346,-0.00631917775,0.00631917775,0.1053351529,-3.439305218
06_4,B06,4,70,1,0.1,0.1031963243,-0.004816876595,0.004816876595,0.1033086814,-2.672445261
06_4,B06,4,70,2,0.2,0.1018618624,-0.003383246663,0.003383246663,0.1019180326,-1.902326499
06_4,B06,4,70,3,0.4,0.1011611545,-0.002550994388,0.002550994388,0.1011933138,-1.444529207
06_4,B06,4,70,4,1,0.09993175356,-0.002040278855,0.002040278855,0.09995257929,-1.169629517
06_4,B06,4,70,5,2,0.09923203819,-0.002240752073,0.002240752073,0.0992573341,-1.293572363
06_4,B06,4,70,6,4,0.09850951604,-0.002547155978,0.002547155978,0.09854244139,-1.481164274
06_4,B06,4,70,7,10,0.09706123799,-0.003663730042,0.003663730042,0.09713036002,-2.161693603
06_4,B06,4,70,8,20,0.09498815208,-0.004604339061,0.004604339061,0.09509967915,-2.775113153
06_4,B06,4,70,9,40,0.09256889034,-0.005256133493,0.005256133493,0.09271799393,-3.249809338
06_4,B06,4,70,10,100,0.08892358283,-0.005467478222,0.005467478222,0.08909150858,-3.518409333
06_4,B06,4,70,11,200,0.08635011601,-0.005083382564,0.005083382564,0.08649961452,-3.369081798
06_4,B06,4,70,12,400,0.08404998672,-0.00437931741,0.00437931741,0.08416399877,-2.982626425
06_4,B06,4,70,13,1000,0.08174487783,-0.003082009497,0.003082009497,0.08180295736,-2.159187709
06_4,B06,4,80,0,0.05,0.1053294372,-0.006076705393,0.006076705393,0.1055045814,-3.30186952
06_4,B06,4,80,1,0.1,0.1034803633,-0.004704065404,0.004704065404,0.1035872281,-2.602790142
06_4,B06,4,80,2,0.2,0.102373785,-0.003174901219,0.003174901219,0.1024230045,-1.776335164
06_4,B06,4,80,3,0.4,0.1015184656,-0.002396562488,0.002396562488,0.1015467497,-1.352339356
06_4,B06,4,80,4,1,0.1003609648,-0.002093705759,0.002093705759,0.1003828016,-1.195117101
06_4,B06,4,80,5,2,0.09962315122,-0.002332218725,0.002332218725,0.09965044658,-1.341072683
06_4,B06,4,80,6,4,0.09911999923,-0.002590272937,0.002590272937,0.09915383886,-1.49695256
06_4,B06,4,80,7,10,0.09738270017,-0.003690636236,0.003690636236,0.09745260945,-2.170372451
06_4,B06,4,80,8,20,0.0954177144,-0.004839068988,0.004839068988,0.09554034127,-2.903243888
06_4,B06,4,80,9,40,0.09284211111,-0.005328126578,0.005328126578,0.09299487367,-3.284551331
06_4,B06,4,80,10,100,0.08911586998,-0.00567260469,0.00567260469,0.08929623019,-3.642206464
06_4,B06,4,80,11,200,0.08650319003,-0.00523453762,0.00523453762,0.08666142319,-3.462897018
06_4,B06,4,80,12,400,0.08414777143,-0.004392981661,0.004392981661,0.08426236244,-2.988445391
06_4,B06,4,80,13,1000,0.08180326322,-0.003070398485,0.003070398485,0.08186086501,-2.149527112
06_4,B06,4,90,0,0.05,0.1057235942,-0.005600988673,0.005600988673,0.1058718539,-3.032561375
06_4,B06,4,90,1,0.1,0.1038710232,-0.004198433446,0.004198433446,0.1039558383,-2.314617079
06_4,B06,4,90,2,0.2,0.1027882747,-0.002973492291,0.002973492291,0.1028312748,-1.657008632
06_4,B06,4,90,3,0.4,0.1021058752,-0.002220592134,0.002220592134,0.102130019,-1.245868603
06_4,B06,4,90,4,1,0.101066693,-0.00189217077,0.00189217077,0.101084404,-1.072566362
06_4,B06,4,90,5,2,0.100501116,-0.002116181568,0.002116181568,0.100523393,-1.206258825
06_4,B06,4,90,6,4,0.09974378489,-0.002476059677,0.002476059677,0.09977451325,-1.422029841
06_4,B06,4,90,7,10,0.09818224288,-0.003792188973,0.003792188973,0.0982554503,-2.211891564
06_4,B06,4,90,8,20,0.09603856616,-0.004903220238,0.004903220238,0.09616365092,-2.922681226
06_4,B06,4,90,9,40,0.09337195268,-0.005821105936,0.005821105936,0.09355322989,-3.567385031
06_4,B06,4,90,10,100,0.08958275394,-0.005849868852,0.005849868852,0.08977355272,-3.73618331
06_4,B06,4,90,11,200,0.08671401994,-0.005374681718,0.005374681718,0.0868804262,-3.546752142
06_4,B06,4,90,12,400,0.08437374703,-0.004533618518,0.004533618518,0.08449546074,-3.075691893
06_4,B06,4,90,13,1000,0.08186900577,-0.003157739271,0.003157739271,0.08192988114,-2.208839486
06_4,B06,4,100,0,0.05,0.102988677,-0.004766758044,0.004766758044,0.103098931,-2.650003384
06_4,B06,4,100,1,0.1,0.1021624673,-0.003033963134,0.003033963134,0.1022075079,-1.70103768
06_4,B06,4,100,2,0.2,0.1015335515,-0.002344419535,0.002344419535,0.1015606143,-1.322730057
06_4,B06,4,100,3,0.4,0.1009142319,-0.001730711942,0.001730711942,0.1009290719,-0.9825449533
06_4,B06,4,100,4,1,0.1002327916,-0.00155053448,0.00155053448,0.1002447837,-0.8862568316
06_4,B06,4,100,5,2,0.09976411168,-0.001758161481,0.001758161481,0.09977960268,-1.009629657
06_4,B06,4,100,6,4,0.09917257838,-0.002235376138,0.002235376138,0.09919776816,-1.291243371
06_4,B06,4,100,7,10,0.09780513974,-0.003543385199,0.003543385199,0.09786930539,-2.074862967
06_4,B06,4,100,8,20,0.09572689698,-0.004770553905,0.004770553905,0.09584569364,-2.852977305
06_4,B06,4,100,9,40,0.09310452545,-0.005557141056,0.005557141056,0.09327022288,-3.415767675
06_4,B06,4,100,10,100,0.08940036397,-0.005728450053,0.005728450053,0.08958370509,-3.666292906
06_4,B06,4,100,11,200,0.08658691098,-0.005250562366,0.005250562366,0.08674595989,-3.470121946
06_4,B06,4,100,12,400,0.08422856573,-0.00453179617,0.00453179617,0.084350391,-3.079747074
06_4,B06,4,100,13,1000,0.0818547621,-0.00326101036,0.00326101036,0.08191969401,-2.281399045
06_5,B06,5,10,0,0.05,0.1180268268,-0.005960359886,0.005960359886,0.1181772302,-2.890983445
06_5,B06,5,10,1,0.1,0.1160455117,-0.004999428883,0.004999428883,0.1161531535,-2.466869685
06_5,B06,5,10,2,0.2,0.1144203755,-0.003846172698,0.003846172698,0.1144850006,-1.925238557
06_5,B06,5,10,3,0.4,0.1135098236,-0.003478511512,0.003478511512,0.1135631106,-1.755281328
06_5,B06,5,10,4,1,0.1115329848,-0.003968044156,0.003968044156,0.1116035487,-2.037570615
06_5,B06,5,10,5,2,0.1098942621,-0.004837890445,0.004837890445,0.1100007001,-2.520712531
06_5,B06,5,10,6,4,0.1076194146,-0.005587668011,0.005587668011,0.1077643746,-2.972164257
06_5,B06,5,10,7,10,0.1037035842,-0.00632841719,0.00632841719,0.1038964978,-3.492092504
06_5,B06,5,10,8,20,0.1004919776,-0.006515307481,0.006515307481,0.1007029632,-3.709528807
06_5,B06,5,10,9,40,0.09756209338,-0.006485104483,0.006485104483,0.09777739333,-3.80294533
06_5,B06,5,10,10,100,0.09369847396,-0.006076184467,0.006076184467,0.09389528231,-3.710337297
06_5,B06,5,10,11,200,0.09094762187,-0.005507760366,0.005507760366,0.09111424339,-3.465582498
06_5,B06,5,10,12,400,0.08852469945,-0.004729479757,0.004729479757,0.08865094693,-3.058150483
06_5,B06,5,10,13,1000,0.08597823033,-0.003472541514,0.003472541514,0.08604832732,-2.312840042
06_5,B06,5,20,0,0.05,0.1088778822,-0.004120331364,0.004120331364,0.1089558184,-2.167244538
06_5,B06,5,20,1,0.1,0.1074766687,-0.003447587745,0.003447587745,0.1075319496,-1.837277987
06_5,B06,5,20,2,0.2,0.1065283161,-0.002297357086,0.002297357086,0.1065530853,-1.235431757
06_5,B06,5,20,3,0.4,0.1063075399,-0.00173884256,0.00173884256,0.1063217598,-0.9370874024
06_5,B06,5,20,4,1,0.1052034167,-0.00171145053,0.00171145053,0.1052173367,-0.9320062628
06_5,B06,5,20,5,2,0.1046603045,-0.002489442183,0.002489442183,0.1046899071,-1.362576201
06_5,B06,5,20,6,4,0.1038501436,-0.00314359076,0.00314359076,0.1038977116,-1.733839686
06_5,B06,5,20,7,10,0.1013141653,-0.004613895981,0.004613895981,0.1014191704,-2.607475865
06_5,B06,5,20,8,20,0.09867493735,-0.005541233758,0.005541233758,0.09883040287,-3.214151507
06_5,B06,5,20,9,40,0.09598304286,-0.005928554182,0.005928554182,0.09616596212,-3.534479989
06_5,B06,5,20,10,100,0.09224973426,-0.005741967306,0.005741967306,0.09242826224,-3.561707933
06_5,B06,5,20,11,200,0.08951979813,-0.005223849749,0.005223849749,0.0896720852,-3.339657942
06_5,B06,5,20,12,400,0.08720197496,-0.004497852502,0.004497852502,0.08731789687,-2.952682991
06_5,B06,5,20,13,1000,0.08479184708,-0.003300783707,0.003300783707,0.08485606934,-2.229288992
06_5,B06,5,30,0,0.05,0.105455282,-0.003679905924,0.003679905924,0.1055194684,-1.998549114
06_5,B06,5,30,1,0.1,0.1040993056,-0.002934391714,0.002934391714,0.1041406553,-1.614648149
06_5,B06,5,30,2,0.2,0.1035976027,-0.001723946972,0.001723946972,0.1036119457,-0.9533596053
06_5,B06,5,30,3,0.4,0.1033042948,-0.00136820731,0.00136820731,0.1033133549,-0.7588060235
06_5,B06,5,30,4,1,0.1024216139,-0.001444105243,0.001444105243,0.1024317941,-0.8077948599
06_5,B06,5,30,5,2,0.1020891061,-0.001757436373,0.001757436373,0.1021042319,-0.9862339462
06_5,B06,5,30,6,4,0.101537915,-0.002428135825,0.002428135825,0.1015669436,-1.369886555
06_5,B06,5,30,7,10,0.09983388132,-0.003727981525,0.003727981525,0.09990346193,-2.138536602
06_5,B06,5,30,8,20,0.09760586163,-0.004914129622,0.004914129622,0.09772948835,-2.882217795
06_5,B06,5,30,9,40,0.09493034643,-0.005554929794,0.005554929794,0.09509273326,-3.348892333
06_5,B06,5,30,10,100,0.09120359123,-0.005571558355,0.005571558355,0.0913736139,-3.495811454
06_5,B06,5,30,11,200,0.0886635645,-0.005180488987,0.005180488987,0.08881477994,-3.343911052
06_5,B06,5,30,12,400,0.08640903449,-0.004378774627,0.004378774627,0.08651991048,-2.900980013
06_5,B06,5,30,13,1000,0.0840856761,-0.003229906391,0.003229906391,0.08414768696,-2.19976904
06_5,B06,5,40,0,0.05,0.1039916268,-0.003670254106,0.003670254106,0.1040563752,-2.021343697
06_5,B06,5,40,1,0.1,0.1029091441,-0.002694620919,0.002694620919,0.1029444166,-1.499916623
06_5,B06,5,40,2,0.2,0.1022354861,-0.001774340929,0.001774340929,0.1022508822,-0.9942931274
06_5,B06,5,40,3,0.4,0.1019141412,-0.001409439471,0.001409439471,0.1019238868,-0.7923315094
06_5,B06,5,40,4,1,0.1012773508,-0.00143961945,0.00143961945,0.1012875821,-0.8143831086
06_5,B06,5,40,5,2,0.100974636,-0.001676231973,0.001676231973,0.1009885483,-0.9510526656
06_5,B06,5,40,6,4,0.1003195395,-0.002152898882,0.002152898882,0.1003426379,-1.229402457
06_5,B06,5,40,7,10,0.09890668412,-0.003426417388,0.003426417388,0.09896601689,-1.984100236
06_5,B06,5,40,8,20,0.09689102349,-0.004615833324,0.004615833324,0.09700090902,-2.727476289
06_5,B06,5,40,9,40,0.09446309157,-0.005297799391,0.005297799391,0.09461153391,-3.209972208
06_5,B06,5,40,10,100,0.09072236938,-0.005359885007,0.005359885007,0.09088056268,-3.381109126
06_5,B06,5,40,11,200,0.08821329687,-0.005058282318,0.005058282318,0.08835820258,-3.281831862
06_5,B06,5,40,12,400,0.08600391775,-0.004357934049,0.004357934049,0.08611425815,-2.900773156
06_5,B06,5,40,13,1000,0.08365651098,-0.003167918818,0.003167918818,0.08371647113,-2.168649991
06_5,B06,5,50,0,0.05,0.1038030746,-0.003958643483,0.003958643483,0.1038785307,-2.183978699
06_5,B06,5,50,1,0.1,0.1023613292,-0.003357572579,0.003357572579,0.1024163806,-1.878695706
06_5,B06,5,50,2,0.2,0.1013690652,-0.002136069386,0.002136069386,0.1013915686,-1.207169566
06_5,B06,5,50,3,0.4,0.1010778296,-0.001544347344,0.001544347344,0.1010896268,-0.875342307
06_5,B06,5,50,4,1,0.1004653217,-0.001454410301,0.001454410301,0.1004758487,-0.8293981429
06_5,B06,5,50,5,2,0.09986894341,-0.001773328834,0.001773328834,0.09988468628,-1.017269012
06_5,B06,5,50,6,4,0.09927684127,-0.002216019229,0.002216019229,0.09930157075,-1.278721868
06_5,B06,5,50,7,10,0.09801930682,-0.003297556841,0.003297556841,0.09807475919,-1.926812852
06_5,B06,5,50,8,20,0.09607811772,-0.004372949627,0.004372949627,0.0961775826,-2.605991525
06_5,B06,5,50,9,40,0.09361726154,-0.005046941883,0.005046941883,0.09375320411,-3.085849901
06_5,B06,5,50,10,100,0.09011801968,-0.005291264317,0.005291264317,0.09027322388,-3.360254153
06_5,B06,5,50,11,200,0.08764476139,-0.004999040728,0.004999040728,0.08778721209,-3.264472741
06_5,B06,5,50,12,400,0.08539917506,-0.004294220456,0.004294220456,0.08550707239,-2.878641999
06_5,B06,5,50,13,1000,0.08311475633,-0.003149770602,0.003149770602,0.08317441779,-2.17027939
06_5,B06,5,60,0,0.05,0.106116528,-0.005795482107,0.005795482107,0.1062746683,-3.126064491
06_5,B06,5,60,1,0.1,0.1035935942,-0.005205656364,0.005205656364,0.1037243058,-2.876736445
06_5,B06,5,60,2,0.2,0.1020915218,-0.00326060482,0.00326060482,0.1021435772,-1.829294045
06_5,B06,5,60,3,0.4,0.1014226154,-0.002342173615,0.002342173615,0.1014496559,-1.322908255
06_5,B06,5,60,4,1,0.1003332701,-0.002124813337,0.002124813337,0.1003557668,-1.213203169
06_5,B06,5,60,5,2,0.09962080191,-0.002262657531,0.002262657531,0.09964649413,-1.30111823
06_5,B06,5,60,6,4,0.09896391649,-0.00254476409,0.00254476409,0.09899662919,-1.472982519
06_5,B06,5,60,7,10,0.0974932336,-0.003413439578,0.003413439578,0.09755297109,-2.005224545
06_5,B06,5,60,8,20,0.09562816045,-0.004446158358,0.004446158358,0.09573146503,-2.662006492
06_5,B06,5,60,9,40,0.0932770124,-0.004919556737,0.004919556737,0.09340665437,-3.019060234
06_5,B06,5,60,10,100,0.08990707787,-0.00526526073,0.00526526073,0.09006112159,-3.351605333
06_5,B06,5,60,11,200,0.0873288496,-0.004884860249,0.004884860249,0.08746536362,-3.201582505
06_5,B06,5,60,12,400,0.0851185626,-0.004220511902,0.004220511902,0.08522313313,-2.838624492
06_5,B06,5,60,13,1000,0.08278896126,-0.0030795401,0.0030795401,0.08284621701,-2.130276018
06_5,B06,5,70,0,0.05,0.1054130324,-0.006184970901,0.006184970901,0.1055943241,-3.357904655
06_5,B06,5,70,1,0.1,0.1035082191,-0.004952491778,0.004952491778,0.1036266307,-2.739305574
06_5,B06,5,70,2,0.2,0.102035687,-0.003175606796,0.003175606796,0.1020850914,-1.782613128
06_5,B06,5,70,3,0.4,0.1015288087,-0.002533725711,0.002533725711,0.1015604193,-1.429561379
06_5,B06,5,70,4,1,0.1002820786,-0.002190165276,0.002190165276,0.1003059925,-1.251143596
06_5,B06,5,70,5,2,0.09961502597,-0.002286796025,0.002286796025,0.09964127074,-1.315070198
06_5,B06,5,70,6,4,0.0987412534,-0.002482121809,0.002482121809,0.09877244581,-1.439977265
06_5,B06,5,70,7,10,0.09724475141,-0.003402264189,0.003402264189,0.09730425005,-2.003767778
06_5,B06,5,70,8,20,0.09551013139,-0.004449070559,0.004449070559,0.09561369895,-2.667034619
06_5,B06,5,70,9,40,0.09312323585,-0.005129723964,0.005129723964,0.0932644151,-3.15297025
06_5,B06,5,70,10,100,0.08962441563,-0.005263290196,0.005263290196,0.0897788288,-3.360896186
06_5,B06,5,70,11,200,0.08702772495,-0.00501019073,0.00501019073,0.08717182412,-3.29488418
06_5,B06,5,70,12,400,0.08477316318,-0.004202268503,0.004202268503,0.08487725406,-2.837871298
06_5,B06,5,70,13,1000,0.08249390016,-0.003085948992,0.003085948992,0.0825515999,-2.142333513
06_5,B06,5,80,0,0.05,0.1053969542,-0.006036250155,0.006036250155,0.1055696655,-3.277839175
06_5,B06,5,80,1,0.1,0.1034367121,-0.004604934174,0.004604934174,0.1035391657,-2.549087116
06_5,B06,5,80,2,0.2,0.102215051,-0.003046112946,0.003046112946,0.1022604295,-1.706967565
06_5,B06,5,80,3,0.4,0.1014570318,-0.00240362079,0.00240362079,0.1014854999,-1.357141715
06_5,B06,5,80,4,1,0.1005252794,-0.002063139371,0.002063139371,0.1005464487,-1.175749882
06_5,B06,5,80,5,2,0.09971862608,-0.002133168742,0.002133168742,0.09974143972,-1.225477451
06_5,B06,5,80,6,4,0.09901098664,-0.002474483935,0.002474483935,0.09904190298,-1.431638889
06_5,B06,5,80,7,10,0.09753634991,-0.003518193626,0.003518193626,0.09759978095,-2.065796918
06_5,B06,5,80,8,20,0.09550130637,-0.00459296744,0.00459296744,0.09561168793,-2.753418249
06_5,B06,5,80,9,40,0.09321032419,-0.005248557005,0.005248557005,0.09335797709,-3.222850496
06_5,B06,5,80,10,100,0.08963132181,-0.005432213772,0.005432213772,0.08979578385,-3.468237188
06_5,B06,5,80,11,200,0.08698312627,-0.005072217256,0.005072217256,0.087130888,-3.337289925
06_5,B06,5,80,12,400,0.08469465621,-0.004377260654,0.004377260654,0.08480769541,-2.95857644
06_5,B06,5,80,13,1000,0.08239094613,-0.003119064083,0.003119064083,0.08244996401,-2.168004105
06_5,B06,5,90,0,0.05,0.1053326968,-0.005404881379,0.005404881379,0.1054712745,-2.937412027
06_5,B06,5,90,1,0.1,0.1035662073,-0.004275383563,0.004275383563,0.1036544172,-2.363921882
06_5,B06,5,90,2,0.2,0.1022838138,-0.002846223005,0.002846223005,0.1023234066,-1.593942265
06_5,B06,5,90,3,0.4,0.1018144545,-0.002219848827,0.002219848827,0.1018386512,-1.249015395
06_5,B06,5,90,4,1,0.1007441026,-0.001917463305,0.001917463305,0.1007623485,-1.090379374
06_5,B06,5,90,5,2,0.1000485844,-0.002080322039,0.002080322039,0.1000702102,-1.191186263
06_5,B06,5,90,6,4,0.09947510652,-0.002453049504,0.002453049504,0.09950534795,-1.41262381
06_5,B06,5,90,7,10,0.09793961753,-0.003628955815,0.003628955815,0.09800682631,-2.122009267
06_5,B06,5,90,8,20,0.09595022272,-0.004715227333,0.004715227333,0.09606601172,-2.813390668
06_5,B06,5,90,9,40,0.09345398212,-0.005513539263,0.005513539263,0.093616483,-3.37638661
06_5,B06,5,90,10,100,0.08963625325,-0.005580647593,0.005580647593,0.0898098075,-3.562569492
06_5,B06,5,90,11,200,0.08703206465,-0.005102564999,0.005102564999,0.08718151437,-3.355328378
06_5,B06,5,90,12,400,0.08473906589,-0.004406760876,0.004406760876,0.08485357288,-2.976921623
06_5,B06,5,90,13,1000,0.08235809992,-0.003208365895,0.003208365895,0.08242056924,-2.230902835
06_5,B06,5,100,0,0.05,0.1031800785,-0.004771444954,0.004771444954,0.1032903446,-2.647691639
06_5,B06,5,100,1,0.1,0.1021631314,-0.003099973406,0.003099973406,0.1022101524,-1.738013598
06_5,B06,5,100,2,0.2,0.1015203849,-0.002264589105,0.002264589105,0.1015456396,-1.277870288
06_5,B06,5,100,3,0.4,0.1009221926,-0.001752057281,0.001752057281,0.1009373997,-0.9945820831
06_5,B06,5,100,4,1,0.1001928339,-0.00149417761,0.00149417761,0.1002039746,-0.8543896996
06_5,B06,5,100,5,2,0.09975359079,-0.001700420236,0.001700420236,0.09976808259,-0.9765810661
06_5,B06,5,100,6,4,0.09926825377,-0.002148508719,0.002148508719,0.09929150163,-1.23988547
06_5,B06,5,100,7,10,0.09786870947,-0.003405824058,0.003405824058,0.09792795275,-1.993084705
06_5,B06,5,100,8,20,0.09591014042,-0.004585970439,0.004585970439,0.09601971756,-2.73752887
06_5,B06,5,100,9,40,0.09337637287,-0.005315117952,0.005315117952,0.09352752262,-3.257842998
06_5,B06,5,100,10,100,0.08974028931,-0.005485727623,0.005485727623,0.08990780129,-3.498076734
06_5,B06,5,100,11,200,0.08707455568,-0.005121227122,0.005121227122,0.08722502631,-3.365932422
06_5,B06,5,100,12,400,0.08480289646,-0.004456384456,0.004456384456,0.08491990704,-3.008121043
06_5,B06,5,100,13,1000,0.08235107516,-0.003234237663,0.003234237663,0.08241456105,-2.249065732
06_6,B06,6,10,0,0.05,0.1168672934,-0.005957359926,0.005957359926,0.1170190344,-2.91815085
06_6,B06,6,10,1,0.1,0.1149829619,-0.004887687275,0.004887687275,0.1150867977,-2.434059428
06_6,B06,6,10,2,0.2,0.113494234,-0.003838955206,0.003838955206,0.113559142,-1.937297554
06_6,B06,6,10,3,0.4,0.1126586113,-0.0032797968,0.0032797968,0.112706343,-1.66756406
06_6,B06,6,10,4,1,0.1107513535,-0.003743698067,0.003743698067,0.1108146091,-1.936016592
06_6,B06,6,10,5,2,0.1091795756,-0.004628472516,0.004628472516,0.1092776394,-2.427498406
06_6,B06,6,10,6,4,0.1070774165,-0.005266179758,0.005266179758,0.1072068364,-2.81559795
06_6,B06,6,10,7,10,0.1034079639,-0.005929008758,0.005929008758,0.1035777976,-3.281523433
06_6,B06,6,10,8,20,0.1004436594,-0.006069205961,0.006069205961,0.1006268551,-3.457835043
06_6,B06,6,10,9,40,0.09778521079,-0.005973102314,0.005973102314,0.09796747114,-3.495506617
06_6,B06,6,10,10,100,0.09417521428,-0.005797415253,0.005797415253,0.09435348964,-3.522676153
06_6,B06,6,10,11,200,0.0916343436,-0.005289070608,0.005289070608,0.09178685741,-3.303407361
06_6,B06,6,10,12,400,0.08922164147,-0.00452018439,0.00452018439,0.08933606983,-2.900263267
06_6,B06,6,10,13,1000,0.08675290482,-0.003343065285,0.003343065285,0.08681729425,-2.206828731
06_6,B06,6,20,0,0.05,0.1086673096,-0.004025732092,0.004025732092,0.1087418535,-2.121631843
06_6,B06,6,20,1,0.1,0.1070598966,-0.00341044428,0.00341044428,0.1071142035,-1.824567491
06_6,B06,6,20,2,0.2,0.1060713242,-0.002206854504,0.002206854504,0.106094279,-1.19188867
06_6,B06,6,20,3,0.4,0.1059002561,-0.001778918518,0.001778918518,0.1059151962,-0.9623672472
06_6,B06,6,20,4,1,0.1050664003,-0.001803585503,0.001803585503,0.1050818795,-0.9834513064
06_6,B06,6,20,5,2,0.1044707021,-0.002358799245,0.002358799245,0.1044973279,-1.293437105
06_6,B06,6,20,6,4,0.1034152517,-0.002987096785,0.002987096785,0.1034583831,-1.654499338
06_6,B06,6,20,7,10,0.1014158351,-0.004303849148,0.004303849148,0.1015071167,-2.43003982
06_6,B06,6,20,8,20,0.09910311883,-0.005074879903,0.005074879903,0.09923297118,-2.931445997
06_6,B06,6,20,9,40,0.09632041027,-0.005489605128,0.005489605128,0.09647671843,-3.261939092
06_6,B06,6,20,10,100,0.09291061032,-0.005411560754,0.005411560754,0.09306807455,-3.333415649
06_6,B06,6,20,11,200,0.09036143172,-0.005050492216,0.005050492216,0.09050246303,-3.199054294
06_6,B06,6,20,12,400,0.08814791303,-0.00434635542,0.00434635542,0.08825500199,-2.82282691
06_6,B06,6,20,13,1000,0.08572195915,-0.003267668605,0.003267668605,0.08578421731,-2.183023074
06_6,B06,6,30,0,0.05,0.1054359616,-0.003662149817,0.003662149817,0.1054995419,-1.989277736
06_6,B06,6,30,1,0.1,0.1041203344,-0.002852316327,0.002852316327,0.1041593958,-1.569192277
06_6,B06,6,30,2,0.2,0.1034530645,-0.00189692877,0.00189692877,0.1034704542,-1.050465107
06_6,B06,6,30,3,0.4,0.1031835658,-0.001286492576,0.001286492576,0.1031915855,-0.7143266984
06_6,B06,6,30,4,1,0.1024954131,-0.001347094288,0.001347094288,0.1025042651,-0.7529934397
06_6,B06,6,30,5,2,0.1022348623,-0.001704135822,0.001704135822,0.1022490643,-0.9549653273
06_6,B06,6,30,6,4,0.1015876279,-0.002276630073,0.002276630073,0.1016131349,-1.283812475
06_6,B06,6,30,7,10,0.1000181534,-0.003612162313,0.003612162313,0.1000833589,-2.068341985
06_6,B06,6,30,8,20,0.09799915856,-0.004615744992,0.004615744992,0.09810779878,-2.69662934
06_6,B06,6,30,9,40,0.09561245014,-0.005218985793,0.005218985793,0.09575478283,-3.124377695
06_6,B06,6,30,10,100,0.09209424787,-0.005281416642,0.005281416642,0.09224556278,-3.282200694
06_6,B06,6,30,11,200,0.08953415651,-0.004923878027,0.004923878027,0.08966944717,-3.147776728
06_6,B06,6,30,12,400,0.08734087842,-0.004257337902,0.004257337902,0.08744457656,-2.790612882
06_6,B06,6,30,13,1000,0.08495469776,-0.003185324767,0.003185324767,0.08501439269,-2.147264583
06_6,B06,6,40,0,0.05,0.1040572293,-0.003618868961,0.003618868961,0.1041201382,-1.991811487
06_6,B06,6,40,1,0.1,0.1029244394,-0.002642859895,0.002642859895,0.1029583651,-1.470898958
06_6,B06,6,40,2,0.2,0.102266942,-0.001715712048,0.001715712048,0.102281333,-0.9611496739
06_6,B06,6,40,3,0.4,0.1020130134,-0.001305262237,0.001305262237,0.1020213635,-0.7330627149
06_6,B06,6,40,4,1,0.1013156233,-0.001347731817,0.001347731817,0.1013245869,-0.762121263
06_6,B06,6,40,5,2,0.1009951309,-0.001630488401,0.001630488401,0.1010082915,-0.9249157676
06_6,B06,6,40,6,4,0.1004499361,-0.002020775788,0.002020775788,0.1004702603,-1.152477673
06_6,B06,6,40,7,10,0.09907782738,-0.003231671456,0.003231671456,0.09913051789,-1.868182999
06_6,B06,6,40,8,20,0.09724239601,-0.004292020836,0.004292020836,0.09733706912,-2.527243124
06_6,B06,6,40,9,40,0.09492188559,-0.005004856025,0.005004856025,0.09505373716,-3.018185281
06_6,B06,6,40,10,100,0.09147604421,-0.005167853006,0.005167853006,0.09162190442,-3.233434131
06_6,B06,6,40,11,200,0.08905222437,-0.004898153884,0.004898153884,0.08918682961,-3.148276697
06_6,B06,6,40,12,400,0.08676081447,-0.004190703144,0.004190703144,0.08686196475,-2.765339808
06_6,B06,6,40,13,1000,0.08449593455,-0.003161195939,0.003161195939,0.08455504784,-2.14257351
06_6,B06,6,50,0,0.05,0.1037067429,-0.004010597264,0.004010597264,0.1037842638,-2.214666451
06_6,B06,6,50,1,0.1,0.1022110936,-0.003227447886,0.003227447886,0.1022620364,-1.808587639
06_6,B06,6,50,2,0.2,0.1012795447,-0.002049852777,0.002049852777,0.1013002866,-1.159482697
06_6,B06,6,50,3,0.4,0.1009278745,-0.001461136376,0.001461136376,0.1009384504,-0.8294150668
06_6,B06,6,50,4,1,0.1002633464,-0.001520933795,0.001520933795,0.1002748816,-0.869075362
06_6,B06,6,50,5,2,0.09976798704,-0.001643942088,0.001643942088,0.09978153028,-0.9440144369
06_6,B06,6,50,6,4,0.09931813584,-0.002110336326,0.002110336326,0.09934055378,-1.217251731
06_6,B06,6,50,7,10,0.0979546374,-0.003142339561,0.003142339561,0.09800502684,-1.837392053
06_6,B06,6,50,8,20,0.09618223206,-0.004171746207,0.004171746207,0.09627266086,-2.483553638
06_6,B06,6,50,9,40,0.09403264231,-0.004857438579,0.004857438579,0.09415801894,-2.957096247
06_6,B06,6,50,10,100,0.09055245692,-0.005161675696,0.005161675696,0.09069945066,-3.262446474
06_6,B06,6,50,11,200,0.08817410095,-0.00480319526,0.00480319526,0.08830482865,-3.118048083
06_6,B06,6,50,12,400,0.08597499747,-0.004143897659,0.004143897659,0.08607480512,-2.759456246
06_6,B06,6,50,13,1000,0.08364509845,-0.003038503294,0.003038503294,0.0837002688,-2.080419551
06_6,B06,6,60,0,0.05,0.1060742694,-0.005783377358,0.005783377358,0.1062318129,-3.120788469
06_6,B06,6,60,1,0.1,0.1037085315,-0.005116884741,0.005116884741,0.103834686,-2.824631159
06_6,B06,6,60,2,0.2,0.1019935882,-0.003283146565,0.003283146565,0.1020464163,-1.843699329
06_6,B06,6,60,3,0.4,0.101490206,-0.002305244266,0.002305244266,0.1015163833,-1.301190182
06_6,B06,6,60,4,1,0.1003333319,-0.002101306727,0.002101306727,0.1003553336,-1.199784823
06_6,B06,6,60,5,2,0.09967090491,-0.002172639889,0.002172639889,0.09969458185,-1.248743405
06_6,B06,6,60,6,4,0.09908208994,-0.002339198111,0.002339198111,0.0991096988,-1.352426931
06_6,B06,6,60,7,10,0.09760361465,-0.003295917261,0.003295917261,0.09765924771,-1.934051513
06_6,B06,6,60,8,20,0.09581896593,-0.004235146072,0.004235146072,0.09591251584,-2.530795039
06_6,B06,6,60,9,40,0.0936381368,-0.004876356655,0.004876356655,0.09376502289,-2.981076997
06_6,B06,6,60,10,100,0.09026891986,-0.005094042885,0.005094042885,0.09041253876,-3.229881633
06_6,B06,6,60,11,200,0.08789368778,-0.004730369069,0.004730369069,0.08802088811,-3.080641665
06_6,B06,6,60,12,400,0.08567164055,-0.004141063077,0.004141063077,0.0857716643,-2.767320793
06_6,B06,6,60,13,1000,0.08337394341,-0.00305716912,0.00305716912,0.08342997496,-2.099989981
06_6,B06,6,70,0,0.05,0.1056294456,-0.006264737793,0.006264737793,0.105815059,-3.394158294
06_6,B06,6,70,1,0.1,0.1036492034,-0.004871664778,0.004871664778,0.1037636279,-2.691005346
06_6,B06,6,70,2,0.2,0.1022881756,-0.003311826073,0.003311826073,0.1023417758,-1.854441053
06_6,B06,6,70,3,0.4,0.1015549548,-0.002411225618,0.002411225618,0.1015835757,-1.360121719
06_6,B06,6,70,4,1,0.1004516251,-0.002064711332,0.002064711332,0.1004728422,-1.177507977
06_6,B06,6,70,5,2,0.09969128513,-0.002172917664,0.002172917664,0.09971496328,-1.248647772
06_6,B06,6,70,6,4,0.09901107362,-0.00233427352,0.00233427352,0.09903858608,-1.350548428
06_6,B06,6,70,7,10,0.09754014224,-0.003447380009,0.003447380009,0.09760104393,-2.024173211
06_6,B06,6,70,8,20,0.09573294415,-0.004190028388,0.004190028388,0.09582459461,-2.506115583
06_6,B06,6,70,9,40,0.09345520272,-0.004953279811,0.004953279811,0.09358637666,-3.033931947
06_6,B06,6,70,10,100,0.09006195031,-0.005247672014,0.005247672014,0.09021470476,-3.334703312
06_6,B06,6,70,11,200,0.08752238168,-0.004811014437,0.004811014437,0.08765451018,-3.14632309
06_6,B06,6,70,12,400,0.0853547249,-0.004186032641,0.004186032641,0.08545731058,-2.807694497
06_6,B06,6,70,13,1000,0.08310609494,-0.003090368813,0.003090368813,0.08316353405,-2.12960967
06_6,B06,6,80,0,0.05,0.1056893569,-0.005905118976,0.005905118976,0.1058541949,-3.197928308
06_6,B06,6,80,1,0.1,0.1039736151,-0.004667401876,0.004667401876,0.1040783228,-2.570296462
06_6,B06,6,80,2,0.2,0.102438977,-0.003236249946,0.003236249946,0.102490084,-1.809485201
06_6,B06,6,80,3,0.4,0.1019021779,-0.002390094772,0.002390094772,0.1019302037,-1.343614456
06_6,B06,6,80,4,1,0.1007048929,-0.002100994508,0.002100994508,0.1007268069,-1.195181823
06_6,B06,6,80,5,2,0.1000696705,-0.002242112372,0.002242112372,0.1000947851,-1.283526621
06_6,B06,6,80,6,4,0.09928668235,-0.002481599445,0.002481599445,0.0993176904,-1.431768834
06_6,B06,6,80,7,10,0.09778504659,-0.003572740329,0.003572740329,0.09785029285,-2.092466428
06_6,B06,6,80,8,20,0.09590430024,-0.004525958489,0.004525958489,0.09601103637,-2.701923316
06_6,B06,6,80,9,40,0.09353741403,-0.005110564512,0.005110564512,0.09367692188,-3.127336118
06_6,B06,6,80,10,100,0.09005677819,-0.005380021505,0.005380021505,0.09021733719,-3.418805415
06_6,B06,6,80,11,200,0.08739361229,-0.004964357873,0.004964357873,0.08753449788,-3.251169063
06_6,B06,6,80,12,400,0.08523543797,-0.004278927881,0.004278927881,0.0853427742,-2.873908707
06_6,B06,6,80,13,1000,0.08282959237,-0.00309849472,0.00309849472,0.08288752645,-2.142325282
06_6,B06,6,90,0,0.05,0.1062427199,-0.005450701957,0.005450701957,0.1063824501,-2.936941407
06_6,B06,6,90,1,0.1,0.104334492,-0.004355194748,0.004355194748,0.1044253511,-2.390288113
06_6,B06,6,90,2,0.2,0.1032271723,-0.002939339047,0.002939339047,0.1032690119,-1.631026255
06_6,B06,6,90,3,0.4,0.1025798496,-0.002237935015,0.002237935015,0.1026042587,-1.249796079
06_6,B06,6,90,4,1,0.1014824656,-0.001992088487,0.001992088487,0.1015020159,-1.124564772
06_6,B06,6,90,5,2,0.10090796,-0.002146011496,0.002146011496,0.100930777,-1.218326773
06_6,B06,6,90,6,4,0.1001759007,-0.002562190335,0.002562190335,0.1002086618,-1.46512976
06_6,B06,6,90,7,10,0.09855083004,-0.003703691221,0.003703691221,0.09862040068,-2.152250321
06_6,B06,6,90,8,20,0.09649820126,-0.004825095795,0.004825095795,0.09661875799,-2.862515229
06_6,B06,6,90,9,40,0.0939050365,-0.005461076173,0.005461076173,0.09406369774,-3.32830484
06_6,B06,6,90,10,100,0.0901884496,-0.005622885316,0.005622885316,0.09036356169,-3.567542692
06_6,B06,6,90,11,200,0.087458912,-0.005238410989,0.005238410989,0.08761565065,-3.427674659
06_6,B06,6,90,12,400,0.08522825836,-0.004317058311,0.004317058311,0.08533752407,-2.899719041
06_6,B06,6,90,13,1000,0.08280051183,-0.003238146363,0.003238146363,0.08286380604,-2.239570953
06_6,B06,6,100,0,0.05,0.1035092077,-0.005139963096,0.005139963096,0.1036367468,-2.842804965
06_6,B06,6,100,1,0.1,0.1028231492,-0.003067158462,0.003067158462,0.1028688849,-1.708595207
06_6,B06,6,100,2,0.2,0.1020549475,-0.002330077628,0.002330077628,0.1020815438,-1.307927022
06_6,B06,6,100,3,0.4,0.1014715305,-0.001901860054,0.001901860054,0.1014893521,-1.073757304
06_6,B06,6,100,4,1,0.1006592644,-0.001683976583,0.001683976583,0.1006733495,-0.9584388663
06_6,B06,6,100,5,2,0.1002201787,-0.001939766238,0.001939766238,0.1002389491,-1.108824039
06_6,B06,6,100,6,4,0.09956406366,-0.002506264437,0.002506264437,0.09959560298,-1.441966615
06_6,B06,6,100,7,10,0.09792736578,-0.003896980948,0.003896980948,0.09800487452,-2.278860542
06_6,B06,6,100,8,20,0.09566976766,-0.00507105866,0.00507105866,0.09580407131,-3.034172777
06_6,B06,6,100,9,40,0.09296571348,-0.005666591632,0.005666591632,0.09313825285,-3.488066494
06_6,B06,6,100,10,100,0.08918666134,-0.005740355092,0.005740355092,0.08937120475,-3.682670379
06_6,B06,6,100,11,200,0.08642668139,-0.005339709606,0.005339709606,0.08659147622,-3.535417901
06_6,B06,6,100,12,400,0.08407606567,-0.004597916148,0.004597916148,0.08420169625,-3.130249147
06_6,B06,6,100,13,1000,0.08154059256,-0.003308465248,0.003308465248,0.08160768455,-2.323470656
06_7,B06,7,10,0,0.05,0.1178458322,-0.006229312594,0.006229312594,0.1180103576,-3.025829982
06_7,B06,7,10,1,0.1,0.1159238741,-0.005073841811,0.005073841811,0.1160348588,-2.506164492
06_7,B06,7,10,2,0.2,0.1144930153,-0.003954983107,0.003954983107,0.1145613044,-1.978406912
06_7,B06,7,10,3,0.4,0.1134679875,-0.003451588633,0.003451588633,0.1135204724,-1.742346031
06_7,B06,7,10,4,1,0.1115278839,-0.004095253782,0.004095253782,0.1116030466,-2.102930472
06_7,B06,7,10,5,2,0.1097989303,-0.004871208834,0.004871208834,0.1099069323,-2.540250721
06_7,B06,7,10,6,4,0.1074189748,-0.005696816926,0.005696816926,0.1075699302,-3.035758552
06_7,B06,7,10,7,10,0.1034613003,-0.006294573318,0.006294573318,0.1036526039,-3.481577031
06_7,B06,7,10,8,20,0.1004788267,-0.006287851037,0.006287851037,0.1006753777,-3.580835463
06_7,B06,7,10,9,40,0.09761089392,-0.006251632436,0.006251632436,0.09781088651,-3.664586801
06_7,B06,7,10,10,100,0.09400151982,-0.006009997038,0.006009997038,0.09419344878,-3.658232517
06_7,B06,7,10,11,200,0.09125720965,-0.005297364218,0.005297364218,0.09141083295,-3.322218438
06_7,B06,7,10,12,400,0.08896274685,-0.004658018188,0.004658018188,0.08908460843,-2.997224186
06_7,B06,7,10,13,1000,0.08631351383,-0.003455214658,0.003455214658,0.08638264396,-2.292382303
06_7,B06,7,20,0,0.05,0.1090191867,-0.004121856924,0.004121856924,0.1090970796,-2.165238776
06_7,B06,7,20,1,0.1,0.1075083538,-0.003346251479,0.003346251479,0.1075604181,-1.782784328
06_7,B06,7,20,2,0.2,0.1065604121,-0.00224515257,0.00224515257,0.1065840614,-1.207002998
06_7,B06,7,20,3,0.4,0.1061677046,-0.001730864539,0.001730864539,0.1061818129,-0.9340170672
06_7,B06,7,20,4,1,0.1053346433,-0.001948887866,0.001948887866,0.1053526708,-1.059958121
06_7,B06,7,20,5,2,0.1048528723,-0.002451909248,0.002451909248,0.1048815364,-1.339576593
06_7,B06,7,20,6,4,0.1038985756,-0.003182369406,0.003182369406,0.1039473015,-1.754396978
06_7,B06,7,20,7,10,0.1015668175,-0.004623443666,0.004623443666,0.1016719954,-2.606373483
06_7,B06,7,20,8,20,0.09889384149,-0.005412505338,0.005412505338,0.09904184519,-3.132698887
06_7,B06,7,20,9,40,0.09630441085,-0.00562393693,0.00562393693,0.09646848302,-3.342134599
06_7,B06,7,20,10,100,0.09272561799,-0.005555015756,0.005555015756,0.09289186418,-3.428383838
06_7,B06,7,20,11,200,0.09006493486,-0.005174027872,0.005174027872,0.09021343057,-3.287899845
06_7,B06,7,20,12,400,0.08781777557,-0.004395138648,0.004395138648,0.0879276916,-2.865171087
06_7,B06,7,20,13,1000,0.08537195204,-0.003208219867,0.003208219867,0.08543221213,-2.152123709
06_7,B06,7,30,0,0.05,0.1059213141,-0.003663203746,0.003663203746,0.1059846396,-1.980739162
06_7,B06,7,30,1,0.1,0.1046550299,-0.002822522386,0.002822522386,0.1046930844,-1.544879667
06_7,B06,7,30,2,0.2,0.1039757932,-0.001857640112,0.001857640112,0.1039923862,-1.023542236
06_7,B06,7,30,3,0.4,0.1036790219,-0.001396088609,0.001396088609,0.103688421,-0.7714689974
06_7,B06,7,30,4,1,0.103073284,-0.00145221669,0.00145221669,0.1030835138,-0.8071963858
06_7,B06,7,30,5,2,0.1025298884,-0.001883702363,0.001883702363,0.1025471909,-1.052532643
06_7,B06,7,30,6,4,0.1019905229,-0.002373157596,0.002373157596,0.102018129,-1.332941328
06_7,B06,7,30,7,10,0.1002960793,-0.003723698698,0.003723698698,0.1003651805,-2.126247332
06_7,B06,7,30,8,20,0.09831211094,-0.00475042363,0.00475042363,0.09842681384,-2.766370186
06_7,B06,7,30,9,40,0.09577306887,-0.005298943696,0.005298943696,0.09591954715,-3.166838864
06_7,B06,7,30,10,100,0.09221045892,-0.005420957679,0.005420957679,0.09236966773,-3.36448724
06_7,B06,7,30,11,200,0.08963217991,-0.004988297598,0.004988297598,0.0897708794,-3.185394721
06_7,B06,7,30,12,400,0.08740226056,-0.004290072315,0.004290072315,0.08750748466,-2.810063715
06_7,B06,7,30,13,1000,0.08496943654,-0.003107027785,0.003107027785,0.085026224,-2.094168283
06_7,B06,7,40,0,0.05,0.1039859346,-0.003536296548,0.003536296548,0.1040460475,-1.947732775
06_7,B06,7,40,1,0.1,0.1028951736,-0.002643274404,0.002643274404,0.1029291196,-1.471547794
06_7,B06,7,40,2,0.2,0.102342007,-0.001758208158,0.001758208158,0.1023571087,-0.9842292617
06_7,B06,7,40,3,0.4,0.1019934505,-0.001284336964,0.001284336964,0.1020015366,-0.7214502307
06_7,B06,7,40,4,1,0.1013456049,-0.001348800598,0.001348800598,0.10135458,-0.7624999562
06_7,B06,7,40,5,2,0.1009427586,-0.001713481122,0.001713481122,0.1009573005,-0.9724898554
06_7,B06,7,40,6,4,0.1004819811,-0.002102584437,0.002102584437,0.100503977,-1.198738669
06_7,B06,7,40,7,10,0.09905525837,-0.003237707551,0.003237707551,0.09910815789,-1.872096042
06_7,B06,7,40,8,20,0.09730508952,-0.004404182543,0.004404182543,0.09740470866,-2.59152906
06_7,B06,7,40,9,40,0.09495904002,-0.004946225964,0.004946225964,0.09508777226,-2.981727568
06_7,B06,7,40,10,100,0.09148997134,-0.005158429553,0.005158429553,0.09163527842,-3.227060242
06_7,B06,7,40,11,200,0.08896322121,-0.004919064169,0.004919064169,0.08909911291,-3.164846205
06_7,B06,7,40,12,400,0.08684168724,-0.004170389332,0.004170389332,0.08694176665,-2.749397019
06_7,B06,7,40,13,1000,0.08441049847,-0.002969304232,0.002969304232,0.08446270786,-2.014660289
06_7,B06,7,50,0,0.05,0.1025218764,-0.003960100211,0.003960100211,0.1025983311,-2.212057477
06_7,B06,7,50,1,0.1,0.1010923551,-0.003134436612,0.003134436612,0.1011409361,-1.775925314
06_7,B06,7,50,2,0.2,0.1002844933,-0.002027995272,0.002027995272,0.1003049967,-1.158501487
06_7,B06,7,50,3,0.4,0.09996541077,-0.001421147129,0.001421147129,0.09997551205,-0.8144842005
06_7,B06,7,50,4,1,0.09921882006,-0.001315725039,0.001315725039,0.09922754349,-0.7597457149
06_7,B06,7,50,5,2,0.09892727146,-0.001605821899,0.001605821899,0.09894030373,-0.9299633604
06_7,B06,7,50,6,4,0.0984477633,-0.001816520866,0.001816520866,0.09846452075,-1.057080083
06_7,B06,7,50,7,10,0.09725018247,-0.002731303089,0.002731303089,0.09728852968,-1.608747756
06_7,B06,7,50,8,20,0.09569083144,-0.003719702126,0.003719702126,0.09576310044,-2.226085624
06_7,B06,7,50,9,40,0.09372697362,-0.004450318674,0.004450318674,0.09383256855,-2.718460912
06_7,B06,7,50,10,100,0.09056079499,-0.004851655786,0.004851655786,0.09069066188,-3.066601975
06_7,B06,7,50,11,200,0.08821685429,-0.004532231706,0.004532231706,0.0883332016,-2.941043851
06_7,B06,7,50,12,400,0.08620785965,-0.003979005478,0.003979005478,0.08629963818,-2.642665459
06_7,B06,7,50,13,1000,0.08403334838,-0.002847874099,0.002847874099,0.08408159149,-1.941000141
06_7,B06,7,60,0,0.05,0.1051557578,-0.005735211246,0.005735211246,0.1053120414,-3.121827674
06_7,B06,7,60,1,0.1,0.1027545112,-0.005027182236,0.005027182236,0.1028774131,-2.800916853
06_7,B06,7,60,2,0.2,0.1012262671,-0.003198810406,0.003198810406,0.1012767967,-1.80997848
06_7,B06,7,60,3,0.4,0.1006651444,-0.002212039197,0.002212039197,0.1006894454,-1.258828139
06_7,B06,7,60,4,1,0.09956188676,-0.001961037018,0.001961037018,0.09958119783,-1.128389803
06_7,B06,7,60,5,2,0.09898990035,-0.001954790153,0.001954790153,0.09900919945,-1.131293899
06_7,B06,7,60,6,4,0.09829103803,-0.002164525387,0.002164525387,0.09831486829,-1.261540524
06_7,B06,7,60,7,10,0.09710419267,-0.00293008801,0.00293008801,0.09714838985,-1.728357417
06_7,B06,7,60,8,20,0.09557336665,-0.003910178823,0.003910178823,0.09565332149,-2.342827032
06_7,B06,7,60,9,40,0.09356106581,-0.004472627685,0.004472627685,0.09366791037,-2.736904993
06_7,B06,7,60,10,100,0.09047132025,-0.004812592856,0.004812592856,0.09059923199,-3.044960692
06_7,B06,7,60,11,200,0.08810259368,-0.00459365999,0.00459365999,0.08822226887,-2.984693192
06_7,B06,7,60,12,400,0.08607021437,-0.003881929203,0.003881929203,0.08615771106,-2.582397781
06_7,B06,7,60,13,1000,0.08384249442,-0.002761419957,0.002761419957,0.08388795689,-1.886400655
06_7,B06,7,70,0,0.05,0.1047977338,-0.006016696662,0.006016696662,0.1049703084,-3.285885042
06_7,B06,7,70,1,0.1,0.1026604489,-0.004719660458,0.004719660458,0.1027688813,-2.632234273
06_7,B06,7,70,2,0.2,0.1014120444,-0.003195641518,0.003195641518,0.1014623815,-1.80487639
06_7,B06,7,70,3,0.4,0.1006558625,-0.002409336818,0.002409336818,0.1006846938,-1.371191627
06_7,B06,7,70,4,1,0.09961494499,-0.001998677911,0.001998677911,0.09963499374,-1.149430398
06_7,B06,7,70,5,2,0.09898527055,-0.002116016863,0.002116016863,0.09900788511,-1.224630413
06_7,B06,7,70,6,4,0.09830237942,-0.002250857377,0.002250857377,0.0983281453,-1.311688463
06_7,B06,7,70,7,10,0.09698880777,-0.003075653315,0.003075653315,0.09703756219,-1.816322145
06_7,B06,7,70,8,20,0.09542238437,-0.003916571427,0.003916571427,0.09550272756,-2.350361789
06_7,B06,7,70,9,40,0.09333750694,-0.004609539781,0.004609539781,0.09345126034,-2.827296149
06_7,B06,7,70,10,100,0.09021111055,-0.004919303565,0.004919303565,0.0903451383,-3.121305681
06_7,B06,7,70,11,200,0.0877700306,-0.004568607751,0.004568607751,0.08788885281,-2.979672185
06_7,B06,7,70,12,400,0.08568780959,-0.004012643554,0.004012643554,0.08578171146,-2.681124723
06_7,B06,7,70,13,1000,0.08353175565,-0.002900648047,0.002900648047,0.08358210312,-1.988802185
06_7,B06,7,80,0,0.05,0.1050681736,-0.005950325228,0.005950325228,0.1052365311,-3.241369144
06_7,B06,7,80,1,0.1,0.1032285706,-0.00462490889,0.00462490889,0.1033321226,-2.565284696
06_7,B06,7,80,2,0.2,0.101901001,-0.003101055758,0.003101055758,0.1019481758,-1.743089726
06_7,B06,7,80,3,0.4,0.1012547248,-0.002300111794,0.002300111794,0.1012808462,-1.30131248
06_7,B06,7,80,4,1,0.1001016005,-0.001942133723,0.001942133723,0.100120439,-1.111491783
06_7,B06,7,80,5,2,0.09949198142,-0.002019712837,0.002019712837,0.09951247965,-1.16295934
06_7,B06,7,80,6,4,0.09882978787,-0.002255445659,0.002255445659,0.09885552087,-1.307349658
06_7,B06,7,80,7,10,0.09744009925,-0.003164957722,0.003164957722,0.09749148629,-1.860373599
06_7,B06,7,80,8,20,0.09574890734,-0.004156782748,0.004156782748,0.09583909484,-2.485841958
06_7,B06,7,80,9,40,0.09364119342,-0.004776733027,0.004776733027,0.09376294728,-2.92018516
06_7,B06,7,80,10,100,0.09025284923,-0.00503586479,0.00503586479,0.09039323386,-3.193637927
06_7,B06,7,80,11,200,0.08778008934,-0.004656902896,0.004656902896,0.08790353138,-3.036804614
06_7,B06,7,80,12,400,0.08561637275,-0.004076817723,0.004076817723,0.08571338125,-2.726209231
06_7,B06,7,80,13,1000,0.08341973816,-0.002951995162,0.002951995162,0.08347195332,-2.026694397
06_7,B06,7,90,0,0.05,0.1054740449,-0.005420519257,0.005420519257,0.1056132386,-2.941954936
06_7,B06,7,90,1,0.1,0.103646657,-0.004166362913,0.004166362913,0.1037303624,-2.301922374
06_7,B06,7,90,2,0.2,0.1023912654,-0.002842414485,0.002842414485,0.1024307109,-1.590140893
06_7,B06,7,90,3,0.4,0.1019066713,-0.002170484278,0.002170484278,0.101929783,-1.22014376
06_7,B06,7,90,4,1,0.1007793966,-0.001850914145,0.001850914145,0.1007963921,-1.052175851
06_7,B06,7,90,5,2,0.1002581655,-0.002061593399,0.002061593399,0.1002793593,-1.177998382
06_7,B06,7,90,6,4,0.0996177644,-0.002375973759,0.002375973759,0.09964609493,-1.36629711
06_7,B06,7,90,7,10,0.09809348374,-0.003407074021,0.003407074021,0.09815263473,-1.98925058
06_7,B06,7,90,8,20,0.09626845708,-0.00450079241,0.00450079241,0.09637361133,-2.676772588
06_7,B06,7,90,9,40,0.09392669247,-0.005188702946,0.005188702946,0.09406990058,-3.161922476
06_7,B06,7,90,10,100,0.09036815247,-0.00533353997,0.00533353997,0.09052540875,-3.377685989
06_7,B06,7,90,11,200,0.08773142026,-0.005016420153,0.005016420153,0.08787472089,-3.272568465
06_7,B06,7,90,12,400,0.085497969,-0.004308324451,0.004308324451,0.08560645048,-2.884749095
06_7,B06,7,90,13,1000,0.08314875437,-0.003007917227,0.003007917227,0.08320314249,-2.071779007
06_7,B06,7,100,0,0.05,0.1046821035,-0.00507674023,0.00507674023,0.1048051339,-2.776482896
06_7,B06,7,100,1,0.1,0.1038250462,-0.003242088532,0.003242088532,0.1038756533,-1.788563115
06_7,B06,7,100,2,0.2,0.1032789941,-0.002349505992,0.002349505992,0.1033057152,-1.303203651
06_7,B06,7,100,3,0.4,0.1025691105,-0.001850712398,0.001850712398,0.1025858059,-1.033707942
06_7,B06,7,100,4,1,0.1017755034,-0.001655434562,0.001655434562,0.1017889658,-0.9318652045
06_7,B06,7,100,5,2,0.1013189296,-0.001893675641,0.001893675641,0.1013366247,-1.070747502
06_7,B06,7,100,6,4,0.1007455268,-0.002378978259,0.002378978259,0.1007736112,-1.352716011
06_7,B06,7,100,7,10,0.0991357413,-0.003797998177,0.003797998177,0.09920846735,-2.193990708
06_7,B06,7,100,8,20,0.0970175621,-0.004974828961,0.004974828961,0.09714502704,-2.935419793
06_7,B06,7,100,9,40,0.0942713973,-0.005570625451,0.005570625451,0.0944358418,-3.381753297
06_7,B06,7,100,10,100,0.09052590108,-0.005546156336,0.005546156336,0.09069563726,-3.505898897
06_7,B06,7,100,11,200,0.08786232386,-0.005201992758,0.005201992758,0.0880161842,-3.388308963
06_7,B06,7,100,12,400,0.08553890767,-0.004495319699,0.004495319699,0.08565694732,-3.008293329
06_7,B06,7,100,13,1000,0.08308788477,-0.00319517508,0.00319517508,0.08314929788,-2.20224507
06_8,B06,8,10,0,0.05,0.1174014743,-0.006084471199,0.006084471199,0.1175590361,-2.966767696
06_8,B06,8,10,1,0.1,0.1153500044,-0.005142842388,0.005142842388,0.1154645935,-2.552823074
06_8,B06,8,10,2,0.2,0.1137089842,-0.00408937964,0.00408937964,0.1137824948,-2.059672413
06_8,B06,8,10,3,0.4,0.1128282025,-0.003509398998,0.003509398998,0.1128827673,-1.781548772
06_8,B06,8,10,4,1,0.1108269873,-0.004190433015,0.004190433015,0.1109061803,-2.165355334
06_8,B06,8,10,5,2,0.1088508103,-0.004995029904,0.004995029904,0.1089653579,-2.627389703
06_8,B06,8,10,6,4,0.1065153664,-0.005866124099,0.005866124099,0.1066767767,-3.152267845
06_8,B06,8,10,7,10,0.1023709815,-0.006210175366,0.006210175366,0.1025591738,-3.471504518
06_8,B06,8,10,8,20,0.09936535911,-0.006214293196,0.006214293196,0.09955948991,-3.578607884
06_8,B06,8,10,9,40,0.09682501649,-0.006101530787,0.006101530787,0.09701707323,-3.605786281
06_8,B06,8,10,10,100,0.09329576354,-0.005853412443,0.005853412443,0.09347920588,-3.590053819
06_8,B06,8,10,11,200,0.0905461158,-0.005340185804,0.005340185804,0.09070345457,-3.375253453
06_8,B06,8,10,12,400,0.08825377427,-0.004575319959,0.004575319959,0.08837229332,-2.967714968
06_8,B06,8,10,13,1000,0.08571863066,-0.003444309364,0.003444309364,0.08578780163,-2.300996681
06_8,B06,8,20,0,0.05,0.1086008321,-0.00424255874,0.00424255874,0.1086836696,-2.237157502
06_8,B06,8,20,1,0.1,0.1066987621,-0.003405895883,0.003405895883,0.1067531075,-1.828298821
06_8,B06,8,20,2,0.2,0.1057200328,-0.002338643659,0.002338643659,0.1057458963,-1.267239122
06_8,B06,8,20,3,0.4,0.1054307724,-0.001670466346,0.001670466346,0.1054440052,-0.9077298913
06_8,B06,8,20,4,1,0.1044875942,-0.001993916486,0.001993916486,0.1045066172,-1.093231555
06_8,B06,8,20,5,2,0.1038109064,-0.002474246173,0.002474246173,0.103840388,-1.365338512
06_8,B06,8,20,6,4,0.1028113788,-0.00320061825,0.00320061825,0.1028611859,-1.783097488
06_8,B06,8,20,7,10,0.1005233979,-0.004527376295,0.004527376295,0.1006252983,-2.578746659
06_8,B06,8,20,8,20,0.09795796418,-0.005229610922,0.005229610922,0.09809745958,-3.0559073
06_8,B06,8,20,9,40,0.09537014464,-0.00552983249,0.00552983249,0.09553032784,-3.318456841
06_8,B06,8,20,10,100,0.09196290423,-0.005459469757,0.005459469757,0.09212481514,-3.397433764
06_8,B06,8,20,11,200,0.08942956793,-0.005009834959,0.005009834959,0.08956978322,-3.206352236
06_8,B06,8,20,12,400,0.08715932322,-0.004347338242,0.004347338242,0.08726767428,-2.855436149
06_8,B06,8,20,13,1000,0.08470278776,-0.003329490678,0.003329490678,0.08476820018,-2.25101922
06_8,B06,8,30,0,0.05,0.1043476529,-0.003827477062,0.003827477062,0.1044178254,-2.100670261
06_8,B06,8,30,1,0.1,0.1032549418,-0.002875922599,0.002875922599,0.103294985,-1.595426177
06_8,B06,8,30,2,0.2,0.1025010352,-0.001871745537,0.001871745537,0.1025181235,-1.0461475
06_8,B06,8,30,3,0.4,0.1022833362,-0.001430787779,0.001430787779,0.102293343,-0.8014282452
06_8,B06,8,30,4,1,0.1015473152,-0.001463423922,0.001463423922,0.1015578595,-0.8256467469
06_8,B06,8,30,5,2,0.1011677513,-0.001733603503,0.001733603503,0.1011826036,-0.9817203829
06_8,B06,8,30,6,4,0.10062836,-0.002348452127,0.002348452127,0.1006557602,-1.336919078
06_8,B06,8,30,7,10,0.09896189962,-0.003685223794,0.003685223794,0.09903049253,-2.132641454
06_8,B06,8,30,8,20,0.09690844843,-0.004618673083,0.004618673083,0.09701844937,-2.728661772
06_8,B06,8,30,9,40,0.0943920413,-0.005267071605,0.005267071605,0.09453887827,-3.19378987
06_8,B06,8,30,10,100,0.0909949991,-0.005257435558,0.005257435558,0.09114675249,-3.306713044
06_8,B06,8,30,11,200,0.08852831408,-0.004881420337,0.004881420337,0.08866279185,-3.156073317
06_8,B06,8,30,12,400,0.08632299351,-0.004320979924,0.004320979924,0.08643107124,-2.865603238
06_8,B06,8,30,13,1000,0.08395866324,-0.003115166084,0.003115166084,0.08401643525,-2.124903186
06_8,B06,8,40,0,0.05,0.1031415918,-0.003530619759,0.003530619759,0.1032020021,-1.960515176
06_8,B06,8,40,1,0.1,0.1019654367,-0.002730147071,0.002730147071,0.1020019803,-1.533740692
06_8,B06,8,40,2,0.2,0.1013352165,-0.001776592249,0.001776592249,0.1013507888,-1.004397229
06_8,B06,8,40,3,0.4,0.1010564631,-0.001350814903,0.001350814903,0.1010654908,-0.7658231987
06_8,B06,8,40,4,1,0.1004247191,-0.001254408287,0.001254408287,0.1004325532,-0.7156461446
06_8,B06,8,40,5,2,0.1000392994,-0.001697026743,0.001697026743,0.1000536923,-0.971849519
06_8,B06,8,40,6,4,0.09954702325,-0.002003472237,0.002003472237,0.09956718203,-1.152972785
06_8,B06,8,40,7,10,0.09806423271,-0.003289398981,0.003289398981,0.09811938586,-1.921169787
06_8,B06,8,40,8,20,0.09629953302,-0.004304554284,0.004304554284,0.09639569102,-2.559396914
06_8,B06,8,40,9,40,0.09392425076,-0.005053066066,0.005053066066,0.09406007844,-3.079508384
06_8,B06,8,40,10,100,0.09054997893,-0.005181665732,0.005181665732,0.09069811654,-3.275143191
06_8,B06,8,40,11,200,0.08805062367,-0.004825385263,0.004825385263,0.08818274588,-3.136808323
06_8,B06,8,40,12,400,0.08594725921,-0.004197978112,0.004197978112,0.08604972043,-2.796312867
06_8,B06,8,40,13,1000,0.08368536289,-0.003091929189,0.003091929189,0.08374246228,-2.115948866
06_8,B06,8,50,0,0.05,0.1031234155,-0.003936603456,0.003936603456,0.1031985255,-2.186131038
06_8,B06,8,50,1,0.1,0.1014854869,-0.003246031084,0.003246031084,0.1015373861,-1.831990978
06_8,B06,8,50,2,0.2,0.1007507643,-0.002143837693,0.002143837693,0.1007735707,-1.218991427
06_8,B06,8,50,3,0.4,0.1003594571,-0.001514724102,0.001514724102,0.1003708873,-0.864698869
06_8,B06,8,50,4,1,0.09971814133,-0.001518339663,0.001518339663,0.09972970002,-0.8723360803
06_8,B06,8,50,5,2,0.09921005747,-0.001675686335,0.001675686335,0.09922420787,-0.967650144
06_8,B06,8,50,6,4,0.09866540556,-0.002124005475,0.002124005475,0.09868826503,-1.233236257
06_8,B06,8,50,7,10,0.09736264811,-0.003176306428,0.003176306428,0.09741444538,-1.868523859
06_8,B06,8,50,8,20,0.09554541992,-0.004093316418,0.004093316418,0.09563306179,-2.453141424
06_8,B06,8,50,9,40,0.09334099826,-0.004866051965,0.004866051965,0.09346775068,-2.984241479
06_8,B06,8,50,10,100,0.09003124986,-0.004989108575,0.004989108575,0.09016938036,-3.17181864
06_8,B06,8,50,11,200,0.08762708224,-0.00474091993,0.00474091993,0.08775523839,-3.096875074
06_8,B06,8,50,12,400,0.0855068177,-0.004116445735,0.004116445735,0.08560584675,-2.756189725
06_8,B06,8,50,13,1000,0.08318278997,-0.003074021526,0.003074021526,0.08323957085,-2.116403493
06_8,B06,8,60,0,0.05,0.1054754961,-0.005807486643,0.005807486643,0.1056352554,-3.151526623
06_8,B06,8,60,1,0.1,0.1030366729,-0.00516322086,0.00516322086,0.1031659576,-2.868721509
06_8,B06,8,60,2,0.2,0.1014390753,-0.003260445057,0.003260445057,0.1014914603,-1.840961672
06_8,B06,8,60,3,0.4,0.1009501981,-0.002266235154,0.002266235154,0.1009756323,-1.286019308
06_8,B06,8,60,4,1,0.09974406968,-0.002002600402,0.002002600402,0.09976417114,-1.150195073
06_8,B06,8,60,5,2,0.09911394087,-0.002131409809,0.002131409809,0.09913685583,-1.231935343
06_8,B06,8,60,6,4,0.09842415643,-0.002288204179,0.002288204179,0.09845075138,-1.331795307
06_8,B06,8,60,7,10,0.09697734042,-0.003218109475,0.003218109475,0.09703072082,-1.900613632
06_8,B06,8,60,8,20,0.09517585844,-0.004172197608,0.004172197608,0.09526726228,-2.510052137
06_8,B06,8,60,9,40,0.09298631566,-0.004747056429,0.004747056429,0.09310740811,-2.922477143
06_8,B06,8,60,10,100,0.08974408709,-0.005111631615,0.005111631615,0.08988954302,-3.259923052
06_8,B06,8,60,11,200,0.08737015162,-0.004697345968,0.004697345968,0.08749633394,-3.077472393
06_8,B06,8,60,12,400,0.08520531877,-0.004107456421,0.004107456421,0.08530426451,-2.759896618
06_8,B06,8,60,13,1000,0.08296377267,-0.003023089735,0.003023089735,0.08301883309,-2.08685884
06_8,B06,8,70,0,0.05,0.1046037415,-0.006193338169,0.006193338169,0.1047869275,-3.388390831
06_8,B06,8,70,1,0.1,0.1027635877,-0.004642780376,0.004642780376,0.1028684129,-2.586820458
06_8,B06,8,70,2,0.2,0.1014742222,-0.003234747189,0.003234747189,0.1015257669,-1.825829433
06_8,B06,8,70,3,0.4,0.1006680207,-0.002506143558,0.002506143558,0.1006992113,-1.426091367
06_8,B06,8,70,4,1,0.09959167223,-0.001931956367,0.001931956367,0.09961040926,-1.111328504
06_8,B06,8,70,5,2,0.09870177383,-0.002253450529,0.002253450529,0.09872749464,-1.307887115
06_8,B06,8,70,6,4,0.09811953616,-0.002293955178,0.002293955178,0.0981463479,-1.339284881
06_8,B06,8,70,7,10,0.0967536317,-0.003252825705,0.003252825705,0.09680829573,-1.925540267
06_8,B06,8,70,8,20,0.09500879544,-0.003960667189,0.003960667189,0.09509131451,-2.387128416
06_8,B06,8,70,9,40,0.09289863982,-0.004740182063,0.004740182063,0.09301949584,-2.92100175
06_8,B06,8,70,10,100,0.0895787552,-0.004942882146,0.004942882146,0.08971502364,-3.158331224
06_8,B06,8,70,11,200,0.08725815444,-0.00469353584,0.00469353584,0.08738429375,-3.078920171
06_8,B06,8,70,12,400,0.08502053356,-0.004056157022,0.004056157022,0.08511723407,-2.731394294
06_8,B06,8,70,13,1000,0.0827662298,-0.003054066426,0.003054066426,0.08282255802,-2.113250316
06_8,B06,8,80,0,0.05,0.1033577184,-0.005760544342,0.005760544342,0.1035181231,-3.190025584
06_8,B06,8,80,1,0.1,0.1014910334,-0.004416939011,0.004416939011,0.1015871016,-2.491967626
06_8,B06,8,80,2,0.2,0.1001604844,-0.003028395092,0.003028395092,0.1002062563,-1.731834796
06_8,B06,8,80,3,0.4,0.09962848783,-0.002221696367,0.002221696367,0.09965325646,-1.277473281
06_8,B06,8,80,4,1,0.09845854404,-0.001880711798,0.001880711798,0.09847650467,-1.094305697
06_8,B06,8,80,5,2,0.0979148342,-0.001946789358,0.001946789358,0.09793418578,-1.139031895
06_8,B06,8,80,6,4,0.09732670643,-0.002186992698,0.002186992698,0.09735127488,-1.287255804
06_8,B06,8,80,7,10,0.09602323997,-0.002886231778,0.002886231778,0.09606660683,-1.721657435
06_8,B06,8,80,8,20,0.09442055815,-0.003751168287,0.003751168287,0.09449504254,-2.275067495
06_8,B06,8,80,9,40,0.09254424496,-0.004401334831,0.004401334831,0.09264884794,-2.722892553
06_8,B06,8,80,10,100,0.08942227787,-0.00475732566,0.00475732566,0.08954873493,-3.045303333
06_8,B06,8,80,11,200,0.08708422877,-0.004596207306,0.004596207306,0.08720543574,-3.021203358
06_8,B06,8,80,12,400,0.08496740476,-0.004073343167,0.004073343167,0.0850649869,-2.744662216
06_8,B06,8,80,13,1000,0.08287313144,-0.002946533962,0.002946533962,0.08292549654,-2.036279698
06_8,B06,8,90,0,0.05,0.1036799524,-0.005234206981,0.005234206981,0.1038119909,-2.890082139
06_8,B06,8,90,1,0.1,0.1021108981,-0.004054804133,0.004054804133,0.1021913741,-2.274009621
06_8,B06,8,90,2,0.2,0.1008879718,-0.002761758947,0.002761758947,0.1009257656,-1.568052374
06_8,B06,8,90,3,0.4,0.1003502041,-0.002017314507,0.002017314507,0.1003704788,-1.151647295
06_8,B06,8,90,4,1,0.09937428969,-0.001809192279,0.001809192279,0.09939075726,-1.043002489
06_8,B06,8,90,5,2,0.09881608466,-0.001959495215,0.001959495215,0.09883551087,-1.136010337
06_8,B06,8,90,6,4,0.09818931284,-0.002165351778,0.002165351778,0.098213186,-1.263329054
06_8,B06,8,90,7,10,0.09678299199,-0.003066428138,0.003066428138,0.09683155746,-1.81472625
06_8,B06,8,90,8,20,0.0952522659,-0.004003785779,0.004003785779,0.09533637532,-2.406925081
06_8,B06,8,90,9,40,0.09313027401,-0.004681842382,0.004681842382,0.09324788247,-2.877948913
06_8,B06,8,90,10,100,0.08975805895,-0.004923424539,0.004923424539,0.0898929878,-3.139651687
06_8,B06,8,90,11,200,0.08743207746,-0.00468144174,0.00468144174,0.08755731875,-3.064904461
06_8,B06,8,90,12,400,0.08522657789,-0.004055074743,0.004055074743,0.08532299344,-2.724074875
06_8,B06,8,90,13,1000,0.0829481056,-0.003065730954,0.003065730954,0.0830047404,-2.11666713
06_8,B06,8,100,0,0.05,0.1020121089,-0.00480727324,0.00480727324,0.1021253163,-2.698040974
06_8,B06,8,100,1,0.1,0.1014594334,-0.002807429249,0.002807429249,0.1014982674,-1.58499617
06_8,B06,8,100,2,0.2,0.1008526034,-0.002207647654,0.002207647654,0.100876763,-1.253995353
06_8,B06,8,100,3,0.4,0.1002317489,-0.001663674405,0.001663674405,0.100245555,-0.9509239397
06_8,B06,8,100,4,1,0.09954737949,-0.001446572,0.001446572,0.09955788936,-0.8325345942
06_8,B06,8,100,5,2,0.09919076876,-0.001672872502,0.001672872502,0.09920487443,-0.9662133805
06_8,B06,8,100,6,4,0.09862666186,-0.002069859319,0.002069859319,0.09864837934,-1.202279323
06_8,B06,8,100,7,10,0.09725029915,-0.003201390543,0.003201390543,0.0973029783,-1.88544358
06_8,B06,8,100,8,20,0.09551790177,-0.004299251664,0.004299251664,0.09561460727,-2.577138186
06_8,B06,8,100,9,40,0.09317468372,-0.004895430834,0.004895430834,0.09330319892,-3.007575094
06_8,B06,8,100,10,100,0.08982952519,-0.005060627982,0.005060627982,0.08997195981,-3.224401587
06_8,B06,8,100,11,200,0.08741690196,-0.004808174677,0.004808174677,0.08754903364,-3.148256241
06_8,B06,8,100,12,400,0.0851279756,-0.004242091044,0.004242091044,0.08523360585,-2.852799272
06_8,B06,8,100,13,1000,0.08278799328,-0.003166001821,0.003166001821,0.08284850873,-2.190054167
