file_name,original_file_name,run,coating_gap_um,position,video_id,frame,patch,group_frame,Surface_Crack,Delamination,Pinhole,unclassified,n_defect_types,any_defect,label_combo,defect_set,is_unlabeled,has_detection_label,n_boxes,det_class_ids,det_class_names,mask_pixels,mask_area_frac
image_1.jpg,R7-700um-middle_frame_489_patch_1.png,7,700,middle,R7-700um-middle,489,1,R7-700um-middle_frame_489,1,0,0,0,1,1,1-0-0-0,Surface_Crack,0,0,0,none,none,9010,0.029329
image_2.jpg,R1-1100um-top-to-bottom-center-1_frame_220_patch_7.png,1,1100,top-to-bottom-center-1,R1-1100um-top-to-bottom-center-1,220,7,R1-1100um-top-to-bottom-center-1_frame_220,1,0,0,0,1,1,1-0-0-0,Surface_Crack,0,0,0,none,none,8365,0.02723
image_3.jpg,R1-1100um-top-to-bottom-center_frame_85_patch_1.png,1,1100,top-to-bottom-center,R1-1100um-top-to-bottom-center,85,1,R1-1100um-top-to-bottom-center_frame_85,1,0,1,0,2,1,1-0-1-0,Surface_Crack+Pinhole,0,1,1,0,Pinhole,3025,0.009847
image_4.jpg,R1-1100um-top-to-bottom-center-1_frame_190_patch_0.png,1,1100,top-to-bottom-center-1,R1-1100um-top-to-bottom-center-1,190,0,R1-1100um-top-to-bottom-center-1_frame_190,0,0,1,0,1,1,0-0-1-0,Pinhole,0,1,1,0,Pinhole,25,8.1e-05
image_5.jpg,R1-1100um-top-to-bottom-center_frame_218_patch_5.png,1,1100,top-to-bottom-center,R1-1100um-top-to-bottom-center,218,5,R1-1100um-top-to-bottom-center_frame_218,1,0,0,0,1,1,1-0-0-0,Surface_Crack,0,0,0,none,none,8822,0.028717
image_6.jpg,R1-600um-top-to-bottom-center_frame_569_patch_5.png,1,600,top-to-bottom-center,R1-600um-top-to-bottom-center,569,5,R1-600um-top-to-bottom-center_frame_569,1,0,1,0,2,1,1-0-1-0,Surface_Crack+Pinhole,0,1,3,0,Pinhole,1631,0.005309
image_7.jpg,R1-1100um-top-to-bottom-center_frame_77_patch_1.png,1,1100,top-to-bottom-center,R1-1100um-top-to-bottom-center,77,1,R1-1100um-top-to-bottom-center_frame_77,1,0,0,0,1,1,1-0-0-0,Surface_Crack,0,0,0,none,none,4722,0.015371
image_8.jpg,R1-700um-top-to-bottom-center_frame_597_patch_3.png,1,700,top-to-bottom-center,R1-700um-top-to-bottom-center,597,3,R1-700um-top-to-bottom-center_frame_597,1,0,0,0,1,1,1-0-0-0,Surface_Crack,0,0,0,none,none,12863,0.041872
image_9.jpg,R7-700um-middle_frame_100_patch_5.png,7,700,middle,R7-700um-middle,100,5,R7-700um-middle_frame_100,1,0,0,0,1,1,1-0-0-0,Surface_Crack,0,0,0,none,none,3315,0.010791
image_10.jpg,R1-900um-top-to-bottom-center_frame_251_patch_2.png,1,900,top-to-bottom-center,R1-900um-top-to-bottom-center,251,2,R1-900um-top-to-bottom-center_frame_251,1,0,0,0,1,1,1-0-0-0,Surface_Crack,0,0,0,none,none,6223,0.020257
image_11.jpg,R1-900um-top-to-bottom-center_frame_512_patch_1.png,1,900,top-to-bottom-center,R1-900um-top-to-bottom-center,512,1,R1-900um-top-to-bottom-center_frame_512,1,0,0,0,1,1,1-0-0-0,Surface_Crack,0,0,0,none,none,4959,0.016143
image_12.jpg,R1-1000um-top-to-bottom-center_frame_173_patch_1.png,1,1000,top-to-bottom-center,R1-1000um-top-to-bottom-center,173,1,R1-1000um-top-to-bottom-center_frame_173,1,0,0,0,1,1,1-0-0-0,Surface_Crack,0,0,0,none,none,12620,0.041081
image_13.jpg,R1-1100um-top-to-bottom-center_frame_147_patch_5.png,1,1100,top-to-bottom-center,R1-1100um-top-to-bottom-center,147,5,R1-1100um-top-to-bottom-center_frame_147,1,0,0,0,1,1,1-0-0-0,Surface_Crack,0,0,0,none,none,5708,0.018581
image_14.jpg,R1-1100um-top-to-bottom-center_frame_98_patch_1.png,1,1100,top-to-bottom-center,R1-1100um-top-to-bottom-center,98,1,R1-1100um-top-to-bottom-center_frame_98,1,0,1,0,2,1,1-0-1-0,Surface_Crack+Pinhole,0,1,1,0,Pinhole,5131,0.016702
image_15.jpg,R1-1000um-top-to-bottom-center_frame_256_patch_7.png,1,1000,top-to-bottom-center,R1-1000um-top-to-bottom-center,256,7,R1-1000um-top-to-bottom-center_frame_256,1,0,0,0,1,1,1-0-0-0,Surface_Crack,0,0,0,none,none,14469,0.0471
image_16.jpg,R1-600um-top-to-bottom-center_frame_61_patch_4.png,1,600,top-to-bottom-center,R1-600um-top-to-bottom-center,61,4,R1-600um-top-to-bottom-center_frame_61,0,0,1,0,1,1,0-0-1-0,Pinhole,0,1,1,0,Pinhole,85,0.000277
image_17.jpg,R1-1100um-top-to-bottom-center_frame_361_patch_0.png,1,1100,top-to-bottom-center,R1-1100um-top-to-bottom-center,361,0,R1-1100um-top-to-bottom-center_frame_361,1,1,0,0,2,1,1-1-0-0,Surface_Crack+Delamination,0,0,0,none,none,31397,0.102204
image_18.jpg,R1-1000um-top-to-bottom-center_frame_487_patch_4.png,1,1000,top-to-bottom-center,R1-1000um-top-to-bottom-center,487,4,R1-1000um-top-to-bottom-center_frame_487,1,1,0,0,2,1,1-1-0-0,Surface_Crack+Delamination,0,0,0,none,none,23854,0.07765
image_19.jpg,R1-800um-top-to-bottom-center_frame_46_patch_2.png,1,800,top-to-bottom-center,R1-800um-top-to-bottom-center,46,2,R1-800um-top-to-bottom-center_frame_46,0,0,1,0,1,1,0-0-1-0,Pinhole,0,1,1,0,Pinhole,113,0.000368
image_20.jpg,R1-800um-top-to-bottom-center_frame_631_patch_1.png,1,800,top-to-bottom-center,R1-800um-top-to-bottom-center,631,1,R1-800um-top-to-bottom-center_frame_631,1,0,1,0,2,1,1-0-1-0,Surface_Crack+Pinhole,0,1,1,0,Pinhole,20582,0.066999
image_21.jpg,R1-800um-top-to-bottom-center_frame_439_patch_6.png,1,800,top-to-bottom-center,R1-800um-top-to-bottom-center,439,6,R1-800um-top-to-bottom-center_frame_439,1,0,0,0,1,1,1-0-0-0,Surface_Crack,0,0,0,none,none,2453,0.007985
image_22.jpg,R1-1100um-top-to-bottom-center_frame_356_patch_2.png,1,1100,top-to-bottom-center,R1-1100um-top-to-bottom-center,356,2,R1-1100um-top-to-bottom-center_frame_356,1,0,0,0,1,1,1-0-0-0,Surface_Crack,0,0,0,none,none,4999,0.016273
image_23.jpg,R1-1100um-top-to-bottom-center_frame_264_patch_4.png,1,1100,top-to-bottom-center,R1-1100um-top-to-bottom-center,264,4,R1-1100um-top-to-bottom-center_frame_264,1,0,1,0,2,1,1-0-1-0,Surface_Crack+Pinhole,0,1,1,0,Pinhole,9388,0.03056
image_24.jpg,R1-800um-top-to-bottom-center_frame_412_patch_3.png,1,800,top-to-bottom-center,R1-800um-top-to-bottom-center,412,3,R1-800um-top-to-bottom-center_frame_412,1,0,0,0,1,1,1-0-0-0,Surface_Crack,0,0,0,none,none,3123,0.010166
image_25.jpg,R1-900um-top-to-bottom-center_frame_33_patch_5.png,1,900,top-to-bottom-center,R1-900um-top-to-bottom-center,33,5,R1-900um-top-to-bottom-center_frame_33,0,0,1,1,1,1,0-0-1-1,Pinhole+unclassified,0,1,3,0|1,Pinhole|unclassified,220,0.000716
image_26.jpg,R1-800um-top-to-bottom-center_frame_540_patch_4.png,1,800,top-to-bottom-center,R1-800um-top-to-bottom-center,540,4,R1-800um-top-to-bottom-center_frame_540,1,0,0,0,1,1,1-0-0-0,Surface_Crack,0,0,0,none,none,6806,0.022155
image_27.jpg,R1-1100um-top-to-bottom-center-1_frame_425_patch_5.png,1,1100,top-to-bottom-center-1,R1-1100um-top-to-bottom-center-1,425,5,R1-1100um-top-to-bottom-center-1_frame_425,1,0,0,0,1,1,1-0-0-0,Surface_Crack,0,0,0,none,none,14036,0.04569
image_28.jpg,R1-900um-top-to-bottom-center_frame_604_patch_4.png,1,900,top-to-bottom-center,R1-900um-top-to-bottom-center,604,4,R1-900um-top-to-bottom-center_frame_604,1,0,1,0,2,1,1-0-1-0,Surface_Crack+Pinhole,0,1,1,0,Pinhole,5268,0.017148
image_29.jpg,R1-1100um-top-to-bottom-center-1_frame_425_patch_2.png,1,1100,top-to-bottom-center-1,R1-1100um-top-to-bottom-center-1,425,2,R1-1100um-top-to-bottom-center-1_frame_425,1,1,0,0,2,1,1-1-0-0,Surface_Crack+Delamination,0,0,0,none,none,15732,0.051211
image_30.jpg,R1-1100um-top-to-bottom-center-1_frame_338_patch_2.png,1,1100,top-to-bottom-center-1,R1-1100um-top-to-bottom-center-1,338,2,R1-1100um-top-to-bottom-center-1_frame_338,1,0,1,0,2,1,1-0-1-0,Surface_Crack+Pinhole,0,1,1,0,Pinhole,16368,0.053281
image_31.jpg,R1-1100um-top-to-bottom-center-1_frame_338_patch_0.png,1,1100,top-to-bottom-center-1,R1-1100um-top-to-bottom-center-1,338,0,R1-1100um-top-to-bottom-center-1_frame_338,1,0,1,0,2,1,1-0-1-0,Surface_Crack+Pinhole,0,1,1,0,Pinhole,13655,0.04445
image_32.jpg,R1-800um-top-to-bottom-center_frame_439_patch_4.png,1,800,top-to-bottom-center,R1-800um-top-to-bottom-center,439,4,R1-800um-top-to-bottom-center_frame_439,1,0,0,0,1,1,1-0-0-0,Surface_Crack,0,0,0,none,none,3930,0.012793
image_33.jpg,R7-700um-middle_frame_500_patch_2.png,7,700,middle,R7-700um-middle,500,2,R7-700um-middle_frame_500,1,0,0,0,1,1,1-0-0-0,Surface_Crack,0,0,0,none,none,2557,0.008324
image_34.jpg,R1-1100um-top-to-bottom-center_frame_128_patch_0.png,1,1100,top-to-bottom-center,R1-1100um-top-to-bottom-center,128,0,R1-1100um-top-to-bottom-center_frame_128,1,0,0,0,1,1,1-0-0-0,Surface_Crack,0,0,0,none,none,411,0.001338
image_35.jpg,R1-1100um-top-to-bottom-center_frame_86_patch_4.png,1,1100,top-to-bottom-center,R1-1100um-top-to-bottom-center,86,4,R1-1100um-top-to-bottom-center_frame_86,1,0,0,0,1,1,1-0-0-0,Surface_Crack,0,0,0,none,none,5945,0.019352
image_36.jpg,R1-1100um-top-to-bottom-center_frame_281_patch_7.png,1,1100,top-to-bottom-center,R1-1100um-top-to-bottom-center,281,7,R1-1100um-top-to-bottom-center_frame_281,1,0,1,0,2,1,1-0-1-0,Surface_Crack+Pinhole,0,1,1,0,Pinhole,8166,0.026582
image_37.jpg,R1-1100um-top-to-bottom-center_frame_183_patch_4.png,1,1100,top-to-bottom-center,R1-1100um-top-to-bottom-center,183,4,R1-1100um-top-to-bottom-center_frame_183,1,0,0,0,1,1,1-0-0-0,Surface_Crack,0,0,0,none,none,3568,0.011615
image_38.jpg,R1-600um-top-to-bottom-center_frame_603_patch_3.png,1,600,top-to-bottom-center,R1-600um-top-to-bottom-center,603,3,R1-600um-top-to-bottom-center_frame_603,1,0,1,0,2,1,1-0-1-0,Surface_Crack+Pinhole,0,1,1,0,Pinhole,2515,0.008187
image_39.jpg,R1-1100um-top-to-bottom-center-1_frame_205_patch_8.png,1,1100,top-to-bottom-center-1,R1-1100um-top-to-bottom-center-1,205,8,R1-1100um-top-to-bottom-center-1_frame_205,1,0,0,0,1,1,1-0-0-0,Surface_Crack,0,0,0,none,none,6954,0.022637
image_40.jpg,R1-1100um-top-to-bottom-center-1_frame_329_patch_6.png,1,1100,top-to-bottom-center-1,R1-1100um-top-to-bottom-center-1,329,6,R1-1100um-top-to-bottom-center-1_frame_329,1,0,0,0,1,1,1-0-0-0,Surface_Crack,0,0,0,none,none,11026,0.035892
image_41.jpg,R1-700um-top-to-bottom-center_frame_485_patch_6.png,1,700,top-to-bottom-center,R1-700um-top-to-bottom-center,485,6,R1-700um-top-to-bottom-center_frame_485,1,0,0,0,1,1,1-0-0-0,Surface_Crack,0,0,0,none,none,7705,0.025081
image_42.jpg,R1-600um-top-to-bottom-center_frame_36_patch_4.png,1,600,top-to-bottom-center,R1-600um-top-to-bottom-center,36,4,R1-600um-top-to-bottom-center_frame_36,0,0,1,0,1,1,0-0-1-0,Pinhole,0,1,2,0,Pinhole,44,0.000143
image_43.jpg,R1-1000um-top-to-bottom-center_frame_180_patch_7.png,1,1000,top-to-bottom-center,R1-1000um-top-to-bottom-center,180,7,R1-1000um-top-to-bottom-center_frame_180,1,0,0,0,1,1,1-0-0-0,Surface_Crack,0,0,0,none,none,8098,0.026361
image_44.jpg,R1-1100um-top-to-bottom-center_frame_386_patch_0.png,1,1100,top-to-bottom-center,R1-1100um-top-to-bottom-center,386,0,R1-1100um-top-to-bottom-center_frame_386,1,0,0,0,1,1,1-0-0-0,Surface_Crack,0,0,0,none,none,2603,0.008473
image_45.jpg,R1-600um-top-to-bottom-center_frame_387_patch_4.png,1,600,top-to-bottom-center,R1-600um-top-to-bottom-center,387,4,R1-600um-top-to-bottom-center_frame_387,1,0,0,0,1,1,1-0-0-0,Surface_Crack,0,0,0,none,none,9754,0.031751
image_46.jpg,R1-800um-top-to-bottom-center_frame_454_patch_6.png,1,800,top-to-bottom-center,R1-800um-top-to-bottom-center,454,6,R1-800um-top-to-bottom-center_frame_454,1,0,0,0,1,1,1-0-0-0,Surface_Crack,0,0,0,none,none,3983,0.012965
image_47.jpg,R1-600um-top-to-bottom-center_frame_594_patch_8.png,1,600,top-to-bottom-center,R1-600um-top-to-bottom-center,594,8,R1-600um-top-to-bottom-center_frame_594,1,0,0,0,1,1,1-0-0-0,Surface_Crack,0,0,0,none,none,2860,0.00931
image_48.jpg,R1-900um-top-to-bottom-center_frame_179_patch_4.png,1,900,top-to-bottom-center,R1-900um-top-to-bottom-center,179,4,R1-900um-top-to-bottom-center_frame_179,1,0,0,0,1,1,1-0-0-0,Surface_Crack,0,0,0,none,none,6127,0.019945
image_49.jpg,R1-1100um-top-to-bottom-center_frame_43_patch_2.png,1,1100,top-to-bottom-center,R1-1100um-top-to-bottom-center,43,2,R1-1100um-top-to-bottom-center_frame_43,1,0,0,0,1,1,1-0-0-0,Surface_Crack,0,0,0,none,none,1118,0.003639
image_50.jpg,R1-900um-top-to-bottom-center_frame_263_patch_7.png,1,900,top-to-bottom-center,R1-900um-top-to-bottom-center,263,7,R1-900um-top-to-bottom-center_frame_263,1,0,0,0,1,1,1-0-0-0,Surface_Crack,0,0,0,none,none,11134,0.036243
image_51.jpg,R1-1000um-top-to-bottom-center_frame_395_patch_8.png,1,1000,top-to-bottom-center,R1-1000um-top-to-bottom-center,395,8,R1-1000um-top-to-bottom-center_frame_395,1,0,0,0,1,1,1-0-0-0,Surface_Crack,0,0,0,none,none,16519,0.053773
image_52.jpg,R1-700um-top-to-bottom-center_frame_41_patch_1.png,1,700,top-to-bottom-center,R1-700um-top-to-bottom-center,41,1,R1-700um-top-to-bottom-center_frame_41,0,0,1,0,1,1,0-0-1-0,Pinhole,0,1,1,0,Pinhole,16,5.2e-05
image_53.jpg,R1-800um-top-to-bottom-center_frame_479_patch_6.png,1,800,top-to-bottom-center,R1-800um-top-to-bottom-center,479,6,R1-800um-top-to-bottom-center_frame_479,1,0,0,0,1,1,1-0-0-0,Surface_Crack,0,0,0,none,none,2535,0.008252
image_54.jpg,R1-1100um-top-to-bottom-center_frame_327_patch_3.png,1,1100,top-to-bottom-center,R1-1100um-top-to-bottom-center,327,3,R1-1100um-top-to-bottom-center_frame_327,1,0,0,0,1,1,1-0-0-0,Surface_Crack,0,0,0,none,none,12965,0.042204
image_55.jpg,R1-1100um-top-to-bottom-center_frame_286_patch_4.png,1,1100,top-to-bottom-center,R1-1100um-top-to-bottom-center,286,4,R1-1100um-top-to-bottom-center_frame_286,1,0,0,0,1,1,1-0-0-0,Surface_Crack,0,0,0,none,none,5426,0.017663
image_56.jpg,R1-800um-top-to-bottom-center_frame_473_patch_1.png,1,800,top-to-bottom-center,R1-800um-top-to-bottom-center,473,1,R1-800um-top-to-bottom-center_frame_473,1,0,0,0,1,1,1-0-0-0,Surface_Crack,0,0,0,none,none,4038,0.013145
image_57.jpg,R1-600um-top-to-bottom-center_frame_45_patch_7.png,1,600,top-to-bottom-center,R1-600um-top-to-bottom-center,45,7,R1-600um-top-to-bottom-center_frame_45,0,0,0,0,0,0,0-0-0-0,none,1,0,0,none,none,0,0.0
image_58.jpg,R1-1000um-top-to-bottom-center_frame_458_patch_1.png,1,1000,top-to-bottom-center,R1-1000um-top-to-bottom-center,458,1,R1-1000um-top-to-bottom-center_frame_458,1,1,0,0,2,1,1-1-0-0,Surface_Crack+Delamination,0,0,0,none,none,17245,0.056136
image_59.jpg,R1-600um-top-to-bottom-center_frame_631_patch_2.png,1,600,top-to-bottom-center,R1-600um-top-to-bottom-center,631,2,R1-600um-top-to-bottom-center_frame_631,1,0,0,0,1,1,1-0-0-0,Surface_Crack,0,0,0,none,none,7320,0.023828
image_60.jpg,R1-1000um-top-to-bottom-center_frame_395_patch_7.png,1,1000,top-to-bottom-center,R1-1000um-top-to-bottom-center,395,7,R1-1000um-top-to-bottom-center_frame_395,1,0,0,0,1,1,1-0-0-0,Surface_Crack,0,0,0,none,none,9630,0.031348
image_61.jpg,R1-600um-top-to-bottom-center_frame_182_patch_1.png,1,600,top-to-bottom-center,R1-600um-top-to-bottom-center,182,1,R1-600um-top-to-bottom-center_frame_182,0,0,1,0,1,1,0-0-1-0,Pinhole,0,1,1,0,Pinhole,11,3.6e-05
image_62.jpg,R1-1000um-top-to-bottom-center_frame_260_patch_8.png,1,1000,top-to-bottom-center,R1-1000um-top-to-bottom-center,260,8,R1-1000um-top-to-bottom-center_frame_260,1,0,1,0,2,1,1-0-1-0,Surface_Crack+Pinhole,0,1,1,0,Pinhole,10721,0.034899
image_63.jpg,R1-600um-top-to-bottom-center_frame_356_patch_2.png,1,600,top-to-bottom-center,R1-600um-top-to-bottom-center,356,2,R1-600um-top-to-bottom-center_frame_356,1,0,1,0,2,1,1-0-1-0,Surface_Crack+Pinhole,0,1,1,0,Pinhole,23458,0.076361
image_64.jpg,R1-1100um-top-to-bottom-center_frame_223_patch_0.png,1,1100,top-to-bottom-center,R1-1100um-top-to-bottom-center,223,0,R1-1100um-top-to-bottom-center_frame_223,1,0,0,0,1,1,1-0-0-0,Surface_Crack,0,0,0,none,none,9941,0.03236
image_65.jpg,R1-900um-top-to-bottom-center_frame_392_patch_4.png,1,900,top-to-bottom-center,R1-900um-top-to-bottom-center,392,4,R1-900um-top-to-bottom-center_frame_392,1,0,0,0,1,1,1-0-0-0,Surface_Crack,0,0,0,none,none,6456,0.021016
image_66.jpg,R1-700um-top-to-bottom-center_frame_556_patch_0.png,1,700,top-to-bottom-center,R1-700um-top-to-bottom-center,556,0,R1-700um-top-to-bottom-center_frame_556,1,0,0,0,1,1,1-0-0-0,Surface_Crack,0,0,0,none,none,10389,0.033818
image_67.jpg,R1-1100um-top-to-bottom-center_frame_232_patch_5.png,1,1100,top-to-bottom-center,R1-1100um-top-to-bottom-center,232,5,R1-1100um-top-to-bottom-center_frame_232,1,0,1,0,2,1,1-0-1-0,Surface_Crack+Pinhole,0,1,1,0,Pinhole,8963,0.029176
image_68.jpg,R1-900um-top-to-bottom-center_frame_405_patch_8.png,1,900,top-to-bottom-center,R1-900um-top-to-bottom-center,405,8,R1-900um-top-to-bottom-center_frame_405,1,0,0,0,1,1,1-0-0-0,Surface_Crack,0,0,0,none,none,6271,0.020413
image_69.jpg,R7-700um-middle_frame_581_patch_5.png,7,700,middle,R7-700um-middle,581,5,R7-700um-middle_frame_581,0,1,0,0,1,1,0-1-0-0,Delamination,0,0,0,none,none,95152,0.30974
image_70.jpg,R1-600um-top-to-bottom-center_frame_596_patch_4.png,1,600,top-to-bottom-center,R1-600um-top-to-bottom-center,596,4,R1-600um-top-to-bottom-center_frame_596,1,0,1,0,2,1,1-0-1-0,Surface_Crack+Pinhole,0,1,1,0,Pinhole,6859,0.022327
image_71.jpg,R1-1100um-top-to-bottom-center-1_frame_241_patch_7.png,1,1100,top-to-bottom-center-1,R1-1100um-top-to-bottom-center-1,241,7,R1-1100um-top-to-bottom-center-1_frame_241,1,0,1,0,2,1,1-0-1-0,Surface_Crack+Pinhole,0,1,1,0,Pinhole,8923,0.029046
image_72.jpg,R1-600um-top-to-bottom-center_frame_387_patch_3.png,1,600,top-to-bottom-center,R1-600um-top-to-bottom-center,387,3,R1-600um-top-to-bottom-center_frame_387,1,0,0,0,1,1,1-0-0-0,Surface_Crack,0,0,0,none,none,7300,0.023763
image_73.jpg,R7-700um-middle_frame_512_patch_8.png,7,700,middle,R7-700um-middle,512,8,R7-700um-middle_frame_512,1,0,0,0,1,1,1-0-0-0,Surface_Crack,0,0,0,none,none,647,0.002106
image_74.jpg,R1-900um-top-to-bottom-center_frame_194_patch_5.png,1,900,top-to-bottom-center,R1-900um-top-to-bottom-center,194,5,R1-900um-top-to-bottom-center_frame_194,1,0,0,0,1,1,1-0-0-0,Surface_Crack,0,0,0,none,none,5842,0.019017
image_75.jpg,R1-1100um-top-to-bottom-center_frame_167_patch_4.png,1,1100,top-to-bottom-center,R1-1100um-top-to-bottom-center,167,4,R1-1100um-top-to-bottom-center_frame_167,1,0,1,0,2,1,1-0-1-0,Surface_Crack+Pinhole,0,1,1,0,Pinhole,9024,0.029375
image_76.jpg,R1-1100um-top-to-bottom-center-1_frame_241_patch_3.png,1,1100,top-to-bottom-center-1,R1-1100um-top-to-bottom-center-1,241,3,R1-1100um-top-to-bottom-center-1_frame_241,1,0,0,0,1,1,1-0-0-0,Surface_Crack,0,0,0,none,none,9061,0.029495
image_77.jpg,R1-800um-top-to-bottom-center_frame_638_patch_0.png,1,800,top-to-bottom-center,R1-800um-top-to-bottom-center,638,0,R1-800um-top-to-bottom-center_frame_638,1,0,1,0,2,1,1-0-1-0,Surface_Crack+Pinhole,0,1,1,0,Pinhole,9475,0.030843
image_78.jpg,R1-1100um-top-to-bottom-center_frame_124_patch_4.png,1,1100,top-to-bottom-center,R1-1100um-top-to-bottom-center,124,4,R1-1100um-top-to-bottom-center_frame_124,1,0,0,0,1,1,1-0-0-0,Surface_Crack,0,0,0,none,none,4219,0.013734
image_79.jpg,R1-800um-top-to-bottom-center_frame_439_patch_3.png,1,800,top-to-bottom-center,R1-800um-top-to-bottom-center,439,3,R1-800um-top-to-bottom-center_frame_439,1,0,0,0,1,1,1-0-0-0,Surface_Crack,0,0,0,none,none,3232,0.010521
image_80.jpg,R1-800um-top-to-bottom-center_frame_119_patch_6.png,1,800,top-to-bottom-center,R1-800um-top-to-bottom-center,119,6,R1-800um-top-to-bottom-center_frame_119,0,0,1,0,1,1,0-0-1-0,Pinhole,0,1,1,0,Pinhole,138,0.000449
image_81.jpg,R1-1100um-top-to-bottom-center_frame_372_patch_7.png,1,1100,top-to-bottom-center,R1-1100um-top-to-bottom-center,372,7,R1-1100um-top-to-bottom-center_frame_372,1,0,0,0,1,1,1-0-0-0,Surface_Crack,0,0,0,none,none,10045,0.032699
image_82.jpg,R1-1000um-top-to-bottom-center_frame_134_patch_5.png,1,1000,top-to-bottom-center,R1-1000um-top-to-bottom-center,134,5,R1-1000um-top-to-bottom-center_frame_134,1,0,1,0,2,1,1-0-1-0,Surface_Crack+Pinhole,0,1,1,0,Pinhole,7861,0.025589
image_83.jpg,R1-1100um-top-to-bottom-center_frame_277_patch_5.png,1,1100,top-to-bottom-center,R1-1100um-top-to-bottom-center,277,5,R1-1100um-top-to-bottom-center_frame_277,1,0,0,0,1,1,1-0-0-0,Surface_Crack,0,0,0,none,none,7164,0.02332
image_84.jpg,R1-900um-top-to-bottom-center_frame_418_patch_2.png,1,900,top-to-bottom-center,R1-900um-top-to-bottom-center,418,2,R1-900um-top-to-bottom-center_frame_418,1,0,0,0,1,1,1-0-0-0,Surface_Crack,0,0,0,none,none,5050,0.016439
image_85.jpg,R1-900um-top-to-bottom-center_frame_405_patch_2.png,1,900,top-to-bottom-center,R1-900um-top-to-bottom-center,405,2,R1-900um-top-to-bottom-center_frame_405,1,0,0,0,1,1,1-0-0-0,Surface_Crack,0,0,0,none,none,4804,0.015638
image_86.jpg,R1-600um-top-to-bottom-center_frame_622_patch_3.png,1,600,top-to-bottom-center,R1-600um-top-to-bottom-center,622,3,R1-600um-top-to-bottom-center_frame_622,1,0,0,0,1,1,1-0-0-0,Surface_Crack,0,0,0,none,none,35928,0.116953
image_87.jpg,R1-600um-top-to-bottom-center_frame_526_patch_1.png,1,600,top-to-bottom-center,R1-600um-top-to-bottom-center,526,1,R1-600um-top-to-bottom-center_frame_526,1,0,0,0,1,1,1-0-0-0,Surface_Crack,0,0,0,none,none,739,0.002406
image_88.jpg,R1-900um-top-to-bottom-center_frame_486_patch_8.png,1,900,top-to-bottom-center,R1-900um-top-to-bottom-center,486,8,R1-900um-top-to-bottom-center_frame_486,1,0,0,0,1,1,1-0-0-0,Surface_Crack,0,0,0,none,none,6615,0.021533
image_89.jpg,R1-1100um-top-to-bottom-center_frame_97_patch_0.png,1,1100,top-to-bottom-center,R1-1100um-top-to-bottom-center,97,0,R1-1100um-top-to-bottom-center_frame_97,0,0,1,0,1,1,0-0-1-0,Pinhole,0,1,1,0,Pinhole,102,0.000332
image_90.jpg,R1-1100um-top-to-bottom-center_frame_220_patch_8.png,1,1100,top-to-bottom-center,R1-1100um-top-to-bottom-center,220,8,R1-1100um-top-to-bottom-center_frame_220,1,0,0,0,1,1,1-0-0-0,Surface_Crack,0,0,0,none,none,6676,0.021732
image_91.jpg,R1-1100um-top-to-bottom-center-1_frame_96_patch_6.png,1,1100,top-to-bottom-center-1,R1-1100um-top-to-bottom-center-1,96,6,R1-1100um-top-to-bottom-center-1_frame_96,1,0,0,0,1,1,1-0-0-0,Surface_Crack,0,0,0,none,none,8263,0.026898
image_92.jpg,R1-900um-top-to-bottom-center_frame_207_patch_0.png,1,900,top-to-bottom-center,R1-900um-top-to-bottom-center,207,0,R1-900um-top-to-bottom-center_frame_207,1,0,1,0,2,1,1-0-1-0,Surface_Crack+Pinhole,0,1,2,0,Pinhole,15252,0.049648
image_93.jpg,R1-600um-top-to-bottom-center_frame_308_patch_5.png,1,600,top-to-bottom-center,R1-600um-top-to-bottom-center,308,5,R1-600um-top-to-bottom-center_frame_308,0,0,1,0,1,1,0-0-1-0,Pinhole,0,1,1,0,Pinhole,12,3.9e-05
image_94.jpg,R1-900um-top-to-bottom-center_frame_565_patch_6.png,1,900,top-to-bottom-center,R1-900um-top-to-bottom-center,565,6,R1-900um-top-to-bottom-center_frame_565,1,0,0,0,1,1,1-0-0-0,Surface_Crack,0,0,0,none,none,7242,0.023574
image_95.jpg,R1-600um-top-to-bottom-center_frame_143_patch_2.png,1,600,top-to-bottom-center,R1-600um-top-to-bottom-center,143,2,R1-600um-top-to-bottom-center_frame_143,0,0,1,0,1,1,0-0-1-0,Pinhole,0,1,1,0,Pinhole,8,2.6e-05
image_96.jpg,R1-1100um-top-to-bottom-center_frame_254_patch_5.png,1,1100,top-to-bottom-center,R1-1100um-top-to-bottom-center,254,5,R1-1100um-top-to-bottom-center_frame_254,1,0,0,0,1,1,1-0-0-0,Surface_Crack,0,0,0,none,none,8012,0.026081
image_97.jpg,R1-700um-top-to-bottom-center_frame_387_patch_8.png,1,700,top-to-bottom-center,R1-700um-top-to-bottom-center,387,8,R1-700um-top-to-bottom-center_frame_387,1,0,0,0,1,1,1-0-0-0,Surface_Crack,0,0,0,none,none,2306,0.007507
image_98.jpg,R1-700um-top-to-bottom-center_frame_347_patch_3.png,1,700,top-to-bottom-center,R1-700um-top-to-bottom-center,347,3,R1-700um-top-to-bottom-center_frame_347,1,0,0,0,1,1,1-0-0-0,Surface_Crack,0,0,0,none,none,5804,0.018893
image_99.jpg,R1-1100um-top-to-bottom-center-1_frame_521_patch_4.png,1,1100,top-to-bottom-center-1,R1-1100um-top-to-bottom-center-1,521,4,R1-1100um-top-to-bottom-center-1_frame_521,1,1,0,0,2,1,1-1-0-0,Surface_Crack+Delamination,0,0,0,none,none,12687,0.041299
image_100.jpg,R1-1100um-top-to-bottom-center_frame_128_patch_8.png,1,1100,top-to-bottom-center,R1-1100um-top-to-bottom-center,128,8,R1-1100um-top-to-bottom-center_frame_128,1,0,0,0,1,1,1-0-0-0,Surface_Crack,0,0,0,none,none,6222,0.020254
image_101.jpg,R1-700um-top-to-bottom-center_frame_556_patch_6.png,1,700,top-to-bottom-center,R1-700um-top-to-bottom-center,556,6,R1-700um-top-to-bottom-center_frame_556,1,0,0,0,1,1,1-0-0-0,Surface_Crack,0,0,0,none,none,6932,0.022565
image_102.jpg,R1-600um-top-to-bottom-center_frame_87_patch_6.png,1,600,top-to-bottom-center,R1-600um-top-to-bottom-center,87,6,R1-600um-top-to-bottom-center_frame_87,0,0,0,1,0,0,0-0-0-1,unclassified,0,1,1,1,unclassified,0,0.0
image_103.jpg,R1-1000um-top-to-bottom-center_frame_260_patch_5.png,1,1000,top-to-bottom-center,R1-1000um-top-to-bottom-center,260,5,R1-1000um-top-to-bottom-center_frame_260,1,0,0,0,1,1,1-0-0-0,Surface_Crack,0,0,0,none,none,15225,0.049561
image_104.jpg,R1-600um-top-to-bottom-center_frame_412_patch_1.png,1,600,top-to-bottom-center,R1-600um-top-to-bottom-center,412,1,R1-600um-top-to-bottom-center_frame_412,1,0,0,0,1,1,1-0-0-0,Surface_Crack,0,0,0,none,none,3374,0.010983
image_105.jpg,R1-1100um-top-to-bottom-center_frame_205_patch_8.png,1,1100,top-to-bottom-center,R1-1100um-top-to-bottom-center,205,8,R1-1100um-top-to-bottom-center_frame_205,1,0,0,0,1,1,1-0-0-0,Surface_Crack,0,0,0,none,none,7832,0.025495
image_106.jpg,R1-1000um-top-to-bottom-center_frame_550_patch_0.png,1,1000,top-to-bottom-center,R1-1000um-top-to-bottom-center,550,0,R1-1000um-top-to-bottom-center_frame_550,1,0,0,0,1,1,1-0-0-0,Surface_Crack,0,0,0,none,none,7467,0.024307
image_107.jpg,R1-1000um-top-to-bottom-center_frame_550_patch_8.png,1,1000,top-to-bottom-center,R1-1000um-top-to-bottom-center,550,8,R1-1000um-top-to-bottom-center_frame_550,1,0,0,0,1,1,1-0-0-0,Surface_Crack,0,0,0,none,none,29042,0.094538
image_108.jpg,R1-800um-top-to-bottom-center_frame_499_patch_0.png,1,800,top-to-bottom-center,R1-800um-top-to-bottom-center,499,0,R1-800um-top-to-bottom-center_frame_499,1,0,0,0,1,1,1-0-0-0,Surface_Crack,0,0,0,none,none,5610,0.018262
image_109.jpg,R1-1100um-top-to-bottom-center_frame_218_patch_7.png,1,1100,top-to-bottom-center,R1-1100um-top-to-bottom-center,218,7,R1-1100um-top-to-bottom-center_frame_218,1,0,0,0,1,1,1-0-0-0,Surface_Crack,0,0,0,none,none,12701,0.041344
image_110.jpg,R1-600um-top-to-bottom-center_frame_408_patch_8.png,1,600,top-to-bottom-center,R1-600um-top-to-bottom-center,408,8,R1-600um-top-to-bottom-center_frame_408,1,0,0,0,1,1,1-0-0-0,Surface_Crack,0,0,0,none,none,1271,0.004137
image_111.jpg,R1-900um-top-to-bottom-center_frame_604_patch_8.png,1,900,top-to-bottom-center,R1-900um-top-to-bottom-center,604,8,R1-900um-top-to-bottom-center_frame_604,1,0,0,0,1,1,1-0-0-0,Surface_Crack,0,0,0,none,none,18640,0.060677
image_112.jpg,R1-1100um-top-to-bottom-center_frame_52_patch_4.png,1,1100,top-to-bottom-center,R1-1100um-top-to-bottom-center,52,4,R1-1100um-top-to-bottom-center_frame_52,1,0,0,0,1,1,1-0-0-0,Surface_Crack,0,0,0,none,none,5835,0.018994
image_113.jpg,R1-700um-top-to-bottom-center_frame_289_patch_0.png,1,700,top-to-bottom-center,R1-700um-top-to-bottom-center,289,0,R1-700um-top-to-bottom-center_frame_289,1,0,0,0,1,1,1-0-0-0,Surface_Crack,0,0,0,none,none,13558,0.044134
image_114.jpg,R1-900um-top-to-bottom-center_frame_593_patch_7.png,1,900,top-to-bottom-center,R1-900um-top-to-bottom-center,593,7,R1-900um-top-to-bottom-center_frame_593,1,0,0,0,1,1,1-0-0-0,Surface_Crack,0,0,0,none,none,7730,0.025163
image_115.jpg,R7-700um-middle_frame_260_patch_1.png,7,700,middle,R7-700um-middle,260,1,R7-700um-middle_frame_260,0,0,1,0,1,1,0-0-1-0,Pinhole,0,1,1,0,Pinhole,1503,0.004893
image_116.jpg,R7-700um-middle_frame_221_patch_8.png,7,700,middle,R7-700um-middle,221,8,R7-700um-middle_frame_221,1,0,0,0,1,1,1-0-0-0,Surface_Crack,0,0,0,none,none,2129,0.00693
image_117.jpg,R1-700um-top-to-bottom-center_frame_312_patch_8.png,1,700,top-to-bottom-center,R1-700um-top-to-bottom-center,312,8,R1-700um-top-to-bottom-center_frame_312,1,0,1,0,2,1,1-0-1-0,Surface_Crack+Pinhole,0,1,1,0,Pinhole,11141,0.036266
image_118.jpg,R1-1100um-top-to-bottom-center_frame_145_patch_1.png,1,1100,top-to-bottom-center,R1-1100um-top-to-bottom-center,145,1,R1-1100um-top-to-bottom-center_frame_145,1,0,0,0,1,1,1-0-0-0,Surface_Crack,0,0,0,none,none,8984,0.029245
image_119.jpg,R1-700um-top-to-bottom-center_frame_334_patch_0.png,1,700,top-to-bottom-center,R1-700um-top-to-bottom-center,334,0,R1-700um-top-to-bottom-center_frame_334,1,0,0,0,1,1,1-0-0-0,Surface_Crack,0,0,0,none,none,4808,0.015651
image_120.jpg,R1-1100um-top-to-bottom-center_frame_297_patch_0.png,1,1100,top-to-bottom-center,R1-1100um-top-to-bottom-center,297,0,R1-1100um-top-to-bottom-center_frame_297,1,0,0,0,1,1,1-0-0-0,Surface_Crack,0,0,0,none,none,6167,0.020075
image_121.jpg,R1-1100um-top-to-bottom-center-1_frame_284_patch_5.png,1,1100,top-to-bottom-center-1,R1-1100um-top-to-bottom-center-1,284,5,R1-1100um-top-to-bottom-center-1_frame_284,1,0,0,0,1,1,1-0-0-0,Surface_Crack,0,0,0,none,none,8069,0.026266
image_122.jpg,R1-1000um-top-to-bottom-center_frame_225_patch_7.png,1,1000,top-to-bottom-center,R1-1000um-top-to-bottom-center,225,7,R1-1000um-top-to-bottom-center_frame_225,1,0,0,0,1,1,1-0-0-0,Surface_Crack,0,0,0,none,none,9148,0.029779
image_123.jpg,R1-1100um-top-to-bottom-center_frame_124_patch_7.png,1,1100,top-to-bottom-center,R1-1100um-top-to-bottom-center,124,7,R1-1100um-top-to-bottom-center_frame_124,1,0,0,0,1,1,1-0-0-0,Surface_Crack,0,0,0,none,none,4105,0.013363
image_124.jpg,R1-1100um-top-to-bottom-center-1_frame_402_patch_5.png,1,1100,top-to-bottom-center-1,R1-1100um-top-to-bottom-center-1,402,5,R1-1100um-top-to-bottom-center-1_frame_402,1,1,0,0,2,1,1-1-0-0,Surface_Crack+Delamination,0,0,0,none,none,21804,0.070977
image_125.jpg,R1-600um-top-to-bottom-center_frame_372_patch_6.png,1,600,top-to-bottom-center,R1-600um-top-to-bottom-center,372,6,R1-600um-top-to-bottom-center_frame_372,1,0,0,0,1,1,1-0-0-0,Surface_Crack,0,0,0,none,none,8663,0.0282
image_126.jpg,R1-1100um-top-to-bottom-center-1_frame_161_patch_0.png,1,1100,top-to-bottom-center-1,R1-1100um-top-to-bottom-center-1,161,0,R1-1100um-top-to-bottom-center-1_frame_161,1,0,0,0,1,1,1-0-0-0,Surface_Crack,0,0,0,none,none,10189,0.033167
image_127.jpg,R1-900um-top-to-bottom-center_frame_316_patch_1.png,1,900,top-to-bottom-center,R1-900um-top-to-bottom-center,316,1,R1-900um-top-to-bottom-center_frame_316,1,0,0,0,1,1,1-0-0-0,Surface_Crack,0,0,0,none,none,6042,0.019668
image_128.jpg,R1-1100um-top-to-bottom-center_frame_167_patch_5.png,1,1100,top-to-bottom-center,R1-1100um-top-to-bottom-center,167,5,R1-1100um-top-to-bottom-center_frame_167,1,0,0,0,1,1,1-0-0-0,Surface_Crack,0,0,0,none,none,6906,0.02248
image_129.jpg,R1-900um-top-to-bottom-center_frame_376_patch_1.png,1,900,top-to-bottom-center,R1-900um-top-to-bottom-center,376,1,R1-900um-top-to-bottom-center_frame_376,1,0,0,0,1,1,1-0-0-0,Surface_Crack,0,0,0,none,none,4946,0.0161
image_130.jpg,R1-1100um-top-to-bottom-center_frame_297_patch_3.png,1,1100,top-to-bottom-center,R1-1100um-top-to-bottom-center,297,3,R1-1100um-top-to-bottom-center_frame_297,1,0,1,0,2,1,1-0-1-0,Surface_Crack+Pinhole,0,1,1,0,Pinhole,7558,0.024603
image_131.jpg,R1-1100um-top-to-bottom-center_frame_239_patch_2.png,1,1100,top-to-bottom-center,R1-1100um-top-to-bottom-center,239,2,R1-1100um-top-to-bottom-center_frame_239,1,0,0,0,1,1,1-0-0-0,Surface_Crack,0,0,0,none,none,8527,0.027757
image_132.jpg,R7-700um-middle_frame_520_patch_4.png,7,700,middle,R7-700um-middle,520,4,R7-700um-middle_frame_520,1,0,0,0,1,1,1-0-0-0,Surface_Crack,0,0,0,none,none,7430,0.024186
image_133.jpg,R1-700um-top-to-bottom-center_frame_580_patch_5.png,1,700,top-to-bottom-center,R1-700um-top-to-bottom-center,580,5,R1-700um-top-to-bottom-center_frame_580,1,0,0,0,1,1,1-0-0-0,Surface_Crack,0,0,0,none,none,3204,0.01043
image_134.jpg,R1-1000um-top-to-bottom-center_frame_338_patch_0.png,1,1000,top-to-bottom-center,R1-1000um-top-to-bottom-center,338,0,R1-1000um-top-to-bottom-center_frame_338,1,0,0,0,1,1,1-0-0-0,Surface_Crack,0,0,0,none,none,7389,0.024053
image_135.jpg,R1-1100um-top-to-bottom-center_frame_83_patch_2.png,1,1100,top-to-bottom-center,R1-1100um-top-to-bottom-center,83,2,R1-1100um-top-to-bottom-center_frame_83,1,0,0,0,1,1,1-0-0-0,Surface_Crack,0,0,0,none,none,3191,0.010387
image_136.jpg,R1-1100um-top-to-bottom-center-1_frame_235_patch_1.png,1,1100,top-to-bottom-center-1,R1-1100um-top-to-bottom-center-1,235,1,R1-1100um-top-to-bottom-center-1_frame_235,1,0,0,0,1,1,1-0-0-0,Surface_Crack,0,0,0,none,none,12637,0.041136
image_137.jpg,R1-800um-top-to-bottom-center_frame_499_patch_7.png,1,800,top-to-bottom-center,R1-800um-top-to-bottom-center,499,7,R1-800um-top-to-bottom-center_frame_499,1,0,0,0,1,1,1-0-0-0,Surface_Crack,0,0,0,none,none,5026,0.016361
image_138.jpg,R1-700um-top-to-bottom-center_frame_312_patch_2.png,1,700,top-to-bottom-center,R1-700um-top-to-bottom-center,312,2,R1-700um-top-to-bottom-center_frame_312,1,0,0,0,1,1,1-0-0-0,Surface_Crack,0,0,0,none,none,8688,0.028281
image_139.jpg,R1-900um-top-to-bottom-center_frame_611_patch_8.png,1,900,top-to-bottom-center,R1-900um-top-to-bottom-center,611,8,R1-900um-top-to-bottom-center_frame_611,1,0,0,0,1,1,1-0-0-0,Surface_Crack,0,0,0,none,none,21682,0.070579
image_140.jpg,R1-900um-top-to-bottom-center_frame_557_patch_4.png,1,900,top-to-bottom-center,R1-900um-top-to-bottom-center,557,4,R1-900um-top-to-bottom-center_frame_557,1,0,0,0,1,1,1-0-0-0,Surface_Crack,0,0,0,none,none,9948,0.032383
image_141.jpg,R1-700um-top-to-bottom-center_frame_673_patch_5.png,1,700,top-to-bottom-center,R1-700um-top-to-bottom-center,673,5,R1-700um-top-to-bottom-center_frame_673,1,0,0,0,1,1,1-0-0-0,Surface_Crack,0,0,0,none,none,6836,0.022253
image_142.jpg,R1-600um-top-to-bottom-center_frame_356_patch_3.png,1,600,top-to-bottom-center,R1-600um-top-to-bottom-center,356,3,R1-600um-top-to-bottom-center_frame_356,1,0,0,0,1,1,1-0-0-0,Surface_Crack,0,0,0,none,none,7578,0.024668
image_143.jpg,R1-1100um-top-to-bottom-center_frame_167_patch_8.png,1,1100,top-to-bottom-center,R1-1100um-top-to-bottom-center,167,8,R1-1100um-top-to-bottom-center_frame_167,1,0,0,0,1,1,1-0-0-0,Surface_Crack,0,0,0,none,none,5320,0.017318
image_144.jpg,R1-1000um-top-to-bottom-center_frame_434_patch_5.png,1,1000,top-to-bottom-center,R1-1000um-top-to-bottom-center,434,5,R1-1000um-top-to-bottom-center_frame_434,1,0,0,0,1,1,1-0-0-0,Surface_Crack,0,0,0,none,none,25099,0.081702
image_145.jpg,R1-1100um-top-to-bottom-center_frame_308_patch_5.png,1,1100,top-to-bottom-center,R1-1100um-top-to-bottom-center,308,5,R1-1100um-top-to-bottom-center_frame_308,1,0,0,0,1,1,1-0-0-0,Surface_Crack,0,0,0,none,none,7191,0.023408
image_146.jpg,R1-900um-top-to-bottom-center_frame_179_patch_6.png,1,900,top-to-bottom-center,R1-900um-top-to-bottom-center,179,6,R1-900um-top-to-bottom-center_frame_179,0,0,0,1,0,0,0-0-0-1,unclassified,0,1,1,1,unclassified,0,0.0
image_147.jpg,R7-700um-middle_frame_208_patch_8.png,7,700,middle,R7-700um-middle,208,8,R7-700um-middle_frame_208,1,0,0,0,1,1,1-0-0-0,Surface_Crack,0,0,0,none,none,2888,0.009401
image_148.jpg,R1-800um-top-to-bottom-center_frame_473_patch_3.png,1,800,top-to-bottom-center,R1-800um-top-to-bottom-center,473,3,R1-800um-top-to-bottom-center_frame_473,1,0,0,0,1,1,1-0-0-0,Surface_Crack,0,0,0,none,none,3795,0.012354
image_149.jpg,R1-1100um-top-to-bottom-center_frame_239_patch_6.png,1,1100,top-to-bottom-center,R1-1100um-top-to-bottom-center,239,6,R1-1100um-top-to-bottom-center_frame_239,1,0,0,0,1,1,1-0-0-0,Surface_Crack,0,0,0,none,none,12359,0.040231
image_150.jpg,R1-1000um-top-to-bottom-center_frame_156_patch_3.png,1,1000,top-to-bottom-center,R1-1000um-top-to-bottom-center,156,3,R1-1000um-top-to-bottom-center_frame_156,1,0,1,0,2,1,1-0-1-0,Surface_Crack+Pinhole,0,1,1,0,Pinhole,11075,0.036051
image_151.jpg,R1-800um-top-to-bottom-center_frame_439_patch_2.png,1,800,top-to-bottom-center,R1-800um-top-to-bottom-center,439,2,R1-800um-top-to-bottom-center_frame_439,1,0,0,0,1,1,1-0-0-0,Surface_Crack,0,0,0,none,none,3245,0.010563
image_152.jpg,R1-1100um-top-to-bottom-center-1_frame_169_patch_7.png,1,1100,top-to-bottom-center-1,R1-1100um-top-to-bottom-center-1,169,7,R1-1100um-top-to-bottom-center-1_frame_169,1,0,0,0,1,1,1-0-0-0,Surface_Crack,0,0,0,none,none,9071,0.029528
image_153.jpg,R7-700um-middle_frame_122_patch_2.png,7,700,middle,R7-700um-middle,122,2,R7-700um-middle_frame_122,1,0,0,0,1,1,1-0-0-0,Surface_Crack,0,0,0,none,none,510,0.00166
image_154.jpg,R1-1100um-top-to-bottom-center_frame_161_patch_4.png,1,1100,top-to-bottom-center,R1-1100um-top-to-bottom-center,161,4,R1-1100um-top-to-bottom-center_frame_161,1,0,1,0,2,1,1-0-1-0,Surface_Crack+Pinhole,0,1,1,0,Pinhole,11161,0.036331
image_155.jpg,R1-1100um-top-to-bottom-center-1_frame_372_patch_4.png,1,1100,top-to-bottom-center-1,R1-1100um-top-to-bottom-center-1,372,4,R1-1100um-top-to-bottom-center-1_frame_372,1,1,0,0,2,1,1-1-0-0,Surface_Crack+Delamination,0,0,0,none,none,22722,0.073965
image_156.jpg,R1-700um-top-to-bottom-center_frame_505_patch_0.png,1,700,top-to-bottom-center,R1-700um-top-to-bottom-center,505,0,R1-700um-top-to-bottom-center_frame_505,1,0,0,0,1,1,1-0-0-0,Surface_Crack,0,0,0,none,none,7686,0.02502
image_157.jpg,R1-900um-top-to-bottom-center_frame_405_patch_4.png,1,900,top-to-bottom-center,R1-900um-top-to-bottom-center,405,4,R1-900um-top-to-bottom-center_frame_405,1,0,0,0,1,1,1-0-0-0,Surface_Crack,0,0,0,none,none,5004,0.016289
image_158.jpg,R1-1100um-top-to-bottom-center_frame_52_patch_6.png,1,1100,top-to-bottom-center,R1-1100um-top-to-bottom-center,52,6,R1-1100um-top-to-bottom-center_frame_52,1,0,0,0,1,1,1-0-0-0,Surface_Crack,0,0,0,none,none,4105,0.013363
image_159.jpg,R1-900um-top-to-bottom-center_frame_376_patch_8.png,1,900,top-to-bottom-center,R1-900um-top-to-bottom-center,376,8,R1-900um-top-to-bottom-center_frame_376,1,0,0,0,1,1,1-0-0-0,Surface_Crack,0,0,0,none,none,4971,0.016182
image_160.jpg,R1-600um-top-to-bottom-center_frame_51_patch_3.png,1,600,top-to-bottom-center,R1-600um-top-to-bottom-center,51,3,R1-600um-top-to-bottom-center_frame_51,0,0,1,0,1,1,0-0-1-0,Pinhole,0,1,1,0,Pinhole,121,0.000394
image_161.jpg,R1-600um-top-to-bottom-center_frame_61_patch_3.png,1,600,top-to-bottom-center,R1-600um-top-to-bottom-center,61,3,R1-600um-top-to-bottom-center_frame_61,0,0,0,1,0,0,0-0-0-1,unclassified,0,1,1,1,unclassified,0,0.0
image_162.jpg,R1-600um-top-to-bottom-center_frame_203_patch_6.png,1,600,top-to-bottom-center,R1-600um-top-to-bottom-center,203,6,R1-600um-top-to-bottom-center_frame_203,0,0,1,0,1,1,0-0-1-0,Pinhole,0,1,1,0,Pinhole,56,0.000182
image_163.jpg,R1-1100um-top-to-bottom-center-1_frame_96_patch_1.png,1,1100,top-to-bottom-center-1,R1-1100um-top-to-bottom-center-1,96,1,R1-1100um-top-to-bottom-center-1_frame_96,1,0,1,0,2,1,1-0-1-0,Surface_Crack+Pinhole,0,1,1,0,Pinhole,8695,0.028304
image_164.jpg,R1-600um-top-to-bottom-center_frame_526_patch_7.png,1,600,top-to-bottom-center,R1-600um-top-to-bottom-center,526,7,R1-600um-top-to-bottom-center_frame_526,1,0,0,0,1,1,1-0-0-0,Surface_Crack,0,0,0,none,none,3060,0.009961
image_165.jpg,R1-1100um-top-to-bottom-center-1_frame_387_patch_7.png,1,1100,top-to-bottom-center-1,R1-1100um-top-to-bottom-center-1,387,7,R1-1100um-top-to-bottom-center-1_frame_387,1,1,0,0,2,1,1-1-0-0,Surface_Crack+Delamination,0,0,0,none,none,60354,0.196465
image_166.jpg,R1-800um-top-to-bottom-center_frame_304_patch_1.png,1,800,top-to-bottom-center,R1-800um-top-to-bottom-center,304,1,R1-800um-top-to-bottom-center_frame_304,1,0,0,0,1,1,1-0-0-0,Surface_Crack,0,0,0,none,none,6114,0.019902
image_167.jpg,R1-1100um-top-to-bottom-center-1_frame_342_patch_4.png,1,1100,top-to-bottom-center-1,R1-1100um-top-to-bottom-center-1,342,4,R1-1100um-top-to-bottom-center-1_frame_342,1,0,0,0,1,1,1-0-0-0,Surface_Crack,0,0,0,none,none,13943,0.045387
image_168.jpg,R1-700um-top-to-bottom-center_frame_347_patch_0.png,1,700,top-to-bottom-center,R1-700um-top-to-bottom-center,347,0,R1-700um-top-to-bottom-center_frame_347,1,0,0,0,1,1,1-0-0-0,Surface_Crack,0,0,0,none,none,5184,0.016875
image_169.jpg,R1-800um-top-to-bottom-center_frame_98_patch_6.png,1,800,top-to-bottom-center,R1-800um-top-to-bottom-center,98,6,R1-800um-top-to-bottom-center_frame_98,0,0,1,0,1,1,0-0-1-0,Pinhole,0,1,1,0,Pinhole,114,0.000371
image_170.jpg,R1-700um-top-to-bottom-center_frame_580_patch_3.png,1,700,top-to-bottom-center,R1-700um-top-to-bottom-center,580,3,R1-700um-top-to-bottom-center_frame_580,1,0,0,0,1,1,1-0-0-0,Surface_Crack,0,0,0,none,none,8777,0.028571
image_171.jpg,R1-900um-top-to-bottom-center_frame_210_patch_2.png,1,900,top-to-bottom-center,R1-900um-top-to-bottom-center,210,2,R1-900um-top-to-bottom-center_frame_210,1,0,0,0,1,1,1-0-0-0,Surface_Crack,0,0,0,none,none,6471,0.021064
image_172.jpg,R1-1000um-top-to-bottom-center_frame_434_patch_0.png,1,1000,top-to-bottom-center,R1-1000um-top-to-bottom-center,434,0,R1-1000um-top-to-bottom-center_frame_434,1,0,0,0,1,1,1-0-0-0,Surface_Crack,0,0,0,none,none,3773,0.012282
image_173.jpg,R1-1100um-top-to-bottom-center_frame_147_patch_3.png,1,1100,top-to-bottom-center,R1-1100um-top-to-bottom-center,147,3,R1-1100um-top-to-bottom-center_frame_147,1,0,0,0,1,1,1-0-0-0,Surface_Crack,0,0,0,none,none,8041,0.026175
image_174.jpg,R7-700um-middle_frame_520_patch_5.png,7,700,middle,R7-700um-middle,520,5,R7-700um-middle_frame_520,1,0,0,0,1,1,1-0-0-0,Surface_Crack,0,0,0,none,none,2124,0.006914
image_175.jpg,R7-700um-middle_frame_489_patch_4.png,7,700,middle,R7-700um-middle,489,4,R7-700um-middle_frame_489,1,0,0,0,1,1,1-0-0-0,Surface_Crack,0,0,0,none,none,1817,0.005915
image_176.jpg,R1-1100um-top-to-bottom-center-1_frame_161_patch_5.png,1,1100,top-to-bottom-center-1,R1-1100um-top-to-bottom-center-1,161,5,R1-1100um-top-to-bottom-center-1_frame_161,1,0,1,0,2,1,1-0-1-0,Surface_Crack+Pinhole,0,1,1,0,Pinhole,9943,0.032367
image_177.jpg,R7-700um-middle_frame_238_patch_5.png,7,700,middle,R7-700um-middle,238,5,R7-700um-middle_frame_238,0,0,1,0,1,1,0-0-1-0,Pinhole,0,1,1,0,Pinhole,163,0.000531
image_178.jpg,R1-1000um-top-to-bottom-center_frame_338_patch_5.png,1,1000,top-to-bottom-center,R1-1000um-top-to-bottom-center,338,5,R1-1000um-top-to-bottom-center_frame_338,1,0,0,0,1,1,1-0-0-0,Surface_Crack,0,0,0,none,none,13124,0.042721
image_179.jpg,R1-900um-top-to-bottom-center_frame_303_patch_1.png,1,900,top-to-bottom-center,R1-900um-top-to-bottom-center,303,1,R1-900um-top-to-bottom-center_frame_303,1,0,0,0,1,1,1-0-0-0,Surface_Crack,0,0,0,none,none,7351,0.023929
image_180.jpg,R1-900um-top-to-bottom-center_frame_611_patch_3.png,1,900,top-to-bottom-center,R1-900um-top-to-bottom-center,611,3,R1-900um-top-to-bottom-center_frame_611,1,0,0,0,1,1,1-0-0-0,Surface_Crack,0,0,0,none,none,3536,0.01151
image_181.jpg,R1-1100um-top-to-bottom-center-1_frame_488_patch_0.png,1,1100,top-to-bottom-center-1,R1-1100um-top-to-bottom-center-1,488,0,R1-1100um-top-to-bottom-center-1_frame_488,1,1,0,0,2,1,1-1-0-0,Surface_Crack+Delamination,0,0,0,none,none,29044,0.094544
image_182.jpg,R1-800um-top-to-bottom-center_frame_573_patch_6.png,1,800,top-to-bottom-center,R1-800um-top-to-bottom-center,573,6,R1-800um-top-to-bottom-center_frame_573,1,0,0,0,1,1,1-0-0-0,Surface_Crack,0,0,0,none,none,5605,0.018245
image_183.jpg,R1-800um-top-to-bottom-center_frame_499_patch_8.png,1,800,top-to-bottom-center,R1-800um-top-to-bottom-center,499,8,R1-800um-top-to-bottom-center_frame_499,1,0,0,0,1,1,1-0-0-0,Surface_Crack,0,0,0,none,none,4310,0.01403
image_184.jpg,R1-800um-top-to-bottom-center_frame_479_patch_5.png,1,800,top-to-bottom-center,R1-800um-top-to-bottom-center,479,5,R1-800um-top-to-bottom-center_frame_479,1,0,1,0,2,1,1-0-1-0,Surface_Crack+Pinhole,0,1,1,0,Pinhole,3439,0.011195
image_185.jpg,R1-1100um-top-to-bottom-center-1_frame_96_patch_7.png,1,1100,top-to-bottom-center-1,R1-1100um-top-to-bottom-center-1,96,7,R1-1100um-top-to-bottom-center-1_frame_96,1,0,0,0,1,1,1-0-0-0,Surface_Crack,0,0,0,none,none,9074,0.029538
image_186.jpg,R1-800um-top-to-bottom-center_frame_255_patch_2.png,1,800,top-to-bottom-center,R1-800um-top-to-bottom-center,255,2,R1-800um-top-to-bottom-center_frame_255,0,0,1,0,1,1,0-0-1-0,Pinhole,0,1,1,0,Pinhole,10,3.3e-05
image_187.jpg,R1-900um-top-to-bottom-center_frame_376_patch_7.png,1,900,top-to-bottom-center,R1-900um-top-to-bottom-center,376,7,R1-900um-top-to-bottom-center_frame_376,1,0,0,0,1,1,1-0-0-0,Surface_Crack,0,0,0,none,none,7532,0.024518
image_188.jpg,R1-800um-top-to-bottom-center_frame_318_patch_3.png,1,800,top-to-bottom-center,R1-800um-top-to-bottom-center,318,3,R1-800um-top-to-bottom-center_frame_318,1,0,0,0,1,1,1-0-0-0,Surface_Crack,0,0,0,none,none,5372,0.017487
image_189.jpg,R1-1100um-top-to-bottom-center-1_frame_225_patch_2.png,1,1100,top-to-bottom-center-1,R1-1100um-top-to-bottom-center-1,225,2,R1-1100um-top-to-bottom-center-1_frame_225,1,0,0,0,1,1,1-0-0-0,Surface_Crack,0,0,0,none,none,11672,0.037995
image_190.jpg,R1-1100um-top-to-bottom-center-1_frame_468_patch_4.png,1,1100,top-to-bottom-center-1,R1-1100um-top-to-bottom-center-1,468,4,R1-1100um-top-to-bottom-center-1_frame_468,1,1,0,0,2,1,1-1-0-0,Surface_Crack+Delamination,0,0,0,none,none,14432,0.046979
image_191.jpg,R1-800um-top-to-bottom-center_frame_304_patch_0.png,1,800,top-to-bottom-center,R1-800um-top-to-bottom-center,304,0,R1-800um-top-to-bottom-center_frame_304,1,0,0,0,1,1,1-0-0-0,Surface_Crack,0,0,0,none,none,6535,0.021273
image_192.jpg,R1-1100um-top-to-bottom-center_frame_191_patch_5.png,1,1100,top-to-bottom-center,R1-1100um-top-to-bottom-center,191,5,R1-1100um-top-to-bottom-center_frame_191,1,0,0,0,1,1,1-0-0-0,Surface_Crack,0,0,0,none,none,7750,0.025228
image_193.jpg,R7-700um-middle_frame_520_patch_7.png,7,700,middle,R7-700um-middle,520,7,R7-700um-middle_frame_520,1,0,0,0,1,1,1-0-0-0,Surface_Crack,0,0,0,none,none,2433,0.00792
image_194.jpg,R7-700um-middle_frame_221_patch_7.png,7,700,middle,R7-700um-middle,221,7,R7-700um-middle_frame_221,1,0,0,0,1,1,1-0-0-0,Surface_Crack,0,0,0,none,none,3349,0.010902
image_195.jpg,R1-1100um-top-to-bottom-center_frame_277_patch_7.png,1,1100,top-to-bottom-center,R1-1100um-top-to-bottom-center,277,7,R1-1100um-top-to-bottom-center_frame_277,1,0,1,0,2,1,1-0-1-0,Surface_Crack+Pinhole,0,1,1,0,Pinhole,8733,0.028428
image_196.jpg,R1-600um-top-to-bottom-center_frame_299_patch_2.png,1,600,top-to-bottom-center,R1-600um-top-to-bottom-center,299,2,R1-600um-top-to-bottom-center_frame_299,0,0,1,0,1,1,0-0-1-0,Pinhole,0,1,1,0,Pinhole,44,0.000143
image_197.jpg,R1-800um-top-to-bottom-center_frame_72_patch_1.png,1,800,top-to-bottom-center,R1-800um-top-to-bottom-center,72,1,R1-800um-top-to-bottom-center_frame_72,0,0,1,0,1,1,0-0-1-0,Pinhole,0,1,1,0,Pinhole,52,0.000169
image_198.jpg,R1-1000um-top-to-bottom-center_frame_551_patch_1.png,1,1000,top-to-bottom-center,R1-1000um-top-to-bottom-center,551,1,R1-1000um-top-to-bottom-center_frame_551,1,0,0,0,1,1,1-0-0-0,Surface_Crack,0,0,0,none,none,12264,0.039922
image_199.jpg,R7-700um-middle_frame_1_patch_3.png,7,700,middle,R7-700um-middle,1,3,R7-700um-middle_frame_1,1,1,0,0,2,1,1-1-0-0,Surface_Crack+Delamination,0,0,0,none,none,20419,0.066468
image_200.jpg,R1-1100um-top-to-bottom-center_frame_286_patch_5.png,1,1100,top-to-bottom-center,R1-1100um-top-to-bottom-center,286,5,R1-1100um-top-to-bottom-center_frame_286,1,0,1,0,2,1,1-0-1-0,Surface_Crack+Pinhole,0,1,1,0,Pinhole,6055,0.01971
image_201.jpg,R1-600um-top-to-bottom-center_frame_611_patch_5.png,1,600,top-to-bottom-center,R1-600um-top-to-bottom-center,611,5,R1-600um-top-to-bottom-center_frame_611,1,0,0,0,1,1,1-0-0-0,Surface_Crack,0,0,0,none,none,6660,0.02168
image_202.jpg,R1-1100um-top-to-bottom-center-1_frame_161_patch_8.png,1,1100,top-to-bottom-center-1,R1-1100um-top-to-bottom-center-1,161,8,R1-1100um-top-to-bottom-center-1_frame_161,1,0,1,0,2,1,1-0-1-0,Surface_Crack+Pinhole,0,1,1,0,Pinhole,9875,0.032145
image_203.jpg,R1-1100um-top-to-bottom-center_frame_342_patch_2.png,1,1100,top-to-bottom-center,R1-1100um-top-to-bottom-center,342,2,R1-1100um-top-to-bottom-center_frame_342,1,0,1,0,2,1,1-0-1-0,Surface_Crack+Pinhole,0,1,1,0,Pinhole,5868,0.019102
image_204.jpg,R1-1000um-top-to-bottom-center_frame_595_patch_4.png,1,1000,top-to-bottom-center,R1-1000um-top-to-bottom-center,595,4,R1-1000um-top-to-bottom-center_frame_595,0,0,1,0,1,1,0-0-1-0,Pinhole,0,1,1,0,Pinhole,80,0.00026
image_205.jpg,R1-800um-top-to-bottom-center_frame_112_patch_6.png,1,800,top-to-bottom-center,R1-800um-top-to-bottom-center,112,6,R1-800um-top-to-bottom-center_frame_112,0,0,1,0,1,1,0-0-1-0,Pinhole,0,1,1,0,Pinhole,147,0.000479
image_206.jpg,R1-1100um-top-to-bottom-center_frame_147_patch_7.png,1,1100,top-to-bottom-center,R1-1100um-top-to-bottom-center,147,7,R1-1100um-top-to-bottom-center_frame_147,1,0,0,0,1,1,1-0-0-0,Surface_Crack,0,0,0,none,none,9790,0.031868
image_207.jpg,R1-1100um-top-to-bottom-center-1_frame_241_patch_1.png,1,1100,top-to-bottom-center-1,R1-1100um-top-to-bottom-center-1,241,1,R1-1100um-top-to-bottom-center-1_frame_241,1,0,0,0,1,1,1-0-0-0,Surface_Crack,0,0,0,none,none,7112,0.023151
image_208.jpg,R1-1100um-top-to-bottom-center_frame_179_patch_2.png,1,1100,top-to-bottom-center,R1-1100um-top-to-bottom-center,179,2,R1-1100um-top-to-bottom-center_frame_179,1,0,0,0,1,1,1-0-0-0,Surface_Crack,0,0,0,none,none,5802,0.018887
image_209.jpg,R1-600um-top-to-bottom-center_frame_622_patch_4.png,1,600,top-to-bottom-center,R1-600um-top-to-bottom-center,622,4,R1-600um-top-to-bottom-center_frame_622,1,0,0,0,1,1,1-0-0-0,Surface_Crack,0,0,0,none,none,28555,0.092952
image_210.jpg,R7-700um-middle_frame_97_patch_1.png,7,700,middle,R7-700um-middle,97,1,R7-700um-middle_frame_97,1,0,0,0,1,1,1-0-0-0,Surface_Crack,0,0,0,none,none,2890,0.009408
image_211.jpg,R1-900um-top-to-bottom-center_frame_221_patch_4.png,1,900,top-to-bottom-center,R1-900um-top-to-bottom-center,221,4,R1-900um-top-to-bottom-center_frame_221,1,0,0,0,1,1,1-0-0-0,Surface_Crack,0,0,0,none,none,10105,0.032894
image_212.jpg,R1-1100um-top-to-bottom-center_frame_342_patch_1.png,1,1100,top-to-bottom-center,R1-1100um-top-to-bottom-center,342,1,R1-1100um-top-to-bottom-center_frame_342,1,0,0,0,1,1,1-0-0-0,Surface_Crack,0,0,0,none,none,6431,0.020934
image_213.jpg,R1-900um-top-to-bottom-center_frame_564_patch_7.png,1,900,top-to-bottom-center,R1-900um-top-to-bottom-center,564,7,R1-900um-top-to-bottom-center_frame_564,1,0,0,0,1,1,1-0-0-0,Surface_Crack,0,0,0,none,none,9394,0.030579
image_214.jpg,R1-1100um-top-to-bottom-center_frame_264_patch_5.png,1,1100,top-to-bottom-center,R1-1100um-top-to-bottom-center,264,5,R1-1100um-top-to-bottom-center_frame_264,1,0,0,0,1,1,1-0-0-0,Surface_Crack,0,0,0,none,none,11504,0.037448
image_215.jpg,R1-800um-top-to-bottom-center_frame_573_patch_0.png,1,800,top-to-bottom-center,R1-800um-top-to-bottom-center,573,0,R1-800um-top-to-bottom-center_frame_573,1,0,1,0,2,1,1-0-1-0,Surface_Crack+Pinhole,0,1,2,0,Pinhole,3970,0.012923
image_216.jpg,R1-800um-top-to-bottom-center_frame_499_patch_1.png,1,800,top-to-bottom-center,R1-800um-top-to-bottom-center,499,1,R1-800um-top-to-bottom-center_frame_499,1,0,0,0,1,1,1-0-0-0,Surface_Crack,0,0,0,none,none,5713,0.018597
image_217.jpg,R1-1100um-top-to-bottom-center_frame_144_patch_5.png,1,1100,top-to-bottom-center,R1-1100um-top-to-bottom-center,144,5,R1-1100um-top-to-bottom-center_frame_144,1,0,0,0,1,1,1-0-0-0,Surface_Crack,0,0,0,none,none,4947,0.016104
image_218.jpg,R1-800um-top-to-bottom-center_frame_501_patch_8.png,1,800,top-to-bottom-center,R1-800um-top-to-bottom-center,501,8,R1-800um-top-to-bottom-center_frame_501,1,0,0,0,1,1,1-0-0-0,Surface_Crack,0,0,0,none,none,4537,0.014769
image_219.jpg,R1-800um-top-to-bottom-center_frame_80_patch_4.png,1,800,top-to-bottom-center,R1-800um-top-to-bottom-center,80,4,R1-800um-top-to-bottom-center_frame_80,0,0,1,0,1,1,0-0-1-0,Pinhole,0,1,1,0,Pinhole,34,0.000111
image_220.jpg,R1-700um-top-to-bottom-center_frame_505_patch_4.png,1,700,top-to-bottom-center,R1-700um-top-to-bottom-center,505,4,R1-700um-top-to-bottom-center_frame_505,1,0,0,0,1,1,1-0-0-0,Surface_Crack,0,0,0,none,none,6411,0.020869
image_221.jpg,R1-1000um-top-to-bottom-center_frame_180_patch_2.png,1,1000,top-to-bottom-center,R1-1000um-top-to-bottom-center,180,2,R1-1000um-top-to-bottom-center_frame_180,1,0,0,0,1,1,1-0-0-0,Surface_Crack,0,0,0,none,none,5424,0.017656
image_222.jpg,R1-1100um-top-to-bottom-center_frame_308_patch_7.png,1,1100,top-to-bottom-center,R1-1100um-top-to-bottom-center,308,7,R1-1100um-top-to-bottom-center_frame_308,1,0,1,0,2,1,1-0-1-0,Surface_Crack+Pinhole,0,1,1,0,Pinhole,8689,0.028285
image_223.jpg,R1-1100um-top-to-bottom-center-1_frame_235_patch_2.png,1,1100,top-to-bottom-center-1,R1-1100um-top-to-bottom-center-1,235,2,R1-1100um-top-to-bottom-center-1_frame_235,1,0,0,0,1,1,1-0-0-0,Surface_Crack,0,0,0,none,none,7474,0.024329
image_224.jpg,R1-700um-top-to-bottom-center_frame_306_patch_1.png,1,700,top-to-bottom-center,R1-700um-top-to-bottom-center,306,1,R1-700um-top-to-bottom-center_frame_306,1,0,0,0,1,1,1-0-0-0,Surface_Crack,0,0,0,none,none,6800,0.022135
image_225.jpg,R1-900um-top-to-bottom-center_frame_593_patch_3.png,1,900,top-to-bottom-center,R1-900um-top-to-bottom-center,593,3,R1-900um-top-to-bottom-center_frame_593,1,0,1,0,2,1,1-0-1-0,Surface_Crack+Pinhole,0,1,1,0,Pinhole,16419,0.053447
image_226.jpg,R1-1100um-top-to-bottom-center-1_frame_402_patch_3.png,1,1100,top-to-bottom-center-1,R1-1100um-top-to-bottom-center-1,402,3,R1-1100um-top-to-bottom-center-1_frame_402,1,0,0,0,1,1,1-0-0-0,Surface_Crack,0,0,0,none,none,13591,0.044242
image_227.jpg,R1-600um-top-to-bottom-center_frame_594_patch_3.png,1,600,top-to-bottom-center,R1-600um-top-to-bottom-center,594,3,R1-600um-top-to-bottom-center_frame_594,1,0,0,0,1,1,1-0-0-0,Surface_Crack,0,0,0,none,none,3889,0.01266
image_228.jpg,R1-700um-top-to-bottom-center_frame_373_patch_2.png,1,700,top-to-bottom-center,R1-700um-top-to-bottom-center,373,2,R1-700um-top-to-bottom-center_frame_373,1,0,0,1,1,1,1-0-0-1,Surface_Crack+unclassified,0,1,1,1,unclassified,344,0.00112
image_229.jpg,R1-800um-top-to-bottom-center_frame_526_patch_7.png,1,800,top-to-bottom-center,R1-800um-top-to-bottom-center,526,7,R1-800um-top-to-bottom-center_frame_526,1,0,0,0,1,1,1-0-0-0,Surface_Crack,0,0,0,none,none,5397,0.017568
image_230.jpg,R1-900um-top-to-bottom-center_frame_493_patch_0.png,1,900,top-to-bottom-center,R1-900um-top-to-bottom-center,493,0,R1-900um-top-to-bottom-center_frame_493,1,0,0,0,1,1,1-0-0-0,Surface_Crack,0,0,0,none,none,5123,0.016676
image_231.jpg,R1-600um-top-to-bottom-center_frame_53_patch_3.png,1,600,top-to-bottom-center,R1-600um-top-to-bottom-center,53,3,R1-600um-top-to-bottom-center_frame_53,0,0,1,0,1,1,0-0-1-0,Pinhole,0,1,2,0,Pinhole,66,0.000215
image_232.jpg,R1-600um-top-to-bottom-center_frame_586_patch_7.png,1,600,top-to-bottom-center,R1-600um-top-to-bottom-center,586,7,R1-600um-top-to-bottom-center_frame_586,1,0,1,0,2,1,1-0-1-0,Surface_Crack+Pinhole,0,1,1,0,Pinhole,2954,0.009616
image_233.jpg,R1-900um-top-to-bottom-center_frame_37_patch_2.png,1,900,top-to-bottom-center,R1-900um-top-to-bottom-center,37,2,R1-900um-top-to-bottom-center_frame_37,1,0,1,1,2,1,1-0-1-1,Surface_Crack+Pinhole+unclassified,0,1,3,0|1,Pinhole|unclassified,1128,0.003672
image_234.jpg,R1-800um-top-to-bottom-center_frame_318_patch_0.png,1,800,top-to-bottom-center,R1-800um-top-to-bottom-center,318,0,R1-800um-top-to-bottom-center_frame_318,1,0,0,0,1,1,1-0-0-0,Surface_Crack,0,0,0,none,none,8291,0.026989
image_235.jpg,R1-1000um-top-to-bottom-center_frame_461_patch_3.png,1,1000,top-to-bottom-center,R1-1000um-top-to-bottom-center,461,3,R1-1000um-top-to-bottom-center_frame_461,1,0,0,0,1,1,1-0-0-0,Surface_Crack,0,0,0,none,none,11410,0.037142
image_236.jpg,R1-1000um-top-to-bottom-center_frame_170_patch_6.png,1,1000,top-to-bottom-center,R1-1000um-top-to-bottom-center,170,6,R1-1000um-top-to-bottom-center_frame_170,1,0,1,0,2,1,1-0-1-0,Surface_Crack+Pinhole,0,1,1,0,Pinhole,11085,0.036084
image_237.jpg,R1-700um-top-to-bottom-center_frame_648_patch_8.png,1,700,top-to-bottom-center,R1-700um-top-to-bottom-center,648,8,R1-700um-top-to-bottom-center_frame_648,1,0,1,0,2,1,1-0-1-0,Surface_Crack+Pinhole,0,1,1,0,Pinhole,12509,0.040719
image_238.jpg,R1-700um-top-to-bottom-center_frame_44_patch_5.png,1,700,top-to-bottom-center,R1-700um-top-to-bottom-center,44,5,R1-700um-top-to-bottom-center_frame_44,1,0,1,0,2,1,1-0-1-0,Surface_Crack+Pinhole,0,1,1,0,Pinhole,2624,0.008542
image_239.jpg,R1-900um-top-to-bottom-center_frame_263_patch_8.png,1,900,top-to-bottom-center,R1-900um-top-to-bottom-center,263,8,R1-900um-top-to-bottom-center_frame_263,1,0,0,0,1,1,1-0-0-0,Surface_Crack,0,0,0,none,none,4646,0.015124
image_240.jpg,R1-800um-top-to-bottom-center_frame_49_patch_2.png,1,800,top-to-bottom-center,R1-800um-top-to-bottom-center,49,2,R1-800um-top-to-bottom-center_frame_49,0,0,1,0,1,1,0-0-1-0,Pinhole,0,1,1,0,Pinhole,52,0.000169
image_241.jpg,R1-800um-top-to-bottom-center_frame_413_patch_2.png,1,800,top-to-bottom-center,R1-800um-top-to-bottom-center,413,2,R1-800um-top-to-bottom-center_frame_413,1,0,0,0,1,1,1-0-0-0,Surface_Crack,0,0,0,none,none,1540,0.005013
image_242.jpg,R1-1000um-top-to-bottom-center_frame_85_patch_4.png,1,1000,top-to-bottom-center,R1-1000um-top-to-bottom-center,85,4,R1-1000um-top-to-bottom-center_frame_85,0,0,1,0,1,1,0-0-1-0,Pinhole,0,1,1,0,Pinhole,290,0.000944
image_243.jpg,R1-1100um-top-to-bottom-center_frame_384_patch_8.png,1,1100,top-to-bottom-center,R1-1100um-top-to-bottom-center,384,8,R1-1100um-top-to-bottom-center_frame_384,1,0,0,0,1,1,1-0-0-0,Surface_Crack,0,0,0,none,none,6249,0.020342
image_244.jpg,R1-1100um-top-to-bottom-center-1_frame_250_patch_2.png,1,1100,top-to-bottom-center-1,R1-1100um-top-to-bottom-center-1,250,2,R1-1100um-top-to-bottom-center-1_frame_250,1,0,0,0,1,1,1-0-0-0,Surface_Crack,0,0,0,none,none,10648,0.034661
image_245.jpg,R1-600um-top-to-bottom-center_frame_555_patch_0.png,1,600,top-to-bottom-center,R1-600um-top-to-bottom-center,555,0,R1-600um-top-to-bottom-center_frame_555,0,0,0,1,0,0,0-0-0-1,unclassified,0,1,1,1,unclassified,0,0.0
image_246.jpg,R1-1100um-top-to-bottom-center_frame_97_patch_4.png,1,1100,top-to-bottom-center,R1-1100um-top-to-bottom-center,97,4,R1-1100um-top-to-bottom-center_frame_97,1,0,1,0,2,1,1-0-1-0,Surface_Crack+Pinhole,0,1,1,0,Pinhole,4659,0.015166
image_247.jpg,R1-1100um-top-to-bottom-center-1_frame_502_patch_3.png,1,1100,top-to-bottom-center-1,R1-1100um-top-to-bottom-center-1,502,3,R1-1100um-top-to-bottom-center-1_frame_502,1,1,0,0,2,1,1-1-0-0,Surface_Crack+Delamination,0,0,0,none,none,31874,0.103757
image_248.jpg,R1-900um-top-to-bottom-center_frame_109_patch_5.png,1,900,top-to-bottom-center,R1-900um-top-to-bottom-center,109,5,R1-900um-top-to-bottom-center_frame_109,1,0,0,1,1,1,1-0-0-1,Surface_Crack+unclassified,0,1,2,1,unclassified,586,0.001908
image_249.jpg,R1-1100um-top-to-bottom-center_frame_232_patch_3.png,1,1100,top-to-bottom-center,R1-1100um-top-to-bottom-center,232,3,R1-1100um-top-to-bottom-center_frame_232,1,0,0,0,1,1,1-0-0-0,Surface_Crack,0,0,0,none,none,14003,0.045583
image_250.jpg,R1-1000um-top-to-bottom-center_frame_338_patch_4.png,1,1000,top-to-bottom-center,R1-1000um-top-to-bottom-center,338,4,R1-1000um-top-to-bottom-center_frame_338,1,0,0,0,1,1,1-0-0-0,Surface_Crack,0,0,0,none,none,11167,0.036351
image_251.jpg,R1-600um-top-to-bottom-center_frame_63_patch_6.png,1,600,top-to-bottom-center,R1-600um-top-to-bottom-center,63,6,R1-600um-top-to-bottom-center_frame_63,0,0,1,0,1,1,0-0-1-0,Pinhole,0,1,1,0,Pinhole,285,0.000928
image_252.jpg,R1-600um-top-to-bottom-center_frame_407_patch_7.png,1,600,top-to-bottom-center,R1-600um-top-to-bottom-center,407,7,R1-600um-top-to-bottom-center_frame_407,1,0,0,0,1,1,1-0-0-0,Surface_Crack,0,0,0,none,none,2089,0.0068
image_253.jpg,R1-800um-top-to-bottom-center_frame_49_patch_0.png,1,800,top-to-bottom-center,R1-800um-top-to-bottom-center,49,0,R1-800um-top-to-bottom-center_frame_49,0,0,1,0,1,1,0-0-1-0,Pinhole,0,1,1,0,Pinhole,81,0.000264
image_254.jpg,R1-700um-top-to-bottom-center_frame_597_patch_6.png,1,700,top-to-bottom-center,R1-700um-top-to-bottom-center,597,6,R1-700um-top-to-bottom-center_frame_597,1,0,0,1,1,1,1-0-0-1,Surface_Crack+unclassified,0,1,1,1,unclassified,5479,0.017835
image_255.jpg,R1-1100um-top-to-bottom-center_frame_183_patch_5.png,1,1100,top-to-bottom-center,R1-1100um-top-to-bottom-center,183,5,R1-1100um-top-to-bottom-center_frame_183,1,0,0,0,1,1,1-0-0-0,Surface_Crack,0,0,0,none,none,4515,0.014697
image_256.jpg,R1-1100um-top-to-bottom-center-1_frame_284_patch_8.png,1,1100,top-to-bottom-center-1,R1-1100um-top-to-bottom-center-1,284,8,R1-1100um-top-to-bottom-center-1_frame_284,1,0,1,0,2,1,1-0-1-0,Surface_Crack+Pinhole,0,1,1,0,Pinhole,8026,0.026126
image_257.jpg,R1-1100um-top-to-bottom-center_frame_297_patch_8.png,1,1100,top-to-bottom-center,R1-1100um-top-to-bottom-center,297,8,R1-1100um-top-to-bottom-center_frame_297,1,0,0,0,1,1,1-0-0-0,Surface_Crack,0,0,0,none,none,8870,0.028874
image_258.jpg,R1-700um-top-to-bottom-center_frame_334_patch_5.png,1,700,top-to-bottom-center,R1-700um-top-to-bottom-center,334,5,R1-700um-top-to-bottom-center_frame_334,1,0,1,0,2,1,1-0-1-0,Surface_Crack+Pinhole,0,1,1,0,Pinhole,4741,0.015433
image_259.jpg,R1-1100um-top-to-bottom-center_frame_232_patch_7.png,1,1100,top-to-bottom-center,R1-1100um-top-to-bottom-center,232,7,R1-1100um-top-to-bottom-center_frame_232,1,0,0,0,1,1,1-0-0-0,Surface_Crack,0,0,0,none,none,10966,0.035697
image_260.jpg,R1-800um-top-to-bottom-center_frame_367_patch_5.png,1,800,top-to-bottom-center,R1-800um-top-to-bottom-center,367,5,R1-800um-top-to-bottom-center_frame_367,1,0,1,0,2,1,1-0-1-0,Surface_Crack+Pinhole,0,1,1,0,Pinhole,2817,0.00917
image_261.jpg,R1-1100um-top-to-bottom-center_frame_384_patch_4.png,1,1100,top-to-bottom-center,R1-1100um-top-to-bottom-center,384,4,R1-1100um-top-to-bottom-center_frame_384,1,0,1,0,2,1,1-0-1-0,Surface_Crack+Pinhole,0,1,1,0,Pinhole,9466,0.030814
image_262.jpg,R1-1100um-top-to-bottom-center-1_frame_280_patch_8.png,1,1100,top-to-bottom-center-1,R1-1100um-top-to-bottom-center-1,280,8,R1-1100um-top-to-bottom-center-1_frame_280,1,0,1,0,2,1,1-0-1-0,Surface_Crack+Pinhole,0,1,1,0,Pinhole,7915,0.025765
image_263.jpg,R1-800um-top-to-bottom-center_frame_608_patch_3.png,1,800,top-to-bottom-center,R1-800um-top-to-bottom-center,608,3,R1-800um-top-to-bottom-center_frame_608,1,0,0,0,1,1,1-0-0-0,Surface_Crack,0,0,0,none,none,4817,0.01568
image_264.jpg,R7-700um-middle_frame_221_patch_0.png,7,700,middle,R7-700um-middle,221,0,R7-700um-middle_frame_221,1,0,0,0,1,1,1-0-0-0,Surface_Crack,0,0,0,none,none,559,0.00182
image_265.jpg,R1-900um-top-to-bottom-center_frame_392_patch_0.png,1,900,top-to-bottom-center,R1-900um-top-to-bottom-center,392,0,R1-900um-top-to-bottom-center_frame_392,1,0,0,0,1,1,1-0-0-0,Surface_Crack,0,0,0,none,none,6459,0.021025
image_266.jpg,R1-900um-top-to-bottom-center_frame_152_patch_1.png,1,900,top-to-bottom-center,R1-900um-top-to-bottom-center,152,1,R1-900um-top-to-bottom-center_frame_152,1,0,1,0,2,1,1-0-1-0,Surface_Crack+Pinhole,0,1,1,0,Pinhole,2878,0.009368
image_267.jpg,R1-1100um-top-to-bottom-center_frame_297_patch_6.png,1,1100,top-to-bottom-center,R1-1100um-top-to-bottom-center,297,6,R1-1100um-top-to-bottom-center_frame_297,1,0,0,0,1,1,1-0-0-0,Surface_Crack,0,0,0,none,none,7846,0.02554
image_268.jpg,R1-1100um-top-to-bottom-center_frame_356_patch_4.png,1,1100,top-to-bottom-center,R1-1100um-top-to-bottom-center,356,4,R1-1100um-top-to-bottom-center_frame_356,1,0,0,0,1,1,1-0-0-0,Surface_Crack,0,0,0,none,none,8837,0.028766
image_269.jpg,R1-1100um-top-to-bottom-center-1_frame_342_patch_6.png,1,1100,top-to-bottom-center-1,R1-1100um-top-to-bottom-center-1,342,6,R1-1100um-top-to-bottom-center-1_frame_342,1,0,0,0,1,1,1-0-0-0,Surface_Crack,0,0,0,none,none,11426,0.037194
image_270.jpg,R1-900um-top-to-bottom-center_frame_263_patch_6.png,1,900,top-to-bottom-center,R1-900um-top-to-bottom-center,263,6,R1-900um-top-to-bottom-center_frame_263,1,0,0,0,1,1,1-0-0-0,Surface_Crack,0,0,0,none,none,13214,0.043014
image_271.jpg,R1-1100um-top-to-bottom-center-1_frame_402_patch_6.png,1,1100,top-to-bottom-center-1,R1-1100um-top-to-bottom-center-1,402,6,R1-1100um-top-to-bottom-center-1_frame_402,1,0,0,0,1,1,1-0-0-0,Surface_Crack,0,0,0,none,none,10139,0.033005
image_272.jpg,R1-700um-top-to-bottom-center_frame_570_patch_8.png,1,700,top-to-bottom-center,R1-700um-top-to-bottom-center,570,8,R1-700um-top-to-bottom-center_frame_570,1,0,0,0,1,1,1-0-0-0,Surface_Crack,0,0,0,none,none,2016,0.006562
image_273.jpg,R1-1100um-top-to-bottom-center-1_frame_481_patch_6.png,1,1100,top-to-bottom-center-1,R1-1100um-top-to-bottom-center-1,481,6,R1-1100um-top-to-bottom-center-1_frame_481,1,1,0,0,2,1,1-1-0-0,Surface_Crack+Delamination,0,0,0,none,none,8811,0.028682
image_274.jpg,R1-600um-top-to-bottom-center_frame_611_patch_4.png,1,600,top-to-bottom-center,R1-600um-top-to-bottom-center,611,4,R1-600um-top-to-bottom-center_frame_611,1,0,1,0,2,1,1-0-1-0,Surface_Crack+Pinhole,0,1,1,0,Pinhole,7843,0.025531
image_275.jpg,R1-800um-top-to-bottom-center_frame_641_patch_5.png,1,800,top-to-bottom-center,R1-800um-top-to-bottom-center,641,5,R1-800um-top-to-bottom-center_frame_641,1,0,0,0,1,1,1-0-0-0,Surface_Crack,0,0,0,none,none,16872,0.054922
image_276.jpg,R7-700um-middle_frame_500_patch_3.png,7,700,middle,R7-700um-middle,500,3,R7-700um-middle_frame_500,1,0,0,0,1,1,1-0-0-0,Surface_Crack,0,0,0,none,none,2222,0.007233
image_277.jpg,R1-900um-top-to-bottom-center_frame_251_patch_3.png,1,900,top-to-bottom-center,R1-900um-top-to-bottom-center,251,3,R1-900um-top-to-bottom-center_frame_251,1,0,0,0,1,1,1-0-0-0,Surface_Crack,0,0,0,none,none,15095,0.049137
image_278.jpg,R1-1100um-top-to-bottom-center-1_frame_338_patch_7.png,1,1100,top-to-bottom-center-1,R1-1100um-top-to-bottom-center-1,338,7,R1-1100um-top-to-bottom-center-1_frame_338,1,0,0,0,1,1,1-0-0-0,Surface_Crack,0,0,0,none,none,14422,0.046947
image_279.jpg,R7-700um-middle_frame_251_patch_1.png,7,700,middle,R7-700um-middle,251,1,R7-700um-middle_frame_251,0,0,1,0,1,1,0-0-1-0,Pinhole,0,1,1,0,Pinhole,1592,0.005182
image_280.jpg,R1-1100um-top-to-bottom-center_frame_191_patch_8.png,1,1100,top-to-bottom-center,R1-1100um-top-to-bottom-center,191,8,R1-1100um-top-to-bottom-center_frame_191,1,0,0,0,1,1,1-0-0-0,Surface_Crack,0,0,0,none,none,6397,0.020824
image_281.jpg,R1-1100um-top-to-bottom-center-1_frame_284_patch_7.png,1,1100,top-to-bottom-center-1,R1-1100um-top-to-bottom-center-1,284,7,R1-1100um-top-to-bottom-center-1_frame_284,1,0,0,0,1,1,1-0-0-0,Surface_Crack,0,0,0,none,none,14004,0.045586
image_282.jpg,R1-1000um-top-to-bottom-center_frame_287_patch_2.png,1,1000,top-to-bottom-center,R1-1000um-top-to-bottom-center,287,2,R1-1000um-top-to-bottom-center_frame_287,1,0,0,0,1,1,1-0-0-0,Surface_Crack,0,0,0,none,none,10034,0.032663
image_283.jpg,R7-700um-middle_frame_1_patch_1.png,7,700,middle,R7-700um-middle,1,1,R7-700um-middle_frame_1,1,1,1,0,3,1,1-1-1-0,Surface_Crack+Delamination+Pinhole,0,1,1,0,Pinhole,8649,0.028154
image_284.jpg,R1-1100um-top-to-bottom-center_frame_167_patch_6.png,1,1100,top-to-bottom-center,R1-1100um-top-to-bottom-center,167,6,R1-1100um-top-to-bottom-center_frame_167,1,0,0,0,1,1,1-0-0-0,Surface_Crack,0,0,0,none,none,6190,0.02015
image_285.jpg,R1-800um-top-to-bottom-center_frame_638_patch_4.png,1,800,top-to-bottom-center,R1-800um-top-to-bottom-center,638,4,R1-800um-top-to-bottom-center_frame_638,1,1,0,0,2,1,1-1-0-0,Surface_Crack+Delamination,0,0,0,none,none,22468,0.073138
image_286.jpg,R1-700um-top-to-bottom-center_frame_254_patch_6.png,1,700,top-to-bottom-center,R1-700um-top-to-bottom-center,254,6,R1-700um-top-to-bottom-center_frame_254,0,0,0,0,0,0,0-0-0-0,none,1,0,0,none,none,0,0.0
image_287.jpg,R1-1100um-top-to-bottom-center-1_frame_425_patch_8.png,1,1100,top-to-bottom-center-1,R1-1100um-top-to-bottom-center-1,425,8,R1-1100um-top-to-bottom-center-1_frame_425,1,1,0,0,2,1,1-1-0-0,Surface_Crack+Delamination,0,0,0,none,none,32096,0.104479
image_288.jpg,R1-1000um-top-to-bottom-center_frame_458_patch_8.png,1,1000,top-to-bottom-center,R1-1000um-top-to-bottom-center,458,8,R1-1000um-top-to-bottom-center_frame_458,1,0,0,0,1,1,1-0-0-0,Surface_Crack,0,0,0,none,none,26200,0.085286
image_289.jpg,R1-900um-top-to-bottom-center_frame_392_patch_1.png,1,900,top-to-bottom-center,R1-900um-top-to-bottom-center,392,1,R1-900um-top-to-bottom-center_frame_392,1,0,0,0,1,1,1-0-0-0,Surface_Crack,0,0,0,none,none,4654,0.01515
image_290.jpg,R1-800um-top-to-bottom-center_frame_501_patch_3.png,1,800,top-to-bottom-center,R1-800um-top-to-bottom-center,501,3,R1-800um-top-to-bottom-center_frame_501,1,0,0,0,1,1,1-0-0-0,Surface_Crack,0,0,0,none,none,5814,0.018926
image_291.jpg,R1-900um-top-to-bottom-center_frame_392_patch_7.png,1,900,top-to-bottom-center,R1-900um-top-to-bottom-center,392,7,R1-900um-top-to-bottom-center_frame_392,1,0,0,0,1,1,1-0-0-0,Surface_Crack,0,0,0,none,none,5689,0.018519
image_292.jpg,R1-1100um-top-to-bottom-center_frame_43_patch_1.png,1,1100,top-to-bottom-center,R1-1100um-top-to-bottom-center,43,1,R1-1100um-top-to-bottom-center_frame_43,1,0,0,0,1,1,1-0-0-0,Surface_Crack,0,0,0,none,none,4749,0.015459
image_293.jpg,R1-1100um-top-to-bottom-center_frame_262_patch_2.png,1,1100,top-to-bottom-center,R1-1100um-top-to-bottom-center,262,2,R1-1100um-top-to-bottom-center_frame_262,1,0,0,0,1,1,1-0-0-0,Surface_Crack,0,0,0,none,none,9714,0.031621
image_294.jpg,R1-1100um-top-to-bottom-center_frame_98_patch_4.png,1,1100,top-to-bottom-center,R1-1100um-top-to-bottom-center,98,4,R1-1100um-top-to-bottom-center_frame_98,1,0,1,0,2,1,1-0-1-0,Surface_Crack+Pinhole,0,1,1,0,Pinhole,6401,0.020837
image_295.jpg,R1-600um-top-to-bottom-center_frame_586_patch_5.png,1,600,top-to-bottom-center,R1-600um-top-to-bottom-center,586,5,R1-600um-top-to-bottom-center_frame_586,1,0,0,0,1,1,1-0-0-0,Surface_Crack,0,0,0,none,none,2224,0.00724
image_296.jpg,R1-700um-top-to-bottom-center_frame_64_patch_1.png,1,700,top-to-bottom-center,R1-700um-top-to-bottom-center,64,1,R1-700um-top-to-bottom-center_frame_64,0,0,1,0,1,1,0-0-1-0,Pinhole,0,1,1,0,Pinhole,29,9.4e-05
image_297.jpg,R1-900um-top-to-bottom-center_frame_434_patch_6.png,1,900,top-to-bottom-center,R1-900um-top-to-bottom-center,434,6,R1-900um-top-to-bottom-center_frame_434,1,0,0,0,1,1,1-0-0-0,Surface_Crack,0,0,0,none,none,5983,0.019476
image_298.jpg,R1-1100um-top-to-bottom-center-1_frame_447_patch_1.png,1,1100,top-to-bottom-center-1,R1-1100um-top-to-bottom-center-1,447,1,R1-1100um-top-to-bottom-center-1_frame_447,1,0,0,0,1,1,1-0-0-0,Surface_Crack,0,0,0,none,none,11277,0.036709
image_299.jpg,R1-1100um-top-to-bottom-center_frame_177_patch_2.png,1,1100,top-to-bottom-center,R1-1100um-top-to-bottom-center,177,2,R1-1100um-top-to-bottom-center_frame_177,1,0,0,0,1,1,1-0-0-0,Surface_Crack,0,0,0,none,none,7133,0.023219
image_300.jpg,R1-900um-top-to-bottom-center_frame_207_patch_6.png,1,900,top-to-bottom-center,R1-900um-top-to-bottom-center,207,6,R1-900um-top-to-bottom-center_frame_207,1,0,0,0,1,1,1-0-0-0,Surface_Crack,0,0,0,none,none,9090,0.02959
image_301.jpg,R1-1100um-top-to-bottom-center-1_frame_280_patch_1.png,1,1100,top-to-bottom-center-1,R1-1100um-top-to-bottom-center-1,280,1,R1-1100um-top-to-bottom-center-1_frame_280,1,0,0,0,1,1,1-0-0-0,Surface_Crack,0,0,0,none,none,9288,0.030234
image_302.jpg,R1-800um-top-to-bottom-center_frame_627_patch_8.png,1,800,top-to-bottom-center,R1-800um-top-to-bottom-center,627,8,R1-800um-top-to-bottom-center_frame_627,1,1,1,0,3,1,1-1-1-0,Surface_Crack+Delamination+Pinhole,0,1,1,0,Pinhole,8866,0.028861
image_303.jpg,R1-1100um-top-to-bottom-center-1_frame_447_patch_2.png,1,1100,top-to-bottom-center-1,R1-1100um-top-to-bottom-center-1,447,2,R1-1100um-top-to-bottom-center-1_frame_447,1,1,0,0,2,1,1-1-0-0,Surface_Crack+Delamination,0,0,0,none,none,15728,0.051198
image_304.jpg,R1-700um-top-to-bottom-center_frame_228_patch_5.png,1,700,top-to-bottom-center,R1-700um-top-to-bottom-center,228,5,R1-700um-top-to-bottom-center_frame_228,0,0,0,1,0,0,0-0-0-1,unclassified,0,1,1,1,unclassified,0,0.0
image_305.jpg,R1-1100um-top-to-bottom-center-1_frame_241_patch_4.png,1,1100,top-to-bottom-center-1,R1-1100um-top-to-bottom-center-1,241,4,R1-1100um-top-to-bottom-center-1_frame_241,1,0,0,0,1,1,1-0-0-0,Surface_Crack,0,0,0,none,none,12950,0.042155
image_306.jpg,R1-1100um-top-to-bottom-center_frame_177_patch_8.png,1,1100,top-to-bottom-center,R1-1100um-top-to-bottom-center,177,8,R1-1100um-top-to-bottom-center_frame_177,1,0,0,0,1,1,1-0-0-0,Surface_Crack,0,0,0,none,none,5610,0.018262
image_307.jpg,R1-900um-top-to-bottom-center_frame_251_patch_1.png,1,900,top-to-bottom-center,R1-900um-top-to-bottom-center,251,1,R1-900um-top-to-bottom-center_frame_251,1,0,0,0,1,1,1-0-0-0,Surface_Crack,0,0,0,none,none,6516,0.021211
image_308.jpg,R1-600um-top-to-bottom-center_frame_372_patch_2.png,1,600,top-to-bottom-center,R1-600um-top-to-bottom-center,372,2,R1-600um-top-to-bottom-center_frame_372,1,0,0,0,1,1,1-0-0-0,Surface_Crack,0,0,0,none,none,12416,0.040417
image_309.jpg,R1-700um-top-to-bottom-center_frame_597_patch_5.png,1,700,top-to-bottom-center,R1-700um-top-to-bottom-center,597,5,R1-700um-top-to-bottom-center_frame_597,1,0,0,0,1,1,1-0-0-0,Surface_Crack,0,0,0,none,none,4687,0.015257
image_310.jpg,R1-1100um-top-to-bottom-center_frame_345_patch_6.png,1,1100,top-to-bottom-center,R1-1100um-top-to-bottom-center,345,6,R1-1100um-top-to-bottom-center_frame_345,1,0,1,0,2,1,1-0-1-0,Surface_Crack+Pinhole,0,1,1,0,Pinhole,9496,0.030911
image_311.jpg,R1-900um-top-to-bottom-center_frame_362_patch_5.png,1,900,top-to-bottom-center,R1-900um-top-to-bottom-center,362,5,R1-900um-top-to-bottom-center_frame_362,1,0,0,0,1,1,1-0-0-0,Surface_Crack,0,0,0,none,none,6989,0.022751
image_312.jpg,R1-800um-top-to-bottom-center_frame_540_patch_8.png,1,800,top-to-bottom-center,R1-800um-top-to-bottom-center,540,8,R1-800um-top-to-bottom-center_frame_540,1,0,0,0,1,1,1-0-0-0,Surface_Crack,0,0,0,none,none,6521,0.021227
image_313.jpg,R1-1000um-top-to-bottom-center_frame_8_patch_6.png,1,1000,top-to-bottom-center,R1-1000um-top-to-bottom-center,8,6,R1-1000um-top-to-bottom-center_frame_8,1,0,1,0,2,1,1-0-1-0,Surface_Crack+Pinhole,0,1,1,0,Pinhole,1851,0.006025
image_314.jpg,R1-900um-top-to-bottom-center_frame_290_patch_4.png,1,900,top-to-bottom-center,R1-900um-top-to-bottom-center,290,4,R1-900um-top-to-bottom-center_frame_290,1,0,0,0,1,1,1-0-0-0,Surface_Crack,0,0,0,none,none,8655,0.028174
image_315.jpg,R1-800um-top-to-bottom-center_frame_540_patch_7.png,1,800,top-to-bottom-center,R1-800um-top-to-bottom-center,540,7,R1-800um-top-to-bottom-center_frame_540,1,0,0,0,1,1,1-0-0-0,Surface_Crack,0,0,0,none,none,5787,0.018838
image_316.jpg,R1-600um-top-to-bottom-center_frame_36_patch_7.png,1,600,top-to-bottom-center,R1-600um-top-to-bottom-center,36,7,R1-600um-top-to-bottom-center_frame_36,0,0,1,0,1,1,0-0-1-0,Pinhole,0,1,1,0,Pinhole,14,4.6e-05
image_317.jpg,R1-800um-top-to-bottom-center_frame_641_patch_7.png,1,800,top-to-bottom-center,R1-800um-top-to-bottom-center,641,7,R1-800um-top-to-bottom-center_frame_641,1,1,1,0,3,1,1-1-1-0,Surface_Crack+Delamination+Pinhole,0,1,1,0,Pinhole,17712,0.057656
image_318.jpg,R1-600um-top-to-bottom-center_frame_394_patch_4.png,1,600,top-to-bottom-center,R1-600um-top-to-bottom-center,394,4,R1-600um-top-to-bottom-center_frame_394,1,0,0,0,1,1,1-0-0-0,Surface_Crack,0,0,0,none,none,5727,0.018643
image_319.jpg,R1-900um-top-to-bottom-center_frame_316_patch_2.png,1,900,top-to-bottom-center,R1-900um-top-to-bottom-center,316,2,R1-900um-top-to-bottom-center_frame_316,1,0,0,0,1,1,1-0-0-0,Surface_Crack,0,0,0,none,none,4801,0.015628
image_320.jpg,R1-1100um-top-to-bottom-center_frame_83_patch_5.png,1,1100,top-to-bottom-center,R1-1100um-top-to-bottom-center,83,5,R1-1100um-top-to-bottom-center_frame_83,1,0,0,0,1,1,1-0-0-0,Surface_Crack,0,0,0,none,none,2631,0.008564
image_321.jpg,R1-1000um-top-to-bottom-center_frame_384_patch_3.png,1,1000,top-to-bottom-center,R1-1000um-top-to-bottom-center,384,3,R1-1000um-top-to-bottom-center_frame_384,1,0,1,0,2,1,1-0-1-0,Surface_Crack+Pinhole,0,1,1,0,Pinhole,5741,0.018688
image_322.jpg,R1-900um-top-to-bottom-center_frame_275_patch_7.png,1,900,top-to-bottom-center,R1-900um-top-to-bottom-center,275,7,R1-900um-top-to-bottom-center_frame_275,1,0,0,0,1,1,1-0-0-0,Surface_Crack,0,0,0,none,none,8343,0.027158
image_323.jpg,R1-700um-top-to-bottom-center_frame_590_patch_0.png,1,700,top-to-bottom-center,R1-700um-top-to-bottom-center,590,0,R1-700um-top-to-bottom-center_frame_590,1,0,0,0,1,1,1-0-0-0,Surface_Crack,0,0,0,none,none,10610,0.034538
image_324.jpg,R1-900um-top-to-bottom-center_frame_263_patch_2.png,1,900,top-to-bottom-center,R1-900um-top-to-bottom-center,263,2,R1-900um-top-to-bottom-center_frame_263,1,0,0,0,1,1,1-0-0-0,Surface_Crack,0,0,0,none,none,5521,0.017972
image_325.jpg,R1-1100um-top-to-bottom-center-1_frame_280_patch_0.png,1,1100,top-to-bottom-center-1,R1-1100um-top-to-bottom-center-1,280,0,R1-1100um-top-to-bottom-center-1_frame_280,1,0,0,0,1,1,1-0-0-0,Surface_Crack,0,0,0,none,none,6221,0.020251
image_326.jpg,R1-1000um-top-to-bottom-center_frame_8_patch_5.png,1,1000,top-to-bottom-center,R1-1000um-top-to-bottom-center,8,5,R1-1000um-top-to-bottom-center_frame_8,1,0,0,0,1,1,1-0-0-0,Surface_Crack,0,0,0,none,none,1938,0.006309
image_327.jpg,R1-900um-top-to-bottom-center_frame_332_patch_8.png,1,900,top-to-bottom-center,R1-900um-top-to-bottom-center,332,8,R1-900um-top-to-bottom-center_frame_332,1,0,0,0,1,1,1-0-0-0,Surface_Crack,0,0,0,none,none,4430,0.014421
image_328.jpg,R1-600um-top-to-bottom-center_frame_569_patch_6.png,1,600,top-to-bottom-center,R1-600um-top-to-bottom-center,569,6,R1-600um-top-to-bottom-center_frame_569,1,0,0,1,1,1,1-0-0-1,Surface_Crack+unclassified,0,1,1,1,unclassified,1869,0.006084
image_329.jpg,R1-1000um-top-to-bottom-center_frame_451_patch_7.png,1,1000,top-to-bottom-center,R1-1000um-top-to-bottom-center,451,7,R1-1000um-top-to-bottom-center_frame_451,1,0,1,0,2,1,1-0-1-0,Surface_Crack+Pinhole,0,1,1,0,Pinhole,13080,0.042578
image_330.jpg,R1-1000um-top-to-bottom-center_frame_245_patch_3.png,1,1000,top-to-bottom-center,R1-1000um-top-to-bottom-center,245,3,R1-1000um-top-to-bottom-center_frame_245,1,0,0,0,1,1,1-0-0-0,Surface_Crack,0,0,0,none,none,11146,0.036283
image_331.jpg,R1-1000um-top-to-bottom-center_frame_287_patch_5.png,1,1000,top-to-bottom-center,R1-1000um-top-to-bottom-center,287,5,R1-1000um-top-to-bottom-center_frame_287,1,0,0,0,1,1,1-0-0-0,Surface_Crack,0,0,0,none,none,10002,0.032559
image_332.jpg,R1-900um-top-to-bottom-center_frame_486_patch_5.png,1,900,top-to-bottom-center,R1-900um-top-to-bottom-center,486,5,R1-900um-top-to-bottom-center_frame_486,1,0,0,0,1,1,1-0-0-0,Surface_Crack,0,0,0,none,none,4390,0.01429
image_333.jpg,R1-1000um-top-to-bottom-center_frame_287_patch_0.png,1,1000,top-to-bottom-center,R1-1000um-top-to-bottom-center,287,0,R1-1000um-top-to-bottom-center_frame_287,1,0,0,0,1,1,1-0-0-0,Surface_Crack,0,0,0,none,none,5965,0.019417
image_334.jpg,R1-1000um-top-to-bottom-center_frame_260_patch_0.png,1,1000,top-to-bottom-center,R1-1000um-top-to-bottom-center,260,0,R1-1000um-top-to-bottom-center_frame_260,1,0,0,0,1,1,1-0-0-0,Surface_Crack,0,0,0,none,none,8594,0.027975
image_335.jpg,R1-1100um-top-to-bottom-center_frame_297_patch_2.png,1,1100,top-to-bottom-center,R1-1100um-top-to-bottom-center,297,2,R1-1100um-top-to-bottom-center_frame_297,1,0,0,0,1,1,1-0-0-0,Surface_Crack,0,0,0,none,none,7894,0.025697
image_336.jpg,R1-1100um-top-to-bottom-center-1_frame_205_patch_0.png,1,1100,top-to-bottom-center-1,R1-1100um-top-to-bottom-center-1,205,0,R1-1100um-top-to-bottom-center-1_frame_205,1,0,0,0,1,1,1-0-0-0,Surface_Crack,0,0,0,none,none,7830,0.025488
image_337.jpg,R1-600um-top-to-bottom-center_frame_70_patch_6.png,1,600,top-to-bottom-center,R1-600um-top-to-bottom-center,70,6,R1-600um-top-to-bottom-center_frame_70,0,0,0,0,0,0,0-0-0-0,none,1,0,0,none,none,0,0.0
image_338.jpg,R1-900um-top-to-bottom-center_frame_565_patch_3.png,1,900,top-to-bottom-center,R1-900um-top-to-bottom-center,565,3,R1-900um-top-to-bottom-center_frame_565,1,0,0,0,1,1,1-0-0-0,Surface_Crack,0,0,0,none,none,6562,0.021361
image_339.jpg,R1-700um-top-to-bottom-center_frame_580_patch_6.png,1,700,top-to-bottom-center,R1-700um-top-to-bottom-center,580,6,R1-700um-top-to-bottom-center_frame_580,1,0,1,0,2,1,1-0-1-0,Surface_Crack+Pinhole,0,1,1,0,Pinhole,9074,0.029538
image_340.jpg,R1-600um-top-to-bottom-center_frame_182_patch_3.png,1,600,top-to-bottom-center,R1-600um-top-to-bottom-center,182,3,R1-600um-top-to-bottom-center_frame_182,0,0,1,0,1,1,0-0-1-0,Pinhole,0,1,1,0,Pinhole,60,0.000195
image_341.jpg,R7-700um-middle_frame_97_patch_6.png,7,700,middle,R7-700um-middle,97,6,R7-700um-middle_frame_97,1,1,0,0,2,1,1-1-0-0,Surface_Crack+Delamination,0,0,0,none,none,15041,0.048962
image_342.jpg,R1-600um-top-to-bottom-center_frame_203_patch_8.png,1,600,top-to-bottom-center,R1-600um-top-to-bottom-center,203,8,R1-600um-top-to-bottom-center_frame_203,0,0,1,0,1,1,0-0-1-0,Pinhole,0,1,1,0,Pinhole,95,0.000309
image_343.jpg,R1-1100um-top-to-bottom-center_frame_52_patch_3.png,1,1100,top-to-bottom-center,R1-1100um-top-to-bottom-center,52,3,R1-1100um-top-to-bottom-center_frame_52,1,0,0,0,1,1,1-0-0-0,Surface_Crack,0,0,0,none,none,7255,0.023617
image_344.jpg,R1-1100um-top-to-bottom-center-1_frame_235_patch_3.png,1,1100,top-to-bottom-center-1,R1-1100um-top-to-bottom-center-1,235,3,R1-1100um-top-to-bottom-center-1_frame_235,1,0,0,0,1,1,1-0-0-0,Surface_Crack,0,0,0,none,none,11168,0.036354
image_345.jpg,R1-700um-top-to-bottom-center_frame_648_patch_2.png,1,700,top-to-bottom-center,R1-700um-top-to-bottom-center,648,2,R1-700um-top-to-bottom-center_frame_648,1,0,0,0,1,1,1-0-0-0,Surface_Crack,0,0,0,none,none,18014,0.058639
image_346.jpg,R1-900um-top-to-bottom-center_frame_376_patch_3.png,1,900,top-to-bottom-center,R1-900um-top-to-bottom-center,376,3,R1-900um-top-to-bottom-center_frame_376,1,0,0,0,1,1,1-0-0-0,Surface_Crack,0,0,0,none,none,5211,0.016963
image_347.jpg,R1-600um-top-to-bottom-center_frame_631_patch_6.png,1,600,top-to-bottom-center,R1-600um-top-to-bottom-center,631,6,R1-600um-top-to-bottom-center_frame_631,1,0,0,0,1,1,1-0-0-0,Surface_Crack,0,0,0,none,none,22773,0.074131
image_348.jpg,R1-700um-top-to-bottom-center_frame_41_patch_6.png,1,700,top-to-bottom-center,R1-700um-top-to-bottom-center,41,6,R1-700um-top-to-bottom-center_frame_41,0,0,1,0,1,1,0-0-1-0,Pinhole,0,1,1,0,Pinhole,6,2e-05
image_349.jpg,R1-600um-top-to-bottom-center_frame_622_patch_6.png,1,600,top-to-bottom-center,R1-600um-top-to-bottom-center,622,6,R1-600um-top-to-bottom-center_frame_622,1,0,1,0,2,1,1-0-1-0,Surface_Crack+Pinhole,0,1,2,0,Pinhole,7779,0.025322
image_350.jpg,R1-800um-top-to-bottom-center_frame_367_patch_1.png,1,800,top-to-bottom-center,R1-800um-top-to-bottom-center,367,1,R1-800um-top-to-bottom-center_frame_367,1,0,0,0,1,1,1-0-0-0,Surface_Crack,0,0,0,none,none,6968,0.022682
image_351.jpg,R1-800um-top-to-bottom-center_frame_573_patch_3.png,1,800,top-to-bottom-center,R1-800um-top-to-bottom-center,573,3,R1-800um-top-to-bottom-center_frame_573,1,0,0,0,1,1,1-0-0-0,Surface_Crack,0,0,0,none,none,5893,0.019183
image_352.jpg,R1-800um-top-to-bottom-center_frame_318_patch_4.png,1,800,top-to-bottom-center,R1-800um-top-to-bottom-center,318,4,R1-800um-top-to-bottom-center_frame_318,1,0,1,0,2,1,1-0-1-0,Surface_Crack+Pinhole,0,1,1,0,Pinhole,7355,0.023942
image_353.jpg,R1-1100um-top-to-bottom-center_frame_287_patch_3.png,1,1100,top-to-bottom-center,R1-1100um-top-to-bottom-center,287,3,R1-1100um-top-to-bottom-center_frame_287,1,0,0,0,1,1,1-0-0-0,Surface_Crack,0,0,0,none,none,9461,0.030798
image_354.jpg,R7-700um-middle_frame_558_patch_0.png,7,700,middle,R7-700um-middle,558,0,R7-700um-middle_frame_558,0,1,0,0,1,1,0-1-0-0,Delamination,0,0,0,none,none,65594,0.213522
image_355.jpg,R1-600um-top-to-bottom-center_frame_412_patch_3.png,1,600,top-to-bottom-center,R1-600um-top-to-bottom-center,412,3,R1-600um-top-to-bottom-center_frame_412,1,0,0,0,1,1,1-0-0-0,Surface_Crack,0,0,0,none,none,4535,0.014762
image_356.jpg,R1-1000um-top-to-bottom-center_frame_225_patch_8.png,1,1000,top-to-bottom-center,R1-1000um-top-to-bottom-center,225,8,R1-1000um-top-to-bottom-center_frame_225,1,0,0,0,1,1,1-0-0-0,Surface_Crack,0,0,0,none,none,16113,0.052451
image_357.jpg,R1-1100um-top-to-bottom-center-1_frame_235_patch_4.png,1,1100,top-to-bottom-center-1,R1-1100um-top-to-bottom-center-1,235,4,R1-1100um-top-to-bottom-center-1_frame_235,1,0,0,0,1,1,1-0-0-0,Surface_Crack,0,0,0,none,none,8813,0.028688
image_358.jpg,R1-800um-top-to-bottom-center_frame_413_patch_1.png,1,800,top-to-bottom-center,R1-800um-top-to-bottom-center,413,1,R1-800um-top-to-bottom-center_frame_413,1,0,1,0,2,1,1-0-1-0,Surface_Crack+Pinhole,0,1,1,0,Pinhole,2525,0.008219
image_359.jpg,R1-600um-top-to-bottom-center_frame_418_patch_6.png,1,600,top-to-bottom-center,R1-600um-top-to-bottom-center,418,6,R1-600um-top-to-bottom-center_frame_418,1,0,0,0,1,1,1-0-0-0,Surface_Crack,0,0,0,none,none,2486,0.008092
image_360.jpg,R1-700um-top-to-bottom-center_frame_254_patch_7.png,1,700,top-to-bottom-center,R1-700um-top-to-bottom-center,254,7,R1-700um-top-to-bottom-center_frame_254,0,0,1,0,1,1,0-0-1-0,Pinhole,0,1,1,0,Pinhole,51,0.000166
image_361.jpg,R1-1100um-top-to-bottom-center_frame_361_patch_2.png,1,1100,top-to-bottom-center,R1-1100um-top-to-bottom-center,361,2,R1-1100um-top-to-bottom-center_frame_361,1,0,0,0,1,1,1-0-0-0,Surface_Crack,0,0,0,none,none,4667,0.015192
image_362.jpg,R1-900um-top-to-bottom-center_frame_512_patch_2.png,1,900,top-to-bottom-center,R1-900um-top-to-bottom-center,512,2,R1-900um-top-to-bottom-center_frame_512,1,0,1,0,2,1,1-0-1-0,Surface_Crack+Pinhole,0,1,1,0,Pinhole,9908,0.032253
image_363.jpg,R1-1000um-top-to-bottom-center_frame_209_patch_4.png,1,1000,top-to-bottom-center,R1-1000um-top-to-bottom-center,209,4,R1-1000um-top-to-bottom-center_frame_209,1,0,0,0,1,1,1-0-0-0,Surface_Crack,0,0,0,none,none,8823,0.028721
image_364.jpg,R1-1100um-top-to-bottom-center_frame_370_patch_5.png,1,1100,top-to-bottom-center,R1-1100um-top-to-bottom-center,370,5,R1-1100um-top-to-bottom-center_frame_370,1,0,1,0,2,1,1-0-1-0,Surface_Crack+Pinhole,0,1,1,0,Pinhole,7318,0.023822
image_365.jpg,R1-800um-top-to-bottom-center_frame_413_patch_5.png,1,800,top-to-bottom-center,R1-800um-top-to-bottom-center,413,5,R1-800um-top-to-bottom-center_frame_413,1,0,0,0,1,1,1-0-0-0,Surface_Crack,0,0,0,none,none,3167,0.010309
image_366.jpg,R7-700um-middle_frame_97_patch_2.png,7,700,middle,R7-700um-middle,97,2,R7-700um-middle_frame_97,1,0,0,0,1,1,1-0-0-0,Surface_Crack,0,0,0,none,none,2986,0.00972
image_367.jpg,R1-1000um-top-to-bottom-center_frame_434_patch_1.png,1,1000,top-to-bottom-center,R1-1000um-top-to-bottom-center,434,1,R1-1000um-top-to-bottom-center_frame_434,1,1,0,0,2,1,1-1-0-0,Surface_Crack+Delamination,0,0,0,none,none,12069,0.039287
image_368.jpg,R1-1000um-top-to-bottom-center_frame_384_patch_0.png,1,1000,top-to-bottom-center,R1-1000um-top-to-bottom-center,384,0,R1-1000um-top-to-bottom-center_frame_384,1,0,0,0,1,1,1-0-0-0,Surface_Crack,0,0,0,none,none,7996,0.026029
image_369.jpg,R1-900um-top-to-bottom-center_frame_109_patch_8.png,1,900,top-to-bottom-center,R1-900um-top-to-bottom-center,109,8,R1-900um-top-to-bottom-center_frame_109,1,0,0,1,1,1,1-0-0-1,Surface_Crack+unclassified,0,1,1,1,unclassified,1802,0.005866
image_370.jpg,R1-700um-top-to-bottom-center_frame_228_patch_1.png,1,700,top-to-bottom-center,R1-700um-top-to-bottom-center,228,1,R1-700um-top-to-bottom-center_frame_228,1,0,1,0,2,1,1-0-1-0,Surface_Crack+Pinhole,0,1,1,0,Pinhole,252,0.00082
image_371.jpg,R7-700um-middle_frame_574_patch_1.png,7,700,middle,R7-700um-middle,574,1,R7-700um-middle_frame_574,0,1,0,0,1,1,0-1-0-0,Delamination,0,0,0,none,none,54571,0.17764
image_372.jpg,R1-800um-top-to-bottom-center_frame_479_patch_8.png,1,800,top-to-bottom-center,R1-800um-top-to-bottom-center,479,8,R1-800um-top-to-bottom-center_frame_479,1,0,1,0,2,1,1-0-1-0,Surface_Crack+Pinhole,0,1,1,0,Pinhole,3356,0.010924
image_373.jpg,R1-900um-top-to-bottom-center_frame_194_patch_6.png,1,900,top-to-bottom-center,R1-900um-top-to-bottom-center,194,6,R1-900um-top-to-bottom-center_frame_194,1,0,0,0,1,1,1-0-0-0,Surface_Crack,0,0,0,none,none,3011,0.009801
image_374.jpg,R1-900um-top-to-bottom-center_frame_486_patch_4.png,1,900,top-to-bottom-center,R1-900um-top-to-bottom-center,486,4,R1-900um-top-to-bottom-center_frame_486,1,0,0,0,1,1,1-0-0-0,Surface_Crack,0,0,0,none,none,7576,0.024661
image_375.jpg,R1-700um-top-to-bottom-center_frame_41_patch_4.png,1,700,top-to-bottom-center,R1-700um-top-to-bottom-center,41,4,R1-700um-top-to-bottom-center_frame_41,1,0,0,0,1,1,1-0-0-0,Surface_Crack,0,0,0,none,none,3053,0.009938
image_376.jpg,R1-1100um-top-to-bottom-center-1_frame_96_patch_3.png,1,1100,top-to-bottom-center-1,R1-1100um-top-to-bottom-center-1,96,3,R1-1100um-top-to-bottom-center-1_frame_96,1,0,0,0,1,1,1-0-0-0,Surface_Crack,0,0,0,none,none,11425,0.037191
image_377.jpg,R1-900um-top-to-bottom-center_frame_303_patch_6.png,1,900,top-to-bottom-center,R1-900um-top-to-bottom-center,303,6,R1-900um-top-to-bottom-center_frame_303,1,0,0,1,1,1,1-0-0-1,Surface_Crack+unclassified,0,1,1,1,unclassified,9627,0.031338
image_378.jpg,R1-900um-top-to-bottom-center_frame_434_patch_2.png,1,900,top-to-bottom-center,R1-900um-top-to-bottom-center,434,2,R1-900um-top-to-bottom-center_frame_434,1,0,0,0,1,1,1-0-0-0,Surface_Crack,0,0,0,none,none,5217,0.016982
image_379.jpg,R1-900um-top-to-bottom-center_frame_565_patch_8.png,1,900,top-to-bottom-center,R1-900um-top-to-bottom-center,565,8,R1-900um-top-to-bottom-center_frame_565,1,1,0,0,2,1,1-1-0-0,Surface_Crack+Delamination,0,0,0,none,none,18754,0.061048
image_380.jpg,R1-1100um-top-to-bottom-center-1_frame_329_patch_2.png,1,1100,top-to-bottom-center-1,R1-1100um-top-to-bottom-center-1,329,2,R1-1100um-top-to-bottom-center-1_frame_329,1,0,0,0,1,1,1-0-0-0,Surface_Crack,0,0,0,none,none,16357,0.053245
image_381.jpg,R1-700um-top-to-bottom-center_frame_580_patch_4.png,1,700,top-to-bottom-center,R1-700um-top-to-bottom-center,580,4,R1-700um-top-to-bottom-center_frame_580,1,0,0,0,1,1,1-0-0-0,Surface_Crack,0,0,0,none,none,6979,0.022718
image_382.jpg,R1-900um-top-to-bottom-center_frame_192_patch_8.png,1,900,top-to-bottom-center,R1-900um-top-to-bottom-center,192,8,R1-900um-top-to-bottom-center_frame_192,1,0,0,0,1,1,1-0-0-0,Surface_Crack,0,0,0,none,none,4106,0.013366
image_383.jpg,R1-1000um-top-to-bottom-center_frame_173_patch_7.png,1,1000,top-to-bottom-center,R1-1000um-top-to-bottom-center,173,7,R1-1000um-top-to-bottom-center_frame_173,1,0,0,0,1,1,1-0-0-0,Surface_Crack,0,0,0,none,none,7401,0.024092
image_384.jpg,R1-900um-top-to-bottom-center_frame_593_patch_1.png,1,900,top-to-bottom-center,R1-900um-top-to-bottom-center,593,1,R1-900um-top-to-bottom-center_frame_593,1,0,0,0,1,1,1-0-0-0,Surface_Crack,0,0,0,none,none,15838,0.051556
image_385.jpg,R1-900um-top-to-bottom-center_frame_234_patch_7.png,1,900,top-to-bottom-center,R1-900um-top-to-bottom-center,234,7,R1-900um-top-to-bottom-center_frame_234,1,0,0,0,1,1,1-0-0-0,Surface_Crack,0,0,0,none,none,11110,0.036165
image_386.jpg,R1-700um-top-to-bottom-center_frame_329_patch_8.png,1,700,top-to-bottom-center,R1-700um-top-to-bottom-center,329,8,R1-700um-top-to-bottom-center_frame_329,1,0,0,0,1,1,1-0-0-0,Surface_Crack,0,0,0,none,none,11707,0.038109
image_387.jpg,R1-900um-top-to-bottom-center_frame_275_patch_5.png,1,900,top-to-bottom-center,R1-900um-top-to-bottom-center,275,5,R1-900um-top-to-bottom-center_frame_275,1,0,0,0,1,1,1-0-0-0,Surface_Crack,0,0,0,none,none,5635,0.018343
image_388.jpg,R1-900um-top-to-bottom-center_frame_434_patch_1.png,1,900,top-to-bottom-center,R1-900um-top-to-bottom-center,434,1,R1-900um-top-to-bottom-center_frame_434,1,0,0,0,1,1,1-0-0-0,Surface_Crack,0,0,0,none,none,6235,0.020296
image_389.jpg,R1-1100um-top-to-bottom-center_frame_128_patch_4.png,1,1100,top-to-bottom-center,R1-1100um-top-to-bottom-center,128,4,R1-1100um-top-to-bottom-center_frame_128,1,0,0,0,1,1,1-0-0-0,Surface_Crack,0,0,0,none,none,4410,0.014355
image_390.jpg,R1-1100um-top-to-bottom-center_frame_132_patch_1.png,1,1100,top-to-bottom-center,R1-1100um-top-to-bottom-center,132,1,R1-1100um-top-to-bottom-center_frame_132,1,0,0,0,1,1,1-0-0-0,Surface_Crack,0,0,0,none,none,5901,0.019209
image_391.jpg,R1-1100um-top-to-bottom-center_frame_254_patch_1.png,1,1100,top-to-bottom-center,R1-1100um-top-to-bottom-center,254,1,R1-1100um-top-to-bottom-center_frame_254,1,0,0,0,1,1,1-0-0-0,Surface_Crack,0,0,0,none,none,10428,0.033945
image_392.jpg,R1-800um-top-to-bottom-center_frame_473_patch_4.png,1,800,top-to-bottom-center,R1-800um-top-to-bottom-center,473,4,R1-800um-top-to-bottom-center_frame_473,1,0,0,0,1,1,1-0-0-0,Surface_Crack,0,0,0,none,none,6167,0.020075
image_393.jpg,R1-800um-top-to-bottom-center_frame_641_patch_6.png,1,800,top-to-bottom-center,R1-800um-top-to-bottom-center,641,6,R1-800um-top-to-bottom-center_frame_641,1,1,0,0,2,1,1-1-0-0,Surface_Crack+Delamination,0,0,0,none,none,49791,0.16208
image_394.jpg,R1-1100um-top-to-bottom-center_frame_220_patch_7.png,1,1100,top-to-bottom-center,R1-1100um-top-to-bottom-center,220,7,R1-1100um-top-to-bottom-center_frame_220,1,0,0,0,1,1,1-0-0-0,Surface_Crack,0,0,0,none,none,10733,0.034938
image_395.jpg,R1-1100um-top-to-bottom-center-1_frame_169_patch_2.png,1,1100,top-to-bottom-center-1,R1-1100um-top-to-bottom-center-1,169,2,R1-1100um-top-to-bottom-center-1_frame_169,1,0,0,0,1,1,1-0-0-0,Surface_Crack,0,0,0,none,none,8142,0.026504
image_396.jpg,R1-600um-top-to-bottom-center_frame_586_patch_3.png,1,600,top-to-bottom-center,R1-600um-top-to-bottom-center,586,3,R1-600um-top-to-bottom-center_frame_586,1,0,0,0,1,1,1-0-0-0,Surface_Crack,0,0,0,none,none,2902,0.009447
image_397.jpg,R1-1100um-top-to-bottom-center_frame_147_patch_0.png,1,1100,top-to-bottom-center,R1-1100um-top-to-bottom-center,147,0,R1-1100um-top-to-bottom-center_frame_147,1,0,0,0,1,1,1-0-0-0,Surface_Crack,0,0,0,none,none,8009,0.026071
image_398.jpg,R1-700um-top-to-bottom-center_frame_260_patch_0.png,1,700,top-to-bottom-center,R1-700um-top-to-bottom-center,260,0,R1-700um-top-to-bottom-center_frame_260,1,0,1,0,2,1,1-0-1-0,Surface_Crack+Pinhole,0,1,1,0,Pinhole,813,0.002646
image_399.jpg,R1-1100um-top-to-bottom-center-1_frame_174_patch_0.png,1,1100,top-to-bottom-center-1,R1-1100um-top-to-bottom-center-1,174,0,R1-1100um-top-to-bottom-center-1_frame_174,1,0,0,0,1,1,1-0-0-0,Surface_Crack,0,0,0,none,none,10928,0.035573
image_400.jpg,R1-900um-top-to-bottom-center_frame_316_patch_5.png,1,900,top-to-bottom-center,R1-900um-top-to-bottom-center,316,5,R1-900um-top-to-bottom-center_frame_316,1,0,0,0,1,1,1-0-0-0,Surface_Crack,0,0,0,none,none,7043,0.022926
image_401.jpg,R1-1100um-top-to-bottom-center_frame_330_patch_0.png,1,1100,top-to-bottom-center,R1-1100um-top-to-bottom-center,330,0,R1-1100um-top-to-bottom-center_frame_330,1,0,0,0,1,1,1-0-0-0,Surface_Crack,0,0,0,none,none,9090,0.02959
image_402.jpg,R1-600um-top-to-bottom-center_frame_553_patch_0.png,1,600,top-to-bottom-center,R1-600um-top-to-bottom-center,553,0,R1-600um-top-to-bottom-center_frame_553,1,0,0,1,1,1,1-0-0-1,Surface_Crack+unclassified,0,1,1,1,unclassified,324,0.001055
image_403.jpg,R1-800um-top-to-bottom-center_frame_561_patch_5.png,1,800,top-to-bottom-center,R1-800um-top-to-bottom-center,561,5,R1-800um-top-to-bottom-center_frame_561,1,1,0,0,2,1,1-1-0-0,Surface_Crack+Delamination,0,0,0,none,none,12613,0.041058
image_404.jpg,R1-1000um-top-to-bottom-center_frame_245_patch_7.png,1,1000,top-to-bottom-center,R1-1000um-top-to-bottom-center,245,7,R1-1000um-top-to-bottom-center_frame_245,1,0,0,0,1,1,1-0-0-0,Surface_Crack,0,0,0,none,none,11774,0.038327
image_405.jpg,R1-600um-top-to-bottom-center_frame_594_patch_0.png,1,600,top-to-bottom-center,R1-600um-top-to-bottom-center,594,0,R1-600um-top-to-bottom-center_frame_594,1,0,1,0,2,1,1-0-1-0,Surface_Crack+Pinhole,0,1,1,0,Pinhole,5331,0.017354
image_406.jpg,R1-600um-top-to-bottom-center_frame_659_patch_8.png,1,600,top-to-bottom-center,R1-600um-top-to-bottom-center,659,8,R1-600um-top-to-bottom-center_frame_659,1,0,0,0,1,1,1-0-0-0,Surface_Crack,0,0,0,none,none,29714,0.096725
image_407.jpg,R1-900um-top-to-bottom-center_frame_493_patch_2.png,1,900,top-to-bottom-center,R1-900um-top-to-bottom-center,493,2,R1-900um-top-to-bottom-center_frame_493,1,0,1,0,2,1,1-0-1-0,Surface_Crack+Pinhole,0,1,1,0,Pinhole,4072,0.013255
image_408.jpg,R1-1100um-top-to-bottom-center_frame_83_patch_4.png,1,1100,top-to-bottom-center,R1-1100um-top-to-bottom-center,83,4,R1-1100um-top-to-bottom-center_frame_83,1,0,0,0,1,1,1-0-0-0,Surface_Crack,0,0,0,none,none,6131,0.019958
image_409.jpg,R7-700um-middle_frame_566_patch_7.png,7,700,middle,R7-700um-middle,566,7,R7-700um-middle_frame_566,1,0,0,0,1,1,1-0-0-0,Surface_Crack,0,0,0,none,none,6931,0.022562
image_410.jpg,R1-600um-top-to-bottom-center_frame_586_patch_6.png,1,600,top-to-bottom-center,R1-600um-top-to-bottom-center,586,6,R1-600um-top-to-bottom-center_frame_586,1,0,0,1,1,1,1-0-0-1,Surface_Crack+unclassified,0,1,1,1,unclassified,3540,0.011523
image_411.jpg,R1-1100um-top-to-bottom-center-1_frame_468_patch_7.png,1,1100,top-to-bottom-center-1,R1-1100um-top-to-bottom-center-1,468,7,R1-1100um-top-to-bottom-center-1_frame_468,1,0,0,0,1,1,1-0-0-0,Surface_Crack,0,0,0,none,none,8346,0.027168
image_412.jpg,R1-800um-top-to-bottom-center_frame_255_patch_0.png,1,800,top-to-bottom-center,R1-800um-top-to-bottom-center,255,0,R1-800um-top-to-bottom-center_frame_255,0,0,1,0,1,1,0-0-1-0,Pinhole,0,1,1,0,Pinhole,8,2.6e-05
image_413.jpg,R1-800um-top-to-bottom-center_frame_573_patch_5.png,1,800,top-to-bottom-center,R1-800um-top-to-bottom-center,573,5,R1-800um-top-to-bottom-center_frame_573,1,0,0,0,1,1,1-0-0-0,Surface_Crack,0,0,0,none,none,7303,0.023773
image_414.jpg,R1-1100um-top-to-bottom-center-1_frame_205_patch_1.png,1,1100,top-to-bottom-center-1,R1-1100um-top-to-bottom-center-1,205,1,R1-1100um-top-to-bottom-center-1_frame_205,1,0,0,0,1,1,1-0-0-0,Surface_Crack,0,0,0,none,none,10796,0.035143
image_415.jpg,R1-1000um-top-to-bottom-center_frame_395_patch_6.png,1,1000,top-to-bottom-center,R1-1000um-top-to-bottom-center,395,6,R1-1000um-top-to-bottom-center_frame_395,1,0,0,0,1,1,1-0-0-0,Surface_Crack,0,0,0,none,none,7456,0.024271
image_416.jpg,R1-1100um-top-to-bottom-center_frame_327_patch_0.png,1,1100,top-to-bottom-center,R1-1100um-top-to-bottom-center,327,0,R1-1100um-top-to-bottom-center_frame_327,1,0,0,0,1,1,1-0-0-0,Surface_Crack,0,0,0,none,none,9409,0.030628
image_417.jpg,R1-1100um-top-to-bottom-center-1_frame_338_patch_5.png,1,1100,top-to-bottom-center-1,R1-1100um-top-to-bottom-center-1,338,5,R1-1100um-top-to-bottom-center-1_frame_338,1,0,0,0,1,1,1-0-0-0,Surface_Crack,0,0,0,none,none,16681,0.0543
image_418.jpg,R1-1100um-top-to-bottom-center-1_frame_493_patch_6.png,1,1100,top-to-bottom-center-1,R1-1100um-top-to-bottom-center-1,493,6,R1-1100um-top-to-bottom-center-1_frame_493,1,0,0,0,1,1,1-0-0-0,Surface_Crack,0,0,0,none,none,9022,0.029368
image_419.jpg,R1-700um-top-to-bottom-center_frame_570_patch_1.png,1,700,top-to-bottom-center,R1-700um-top-to-bottom-center,570,1,R1-700um-top-to-bottom-center_frame_570,1,0,0,0,1,1,1-0-0-0,Surface_Crack,0,0,0,none,none,4983,0.016221
image_420.jpg,R7-700um-middle_frame_1_patch_8.png,7,700,middle,R7-700um-middle,1,8,R7-700um-middle_frame_1,1,1,0,0,2,1,1-1-0-0,Surface_Crack+Delamination,0,0,0,none,none,16335,0.053174
image_421.jpg,R1-1100um-top-to-bottom-center_frame_175_patch_2.png,1,1100,top-to-bottom-center,R1-1100um-top-to-bottom-center,175,2,R1-1100um-top-to-bottom-center_frame_175,1,0,0,0,1,1,1-0-0-0,Surface_Crack,0,0,0,none,none,7054,0.022962
image_422.jpg,R1-1100um-top-to-bottom-center_frame_52_patch_7.png,1,1100,top-to-bottom-center,R1-1100um-top-to-bottom-center,52,7,R1-1100um-top-to-bottom-center_frame_52,1,0,1,0,2,1,1-0-1-0,Surface_Crack+Pinhole,0,1,1,0,Pinhole,6755,0.021989
image_423.jpg,R1-900um-top-to-bottom-center_frame_316_patch_8.png,1,900,top-to-bottom-center,R1-900um-top-to-bottom-center,316,8,R1-900um-top-to-bottom-center_frame_316,1,0,0,0,1,1,1-0-0-0,Surface_Crack,0,0,0,none,none,5458,0.017767
image_424.jpg,R1-900um-top-to-bottom-center_frame_221_patch_6.png,1,900,top-to-bottom-center,R1-900um-top-to-bottom-center,221,6,R1-900um-top-to-bottom-center_frame_221,1,0,0,0,1,1,1-0-0-0,Surface_Crack,0,0,0,none,none,13393,0.043597
image_425.jpg,R1-1100um-top-to-bottom-center_frame_254_patch_3.png,1,1100,top-to-bottom-center,R1-1100um-top-to-bottom-center,254,3,R1-1100um-top-to-bottom-center_frame_254,1,0,0,0,1,1,1-0-0-0,Surface_Crack,0,0,0,none,none,11695,0.03807
image_426.jpg,R1-800um-top-to-bottom-center_frame_339_patch_1.png,1,800,top-to-bottom-center,R1-800um-top-to-bottom-center,339,1,R1-800um-top-to-bottom-center_frame_339,1,0,0,0,1,1,1-0-0-0,Surface_Crack,0,0,0,none,none,4698,0.015293
image_427.jpg,R1-1100um-top-to-bottom-center-1_frame_225_patch_6.png,1,1100,top-to-bottom-center-1,R1-1100um-top-to-bottom-center-1,225,6,R1-1100um-top-to-bottom-center-1_frame_225,1,0,0,0,1,1,1-0-0-0,Surface_Crack,0,0,0,none,none,8831,0.028747
image_428.jpg,R1-1100um-top-to-bottom-center_frame_345_patch_8.png,1,1100,top-to-bottom-center,R1-1100um-top-to-bottom-center,345,8,R1-1100um-top-to-bottom-center_frame_345,1,0,0,0,1,1,1-0-0-0,Surface_Crack,0,0,0,none,none,8343,0.027158
image_429.jpg,R1-1100um-top-to-bottom-center_frame_223_patch_7.png,1,1100,top-to-bottom-center,R1-1100um-top-to-bottom-center,223,7,R1-1100um-top-to-bottom-center_frame_223,1,0,0,0,1,1,1-0-0-0,Surface_Crack,0,0,0,none,none,10662,0.034707
image_430.jpg,R1-900um-top-to-bottom-center_frame_288_patch_5.png,1,900,top-to-bottom-center,R1-900um-top-to-bottom-center,288,5,R1-900um-top-to-bottom-center_frame_288,1,0,0,0,1,1,1-0-0-0,Surface_Crack,0,0,0,none,none,4333,0.014105
image_431.jpg,R1-600um-top-to-bottom-center_frame_525_patch_2.png,1,600,top-to-bottom-center,R1-600um-top-to-bottom-center,525,2,R1-600um-top-to-bottom-center_frame_525,1,0,1,0,2,1,1-0-1-0,Surface_Crack+Pinhole,0,1,1,0,Pinhole,750,0.002441
image_432.jpg,R1-900um-top-to-bottom-center_frame_192_patch_3.png,1,900,top-to-bottom-center,R1-900um-top-to-bottom-center,192,3,R1-900um-top-to-bottom-center_frame_192,1,0,0,0,1,1,1-0-0-0,Surface_Crack,0,0,0,none,none,5956,0.019388
image_433.jpg,R1-1100um-top-to-bottom-center_frame_161_patch_7.png,1,1100,top-to-bottom-center,R1-1100um-top-to-bottom-center,161,7,R1-1100um-top-to-bottom-center_frame_161,1,0,0,0,1,1,1-0-0-0,Surface_Crack,0,0,0,none,none,8736,0.028438
image_434.jpg,R1-700um-top-to-bottom-center_frame_485_patch_3.png,1,700,top-to-bottom-center,R1-700um-top-to-bottom-center,485,3,R1-700um-top-to-bottom-center_frame_485,1,0,0,0,1,1,1-0-0-0,Surface_Crack,0,0,0,none,none,6466,0.021048
image_435.jpg,R1-800um-top-to-bottom-center_frame_170_patch_1.png,1,800,top-to-bottom-center,R1-800um-top-to-bottom-center,170,1,R1-800um-top-to-bottom-center_frame_170,0,0,1,0,1,1,0-0-1-0,Pinhole,0,1,1,0,Pinhole,126,0.00041
image_436.jpg,R1-600um-top-to-bottom-center_frame_418_patch_5.png,1,600,top-to-bottom-center,R1-600um-top-to-bottom-center,418,5,R1-600um-top-to-bottom-center_frame_418,1,0,0,0,1,1,1-0-0-0,Surface_Crack,0,0,0,none,none,796,0.002591
image_437.jpg,R1-600um-top-to-bottom-center_frame_45_patch_0.png,1,600,top-to-bottom-center,R1-600um-top-to-bottom-center,45,0,R1-600um-top-to-bottom-center_frame_45,0,0,1,1,1,1,0-0-1-1,Pinhole+unclassified,0,1,2,0|1,Pinhole|unclassified,79,0.000257
image_438.jpg,R1-1100um-top-to-bottom-center-1_frame_96_patch_8.png,1,1100,top-to-bottom-center-1,R1-1100um-top-to-bottom-center-1,96,8,R1-1100um-top-to-bottom-center-1_frame_96,1,0,0,0,1,1,1-0-0-0,Surface_Crack,0,0,0,none,none,6575,0.021403
image_439.jpg,R1-1100um-top-to-bottom-center_frame_177_patch_1.png,1,1100,top-to-bottom-center,R1-1100um-top-to-bottom-center,177,1,R1-1100um-top-to-bottom-center_frame_177,1,0,1,0,2,1,1-0-1-0,Surface_Crack+Pinhole,0,1,1,0,Pinhole,6031,0.019632
image_440.jpg,R1-1100um-top-to-bottom-center-1_frame_284_patch_3.png,1,1100,top-to-bottom-center-1,R1-1100um-top-to-bottom-center-1,284,3,R1-1100um-top-to-bottom-center-1_frame_284,1,0,0,0,1,1,1-0-0-0,Surface_Crack,0,0,0,none,none,11048,0.035964
image_441.jpg,R1-1100um-top-to-bottom-center_frame_345_patch_0.png,1,1100,top-to-bottom-center,R1-1100um-top-to-bottom-center,345,0,R1-1100um-top-to-bottom-center_frame_345,1,0,0,0,1,1,1-0-0-0,Surface_Crack,0,0,0,none,none,8684,0.028268
image_442.jpg,R1-800um-top-to-bottom-center_frame_339_patch_5.png,1,800,top-to-bottom-center,R1-800um-top-to-bottom-center,339,5,R1-800um-top-to-bottom-center_frame_339,1,0,0,0,1,1,1-0-0-0,Surface_Crack,0,0,0,none,none,5931,0.019307
image_443.jpg,R1-900um-top-to-bottom-center_frame_362_patch_8.png,1,900,top-to-bottom-center,R1-900um-top-to-bottom-center,362,8,R1-900um-top-to-bottom-center_frame_362,1,0,0,0,1,1,1-0-0-0,Surface_Crack,0,0,0,none,none,4940,0.016081
image_444.jpg,R1-1100um-top-to-bottom-center-1_frame_481_patch_7.png,1,1100,top-to-bottom-center-1,R1-1100um-top-to-bottom-center-1,481,7,R1-1100um-top-to-bottom-center-1_frame_481,1,1,0,0,2,1,1-1-0-0,Surface_Crack+Delamination,0,0,0,none,none,17986,0.058548
image_445.jpg,R1-600um-top-to-bottom-center_frame_403_patch_7.png,1,600,top-to-bottom-center,R1-600um-top-to-bottom-center,403,7,R1-600um-top-to-bottom-center_frame_403,1,0,0,0,1,1,1-0-0-0,Surface_Crack,0,0,0,none,none,2794,0.009095
image_446.jpg,R1-700um-top-to-bottom-center_frame_218_patch_2.png,1,700,top-to-bottom-center,R1-700um-top-to-bottom-center,218,2,R1-700um-top-to-bottom-center_frame_218,0,0,0,1,0,0,0-0-0-1,unclassified,0,1,1,1,unclassified,0,0.0
image_447.jpg,R1-600um-top-to-bottom-center_frame_274_patch_7.png,1,600,top-to-bottom-center,R1-600um-top-to-bottom-center,274,7,R1-600um-top-to-bottom-center_frame_274,0,0,0,0,0,0,0-0-0-0,none,1,0,0,none,none,0,0.0
image_448.jpg,R1-700um-top-to-bottom-center_frame_597_patch_7.png,1,700,top-to-bottom-center,R1-700um-top-to-bottom-center,597,7,R1-700um-top-to-bottom-center_frame_597,1,0,0,0,1,1,1-0-0-0,Surface_Crack,0,0,0,none,none,4434,0.014434
image_449.jpg,R1-1000um-top-to-bottom-center_frame_487_patch_1.png,1,1000,top-to-bottom-center,R1-1000um-top-to-bottom-center,487,1,R1-1000um-top-to-bottom-center_frame_487,1,1,0,0,2,1,1-1-0-0,Surface_Crack+Delamination,0,0,0,none,none,24157,0.078636
image_450.jpg,R1-900um-top-to-bottom-center_frame_405_patch_1.png,1,900,top-to-bottom-center,R1-900um-top-to-bottom-center,405,1,R1-900um-top-to-bottom-center_frame_405,1,0,0,0,1,1,1-0-0-0,Surface_Crack,0,0,0,none,none,7533,0.024521
image_451.jpg,R1-1100um-top-to-bottom-center_frame_132_patch_5.png,1,1100,top-to-bottom-center,R1-1100um-top-to-bottom-center,132,5,R1-1100um-top-to-bottom-center_frame_132,1,0,1,0,2,1,1-0-1-0,Surface_Crack+Pinhole,0,1,1,0,Pinhole,7118,0.023171
image_452.jpg,R1-700um-top-to-bottom-center_frame_661_patch_5.png,1,700,top-to-bottom-center,R1-700um-top-to-bottom-center,661,5,R1-700um-top-to-bottom-center_frame_661,1,0,0,0,1,1,1-0-0-0,Surface_Crack,0,0,0,none,none,4864,0.015833
image_453.jpg,R1-700um-top-to-bottom-center_frame_590_patch_8.png,1,700,top-to-bottom-center,R1-700um-top-to-bottom-center,590,8,R1-700um-top-to-bottom-center_frame_590,1,0,0,0,1,1,1-0-0-0,Surface_Crack,0,0,0,none,none,4473,0.014561
image_454.jpg,R1-1100um-top-to-bottom-center_frame_109_patch_8.png,1,1100,top-to-bottom-center,R1-1100um-top-to-bottom-center,109,8,R1-1100um-top-to-bottom-center_frame_109,1,0,0,0,1,1,1-0-0-0,Surface_Crack,0,0,0,none,none,4742,0.015436
image_455.jpg,R1-900um-top-to-bottom-center_frame_512_patch_8.png,1,900,top-to-bottom-center,R1-900um-top-to-bottom-center,512,8,R1-900um-top-to-bottom-center_frame_512,1,0,0,0,1,1,1-0-0-0,Surface_Crack,0,0,0,none,none,6442,0.02097
image_456.jpg,R1-1100um-top-to-bottom-center-1_frame_342_patch_1.png,1,1100,top-to-bottom-center-1,R1-1100um-top-to-bottom-center-1,342,1,R1-1100um-top-to-bottom-center-1_frame_342,1,0,0,0,1,1,1-0-0-0,Surface_Crack,0,0,0,none,none,12174,0.039629
image_457.jpg,R1-700um-top-to-bottom-center_frame_44_patch_3.png,1,700,top-to-bottom-center,R1-700um-top-to-bottom-center,44,3,R1-700um-top-to-bottom-center_frame_44,1,0,0,1,1,1,1-0-0-1,Surface_Crack+unclassified,0,1,1,1,unclassified,3037,0.009886
image_458.jpg,R1-700um-top-to-bottom-center_frame_387_patch_0.png,1,700,top-to-bottom-center,R1-700um-top-to-bottom-center,387,0,R1-700um-top-to-bottom-center_frame_387,1,0,0,0,1,1,1-0-0-0,Surface_Crack,0,0,0,none,none,4525,0.01473
image_459.jpg,R7-700um-middle_frame_566_patch_6.png,7,700,middle,R7-700um-middle,566,6,R7-700um-middle_frame_566,1,0,0,0,1,1,1-0-0-0,Surface_Crack,0,0,0,none,none,3890,0.012663
image_460.jpg,R7-700um-middle_frame_553_patch_5.png,7,700,middle,R7-700um-middle,553,5,R7-700um-middle_frame_553,0,1,0,0,1,1,0-1-0-0,Delamination,0,0,0,none,none,9586,0.031204
image_461.jpg,R1-900um-top-to-bottom-center_frame_207_patch_3.png,1,900,top-to-bottom-center,R1-900um-top-to-bottom-center,207,3,R1-900um-top-to-bottom-center_frame_207,1,0,0,0,1,1,1-0-0-0,Surface_Crack,0,0,0,none,none,13383,0.043564
image_462.jpg,R1-1100um-top-to-bottom-center_frame_232_patch_6.png,1,1100,top-to-bottom-center,R1-1100um-top-to-bottom-center,232,6,R1-1100um-top-to-bottom-center_frame_232,1,0,0,0,1,1,1-0-0-0,Surface_Crack,0,0,0,none,none,11363,0.036989
image_463.jpg,R1-700um-top-to-bottom-center_frame_485_patch_4.png,1,700,top-to-bottom-center,R1-700um-top-to-bottom-center,485,4,R1-700um-top-to-bottom-center_frame_485,1,0,0,0,1,1,1-0-0-0,Surface_Crack,0,0,0,none,none,4018,0.013079
image_464.jpg,R1-1100um-top-to-bottom-center_frame_330_patch_6.png,1,1100,top-to-bottom-center,R1-1100um-top-to-bottom-center,330,6,R1-1100um-top-to-bottom-center_frame_330,1,0,0,0,1,1,1-0-0-0,Surface_Crack,0,0,0,none,none,11262,0.03666
image_465.jpg,R1-1000um-top-to-bottom-center_frame_384_patch_8.png,1,1000,top-to-bottom-center,R1-1000um-top-to-bottom-center,384,8,R1-1000um-top-to-bottom-center_frame_384,1,0,0,0,1,1,1-0-0-0,Surface_Crack,0,0,0,none,none,17474,0.056882
image_466.jpg,R1-900um-top-to-bottom-center_frame_486_patch_3.png,1,900,top-to-bottom-center,R1-900um-top-to-bottom-center,486,3,R1-900um-top-to-bottom-center_frame_486,1,0,0,0,1,1,1-0-0-0,Surface_Crack,0,0,0,none,none,6194,0.020163
image_467.jpg,R1-1100um-top-to-bottom-center_frame_161_patch_0.png,1,1100,top-to-bottom-center,R1-1100um-top-to-bottom-center,161,0,R1-1100um-top-to-bottom-center_frame_161,1,0,0,0,1,1,1-0-0-0,Surface_Crack,0,0,0,none,none,8975,0.029215
image_468.jpg,R1-700um-top-to-bottom-center_frame_387_patch_4.png,1,700,top-to-bottom-center,R1-700um-top-to-bottom-center,387,4,R1-700um-top-to-bottom-center_frame_387,1,0,0,0,1,1,1-0-0-0,Surface_Crack,0,0,0,none,none,2593,0.008441
image_469.jpg,R1-800um-top-to-bottom-center_frame_253_patch_0.png,1,800,top-to-bottom-center,R1-800um-top-to-bottom-center,253,0,R1-800um-top-to-bottom-center_frame_253,0,0,0,0,0,0,0-0-0-0,none,1,0,0,none,none,0,0.0
image_470.jpg,R1-700um-top-to-bottom-center_frame_618_patch_2.png,1,700,top-to-bottom-center,R1-700um-top-to-bottom-center,618,2,R1-700um-top-to-bottom-center_frame_618,1,0,0,0,1,1,1-0-0-0,Surface_Crack,0,0,0,none,none,4467,0.014541
image_471.jpg,R1-1000um-top-to-bottom-center_frame_395_patch_0.png,1,1000,top-to-bottom-center,R1-1000um-top-to-bottom-center,395,0,R1-1000um-top-to-bottom-center_frame_395,1,0,0,0,1,1,1-0-0-0,Surface_Crack,0,0,0,none,none,7494,0.024395
image_472.jpg,R1-700um-top-to-bottom-center_frame_452_patch_3.png,1,700,top-to-bottom-center,R1-700um-top-to-bottom-center,452,3,R1-700um-top-to-bottom-center_frame_452,1,0,1,0,2,1,1-0-1-0,Surface_Crack+Pinhole,0,1,1,0,Pinhole,7223,0.023512
image_473.jpg,R1-700um-top-to-bottom-center_frame_570_patch_3.png,1,700,top-to-bottom-center,R1-700um-top-to-bottom-center,570,3,R1-700um-top-to-bottom-center_frame_570,1,0,0,0,1,1,1-0-0-0,Surface_Crack,0,0,0,none,none,6729,0.021904
image_474.jpg,R1-1100um-top-to-bottom-center_frame_254_patch_0.png,1,1100,top-to-bottom-center,R1-1100um-top-to-bottom-center,254,0,R1-1100um-top-to-bottom-center_frame_254,1,0,0,0,1,1,1-0-0-0,Surface_Crack,0,0,0,none,none,10748,0.034987
image_475.jpg,R1-600um-top-to-bottom-center_frame_403_patch_6.png,1,600,top-to-bottom-center,R1-600um-top-to-bottom-center,403,6,R1-600um-top-to-bottom-center_frame_403,1,0,1,0,2,1,1-0-1-0,Surface_Crack+Pinhole,0,1,1,0,Pinhole,5731,0.018656
image_476.jpg,R1-600um-top-to-bottom-center_frame_477_patch_3.png,1,600,top-to-bottom-center,R1-600um-top-to-bottom-center,477,3,R1-600um-top-to-bottom-center_frame_477,1,0,0,0,1,1,1-0-0-0,Surface_Crack,0,0,0,none,none,2257,0.007347
image_477.jpg,R1-1100um-top-to-bottom-center_frame_372_patch_0.png,1,1100,top-to-bottom-center,R1-1100um-top-to-bottom-center,372,0,R1-1100um-top-to-bottom-center_frame_372,1,0,0,0,1,1,1-0-0-0,Surface_Crack,0,0,0,none,none,8770,0.028548
image_478.jpg,R1-600um-top-to-bottom-center_frame_622_patch_1.png,1,600,top-to-bottom-center,R1-600um-top-to-bottom-center,622,1,R1-600um-top-to-bottom-center_frame_622,1,0,0,0,1,1,1-0-0-0,Surface_Crack,0,0,0,none,none,19578,0.06373
image_479.jpg,R1-700um-top-to-bottom-center_frame_485_patch_0.png,1,700,top-to-bottom-center,R1-700um-top-to-bottom-center,485,0,R1-700um-top-to-bottom-center_frame_485,1,0,0,0,1,1,1-0-0-0,Surface_Crack,0,0,0,none,none,5437,0.017699
image_480.jpg,R1-1100um-top-to-bottom-center_frame_239_patch_1.png,1,1100,top-to-bottom-center,R1-1100um-top-to-bottom-center,239,1,R1-1100um-top-to-bottom-center_frame_239,1,0,1,0,2,1,1-0-1-0,Surface_Crack+Pinhole,0,1,1,0,Pinhole,11050,0.03597
image_481.jpg,R1-600um-top-to-bottom-center_frame_659_patch_5.png,1,600,top-to-bottom-center,R1-600um-top-to-bottom-center,659,5,R1-600um-top-to-bottom-center_frame_659,1,0,0,0,1,1,1-0-0-0,Surface_Crack,0,0,0,none,none,17422,0.056712
image_482.jpg,R1-600um-top-to-bottom-center_frame_372_patch_3.png,1,600,top-to-bottom-center,R1-600um-top-to-bottom-center,372,3,R1-600um-top-to-bottom-center_frame_372,1,0,0,0,1,1,1-0-0-0,Surface_Crack,0,0,0,none,none,15661,0.05098
image_483.jpg,R1-800um-top-to-bottom-center_frame_540_patch_2.png,1,800,top-to-bottom-center,R1-800um-top-to-bottom-center,540,2,R1-800um-top-to-bottom-center_frame_540,1,1,0,0,2,1,1-1-0-0,Surface_Crack+Delamination,0,0,0,none,none,10863,0.035361
image_484.jpg,R1-700um-top-to-bottom-center_frame_306_patch_2.png,1,700,top-to-bottom-center,R1-700um-top-to-bottom-center,306,2,R1-700um-top-to-bottom-center_frame_306,1,0,0,0,1,1,1-0-0-0,Surface_Crack,0,0,0,none,none,6851,0.022301
image_485.jpg,R1-1000um-top-to-bottom-center_frame_222_patch_2.png,1,1000,top-to-bottom-center,R1-1000um-top-to-bottom-center,222,2,R1-1000um-top-to-bottom-center_frame_222,1,0,0,0,1,1,1-0-0-0,Surface_Crack,0,0,0,none,none,17006,0.055358
image_486.jpg,R1-800um-top-to-bottom-center_frame_492_patch_2.png,1,800,top-to-bottom-center,R1-800um-top-to-bottom-center,492,2,R1-800um-top-to-bottom-center_frame_492,1,0,0,0,1,1,1-0-0-0,Surface_Crack,0,0,0,none,none,4001,0.013024
image_487.jpg,R1-600um-top-to-bottom-center_frame_622_patch_2.png,1,600,top-to-bottom-center,R1-600um-top-to-bottom-center,622,2,R1-600um-top-to-bottom-center_frame_622,1,0,0,0,1,1,1-0-0-0,Surface_Crack,0,0,0,none,none,24054,0.078301
image_488.jpg,R1-900um-top-to-bottom-center_frame_347_patch_8.png,1,900,top-to-bottom-center,R1-900um-top-to-bottom-center,347,8,R1-900um-top-to-bottom-center_frame_347,1,0,0,0,1,1,1-0-0-0,Surface_Crack,0,0,0,none,none,6964,0.022669
image_489.jpg,R1-1100um-top-to-bottom-center-1_frame_205_patch_4.png,1,1100,top-to-bottom-center-1,R1-1100um-top-to-bottom-center-1,205,4,R1-1100um-top-to-bottom-center-1_frame_205,1,0,0,0,1,1,1-0-0-0,Surface_Crack,0,0,0,none,none,8601,0.027998
image_490.jpg,R1-700um-top-to-bottom-center_frame_228_patch_3.png,1,700,top-to-bottom-center,R1-700um-top-to-bottom-center,228,3,R1-700um-top-to-bottom-center_frame_228,0,0,1,0,1,1,0-0-1-0,Pinhole,0,1,1,0,Pinhole,18,5.9e-05
image_491.jpg,R1-1000um-top-to-bottom-center_frame_451_patch_4.png,1,1000,top-to-bottom-center,R1-1000um-top-to-bottom-center,451,4,R1-1000um-top-to-bottom-center_frame_451,1,0,1,0,2,1,1-0-1-0,Surface_Crack+Pinhole,0,1,1,0,Pinhole,12278,0.039967
image_492.jpg,R1-800um-top-to-bottom-center_frame_641_patch_1.png,1,800,top-to-bottom-center,R1-800um-top-to-bottom-center,641,1,R1-800um-top-to-bottom-center_frame_641,1,0,0,0,1,1,1-0-0-0,Surface_Crack,0,0,0,none,none,5264,0.017135
image_493.jpg,R1-1100um-top-to-bottom-center_frame_77_patch_3.png,1,1100,top-to-bottom-center,R1-1100um-top-to-bottom-center,77,3,R1-1100um-top-to-bottom-center_frame_77,1,0,0,0,1,1,1-0-0-0,Surface_Crack,0,0,0,none,none,917,0.002985
image_494.jpg,R1-1100um-top-to-bottom-center_frame_161_patch_1.png,1,1100,top-to-bottom-center,R1-1100um-top-to-bottom-center,161,1,R1-1100um-top-to-bottom-center_frame_161,1,0,0,0,1,1,1-0-0-0,Surface_Crack,0,0,0,none,none,8500,0.027669
image_495.jpg,R7-700um-middle_frame_97_patch_7.png,7,700,middle,R7-700um-middle,97,7,R7-700um-middle_frame_97,1,1,0,0,2,1,1-1-0-0,Surface_Crack+Delamination,0,0,0,none,none,9593,0.031227
image_496.jpg,R1-600um-top-to-bottom-center_frame_412_patch_7.png,1,600,top-to-bottom-center,R1-600um-top-to-bottom-center,412,7,R1-600um-top-to-bottom-center_frame_412,1,0,0,0,1,1,1-0-0-0,Surface_Crack,0,0,0,none,none,3095,0.010075
image_497.jpg,R1-700um-top-to-bottom-center_frame_426_patch_5.png,1,700,top-to-bottom-center,R1-700um-top-to-bottom-center,426,5,R1-700um-top-to-bottom-center_frame_426,1,0,0,0,1,1,1-0-0-0,Surface_Crack,0,0,0,none,none,2282,0.007428
image_498.jpg,R1-1100um-top-to-bottom-center_frame_386_patch_2.png,1,1100,top-to-bottom-center,R1-1100um-top-to-bottom-center,386,2,R1-1100um-top-to-bottom-center_frame_386,1,0,0,0,1,1,1-0-0-0,Surface_Crack,0,0,0,none,none,6983,0.022731
image_499.jpg,R1-700um-top-to-bottom-center_frame_6_patch_2.png,1,700,top-to-bottom-center,R1-700um-top-to-bottom-center,6,2,R1-700um-top-to-bottom-center_frame_6,1,0,1,0,2,1,1-0-1-0,Surface_Crack+Pinhole,0,1,2,0,Pinhole,1044,0.003398
image_500.jpg,R1-900um-top-to-bottom-center_frame_234_patch_8.png,1,900,top-to-bottom-center,R1-900um-top-to-bottom-center,234,8,R1-900um-top-to-bottom-center_frame_234,1,0,1,0,2,1,1-0-1-0,Surface_Crack+Pinhole,0,1,1,0,Pinhole,4268,0.013893
image_501.jpg,R1-900um-top-to-bottom-center_frame_194_patch_1.png,1,900,top-to-bottom-center,R1-900um-top-to-bottom-center,194,1,R1-900um-top-to-bottom-center_frame_194,1,0,0,0,1,1,1-0-0-0,Surface_Crack,0,0,0,none,none,11204,0.036471
image_502.jpg,R1-1100um-top-to-bottom-center_frame_161_patch_3.png,1,1100,top-to-bottom-center,R1-1100um-top-to-bottom-center,161,3,R1-1100um-top-to-bottom-center_frame_161,1,0,0,0,1,1,1-0-0-0,Surface_Crack,0,0,0,none,none,9104,0.029635
image_503.jpg,R1-600um-top-to-bottom-center_frame_45_patch_6.png,1,600,top-to-bottom-center,R1-600um-top-to-bottom-center,45,6,R1-600um-top-to-bottom-center_frame_45,0,0,1,0,1,1,0-0-1-0,Pinhole,0,1,1,0,Pinhole,27,8.8e-05
image_504.jpg,R1-600um-top-to-bottom-center_frame_201_patch_0.png,1,600,top-to-bottom-center,R1-600um-top-to-bottom-center,201,0,R1-600um-top-to-bottom-center_frame_201,0,0,0,0,0,0,0-0-0-0,none,1,0,0,none,none,0,0.0
image_505.jpg,R1-600um-top-to-bottom-center_frame_596_patch_5.png,1,600,top-to-bottom-center,R1-600um-top-to-bottom-center,596,5,R1-600um-top-to-bottom-center_frame_596,1,0,0,0,1,1,1-0-0-0,Surface_Crack,0,0,0,none,none,3670,0.011947
image_506.jpg,R1-1100um-top-to-bottom-center_frame_372_patch_3.png,1,1100,top-to-bottom-center,R1-1100um-top-to-bottom-center,372,3,R1-1100um-top-to-bottom-center_frame_372,1,1,0,0,2,1,1-1-0-0,Surface_Crack+Delamination,0,0,0,none,none,39170,0.127507
image_507.jpg,R1-1000um-top-to-bottom-center_frame_134_patch_0.png,1,1000,top-to-bottom-center,R1-1000um-top-to-bottom-center,134,0,R1-1000um-top-to-bottom-center_frame_134,1,0,0,0,1,1,1-0-0-0,Surface_Crack,0,0,0,none,none,4408,0.014349
image_508.jpg,R1-600um-top-to-bottom-center_frame_464_patch_0.png,1,600,top-to-bottom-center,R1-600um-top-to-bottom-center,464,0,R1-600um-top-to-bottom-center_frame_464,1,0,0,0,1,1,1-0-0-0,Surface_Crack,0,0,0,none,none,1837,0.00598
image_509.jpg,R1-700um-top-to-bottom-center_frame_306_patch_8.png,1,700,top-to-bottom-center,R1-700um-top-to-bottom-center,306,8,R1-700um-top-to-bottom-center_frame_306,1,0,0,0,1,1,1-0-0-0,Surface_Crack,0,0,0,none,none,8910,0.029004
image_510.jpg,R1-1100um-top-to-bottom-center-1_frame_220_patch_2.png,1,1100,top-to-bottom-center-1,R1-1100um-top-to-bottom-center-1,220,2,R1-1100um-top-to-bottom-center-1_frame_220,1,0,0,0,1,1,1-0-0-0,Surface_Crack,0,0,0,none,none,11489,0.037399
image_511.jpg,R1-1100um-top-to-bottom-center-1_frame_280_patch_2.png,1,1100,top-to-bottom-center-1,R1-1100um-top-to-bottom-center-1,280,2,R1-1100um-top-to-bottom-center-1_frame_280,1,0,0,0,1,1,1-0-0-0,Surface_Crack,0,0,0,none,none,11338,0.036908
image_512.jpg,R1-800um-top-to-bottom-center_frame_501_patch_6.png,1,800,top-to-bottom-center,R1-800um-top-to-bottom-center,501,6,R1-800um-top-to-bottom-center_frame_501,1,0,0,0,1,1,1-0-0-0,Surface_Crack,0,0,0,none,none,5020,0.016341
image_513.jpg,R1-1000um-top-to-bottom-center_frame_458_patch_2.png,1,1000,top-to-bottom-center,R1-1000um-top-to-bottom-center,458,2,R1-1000um-top-to-bottom-center_frame_458,1,0,0,0,1,1,1-0-0-0,Surface_Crack,0,0,0,none,none,21971,0.07152
image_514.jpg,R1-700um-top-to-bottom-center_frame_387_patch_3.png,1,700,top-to-bottom-center,R1-700um-top-to-bottom-center,387,3,R1-700um-top-to-bottom-center_frame_387,1,0,0,0,1,1,1-0-0-0,Surface_Crack,0,0,0,none,none,3707,0.012067
image_515.jpg,R1-800um-top-to-bottom-center_frame_554_patch_2.png,1,800,top-to-bottom-center,R1-800um-top-to-bottom-center,554,2,R1-800um-top-to-bottom-center_frame_554,1,1,1,0,3,1,1-1-1-0,Surface_Crack+Delamination+Pinhole,0,1,1,0,Pinhole,7477,0.024339
image_516.jpg,R7-700um-middle_frame_212_patch_4.png,7,700,middle,R7-700um-middle,212,4,R7-700um-middle_frame_212,1,0,0,0,1,1,1-0-0-0,Surface_Crack,0,0,0,none,none,1600,0.005208
image_517.jpg,R1-1100um-top-to-bottom-center-1_frame_425_patch_0.png,1,1100,top-to-bottom-center-1,R1-1100um-top-to-bottom-center-1,425,0,R1-1100um-top-to-bottom-center-1_frame_425,1,1,0,0,2,1,1-1-0-0,Surface_Crack+Delamination,0,0,0,none,none,11375,0.037028
image_518.jpg,R1-1000um-top-to-bottom-center_frame_487_patch_8.png,1,1000,top-to-bottom-center,R1-1000um-top-to-bottom-center,487,8,R1-1000um-top-to-bottom-center_frame_487,1,0,0,0,1,1,1-0-0-0,Surface_Crack,0,0,0,none,none,35017,0.113988
image_519.jpg,R1-700um-top-to-bottom-center_frame_260_patch_8.png,1,700,top-to-bottom-center,R1-700um-top-to-bottom-center,260,8,R1-700um-top-to-bottom-center_frame_260,0,0,0,0,0,0,0-0-0-0,none,1,0,0,none,none,0,0.0
image_520.jpg,R1-600um-top-to-bottom-center_frame_459_patch_0.png,1,600,top-to-bottom-center,R1-600um-top-to-bottom-center,459,0,R1-600um-top-to-bottom-center_frame_459,1,0,0,0,1,1,1-0-0-0,Surface_Crack,0,0,0,none,none,2463,0.008018
image_521.jpg,R1-600um-top-to-bottom-center_frame_586_patch_4.png,1,600,top-to-bottom-center,R1-600um-top-to-bottom-center,586,4,R1-600um-top-to-bottom-center_frame_586,1,0,0,0,1,1,1-0-0-0,Surface_Crack,0,0,0,none,none,3457,0.011253
image_522.jpg,R1-800um-top-to-bottom-center_frame_638_patch_7.png,1,800,top-to-bottom-center,R1-800um-top-to-bottom-center,638,7,R1-800um-top-to-bottom-center_frame_638,1,1,1,0,3,1,1-1-1-0,Surface_Crack+Delamination+Pinhole,0,1,2,0,Pinhole,15587,0.050739
image_523.jpg,R1-700um-top-to-bottom-center_frame_556_patch_8.png,1,700,top-to-bottom-center,R1-700um-top-to-bottom-center,556,8,R1-700um-top-to-bottom-center_frame_556,1,0,0,0,1,1,1-0-0-0,Surface_Crack,0,0,0,none,none,2388,0.007773
image_524.jpg,R1-1000um-top-to-bottom-center_frame_209_patch_7.png,1,1000,top-to-bottom-center,R1-1000um-top-to-bottom-center,209,7,R1-1000um-top-to-bottom-center_frame_209,1,0,0,0,1,1,1-0-0-0,Surface_Crack,0,0,0,none,none,8347,0.027171
image_525.jpg,R1-1100um-top-to-bottom-center_frame_253_patch_6.png,1,1100,top-to-bottom-center,R1-1100um-top-to-bottom-center,253,6,R1-1100um-top-to-bottom-center_frame_253,1,0,0,0,1,1,1-0-0-0,Surface_Crack,0,0,0,none,none,5855,0.019059
image_526.jpg,R1-1000um-top-to-bottom-center_frame_8_patch_7.png,1,1000,top-to-bottom-center,R1-1000um-top-to-bottom-center,8,7,R1-1000um-top-to-bottom-center_frame_8,1,0,1,0,2,1,1-0-1-0,Surface_Crack+Pinhole,0,1,1,0,Pinhole,5170,0.016829
image_527.jpg,R1-900um-top-to-bottom-center_frame_221_patch_5.png,1,900,top-to-bottom-center,R1-900um-top-to-bottom-center,221,5,R1-900um-top-to-bottom-center_frame_221,1,0,1,0,2,1,1-0-1-0,Surface_Crack+Pinhole,0,1,1,0,Pinhole,5468,0.017799
image_528.jpg,R7-700um-middle_frame_122_patch_1.png,7,700,middle,R7-700um-middle,122,1,R7-700um-middle_frame_122,1,0,0,0,1,1,1-0-0-0,Surface_Crack,0,0,0,none,none,589,0.001917
image_529.jpg,R1-800um-top-to-bottom-center_frame_561_patch_8.png,1,800,top-to-bottom-center,R1-800um-top-to-bottom-center,561,8,R1-800um-top-to-bottom-center_frame_561,1,1,0,0,2,1,1-1-0-0,Surface_Crack+Delamination,0,0,0,none,none,13057,0.042503
image_530.jpg,R1-600um-top-to-bottom-center_frame_457_patch_8.png,1,600,top-to-bottom-center,R1-600um-top-to-bottom-center,457,8,R1-600um-top-to-bottom-center_frame_457,1,0,0,0,1,1,1-0-0-0,Surface_Crack,0,0,0,none,none,1194,0.003887
image_531.jpg,R1-1100um-top-to-bottom-center-1_frame_174_patch_6.png,1,1100,top-to-bottom-center-1,R1-1100um-top-to-bottom-center-1,174,6,R1-1100um-top-to-bottom-center-1_frame_174,1,0,0,0,1,1,1-0-0-0,Surface_Crack,0,0,0,none,none,12078,0.039316
image_532.jpg,R1-600um-top-to-bottom-center_frame_603_patch_4.png,1,600,top-to-bottom-center,R1-600um-top-to-bottom-center,603,4,R1-600um-top-to-bottom-center_frame_603,1,0,0,0,1,1,1-0-0-0,Surface_Crack,0,0,0,none,none,2547,0.008291
image_533.jpg,R1-800um-top-to-bottom-center_frame_573_patch_7.png,1,800,top-to-bottom-center,R1-800um-top-to-bottom-center,573,7,R1-800um-top-to-bottom-center_frame_573,1,1,0,0,2,1,1-1-0-0,Surface_Crack+Delamination,0,0,0,none,none,8588,0.027956
image_534.jpg,R1-800um-top-to-bottom-center_frame_631_patch_4.png,1,800,top-to-bottom-center,R1-800um-top-to-bottom-center,631,4,R1-800um-top-to-bottom-center_frame_631,1,1,0,0,2,1,1-1-0-0,Surface_Crack+Delamination,0,0,0,none,none,18992,0.061823
image_535.jpg,R1-1100um-top-to-bottom-center_frame_264_patch_0.png,1,1100,top-to-bottom-center,R1-1100um-top-to-bottom-center,264,0,R1-1100um-top-to-bottom-center_frame_264,1,0,0,0,1,1,1-0-0-0,Surface_Crack,0,0,0,none,none,9847,0.032054
image_536.jpg,R1-600um-top-to-bottom-center_frame_631_patch_0.png,1,600,top-to-bottom-center,R1-600um-top-to-bottom-center,631,0,R1-600um-top-to-bottom-center_frame_631,1,0,0,0,1,1,1-0-0-0,Surface_Crack,0,0,0,none,none,9091,0.029593
image_537.jpg,R1-1000um-top-to-bottom-center_frame_594_patch_5.png,1,1000,top-to-bottom-center,R1-1000um-top-to-bottom-center,594,5,R1-1000um-top-to-bottom-center_frame_594,1,0,0,0,1,1,1-0-0-0,Surface_Crack,0,0,0,none,none,4511,0.014684
image_538.jpg,R1-600um-top-to-bottom-center_frame_611_patch_8.png,1,600,top-to-bottom-center,R1-600um-top-to-bottom-center,611,8,R1-600um-top-to-bottom-center_frame_611,1,0,1,0,2,1,1-0-1-0,Surface_Crack+Pinhole,0,1,1,0,Pinhole,1433,0.004665
image_539.jpg,R1-1100um-top-to-bottom-center-1_frame_488_patch_1.png,1,1100,top-to-bottom-center-1,R1-1100um-top-to-bottom-center-1,488,1,R1-1100um-top-to-bottom-center-1_frame_488,1,1,0,0,2,1,1-1-0-0,Surface_Crack+Delamination,0,0,0,none,none,19324,0.062904
image_540.jpg,R1-1100um-top-to-bottom-center_frame_308_patch_4.png,1,1100,top-to-bottom-center,R1-1100um-top-to-bottom-center,308,4,R1-1100um-top-to-bottom-center_frame_308,1,0,0,0,1,1,1-0-0-0,Surface_Crack,0,0,0,none,none,10374,0.03377
image_541.jpg,R1-1100um-top-to-bottom-center_frame_123_patch_5.png,1,1100,top-to-bottom-center,R1-1100um-top-to-bottom-center,123,5,R1-1100um-top-to-bottom-center_frame_123,0,0,1,0,1,1,0-0-1-0,Pinhole,0,1,1,0,Pinhole,33,0.000107
image_542.jpg,R1-800um-top-to-bottom-center_frame_304_patch_6.png,1,800,top-to-bottom-center,R1-800um-top-to-bottom-center,304,6,R1-800um-top-to-bottom-center_frame_304,0,0,1,0,1,1,0-0-1-0,Pinhole,0,1,1,0,Pinhole,275,0.000895
image_543.jpg,R1-1100um-top-to-bottom-center_frame_147_patch_1.png,1,1100,top-to-bottom-center,R1-1100um-top-to-bottom-center,147,1,R1-1100um-top-to-bottom-center_frame_147,1,0,0,0,1,1,1-0-0-0,Surface_Crack,0,0,0,none,none,9745,0.031722
image_544.jpg,R1-900um-top-to-bottom-center_frame_166_patch_4.png,1,900,top-to-bottom-center,R1-900um-top-to-bottom-center,166,4,R1-900um-top-to-bottom-center_frame_166,1,0,0,0,1,1,1-0-0-0,Surface_Crack,0,0,0,none,none,3828,0.012461
image_545.jpg,R1-800um-top-to-bottom-center_frame_492_patch_7.png,1,800,top-to-bottom-center,R1-800um-top-to-bottom-center,492,7,R1-800um-top-to-bottom-center_frame_492,1,0,0,0,1,1,1-0-0-0,Surface_Crack,0,0,0,none,none,3937,0.012816
image_546.jpg,R1-900um-top-to-bottom-center_frame_604_patch_5.png,1,900,top-to-bottom-center,R1-900um-top-to-bottom-center,604,5,R1-900um-top-to-bottom-center_frame_604,1,0,0,0,1,1,1-0-0-0,Surface_Crack,0,0,0,none,none,7363,0.023968
image_547.jpg,R1-1100um-top-to-bottom-center_frame_147_patch_2.png,1,1100,top-to-bottom-center,R1-1100um-top-to-bottom-center,147,2,R1-1100um-top-to-bottom-center_frame_147,1,0,0,0,1,1,1-0-0-0,Surface_Crack,0,0,0,none,none,5250,0.01709
image_548.jpg,R1-1100um-top-to-bottom-center_frame_98_patch_2.png,1,1100,top-to-bottom-center,R1-1100um-top-to-bottom-center,98,2,R1-1100um-top-to-bottom-center_frame_98,1,0,0,0,1,1,1-0-0-0,Surface_Crack,0,0,0,none,none,5901,0.019209
image_549.jpg,R1-1000um-top-to-bottom-center_frame_569_patch_5.png,1,1000,top-to-bottom-center,R1-1000um-top-to-bottom-center,569,5,R1-1000um-top-to-bottom-center_frame_569,1,0,0,0,1,1,1-0-0-0,Surface_Crack,0,0,0,none,none,7539,0.024541
image_550.jpg,R1-600um-top-to-bottom-center_frame_376_patch_5.png,1,600,top-to-bottom-center,R1-600um-top-to-bottom-center,376,5,R1-600um-top-to-bottom-center_frame_376,1,0,0,0,1,1,1-0-0-0,Surface_Crack,0,0,0,none,none,17506,0.056986
image_551.jpg,R1-1100um-top-to-bottom-center-1_frame_120_patch_4.png,1,1100,top-to-bottom-center-1,R1-1100um-top-to-bottom-center-1,120,4,R1-1100um-top-to-bottom-center-1_frame_120,1,0,0,0,1,1,1-0-0-0,Surface_Crack,0,0,0,none,none,8284,0.026966
image_552.jpg,R1-1000um-top-to-bottom-center_frame_245_patch_0.png,1,1000,top-to-bottom-center,R1-1000um-top-to-bottom-center,245,0,R1-1000um-top-to-bottom-center_frame_245,1,0,0,0,1,1,1-0-0-0,Surface_Crack,0,0,0,none,none,10922,0.035553
image_553.jpg,R1-900um-top-to-bottom-center_frame_234_patch_1.png,1,900,top-to-bottom-center,R1-900um-top-to-bottom-center,234,1,R1-900um-top-to-bottom-center_frame_234,1,0,0,0,1,1,1-0-0-0,Surface_Crack,0,0,0,none,none,9789,0.031865
image_554.jpg,R1-1000um-top-to-bottom-center_frame_8_patch_1.png,1,1000,top-to-bottom-center,R1-1000um-top-to-bottom-center,8,1,R1-1000um-top-to-bottom-center_frame_8,1,0,0,0,1,1,1-0-0-0,Surface_Crack,0,0,0,none,none,2622,0.008535
image_555.jpg,R1-1000um-top-to-bottom-center_frame_209_patch_2.png,1,1000,top-to-bottom-center,R1-1000um-top-to-bottom-center,209,2,R1-1000um-top-to-bottom-center_frame_209,1,0,0,0,1,1,1-0-0-0,Surface_Crack,0,0,0,none,none,9991,0.032523
image_556.jpg,R1-900um-top-to-bottom-center_frame_192_patch_5.png,1,900,top-to-bottom-center,R1-900um-top-to-bottom-center,192,5,R1-900um-top-to-bottom-center_frame_192,1,0,0,0,1,1,1-0-0-0,Surface_Crack,0,0,0,none,none,5040,0.016406
image_557.jpg,R1-1100um-top-to-bottom-center_frame_308_patch_0.png,1,1100,top-to-bottom-center,R1-1100um-top-to-bottom-center,308,0,R1-1100um-top-to-bottom-center_frame_308,1,0,0,0,1,1,1-0-0-0,Surface_Crack,0,0,0,none,none,9175,0.029867
image_558.jpg,R1-900um-top-to-bottom-center_frame_210_patch_7.png,1,900,top-to-bottom-center,R1-900um-top-to-bottom-center,210,7,R1-900um-top-to-bottom-center_frame_210,1,0,0,0,1,1,1-0-0-0,Surface_Crack,0,0,0,none,none,12492,0.040664
image_559.jpg,R1-1100um-top-to-bottom-center-1_frame_342_patch_5.png,1,1100,top-to-bottom-center-1,R1-1100um-top-to-bottom-center-1,342,5,R1-1100um-top-to-bottom-center-1_frame_342,1,0,0,0,1,1,1-0-0-0,Surface_Crack,0,0,0,none,none,16821,0.054756
image_560.jpg,R1-900um-top-to-bottom-center_frame_234_patch_5.png,1,900,top-to-bottom-center,R1-900um-top-to-bottom-center,234,5,R1-900um-top-to-bottom-center_frame_234,1,0,0,0,1,1,1-0-0-0,Surface_Crack,0,0,0,none,none,6705,0.021826
image_561.jpg,R1-700um-top-to-bottom-center_frame_386_patch_6.png,1,700,top-to-bottom-center,R1-700um-top-to-bottom-center,386,6,R1-700um-top-to-bottom-center_frame_386,1,0,1,0,2,1,1-0-1-0,Surface_Crack+Pinhole,0,1,1,0,Pinhole,1265,0.004118
image_562.jpg,R1-600um-top-to-bottom-center_frame_631_patch_1.png,1,600,top-to-bottom-center,R1-600um-top-to-bottom-center,631,1,R1-600um-top-to-bottom-center_frame_631,1,0,0,0,1,1,1-0-0-0,Surface_Crack,0,0,0,none,none,7063,0.022992
image_563.jpg,R1-1100um-top-to-bottom-center-1_frame_372_patch_1.png,1,1100,top-to-bottom-center-1,R1-1100um-top-to-bottom-center-1,372,1,R1-1100um-top-to-bottom-center-1_frame_372,1,1,0,0,2,1,1-1-0-0,Surface_Crack+Delamination,0,0,0,none,none,35363,0.115114
image_564.jpg,R1-600um-top-to-bottom-center_frame_526_patch_8.png,1,600,top-to-bottom-center,R1-600um-top-to-bottom-center,526,8,R1-600um-top-to-bottom-center_frame_526,1,0,0,0,1,1,1-0-0-0,Surface_Crack,0,0,0,none,none,1521,0.004951
image_565.jpg,R1-600um-top-to-bottom-center_frame_603_patch_1.png,1,600,top-to-bottom-center,R1-600um-top-to-bottom-center,603,1,R1-600um-top-to-bottom-center_frame_603,1,0,1,0,2,1,1-0-1-0,Surface_Crack+Pinhole,0,1,1,0,Pinhole,12293,0.040016
image_566.jpg,R1-1100um-top-to-bottom-center-1_frame_284_patch_4.png,1,1100,top-to-bottom-center-1,R1-1100um-top-to-bottom-center-1,284,4,R1-1100um-top-to-bottom-center-1_frame_284,1,0,0,0,1,1,1-0-0-0,Surface_Crack,0,0,0,none,none,14301,0.046553
image_567.jpg,R1-700um-top-to-bottom-center_frame_648_patch_5.png,1,700,top-to-bottom-center,R1-700um-top-to-bottom-center,648,5,R1-700um-top-to-bottom-center_frame_648,1,0,0,0,1,1,1-0-0-0,Surface_Crack,0,0,0,none,none,29758,0.096868
image_568.jpg,R1-900um-top-to-bottom-center_frame_288_patch_2.png,1,900,top-to-bottom-center,R1-900um-top-to-bottom-center,288,2,R1-900um-top-to-bottom-center_frame_288,1,0,0,0,1,1,1-0-0-0,Surface_Crack,0,0,0,none,none,4963,0.016156
image_569.jpg,R7-700um-middle_frame_520_patch_3.png,7,700,middle,R7-700um-middle,520,3,R7-700um-middle_frame_520,1,0,1,0,2,1,1-0-1-0,Surface_Crack+Pinhole,0,1,1,0,Pinhole,4786,0.015579
image_570.jpg,R1-900um-top-to-bottom-center_frame_564_patch_4.png,1,900,top-to-bottom-center,R1-900um-top-to-bottom-center,564,4,R1-900um-top-to-bottom-center_frame_564,1,0,0,0,1,1,1-0-0-0,Surface_Crack,0,0,0,none,none,10507,0.034202
image_571.jpg,R1-1000um-top-to-bottom-center_frame_180_patch_5.png,1,1000,top-to-bottom-center,R1-1000um-top-to-bottom-center,180,5,R1-1000um-top-to-bottom-center_frame_180,1,0,0,0,1,1,1-0-0-0,Surface_Crack,0,0,0,none,none,18032,0.058698
image_572.jpg,R1-800um-top-to-bottom-center_frame_638_patch_2.png,1,800,top-to-bottom-center,R1-800um-top-to-bottom-center,638,2,R1-800um-top-to-bottom-center_frame_638,1,0,0,0,1,1,1-0-0-0,Surface_Crack,0,0,0,none,none,5479,0.017835
image_573.jpg,R7-700um-middle_frame_581_patch_7.png,7,700,middle,R7-700um-middle,581,7,R7-700um-middle_frame_581,1,1,0,0,2,1,1-1-0-0,Surface_Crack+Delamination,0,0,0,none,none,57618,0.187559
image_574.jpg,R1-1100um-top-to-bottom-center_frame_145_patch_0.png,1,1100,top-to-bottom-center,R1-1100um-top-to-bottom-center,145,0,R1-1100um-top-to-bottom-center_frame_145,1,0,0,0,1,1,1-0-0-0,Surface_Crack,0,0,0,none,none,7915,0.025765
image_575.jpg,R1-1100um-top-to-bottom-center-1_frame_235_patch_8.png,1,1100,top-to-bottom-center-1,R1-1100um-top-to-bottom-center-1,235,8,R1-1100um-top-to-bottom-center-1_frame_235,1,0,0,0,1,1,1-0-0-0,Surface_Crack,0,0,0,none,none,9883,0.032171
image_576.jpg,R1-1100um-top-to-bottom-center-1_frame_397_patch_0.png,1,1100,top-to-bottom-center-1,R1-1100um-top-to-bottom-center-1,397,0,R1-1100um-top-to-bottom-center-1_frame_397,1,0,0,0,1,1,1-0-0-0,Surface_Crack,0,0,0,none,none,11213,0.036501
image_577.jpg,R1-900um-top-to-bottom-center_frame_347_patch_5.png,1,900,top-to-bottom-center,R1-900um-top-to-bottom-center,347,5,R1-900um-top-to-bottom-center_frame_347,1,0,0,0,1,1,1-0-0-0,Surface_Crack,0,0,0,none,none,4859,0.015817
image_578.jpg,R1-600um-top-to-bottom-center_frame_119_patch_4.png,1,600,top-to-bottom-center,R1-600um-top-to-bottom-center,119,4,R1-600um-top-to-bottom-center_frame_119,0,0,1,0,1,1,0-0-1-0,Pinhole,0,1,1,0,Pinhole,1,3e-06
image_579.jpg,R7-700um-middle_frame_1_patch_7.png,7,700,middle,R7-700um-middle,1,7,R7-700um-middle_frame_1,1,1,0,0,2,1,1-1-0-0,Surface_Crack+Delamination,0,0,0,none,none,12760,0.041536
image_580.jpg,R7-700um-middle_frame_97_patch_8.png,7,700,middle,R7-700um-middle,97,8,R7-700um-middle_frame_97,1,0,0,0,1,1,1-0-0-0,Surface_Crack,0,0,0,none,none,11606,0.03778
image_581.jpg,R1-800um-top-to-bottom-center_frame_358_patch_7.png,1,800,top-to-bottom-center,R1-800um-top-to-bottom-center,358,7,R1-800um-top-to-bottom-center_frame_358,1,0,0,0,1,1,1-0-0-0,Surface_Crack,0,0,0,none,none,4852,0.015794
image_582.jpg,R1-1100um-top-to-bottom-center_frame_253_patch_7.png,1,1100,top-to-bottom-center,R1-1100um-top-to-bottom-center,253,7,R1-1100um-top-to-bottom-center_frame_253,1,0,0,0,1,1,1-0-0-0,Surface_Crack,0,0,0,none,none,9181,0.029886
image_583.jpg,R1-700um-top-to-bottom-center_frame_306_patch_6.png,1,700,top-to-bottom-center,R1-700um-top-to-bottom-center,306,6,R1-700um-top-to-bottom-center_frame_306,1,0,0,0,1,1,1-0-0-0,Surface_Crack,0,0,0,none,none,13474,0.043861
image_584.jpg,R1-600um-top-to-bottom-center_frame_412_patch_8.png,1,600,top-to-bottom-center,R1-600um-top-to-bottom-center,412,8,R1-600um-top-to-bottom-center_frame_412,1,0,0,0,1,1,1-0-0-0,Surface_Crack,0,0,0,none,none,1796,0.005846
image_585.jpg,R1-900um-top-to-bottom-center_frame_37_patch_1.png,1,900,top-to-bottom-center,R1-900um-top-to-bottom-center,37,1,R1-900um-top-to-bottom-center_frame_37,0,0,1,0,1,1,0-0-1-0,Pinhole,0,1,1,0,Pinhole,33,0.000107
image_586.jpg,R1-1100um-top-to-bottom-center_frame_327_patch_6.png,1,1100,top-to-bottom-center,R1-1100um-top-to-bottom-center,327,6,R1-1100um-top-to-bottom-center_frame_327,1,0,0,0,1,1,1-0-0-0,Surface_Crack,0,0,0,none,none,11723,0.038161
image_587.jpg,R1-700um-top-to-bottom-center_frame_254_patch_4.png,1,700,top-to-bottom-center,R1-700um-top-to-bottom-center,254,4,R1-700um-top-to-bottom-center_frame_254,0,0,0,0,0,0,0-0-0-0,none,1,0,0,none,none,0,0.0
image_588.jpg,R1-1100um-top-to-bottom-center_frame_193_patch_2.png,1,1100,top-to-bottom-center,R1-1100um-top-to-bottom-center,193,2,R1-1100um-top-to-bottom-center_frame_193,1,0,0,0,1,1,1-0-0-0,Surface_Crack,0,0,0,none,none,9747,0.031729
image_589.jpg,R7-700um-middle_frame_581_patch_3.png,7,700,middle,R7-700um-middle,581,3,R7-700um-middle_frame_581,0,1,0,0,1,1,0-1-0-0,Delamination,0,0,0,none,none,89012,0.289753
image_590.jpg,R7-700um-middle_frame_253_patch_1.png,7,700,middle,R7-700um-middle,253,1,R7-700um-middle_frame_253,0,0,1,0,1,1,0-0-1-0,Pinhole,0,1,1,0,Pinhole,1521,0.004951
image_591.jpg,R1-1100um-top-to-bottom-center-1_frame_402_patch_0.png,1,1100,top-to-bottom-center-1,R1-1100um-top-to-bottom-center-1,402,0,R1-1100um-top-to-bottom-center-1_frame_402,1,0,0,0,1,1,1-0-0-0,Surface_Crack,0,0,0,none,none,10705,0.034847
image_592.jpg,R1-700um-top-to-bottom-center_frame_452_patch_1.png,1,700,top-to-bottom-center,R1-700um-top-to-bottom-center,452,1,R1-700um-top-to-bottom-center_frame_452,1,0,0,0,1,1,1-0-0-0,Surface_Crack,0,0,0,none,none,6681,0.021748
image_593.jpg,R1-700um-top-to-bottom-center_frame_260_patch_2.png,1,700,top-to-bottom-center,R1-700um-top-to-bottom-center,260,2,R1-700um-top-to-bottom-center_frame_260,1,0,0,1,1,1,1-0-0-1,Surface_Crack+unclassified,0,1,1,1,unclassified,2782,0.009056
image_594.jpg,R1-800um-top-to-bottom-center_frame_439_patch_7.png,1,800,top-to-bottom-center,R1-800um-top-to-bottom-center,439,7,R1-800um-top-to-bottom-center_frame_439,1,0,0,0,1,1,1-0-0-0,Surface_Crack,0,0,0,none,none,3724,0.012122
image_595.jpg,R1-1100um-top-to-bottom-center-1_frame_220_patch_1.png,1,1100,top-to-bottom-center-1,R1-1100um-top-to-bottom-center-1,220,1,R1-1100um-top-to-bottom-center-1_frame_220,1,0,0,0,1,1,1-0-0-0,Surface_Crack,0,0,0,none,none,8405,0.02736
image_596.jpg,R1-1000um-top-to-bottom-center_frame_156_patch_2.png,1,1000,top-to-bottom-center,R1-1000um-top-to-bottom-center,156,2,R1-1000um-top-to-bottom-center_frame_156,1,0,0,0,1,1,1-0-0-0,Surface_Crack,0,0,0,none,none,11646,0.03791
image_597.jpg,R1-900um-top-to-bottom-center_frame_332_patch_0.png,1,900,top-to-bottom-center,R1-900um-top-to-bottom-center,332,0,R1-900um-top-to-bottom-center_frame_332,1,0,0,0,1,1,1-0-0-0,Surface_Crack,0,0,0,none,none,11046,0.035957
image_598.jpg,R1-900um-top-to-bottom-center_frame_486_patch_0.png,1,900,top-to-bottom-center,R1-900um-top-to-bottom-center,486,0,R1-900um-top-to-bottom-center_frame_486,1,0,0,0,1,1,1-0-0-0,Surface_Crack,0,0,0,none,none,3983,0.012965
image_599.jpg,R1-700um-top-to-bottom-center_frame_347_patch_8.png,1,700,top-to-bottom-center,R1-700um-top-to-bottom-center,347,8,R1-700um-top-to-bottom-center_frame_347,1,0,1,0,2,1,1-0-1-0,Surface_Crack+Pinhole,0,1,1,0,Pinhole,5707,0.018577
image_600.jpg,R1-800um-top-to-bottom-center_frame_627_patch_3.png,1,800,top-to-bottom-center,R1-800um-top-to-bottom-center,627,3,R1-800um-top-to-bottom-center_frame_627,1,1,0,0,2,1,1-1-0-0,Surface_Crack+Delamination,0,0,0,none,none,54189,0.176396
image_601.jpg,R1-1100um-top-to-bottom-center-1_frame_397_patch_5.png,1,1100,top-to-bottom-center-1,R1-1100um-top-to-bottom-center-1,397,5,R1-1100um-top-to-bottom-center-1_frame_397,1,1,0,0,2,1,1-1-0-0,Surface_Crack+Delamination,0,0,0,none,none,23017,0.074925
image_602.jpg,R1-1000um-top-to-bottom-center_frame_487_patch_0.png,1,1000,top-to-bottom-center,R1-1000um-top-to-bottom-center,487,0,R1-1000um-top-to-bottom-center_frame_487,1,1,0,0,2,1,1-1-0-0,Surface_Crack+Delamination,0,0,0,none,none,11927,0.038825
image_603.jpg,R1-800um-top-to-bottom-center_frame_513_patch_6.png,1,800,top-to-bottom-center,R1-800um-top-to-bottom-center,513,6,R1-800um-top-to-bottom-center_frame_513,1,0,0,0,1,1,1-0-0-0,Surface_Crack,0,0,0,none,none,5061,0.016475
image_604.jpg,R1-900um-top-to-bottom-center_frame_486_patch_7.png,1,900,top-to-bottom-center,R1-900um-top-to-bottom-center,486,7,R1-900um-top-to-bottom-center_frame_486,1,0,0,0,1,1,1-0-0-0,Surface_Crack,0,0,0,none,none,6202,0.020189
image_605.jpg,R1-1100um-top-to-bottom-center-1_frame_250_patch_5.png,1,1100,top-to-bottom-center-1,R1-1100um-top-to-bottom-center-1,250,5,R1-1100um-top-to-bottom-center-1_frame_250,1,0,0,0,1,1,1-0-0-0,Surface_Crack,0,0,0,none,none,11504,0.037448
image_606.jpg,R1-900um-top-to-bottom-center_frame_611_patch_6.png,1,900,top-to-bottom-center,R1-900um-top-to-bottom-center,611,6,R1-900um-top-to-bottom-center_frame_611,1,0,1,0,2,1,1-0-1-0,Surface_Crack+Pinhole,0,1,1,0,Pinhole,23073,0.075107
image_607.jpg,R1-600um-top-to-bottom-center_frame_143_patch_4.png,1,600,top-to-bottom-center,R1-600um-top-to-bottom-center,143,4,R1-600um-top-to-bottom-center_frame_143,0,0,1,0,1,1,0-0-1-0,Pinhole,0,1,1,0,Pinhole,25,8.1e-05
image_608.jpg,R1-900um-top-to-bottom-center_frame_418_patch_3.png,1,900,top-to-bottom-center,R1-900um-top-to-bottom-center,418,3,R1-900um-top-to-bottom-center_frame_418,1,0,0,0,1,1,1-0-0-0,Surface_Crack,0,0,0,none,none,8265,0.026904
image_609.jpg,R7-700um-middle_frame_500_patch_5.png,7,700,middle,R7-700um-middle,500,5,R7-700um-middle_frame_500,1,0,0,0,1,1,1-0-0-0,Surface_Crack,0,0,0,none,none,973,0.003167
image_610.jpg,R1-900um-top-to-bottom-center_frame_290_patch_1.png,1,900,top-to-bottom-center,R1-900um-top-to-bottom-center,290,1,R1-900um-top-to-bottom-center_frame_290,1,0,0,1,1,1,1-0-0-1,Surface_Crack+unclassified,0,1,1,1,unclassified,8046,0.026191
image_611.jpg,R1-1000um-top-to-bottom-center_frame_550_patch_7.png,1,1000,top-to-bottom-center,R1-1000um-top-to-bottom-center,550,7,R1-1000um-top-to-bottom-center_frame_550,1,1,1,0,3,1,1-1-1-0,Surface_Crack+Delamination+Pinhole,0,1,1,0,Pinhole,28018,0.091204
image_612.jpg,R1-600um-top-to-bottom-center_frame_203_patch_3.png,1,600,top-to-bottom-center,R1-600um-top-to-bottom-center,203,3,R1-600um-top-to-bottom-center_frame_203,0,0,1,0,1,1,0-0-1-0,Pinhole,0,1,1,0,Pinhole,64,0.000208
image_613.jpg,R1-900um-top-to-bottom-center_frame_418_patch_8.png,1,900,top-to-bottom-center,R1-900um-top-to-bottom-center,418,8,R1-900um-top-to-bottom-center_frame_418,1,0,0,0,1,1,1-0-0-0,Surface_Crack,0,0,0,none,none,7144,0.023255
image_614.jpg,R1-700um-top-to-bottom-center_frame_329_patch_6.png,1,700,top-to-bottom-center,R1-700um-top-to-bottom-center,329,6,R1-700um-top-to-bottom-center_frame_329,1,0,0,0,1,1,1-0-0-0,Surface_Crack,0,0,0,none,none,8422,0.027415
image_615.jpg,R1-1100um-top-to-bottom-center-1_frame_174_patch_7.png,1,1100,top-to-bottom-center-1,R1-1100um-top-to-bottom-center-1,174,7,R1-1100um-top-to-bottom-center-1_frame_174,1,0,0,0,1,1,1-0-0-0,Surface_Crack,0,0,0,none,none,10140,0.033008
image_616.jpg,R7-700um-middle_frame_120_patch_4.png,7,700,middle,R7-700um-middle,120,4,R7-700um-middle_frame_120,1,0,0,0,1,1,1-0-0-0,Surface_Crack,0,0,0,none,none,4491,0.014619
image_617.jpg,R1-600um-top-to-bottom-center_frame_376_patch_8.png,1,600,top-to-bottom-center,R1-600um-top-to-bottom-center,376,8,R1-600um-top-to-bottom-center_frame_376,1,0,0,0,1,1,1-0-0-0,Surface_Crack,0,0,0,none,none,22700,0.073893
image_618.jpg,R1-1000um-top-to-bottom-center_frame_595_patch_6.png,1,1000,top-to-bottom-center,R1-1000um-top-to-bottom-center,595,6,R1-1000um-top-to-bottom-center_frame_595,1,0,1,0,2,1,1-0-1-0,Surface_Crack+Pinhole,0,1,1,0,Pinhole,6462,0.021035
image_619.jpg,R1-1100um-top-to-bottom-center-1_frame_493_patch_4.png,1,1100,top-to-bottom-center-1,R1-1100um-top-to-bottom-center-1,493,4,R1-1100um-top-to-bottom-center-1_frame_493,1,1,0,0,2,1,1-1-0-0,Surface_Crack+Delamination,0,0,0,none,none,14388,0.046836
image_620.jpg,R1-1100um-top-to-bottom-center-1_frame_45_patch_0.png,1,1100,top-to-bottom-center-1,R1-1100um-top-to-bottom-center-1,45,0,R1-1100um-top-to-bottom-center-1_frame_45,1,0,0,0,1,1,1-0-0-0,Surface_Crack,0,0,0,none,none,4481,0.014587
image_621.jpg,R1-1100um-top-to-bottom-center-1_frame_241_patch_6.png,1,1100,top-to-bottom-center-1,R1-1100um-top-to-bottom-center-1,241,6,R1-1100um-top-to-bottom-center-1_frame_241,1,0,0,0,1,1,1-0-0-0,Surface_Crack,0,0,0,none,none,5372,0.017487
image_622.jpg,R1-900um-top-to-bottom-center_frame_434_patch_5.png,1,900,top-to-bottom-center,R1-900um-top-to-bottom-center,434,5,R1-900um-top-to-bottom-center_frame_434,1,0,0,0,1,1,1-0-0-0,Surface_Crack,0,0,0,none,none,6380,0.020768
image_623.jpg,R1-1100um-top-to-bottom-center_frame_183_patch_2.png,1,1100,top-to-bottom-center,R1-1100um-top-to-bottom-center,183,2,R1-1100um-top-to-bottom-center_frame_183,1,0,0,0,1,1,1-0-0-0,Surface_Crack,0,0,0,none,none,3916,0.012747
image_624.jpg,R1-900um-top-to-bottom-center_frame_418_patch_6.png,1,900,top-to-bottom-center,R1-900um-top-to-bottom-center,418,6,R1-900um-top-to-bottom-center_frame_418,1,0,0,0,1,1,1-0-0-0,Surface_Crack,0,0,0,none,none,5286,0.017207
image_625.jpg,R1-600um-top-to-bottom-center_frame_152_patch_5.png,1,600,top-to-bottom-center,R1-600um-top-to-bottom-center,152,5,R1-600um-top-to-bottom-center_frame_152,0,0,1,0,1,1,0-0-1-0,Pinhole,0,1,1,0,Pinhole,1,3e-06
image_626.jpg,R1-1100um-top-to-bottom-center_frame_330_patch_4.png,1,1100,top-to-bottom-center,R1-1100um-top-to-bottom-center,330,4,R1-1100um-top-to-bottom-center_frame_330,1,0,0,0,1,1,1-0-0-0,Surface_Crack,0,0,0,none,none,8724,0.028398
image_627.jpg,R1-800um-top-to-bottom-center_frame_631_patch_6.png,1,800,top-to-bottom-center,R1-800um-top-to-bottom-center,631,6,R1-800um-top-to-bottom-center_frame_631,1,1,0,0,2,1,1-1-0-0,Surface_Crack+Delamination,0,0,0,none,none,27309,0.088896
image_628.jpg,R1-700um-top-to-bottom-center_frame_77_patch_0.png,1,700,top-to-bottom-center,R1-700um-top-to-bottom-center,77,0,R1-700um-top-to-bottom-center_frame_77,0,0,0,1,0,0,0-0-0-1,unclassified,0,1,1,1,unclassified,0,0.0
image_629.jpg,R1-800um-top-to-bottom-center_frame_316_patch_0.png,1,800,top-to-bottom-center,R1-800um-top-to-bottom-center,316,0,R1-800um-top-to-bottom-center_frame_316,1,0,0,0,1,1,1-0-0-0,Surface_Crack,0,0,0,none,none,7048,0.022943
image_630.jpg,R1-1100um-top-to-bottom-center-1_frame_447_patch_4.png,1,1100,top-to-bottom-center-1,R1-1100um-top-to-bottom-center-1,447,4,R1-1100um-top-to-bottom-center-1_frame_447,1,1,0,0,2,1,1-1-0-0,Surface_Crack+Delamination,0,0,0,none,none,10800,0.035156
image_631.jpg,R1-1000um-top-to-bottom-center_frame_225_patch_3.png,1,1000,top-to-bottom-center,R1-1000um-top-to-bottom-center,225,3,R1-1000um-top-to-bottom-center_frame_225,1,0,0,0,1,1,1-0-0-0,Surface_Crack,0,0,0,none,none,12616,0.041068
image_632.jpg,R1-700um-top-to-bottom-center_frame_572_patch_6.png,1,700,top-to-bottom-center,R1-700um-top-to-bottom-center,572,6,R1-700um-top-to-bottom-center_frame_572,1,0,1,0,2,1,1-0-1-0,Surface_Crack+Pinhole,0,1,1,0,Pinhole,6695,0.021794
image_633.jpg,R1-900um-top-to-bottom-center_frame_565_patch_1.png,1,900,top-to-bottom-center,R1-900um-top-to-bottom-center,565,1,R1-900um-top-to-bottom-center_frame_565,1,0,0,0,1,1,1-0-0-0,Surface_Crack,0,0,0,none,none,10845,0.035303
image_634.jpg,R1-900um-top-to-bottom-center_frame_275_patch_0.png,1,900,top-to-bottom-center,R1-900um-top-to-bottom-center,275,0,R1-900um-top-to-bottom-center_frame_275,1,0,0,0,1,1,1-0-0-0,Surface_Crack,0,0,0,none,none,8290,0.026986
image_635.jpg,R1-900um-top-to-bottom-center_frame_210_patch_3.png,1,900,top-to-bottom-center,R1-900um-top-to-bottom-center,210,3,R1-900um-top-to-bottom-center_frame_210,1,0,0,0,1,1,1-0-0-0,Surface_Crack,0,0,0,none,none,13455,0.043799
image_636.jpg,R1-1100um-top-to-bottom-center-1_frame_190_patch_1.png,1,1100,top-to-bottom-center-1,R1-1100um-top-to-bottom-center-1,190,1,R1-1100um-top-to-bottom-center-1_frame_190,1,0,0,0,1,1,1-0-0-0,Surface_Crack,0,0,0,none,none,6926,0.022546
image_637.jpg,R1-800um-top-to-bottom-center_frame_408_patch_1.png,1,800,top-to-bottom-center,R1-800um-top-to-bottom-center,408,1,R1-800um-top-to-bottom-center_frame_408,1,0,0,0,1,1,1-0-0-0,Surface_Crack,0,0,0,none,none,1871,0.00609
image_638.jpg,R1-600um-top-to-bottom-center_frame_271_patch_7.png,1,600,top-to-bottom-center,R1-600um-top-to-bottom-center,271,7,R1-600um-top-to-bottom-center_frame_271,0,0,0,0,0,0,0-0-0-0,none,1,0,0,none,none,0,0.0
image_639.jpg,R1-1000um-top-to-bottom-center_frame_551_patch_2.png,1,1000,top-to-bottom-center,R1-1000um-top-to-bottom-center,551,2,R1-1000um-top-to-bottom-center_frame_551,1,1,0,0,2,1,1-1-0-0,Surface_Crack+Delamination,0,0,0,none,none,25434,0.082793
image_640.jpg,R1-1000um-top-to-bottom-center_frame_180_patch_1.png,1,1000,top-to-bottom-center,R1-1000um-top-to-bottom-center,180,1,R1-1000um-top-to-bottom-center_frame_180,1,0,0,0,1,1,1-0-0-0,Surface_Crack,0,0,0,none,none,10953,0.035654
image_641.jpg,R1-900um-top-to-bottom-center_frame_593_patch_6.png,1,900,top-to-bottom-center,R1-900um-top-to-bottom-center,593,6,R1-900um-top-to-bottom-center_frame_593,1,0,0,0,1,1,1-0-0-0,Surface_Crack,0,0,0,none,none,5845,0.019027
image_642.jpg,R1-1000um-top-to-bottom-center_frame_487_patch_3.png,1,1000,top-to-bottom-center,R1-1000um-top-to-bottom-center,487,3,R1-1000um-top-to-bottom-center_frame_487,1,1,0,0,2,1,1-1-0-0,Surface_Crack+Delamination,0,0,0,none,none,7768,0.025286
image_643.jpg,R1-1100um-top-to-bottom-center_frame_356_patch_6.png,1,1100,top-to-bottom-center,R1-1100um-top-to-bottom-center,356,6,R1-1100um-top-to-bottom-center_frame_356,1,0,0,0,1,1,1-0-0-0,Surface_Crack,0,0,0,none,none,11914,0.038783
image_644.jpg,R1-1100um-top-to-bottom-center_frame_287_patch_1.png,1,1100,top-to-bottom-center,R1-1100um-top-to-bottom-center,287,1,R1-1100um-top-to-bottom-center_frame_287,1,0,0,0,1,1,1-0-0-0,Surface_Crack,0,0,0,none,none,10238,0.033327
image_645.jpg,R1-900um-top-to-bottom-center_frame_192_patch_2.png,1,900,top-to-bottom-center,R1-900um-top-to-bottom-center,192,2,R1-900um-top-to-bottom-center_frame_192,1,0,0,0,1,1,1-0-0-0,Surface_Crack,0,0,0,none,none,5112,0.016641
image_646.jpg,R1-1000um-top-to-bottom-center_frame_256_patch_1.png,1,1000,top-to-bottom-center,R1-1000um-top-to-bottom-center,256,1,R1-1000um-top-to-bottom-center_frame_256,1,0,0,0,1,1,1-0-0-0,Surface_Crack,0,0,0,none,none,9568,0.031146
image_647.jpg,R1-1100um-top-to-bottom-center_frame_144_patch_8.png,1,1100,top-to-bottom-center,R1-1100um-top-to-bottom-center,144,8,R1-1100um-top-to-bottom-center_frame_144,0,0,1,0,1,1,0-0-1-0,Pinhole,0,1,1,0,Pinhole,47,0.000153
image_648.jpg,R1-600um-top-to-bottom-center_frame_356_patch_5.png,1,600,top-to-bottom-center,R1-600um-top-to-bottom-center,356,5,R1-600um-top-to-bottom-center_frame_356,1,0,0,0,1,1,1-0-0-0,Surface_Crack,0,0,0,none,none,10979,0.035739
image_649.jpg,R1-700um-top-to-bottom-center_frame_306_patch_3.png,1,700,top-to-bottom-center,R1-700um-top-to-bottom-center,306,3,R1-700um-top-to-bottom-center_frame_306,1,0,0,0,1,1,1-0-0-0,Surface_Crack,0,0,0,none,none,7445,0.024235
image_650.jpg,R1-1100um-top-to-bottom-center-1_frame_488_patch_4.png,1,1100,top-to-bottom-center-1,R1-1100um-top-to-bottom-center-1,488,4,R1-1100um-top-to-bottom-center-1_frame_488,1,1,0,0,2,1,1-1-0-0,Surface_Crack+Delamination,0,0,0,none,none,14651,0.047692
image_651.jpg,R1-600um-top-to-bottom-center_frame_631_patch_7.png,1,600,top-to-bottom-center,R1-600um-top-to-bottom-center,631,7,R1-600um-top-to-bottom-center_frame_631,1,0,1,0,2,1,1-0-1-0,Surface_Crack+Pinhole,0,1,1,0,Pinhole,15055,0.049007
image_652.jpg,R1-600um-top-to-bottom-center_frame_622_patch_0.png,1,600,top-to-bottom-center,R1-600um-top-to-bottom-center,622,0,R1-600um-top-to-bottom-center_frame_622,1,0,0,0,1,1,1-0-0-0,Surface_Crack,0,0,0,none,none,21600,0.070312
image_653.jpg,R1-800um-top-to-bottom-center_frame_554_patch_7.png,1,800,top-to-bottom-center,R1-800um-top-to-bottom-center,554,7,R1-800um-top-to-bottom-center_frame_554,1,0,0,0,1,1,1-0-0-0,Surface_Crack,0,0,0,none,none,5179,0.016859
image_654.jpg,R1-600um-top-to-bottom-center_frame_174_patch_0.png,1,600,top-to-bottom-center,R1-600um-top-to-bottom-center,174,0,R1-600um-top-to-bottom-center_frame_174,0,0,1,0,1,1,0-0-1-0,Pinhole,0,1,1,0,Pinhole,81,0.000264
image_655.jpg,R1-600um-top-to-bottom-center_frame_127_patch_7.png,1,600,top-to-bottom-center,R1-600um-top-to-bottom-center,127,7,R1-600um-top-to-bottom-center_frame_127,0,0,0,0,0,0,0-0-0-0,none,1,0,0,none,none,0,0.0
image_656.jpg,R1-800um-top-to-bottom-center_frame_201_patch_5.png,1,800,top-to-bottom-center,R1-800um-top-to-bottom-center,201,5,R1-800um-top-to-bottom-center_frame_201,0,0,0,1,0,0,0-0-0-1,unclassified,0,1,1,1,unclassified,0,0.0
image_657.jpg,R1-1100um-top-to-bottom-center_frame_345_patch_3.png,1,1100,top-to-bottom-center,R1-1100um-top-to-bottom-center,345,3,R1-1100um-top-to-bottom-center_frame_345,1,0,0,0,1,1,1-0-0-0,Surface_Crack,0,0,0,none,none,8527,0.027757
image_658.jpg,R1-800um-top-to-bottom-center_frame_573_patch_8.png,1,800,top-to-bottom-center,R1-800um-top-to-bottom-center,573,8,R1-800um-top-to-bottom-center_frame_573,1,1,1,0,3,1,1-1-1-0,Surface_Crack+Delamination+Pinhole,0,1,1,0,Pinhole,11185,0.03641
image_659.jpg,R1-1100um-top-to-bottom-center_frame_245_patch_3.png,1,1100,top-to-bottom-center,R1-1100um-top-to-bottom-center,245,3,R1-1100um-top-to-bottom-center_frame_245,1,0,1,0,2,1,1-0-1-0,Surface_Crack+Pinhole,0,1,1,0,Pinhole,8093,0.026344
image_660.jpg,R1-1100um-top-to-bottom-center_frame_264_patch_6.png,1,1100,top-to-bottom-center,R1-1100um-top-to-bottom-center,264,6,R1-1100um-top-to-bottom-center_frame_264,1,0,0,0,1,1,1-0-0-0,Surface_Crack,0,0,0,none,none,9509,0.030954
image_661.jpg,R1-700um-top-to-bottom-center_frame_505_patch_6.png,1,700,top-to-bottom-center,R1-700um-top-to-bottom-center,505,6,R1-700um-top-to-bottom-center_frame_505,1,0,0,0,1,1,1-0-0-0,Surface_Crack,0,0,0,none,none,9534,0.031035
image_662.jpg,R1-600um-top-to-bottom-center_frame_659_patch_4.png,1,600,top-to-bottom-center,R1-600um-top-to-bottom-center,659,4,R1-600um-top-to-bottom-center_frame_659,1,0,0,0,1,1,1-0-0-0,Surface_Crack,0,0,0,none,none,12674,0.041257
image_663.jpg,R1-1100um-top-to-bottom-center-1_frame_372_patch_8.png,1,1100,top-to-bottom-center-1,R1-1100um-top-to-bottom-center-1,372,8,R1-1100um-top-to-bottom-center-1_frame_372,1,0,0,0,1,1,1-0-0-0,Surface_Crack,0,0,0,none,none,22124,0.072018
image_664.jpg,R1-1000um-top-to-bottom-center_frame_134_patch_1.png,1,1000,top-to-bottom-center,R1-1000um-top-to-bottom-center,134,1,R1-1000um-top-to-bottom-center_frame_134,1,0,0,0,1,1,1-0-0-0,Surface_Crack,0,0,0,none,none,5161,0.0168
image_665.jpg,R1-600um-top-to-bottom-center_frame_279_patch_0.png,1,600,top-to-bottom-center,R1-600um-top-to-bottom-center,279,0,R1-600um-top-to-bottom-center_frame_279,0,0,0,0,0,0,0-0-0-0,none,1,0,0,none,none,0,0.0
image_666.jpg,R1-1100um-top-to-bottom-center_frame_281_patch_8.png,1,1100,top-to-bottom-center,R1-1100um-top-to-bottom-center,281,8,R1-1100um-top-to-bottom-center_frame_281,1,0,0,0,1,1,1-0-0-0,Surface_Crack,0,0,0,none,none,7800,0.025391
image_667.jpg,R1-700um-top-to-bottom-center_frame_572_patch_1.png,1,700,top-to-bottom-center,R1-700um-top-to-bottom-center,572,1,R1-700um-top-to-bottom-center_frame_572,1,0,0,0,1,1,1-0-0-0,Surface_Crack,0,0,0,none,none,5906,0.019225
image_668.jpg,R1-800um-top-to-bottom-center_frame_540_patch_1.png,1,800,top-to-bottom-center,R1-800um-top-to-bottom-center,540,1,R1-800um-top-to-bottom-center_frame_540,1,0,0,0,1,1,1-0-0-0,Surface_Crack,0,0,0,none,none,8001,0.026045
image_669.jpg,R1-800um-top-to-bottom-center_frame_501_patch_1.png,1,800,top-to-bottom-center,R1-800um-top-to-bottom-center,501,1,R1-800um-top-to-bottom-center_frame_501,1,0,0,0,1,1,1-0-0-0,Surface_Crack,0,0,0,none,none,5685,0.018506
image_670.jpg,R1-600um-top-to-bottom-center_frame_165_patch_7.png,1,600,top-to-bottom-center,R1-600um-top-to-bottom-center,165,7,R1-600um-top-to-bottom-center_frame_165,0,0,0,1,0,0,0-0-0-1,unclassified,0,1,1,1,unclassified,0,0.0
image_671.jpg,R7-700um-middle_frame_503_patch_7.png,7,700,middle,R7-700um-middle,503,7,R7-700um-middle_frame_503,1,0,0,0,1,1,1-0-0-0,Surface_Crack,0,0,0,none,none,1018,0.003314
image_672.jpg,R1-1100um-top-to-bottom-center_frame_372_patch_4.png,1,1100,top-to-bottom-center,R1-1100um-top-to-bottom-center,372,4,R1-1100um-top-to-bottom-center_frame_372,1,0,1,0,2,1,1-0-1-0,Surface_Crack+Pinhole,0,1,1,0,Pinhole,12569,0.040915
image_673.jpg,R1-800um-top-to-bottom-center_frame_623_patch_3.png,1,800,top-to-bottom-center,R1-800um-top-to-bottom-center,623,3,R1-800um-top-to-bottom-center_frame_623,1,1,0,0,2,1,1-1-0-0,Surface_Crack+Delamination,0,0,0,none,none,38963,0.126833
image_674.jpg,R1-1100um-top-to-bottom-center_frame_86_patch_5.png,1,1100,top-to-bottom-center,R1-1100um-top-to-bottom-center,86,5,R1-1100um-top-to-bottom-center_frame_86,1,0,0,0,1,1,1-0-0-0,Surface_Crack,0,0,0,none,none,3672,0.011953
image_675.jpg,R1-1000um-top-to-bottom-center_frame_384_patch_4.png,1,1000,top-to-bottom-center,R1-1000um-top-to-bottom-center,384,4,R1-1000um-top-to-bottom-center_frame_384,1,0,0,0,1,1,1-0-0-0,Surface_Crack,0,0,0,none,none,10846,0.035306
image_676.jpg,R1-900um-top-to-bottom-center_frame_33_patch_2.png,1,900,top-to-bottom-center,R1-900um-top-to-bottom-center,33,2,R1-900um-top-to-bottom-center_frame_33,0,0,1,1,1,1,0-0-1-1,Pinhole+unclassified,0,1,2,0|1,Pinhole|unclassified,115,0.000374
image_677.jpg,R1-1100um-top-to-bottom-center_frame_220_patch_0.png,1,1100,top-to-bottom-center,R1-1100um-top-to-bottom-center,220,0,R1-1100um-top-to-bottom-center_frame_220,1,0,0,0,1,1,1-0-0-0,Surface_Crack,0,0,0,none,none,9048,0.029453
image_678.jpg,R1-1000um-top-to-bottom-center_frame_222_patch_7.png,1,1000,top-to-bottom-center,R1-1000um-top-to-bottom-center,222,7,R1-1000um-top-to-bottom-center_frame_222,1,0,0,0,1,1,1-0-0-0,Surface_Crack,0,0,0,none,none,9488,0.030885
image_679.jpg,R7-700um-middle_frame_512_patch_3.png,7,700,middle,R7-700um-middle,512,3,R7-700um-middle_frame_512,1,0,1,0,2,1,1-0-1-0,Surface_Crack+Pinhole,0,1,1,0,Pinhole,4691,0.01527
image_680.jpg,R1-1000um-top-to-bottom-center_frame_156_patch_0.png,1,1000,top-to-bottom-center,R1-1000um-top-to-bottom-center,156,0,R1-1000um-top-to-bottom-center_frame_156,1,0,1,0,2,1,1-0-1-0,Surface_Crack+Pinhole,0,1,1,0,Pinhole,7122,0.023184
image_681.jpg,R7-700um-middle_frame_520_patch_0.png,7,700,middle,R7-700um-middle,520,0,R7-700um-middle_frame_520,1,0,0,0,1,1,1-0-0-0,Surface_Crack,0,0,0,none,none,3958,0.012884
image_682.jpg,R1-1100um-top-to-bottom-center_frame_287_patch_2.png,1,1100,top-to-bottom-center,R1-1100um-top-to-bottom-center,287,2,R1-1100um-top-to-bottom-center_frame_287,1,0,0,0,1,1,1-0-0-0,Surface_Crack,0,0,0,none,none,10633,0.034613
image_683.jpg,R1-1100um-top-to-bottom-center_frame_43_patch_6.png,1,1100,top-to-bottom-center,R1-1100um-top-to-bottom-center,43,6,R1-1100um-top-to-bottom-center_frame_43,1,0,0,0,1,1,1-0-0-0,Surface_Crack,0,0,0,none,none,1965,0.006396
image_684.jpg,R1-700um-top-to-bottom-center_frame_364_patch_5.png,1,700,top-to-bottom-center,R1-700um-top-to-bottom-center,364,5,R1-700um-top-to-bottom-center_frame_364,1,0,1,0,2,1,1-0-1-0,Surface_Crack+Pinhole,0,1,1,0,Pinhole,1613,0.005251
image_685.jpg,R1-900um-top-to-bottom-center_frame_565_patch_0.png,1,900,top-to-bottom-center,R1-900um-top-to-bottom-center,565,0,R1-900um-top-to-bottom-center_frame_565,1,0,0,0,1,1,1-0-0-0,Surface_Crack,0,0,0,none,none,6976,0.022708
image_686.jpg,R1-1100um-top-to-bottom-center_frame_98_patch_0.png,1,1100,top-to-bottom-center,R1-1100um-top-to-bottom-center,98,0,R1-1100um-top-to-bottom-center_frame_98,1,0,1,0,2,1,1-0-1-0,Surface_Crack+Pinhole,0,1,1,0,Pinhole,505,0.001644
image_687.jpg,R1-1100um-top-to-bottom-center-1_frame_521_patch_6.png,1,1100,top-to-bottom-center-1,R1-1100um-top-to-bottom-center-1,521,6,R1-1100um-top-to-bottom-center-1_frame_521,1,1,0,0,2,1,1-1-0-0,Surface_Crack+Delamination,0,0,0,none,none,36839,0.119919
image_688.jpg,R1-900um-top-to-bottom-center_frame_275_patch_8.png,1,900,top-to-bottom-center,R1-900um-top-to-bottom-center,275,8,R1-900um-top-to-bottom-center_frame_275,1,0,0,0,1,1,1-0-0-0,Surface_Crack,0,0,0,none,none,4869,0.01585
image_689.jpg,R1-800um-top-to-bottom-center_frame_473_patch_7.png,1,800,top-to-bottom-center,R1-800um-top-to-bottom-center,473,7,R1-800um-top-to-bottom-center_frame_473,1,0,0,0,1,1,1-0-0-0,Surface_Crack,0,0,0,none,none,3450,0.01123
image_690.jpg,R1-1100um-top-to-bottom-center_frame_109_patch_5.png,1,1100,top-to-bottom-center,R1-1100um-top-to-bottom-center,109,5,R1-1100um-top-to-bottom-center_frame_109,1,0,0,0,1,1,1-0-0-0,Surface_Crack,0,0,0,none,none,6646,0.021634
image_691.jpg,R1-800um-top-to-bottom-center_frame_573_patch_2.png,1,800,top-to-bottom-center,R1-800um-top-to-bottom-center,573,2,R1-800um-top-to-bottom-center_frame_573,1,0,0,0,1,1,1-0-0-0,Surface_Crack,0,0,0,none,none,5727,0.018643
image_692.jpg,R1-1100um-top-to-bottom-center_frame_286_patch_1.png,1,1100,top-to-bottom-center,R1-1100um-top-to-bottom-center,286,1,R1-1100um-top-to-bottom-center_frame_286,1,0,0,0,1,1,1-0-0-0,Surface_Crack,0,0,0,none,none,7014,0.022832
image_693.jpg,R7-700um-middle_frame_503_patch_3.png,7,700,middle,R7-700um-middle,503,3,R7-700um-middle_frame_503,1,0,0,0,1,1,1-0-0-0,Surface_Crack,0,0,0,none,none,2483,0.008083
image_694.jpg,R1-1100um-top-to-bottom-center_frame_144_patch_2.png,1,1100,top-to-bottom-center,R1-1100um-top-to-bottom-center,144,2,R1-1100um-top-to-bottom-center_frame_144,1,0,0,0,1,1,1-0-0-0,Surface_Crack,0,0,0,none,none,3921,0.012764
image_695.jpg,R1-800um-top-to-bottom-center_frame_358_patch_2.png,1,800,top-to-bottom-center,R1-800um-top-to-bottom-center,358,2,R1-800um-top-to-bottom-center_frame_358,1,0,1,0,2,1,1-0-1-0,Surface_Crack+Pinhole,0,1,1,0,Pinhole,2536,0.008255
image_696.jpg,R1-1100um-top-to-bottom-center_frame_52_patch_2.png,1,1100,top-to-bottom-center,R1-1100um-top-to-bottom-center,52,2,R1-1100um-top-to-bottom-center_frame_52,1,0,1,0,2,1,1-0-1-0,Surface_Crack+Pinhole,0,1,1,0,Pinhole,2173,0.007074
image_697.jpg,R1-900um-top-to-bottom-center_frame_275_patch_2.png,1,900,top-to-bottom-center,R1-900um-top-to-bottom-center,275,2,R1-900um-top-to-bottom-center_frame_275,1,0,0,0,1,1,1-0-0-0,Surface_Crack,0,0,0,none,none,3381,0.011006
image_698.jpg,R1-700um-top-to-bottom-center_frame_329_patch_3.png,1,700,top-to-bottom-center,R1-700um-top-to-bottom-center,329,3,R1-700um-top-to-bottom-center_frame_329,1,0,0,0,1,1,1-0-0-0,Surface_Crack,0,0,0,none,none,11304,0.036797
image_699.jpg,R1-700um-top-to-bottom-center_frame_556_patch_3.png,1,700,top-to-bottom-center,R1-700um-top-to-bottom-center,556,3,R1-700um-top-to-bottom-center_frame_556,1,0,1,0,2,1,1-0-1-0,Surface_Crack+Pinhole,0,1,1,0,Pinhole,8570,0.027897
image_700.jpg,R1-1100um-top-to-bottom-center_frame_179_patch_8.png,1,1100,top-to-bottom-center,R1-1100um-top-to-bottom-center,179,8,R1-1100um-top-to-bottom-center_frame_179,1,0,0,0,1,1,1-0-0-0,Surface_Crack,0,0,0,none,none,5696,0.018542
image_701.jpg,R1-1100um-top-to-bottom-center_frame_297_patch_1.png,1,1100,top-to-bottom-center,R1-1100um-top-to-bottom-center,297,1,R1-1100um-top-to-bottom-center_frame_297,1,0,0,0,1,1,1-0-0-0,Surface_Crack,0,0,0,none,none,8774,0.028561
image_702.jpg,R1-600um-top-to-bottom-center_frame_511_patch_2.png,1,600,top-to-bottom-center,R1-600um-top-to-bottom-center,511,2,R1-600um-top-to-bottom-center_frame_511,1,0,0,0,1,1,1-0-0-0,Surface_Crack,0,0,0,none,none,1192,0.00388
image_703.jpg,R1-600um-top-to-bottom-center_frame_525_patch_7.png,1,600,top-to-bottom-center,R1-600um-top-to-bottom-center,525,7,R1-600um-top-to-bottom-center_frame_525,1,0,0,0,1,1,1-0-0-0,Surface_Crack,0,0,0,none,none,1862,0.006061
image_704.jpg,R1-800um-top-to-bottom-center_frame_513_patch_3.png,1,800,top-to-bottom-center,R1-800um-top-to-bottom-center,513,3,R1-800um-top-to-bottom-center_frame_513,1,0,0,0,1,1,1-0-0-0,Surface_Crack,0,0,0,none,none,5765,0.018766
image_705.jpg,R1-1100um-top-to-bottom-center-1_frame_470_patch_8.png,1,1100,top-to-bottom-center-1,R1-1100um-top-to-bottom-center-1,470,8,R1-1100um-top-to-bottom-center-1_frame_470,1,0,0,0,1,1,1-0-0-0,Surface_Crack,0,0,0,none,none,9155,0.029801
image_706.jpg,R1-1100um-top-to-bottom-center_frame_193_patch_5.png,1,1100,top-to-bottom-center,R1-1100um-top-to-bottom-center,193,5,R1-1100um-top-to-bottom-center_frame_193,1,0,0,0,1,1,1-0-0-0,Surface_Crack,0,0,0,none,none,8627,0.028083
image_707.jpg,R1-1000um-top-to-bottom-center_frame_570_patch_3.png,1,1000,top-to-bottom-center,R1-1000um-top-to-bottom-center,570,3,R1-1000um-top-to-bottom-center_frame_570,1,0,0,0,1,1,1-0-0-0,Surface_Crack,0,0,0,none,none,12097,0.039378
image_708.jpg,R1-1100um-top-to-bottom-center-1_frame_267_patch_5.png,1,1100,top-to-bottom-center-1,R1-1100um-top-to-bottom-center-1,267,5,R1-1100um-top-to-bottom-center-1_frame_267,1,0,1,0,2,1,1-0-1-0,Surface_Crack+Pinhole,0,1,1,0,Pinhole,8663,0.0282
image_709.jpg,R1-600um-top-to-bottom-center_frame_58_patch_4.png,1,600,top-to-bottom-center,R1-600um-top-to-bottom-center,58,4,R1-600um-top-to-bottom-center_frame_58,0,0,1,0,1,1,0-0-1-0,Pinhole,0,1,1,0,Pinhole,81,0.000264
image_710.jpg,R1-1100um-top-to-bottom-center_frame_232_patch_2.png,1,1100,top-to-bottom-center,R1-1100um-top-to-bottom-center,232,2,R1-1100um-top-to-bottom-center_frame_232,1,0,0,0,1,1,1-0-0-0,Surface_Crack,0,0,0,none,none,6252,0.020352
image_711.jpg,R1-900um-top-to-bottom-center_frame_376_patch_4.png,1,900,top-to-bottom-center,R1-900um-top-to-bottom-center,376,4,R1-900um-top-to-bottom-center_frame_376,1,0,0,0,1,1,1-0-0-0,Surface_Crack,0,0,0,none,none,5986,0.019486
image_712.jpg,R1-800um-top-to-bottom-center_frame_513_patch_1.png,1,800,top-to-bottom-center,R1-800um-top-to-bottom-center,513,1,R1-800um-top-to-bottom-center_frame_513,1,0,0,0,1,1,1-0-0-0,Surface_Crack,0,0,0,none,none,5372,0.017487
image_713.jpg,R1-700um-top-to-bottom-center_frame_217_patch_8.png,1,700,top-to-bottom-center,R1-700um-top-to-bottom-center,217,8,R1-700um-top-to-bottom-center_frame_217,0,0,1,0,1,1,0-0-1-0,Pinhole,0,1,1,0,Pinhole,103,0.000335
image_714.jpg,R1-1100um-top-to-bottom-center_frame_384_patch_3.png,1,1100,top-to-bottom-center,R1-1100um-top-to-bottom-center,384,3,R1-1100um-top-to-bottom-center_frame_384,1,0,0,0,1,1,1-0-0-0,Surface_Crack,0,0,0,none,none,2417,0.007868
image_715.jpg,R1-800um-top-to-bottom-center_frame_479_patch_0.png,1,800,top-to-bottom-center,R1-800um-top-to-bottom-center,479,0,R1-800um-top-to-bottom-center_frame_479,1,0,0,0,1,1,1-0-0-0,Surface_Crack,0,0,0,none,none,4875,0.015869
image_716.jpg,R1-600um-top-to-bottom-center_frame_41_patch_0.png,1,600,top-to-bottom-center,R1-600um-top-to-bottom-center,41,0,R1-600um-top-to-bottom-center_frame_41,0,0,1,0,1,1,0-0-1-0,Pinhole,0,1,1,0,Pinhole,116,0.000378
image_717.jpg,R1-900um-top-to-bottom-center_frame_234_patch_2.png,1,900,top-to-bottom-center,R1-900um-top-to-bottom-center,234,2,R1-900um-top-to-bottom-center_frame_234,1,0,0,0,1,1,1-0-0-0,Surface_Crack,0,0,0,none,none,4996,0.016263
image_718.jpg,R1-1000um-top-to-bottom-center_frame_173_patch_4.png,1,1000,top-to-bottom-center,R1-1000um-top-to-bottom-center,173,4,R1-1000um-top-to-bottom-center_frame_173,1,0,0,0,1,1,1-0-0-0,Surface_Crack,0,0,0,none,none,6662,0.021686
image_719.jpg,R1-800um-top-to-bottom-center_frame_318_patch_1.png,1,800,top-to-bottom-center,R1-800um-top-to-bottom-center,318,1,R1-800um-top-to-bottom-center_frame_318,1,0,0,0,1,1,1-0-0-0,Surface_Crack,0,0,0,none,none,2957,0.009626
image_720.jpg,R1-600um-top-to-bottom-center_frame_611_patch_1.png,1,600,top-to-bottom-center,R1-600um-top-to-bottom-center,611,1,R1-600um-top-to-bottom-center_frame_611,1,0,0,0,1,1,1-0-0-0,Surface_Crack,0,0,0,none,none,25699,0.083656
image_721.jpg,R1-1100um-top-to-bottom-center-1_frame_425_patch_1.png,1,1100,top-to-bottom-center-1,R1-1100um-top-to-bottom-center-1,425,1,R1-1100um-top-to-bottom-center-1_frame_425,1,1,1,0,3,1,1-1-1-0,Surface_Crack+Delamination+Pinhole,0,1,1,0,Pinhole,18785,0.061149
image_722.jpg,R1-600um-top-to-bottom-center_frame_376_patch_6.png,1,600,top-to-bottom-center,R1-600um-top-to-bottom-center,376,6,R1-600um-top-to-bottom-center_frame_376,1,0,0,0,1,1,1-0-0-0,Surface_Crack,0,0,0,none,none,11715,0.038135
image_723.jpg,R1-900um-top-to-bottom-center_frame_486_patch_1.png,1,900,top-to-bottom-center,R1-900um-top-to-bottom-center,486,1,R1-900um-top-to-bottom-center_frame_486,1,0,1,0,2,1,1-0-1-0,Surface_Crack+Pinhole,0,1,1,0,Pinhole,3966,0.01291
image_724.jpg,R1-700um-top-to-bottom-center_frame_334_patch_7.png,1,700,top-to-bottom-center,R1-700um-top-to-bottom-center,334,7,R1-700um-top-to-bottom-center_frame_334,1,0,0,0,1,1,1-0-0-0,Surface_Crack,0,0,0,none,none,8537,0.02779
image_725.jpg,R1-900um-top-to-bottom-center_frame_332_patch_5.png,1,900,top-to-bottom-center,R1-900um-top-to-bottom-center,332,5,R1-900um-top-to-bottom-center_frame_332,1,0,0,0,1,1,1-0-0-0,Surface_Crack,0,0,0,none,none,7857,0.025576
image_726.jpg,R7-700um-middle_frame_512_patch_5.png,7,700,middle,R7-700um-middle,512,5,R7-700um-middle_frame_512,1,0,0,0,1,1,1-0-0-0,Surface_Crack,0,0,0,none,none,2128,0.006927
image_727.jpg,R1-1100um-top-to-bottom-center_frame_218_patch_4.png,1,1100,top-to-bottom-center,R1-1100um-top-to-bottom-center,218,4,R1-1100um-top-to-bottom-center_frame_218,1,0,0,0,1,1,1-0-0-0,Surface_Crack,0,0,0,none,none,13500,0.043945
image_728.jpg,R1-600um-top-to-bottom-center_frame_51_patch_2.png,1,600,top-to-bottom-center,R1-600um-top-to-bottom-center,51,2,R1-600um-top-to-bottom-center_frame_51,0,0,1,0,1,1,0-0-1-0,Pinhole,0,1,1,0,Pinhole,149,0.000485
image_729.jpg,R1-1000um-top-to-bottom-center_frame_434_patch_2.png,1,1000,top-to-bottom-center,R1-1000um-top-to-bottom-center,434,2,R1-1000um-top-to-bottom-center_frame_434,1,0,0,0,1,1,1-0-0-0,Surface_Crack,0,0,0,none,none,19403,0.063161
image_730.jpg,R1-1100um-top-to-bottom-center_frame_277_patch_2.png,1,1100,top-to-bottom-center,R1-1100um-top-to-bottom-center,277,2,R1-1100um-top-to-bottom-center_frame_277,1,0,1,0,2,1,1-0-1-0,Surface_Crack+Pinhole,0,1,1,0,Pinhole,6735,0.021924
image_731.jpg,R1-1100um-top-to-bottom-center-1_frame_481_patch_0.png,1,1100,top-to-bottom-center-1,R1-1100um-top-to-bottom-center-1,481,0,R1-1100um-top-to-bottom-center-1_frame_481,1,1,0,0,2,1,1-1-0-0,Surface_Crack+Delamination,0,0,0,none,none,17018,0.055397
image_732.jpg,R1-800um-top-to-bottom-center_frame_367_patch_3.png,1,800,top-to-bottom-center,R1-800um-top-to-bottom-center,367,3,R1-800um-top-to-bottom-center_frame_367,1,0,0,0,1,1,1-0-0-0,Surface_Crack,0,0,0,none,none,3784,0.012318
image_733.jpg,R1-1100um-top-to-bottom-center-1_frame_493_patch_5.png,1,1100,top-to-bottom-center-1,R1-1100um-top-to-bottom-center-1,493,5,R1-1100um-top-to-bottom-center-1_frame_493,1,0,0,0,1,1,1-0-0-0,Surface_Crack,0,0,0,none,none,8971,0.029202
image_734.jpg,R1-1000um-top-to-bottom-center_frame_550_patch_2.png,1,1000,top-to-bottom-center,R1-1000um-top-to-bottom-center,550,2,R1-1000um-top-to-bottom-center_frame_550,1,1,0,0,2,1,1-1-0-0,Surface_Crack+Delamination,0,0,0,none,none,25941,0.084443
image_735.jpg,R1-1000um-top-to-bottom-center_frame_209_patch_0.png,1,1000,top-to-bottom-center,R1-1000um-top-to-bottom-center,209,0,R1-1000um-top-to-bottom-center_frame_209,1,0,0,0,1,1,1-0-0-0,Surface_Crack,0,0,0,none,none,11314,0.036829
image_736.jpg,R1-1100um-top-to-bottom-center-1_frame_329_patch_1.png,1,1100,top-to-bottom-center-1,R1-1100um-top-to-bottom-center-1,329,1,R1-1100um-top-to-bottom-center-1_frame_329,1,0,0,0,1,1,1-0-0-0,Surface_Crack,0,0,0,none,none,11916,0.038789
image_737.jpg,R1-1100um-top-to-bottom-center_frame_86_patch_2.png,1,1100,top-to-bottom-center,R1-1100um-top-to-bottom-center,86,2,R1-1100um-top-to-bottom-center_frame_86,1,0,0,0,1,1,1-0-0-0,Surface_Crack,0,0,0,none,none,3710,0.012077
image_738.jpg,R1-800um-top-to-bottom-center_frame_631_patch_0.png,1,800,top-to-bottom-center,R1-800um-top-to-bottom-center,631,0,R1-800um-top-to-bottom-center_frame_631,1,1,0,0,2,1,1-1-0-0,Surface_Crack+Delamination,0,0,0,none,none,38999,0.12695
image_739.jpg,R1-600um-top-to-bottom-center_frame_356_patch_8.png,1,600,top-to-bottom-center,R1-600um-top-to-bottom-center,356,8,R1-600um-top-to-bottom-center_frame_356,0,0,0,0,0,0,0-0-0-0,none,1,0,0,none,none,0,0.0
image_740.jpg,R1-800um-top-to-bottom-center_frame_72_patch_7.png,1,800,top-to-bottom-center,R1-800um-top-to-bottom-center,72,7,R1-800um-top-to-bottom-center_frame_72,0,0,1,0,1,1,0-0-1-0,Pinhole,0,1,1,0,Pinhole,15,4.9e-05
image_741.jpg,R1-900um-top-to-bottom-center_frame_179_patch_5.png,1,900,top-to-bottom-center,R1-900um-top-to-bottom-center,179,5,R1-900um-top-to-bottom-center_frame_179,1,0,0,0,1,1,1-0-0-0,Surface_Crack,0,0,0,none,none,4945,0.016097
image_742.jpg,R1-1100um-top-to-bottom-center-1_frame_174_patch_3.png,1,1100,top-to-bottom-center-1,R1-1100um-top-to-bottom-center-1,174,3,R1-1100um-top-to-bottom-center-1_frame_174,1,0,0,0,1,1,1-0-0-0,Surface_Crack,0,0,0,none,none,8335,0.027132
image_743.jpg,R7-700um-middle_frame_1_patch_4.png,7,700,middle,R7-700um-middle,1,4,R7-700um-middle_frame_1,1,1,0,0,2,1,1-1-0-0,Surface_Crack+Delamination,0,0,0,none,none,9971,0.032458
image_744.jpg,R1-1000um-top-to-bottom-center_frame_570_patch_8.png,1,1000,top-to-bottom-center,R1-1000um-top-to-bottom-center,570,8,R1-1000um-top-to-bottom-center_frame_570,1,0,0,0,1,1,1-0-0-0,Surface_Crack,0,0,0,none,none,4014,0.013066
image_745.jpg,R1-600um-top-to-bottom-center_frame_114_patch_7.png,1,600,top-to-bottom-center,R1-600um-top-to-bottom-center,114,7,R1-600um-top-to-bottom-center_frame_114,0,0,1,0,1,1,0-0-1-0,Pinhole,0,1,1,0,Pinhole,171,0.000557
image_746.jpg,R1-1100um-top-to-bottom-center-1_frame_284_patch_2.png,1,1100,top-to-bottom-center-1,R1-1100um-top-to-bottom-center-1,284,2,R1-1100um-top-to-bottom-center-1_frame_284,1,0,0,0,1,1,1-0-0-0,Surface_Crack,0,0,0,none,none,10168,0.033099
image_747.jpg,R1-600um-top-to-bottom-center_frame_222_patch_6.png,1,600,top-to-bottom-center,R1-600um-top-to-bottom-center,222,6,R1-600um-top-to-bottom-center_frame_222,0,0,1,0,1,1,0-0-1-0,Pinhole,0,1,1,0,Pinhole,4,1.3e-05
image_748.jpg,R1-1100um-top-to-bottom-center-1_frame_169_patch_6.png,1,1100,top-to-bottom-center-1,R1-1100um-top-to-bottom-center-1,169,6,R1-1100um-top-to-bottom-center-1_frame_169,1,0,0,0,1,1,1-0-0-0,Surface_Crack,0,0,0,none,none,9429,0.030693
image_749.jpg,R1-1100um-top-to-bottom-center_frame_191_patch_7.png,1,1100,top-to-bottom-center,R1-1100um-top-to-bottom-center,191,7,R1-1100um-top-to-bottom-center_frame_191,1,0,0,0,1,1,1-0-0-0,Surface_Crack,0,0,0,none,none,7409,0.024118
image_750.jpg,R1-700um-top-to-bottom-center_frame_127_patch_7.png,1,700,top-to-bottom-center,R1-700um-top-to-bottom-center,127,7,R1-700um-top-to-bottom-center_frame_127,0,0,1,1,1,1,0-0-1-1,Pinhole+unclassified,0,1,3,0|1,Pinhole|unclassified,10,3.3e-05
image_751.jpg,R1-800um-top-to-bottom-center_frame_269_patch_5.png,1,800,top-to-bottom-center,R1-800um-top-to-bottom-center,269,5,R1-800um-top-to-bottom-center_frame_269,0,0,1,0,1,1,0-0-1-0,Pinhole,0,1,1,0,Pinhole,7,2.3e-05
image_752.jpg,R1-900um-top-to-bottom-center_frame_444_patch_8.png,1,900,top-to-bottom-center,R1-900um-top-to-bottom-center,444,8,R1-900um-top-to-bottom-center_frame_444,1,0,0,0,1,1,1-0-0-0,Surface_Crack,0,0,0,none,none,8380,0.027279
image_753.jpg,R1-1100um-top-to-bottom-center-1_frame_502_patch_5.png,1,1100,top-to-bottom-center-1,R1-1100um-top-to-bottom-center-1,502,5,R1-1100um-top-to-bottom-center-1_frame_502,1,1,0,0,2,1,1-1-0-0,Surface_Crack+Delamination,0,0,0,none,none,14686,0.047806
image_754.jpg,R1-900um-top-to-bottom-center_frame_126_patch_2.png,1,900,top-to-bottom-center,R1-900um-top-to-bottom-center,126,2,R1-900um-top-to-bottom-center_frame_126,1,0,1,0,2,1,1-0-1-0,Surface_Crack+Pinhole,0,1,1,0,Pinhole,766,0.002493
image_755.jpg,R1-600um-top-to-bottom-center_frame_143_patch_1.png,1,600,top-to-bottom-center,R1-600um-top-to-bottom-center,143,1,R1-600um-top-to-bottom-center_frame_143,0,0,0,1,0,0,0-0-0-1,unclassified,0,1,1,1,unclassified,0,0.0
image_756.jpg,R1-700um-top-to-bottom-center_frame_225_patch_1.png,1,700,top-to-bottom-center,R1-700um-top-to-bottom-center,225,1,R1-700um-top-to-bottom-center_frame_225,0,0,1,0,1,1,0-0-1-0,Pinhole,0,1,1,0,Pinhole,65,0.000212
image_757.jpg,R1-700um-top-to-bottom-center_frame_452_patch_7.png,1,700,top-to-bottom-center,R1-700um-top-to-bottom-center,452,7,R1-700um-top-to-bottom-center_frame_452,1,0,0,0,1,1,1-0-0-0,Surface_Crack,0,0,0,none,none,6304,0.020521
image_758.jpg,R1-600um-top-to-bottom-center_frame_611_patch_3.png,1,600,top-to-bottom-center,R1-600um-top-to-bottom-center,611,3,R1-600um-top-to-bottom-center_frame_611,1,0,1,0,2,1,1-0-1-0,Surface_Crack+Pinhole,0,1,1,0,Pinhole,8891,0.028942
image_759.jpg,R1-600um-top-to-bottom-center_frame_114_patch_4.png,1,600,top-to-bottom-center,R1-600um-top-to-bottom-center,114,4,R1-600um-top-to-bottom-center_frame_114,0,0,0,0,0,0,0-0-0-0,none,1,0,0,none,none,0,0.0
image_760.jpg,R1-1100um-top-to-bottom-center_frame_193_patch_1.png,1,1100,top-to-bottom-center,R1-1100um-top-to-bottom-center,193,1,R1-1100um-top-to-bottom-center_frame_193,1,0,1,0,2,1,1-0-1-0,Surface_Crack+Pinhole,0,1,1,0,Pinhole,8033,0.026149
image_761.jpg,R1-900um-top-to-bottom-center_frame_564_patch_5.png,1,900,top-to-bottom-center,R1-900um-top-to-bottom-center,564,5,R1-900um-top-to-bottom-center_frame_564,1,0,0,0,1,1,1-0-0-0,Surface_Crack,0,0,0,none,none,10867,0.035374
image_762.jpg,R1-600um-top-to-bottom-center_frame_199_patch_3.png,1,600,top-to-bottom-center,R1-600um-top-to-bottom-center,199,3,R1-600um-top-to-bottom-center_frame_199,0,0,1,0,1,1,0-0-1-0,Pinhole,0,1,1,0,Pinhole,76,0.000247
image_763.jpg,R1-900um-top-to-bottom-center_frame_192_patch_7.png,1,900,top-to-bottom-center,R1-900um-top-to-bottom-center,192,7,R1-900um-top-to-bottom-center_frame_192,1,0,0,0,1,1,1-0-0-0,Surface_Crack,0,0,0,none,none,7789,0.025355
image_764.jpg,R1-600um-top-to-bottom-center_frame_459_patch_8.png,1,600,top-to-bottom-center,R1-600um-top-to-bottom-center,459,8,R1-600um-top-to-bottom-center_frame_459,1,0,0,0,1,1,1-0-0-0,Surface_Crack,0,0,0,none,none,1797,0.00585
image_765.jpg,R1-800um-top-to-bottom-center_frame_318_patch_2.png,1,800,top-to-bottom-center,R1-800um-top-to-bottom-center,318,2,R1-800um-top-to-bottom-center_frame_318,1,0,0,0,1,1,1-0-0-0,Surface_Crack,0,0,0,none,none,3607,0.011742
image_766.jpg,R7-700um-middle_frame_489_patch_2.png,7,700,middle,R7-700um-middle,489,2,R7-700um-middle_frame_489,1,0,0,0,1,1,1-0-0-0,Surface_Crack,0,0,0,none,none,1544,0.005026
image_767.jpg,R1-900um-top-to-bottom-center_frame_347_patch_2.png,1,900,top-to-bottom-center,R1-900um-top-to-bottom-center,347,2,R1-900um-top-to-bottom-center_frame_347,1,0,0,0,1,1,1-0-0-0,Surface_Crack,0,0,0,none,none,4786,0.015579
image_768.jpg,R1-700um-top-to-bottom-center_frame_77_patch_5.png,1,700,top-to-bottom-center,R1-700um-top-to-bottom-center,77,5,R1-700um-top-to-bottom-center_frame_77,1,0,1,0,2,1,1-0-1-0,Surface_Crack+Pinhole,0,1,2,0,Pinhole,1299,0.004229
image_769.jpg,R1-1100um-top-to-bottom-center_frame_330_patch_8.png,1,1100,top-to-bottom-center,R1-1100um-top-to-bottom-center,330,8,R1-1100um-top-to-bottom-center_frame_330,1,0,1,0,2,1,1-0-1-0,Surface_Crack+Pinhole,0,1,1,0,Pinhole,8449,0.027503
image_770.jpg,R1-900um-top-to-bottom-center_frame_179_patch_3.png,1,900,top-to-bottom-center,R1-900um-top-to-bottom-center,179,3,R1-900um-top-to-bottom-center_frame_179,0,0,0,1,0,0,0-0-0-1,unclassified,0,1,1,1,unclassified,0,0.0
image_771.jpg,R1-700um-top-to-bottom-center_frame_618_patch_6.png,1,700,top-to-bottom-center,R1-700um-top-to-bottom-center,618,6,R1-700um-top-to-bottom-center_frame_618,1,0,0,0,1,1,1-0-0-0,Surface_Crack,0,0,0,none,none,16222,0.052806
image_772.jpg,R1-900um-top-to-bottom-center_frame_290_patch_5.png,1,900,top-to-bottom-center,R1-900um-top-to-bottom-center,290,5,R1-900um-top-to-bottom-center_frame_290,1,0,0,0,1,1,1-0-0-0,Surface_Crack,0,0,0,none,none,5983,0.019476
image_773.jpg,R1-1100um-top-to-bottom-center-1_frame_220_patch_6.png,1,1100,top-to-bottom-center-1,R1-1100um-top-to-bottom-center-1,220,6,R1-1100um-top-to-bottom-center-1_frame_220,1,0,0,0,1,1,1-0-0-0,Surface_Crack,0,0,0,none,none,8038,0.026165
image_774.jpg,R1-600um-top-to-bottom-center_frame_79_patch_6.png,1,600,top-to-bottom-center,R1-600um-top-to-bottom-center,79,6,R1-600um-top-to-bottom-center_frame_79,0,0,0,1,0,0,0-0-0-1,unclassified,0,1,1,1,unclassified,0,0.0
image_775.jpg,R7-700um-middle_frame_100_patch_2.png,7,700,middle,R7-700um-middle,100,2,R7-700um-middle_frame_100,1,0,0,0,1,1,1-0-0-0,Surface_Crack,0,0,0,none,none,1912,0.006224
image_776.jpg,R1-1000um-top-to-bottom-center_frame_122_patch_1.png,1,1000,top-to-bottom-center,R1-1000um-top-to-bottom-center,122,1,R1-1000um-top-to-bottom-center_frame_122,1,0,1,0,2,1,1-0-1-0,Surface_Crack+Pinhole,0,1,1,0,Pinhole,5128,0.016693
image_777.jpg,R1-800um-top-to-bottom-center_frame_627_patch_7.png,1,800,top-to-bottom-center,R1-800um-top-to-bottom-center,627,7,R1-800um-top-to-bottom-center_frame_627,1,1,0,0,2,1,1-1-0-0,Surface_Crack+Delamination,0,0,0,none,none,5738,0.018678
image_778.jpg,R1-1100um-top-to-bottom-center-1_frame_481_patch_3.png,1,1100,top-to-bottom-center-1,R1-1100um-top-to-bottom-center-1,481,3,R1-1100um-top-to-bottom-center-1_frame_481,1,1,0,0,2,1,1-1-0-0,Surface_Crack+Delamination,0,0,0,none,none,12627,0.041104
image_779.jpg,R1-1000um-top-to-bottom-center_frame_222_patch_8.png,1,1000,top-to-bottom-center,R1-1000um-top-to-bottom-center,222,8,R1-1000um-top-to-bottom-center_frame_222,1,0,0,0,1,1,1-0-0-0,Surface_Crack,0,0,0,none,none,14814,0.048223
image_780.jpg,R1-900um-top-to-bottom-center_frame_303_patch_2.png,1,900,top-to-bottom-center,R1-900um-top-to-bottom-center,303,2,R1-900um-top-to-bottom-center_frame_303,1,0,0,0,1,1,1-0-0-0,Surface_Crack,0,0,0,none,none,5261,0.017126
image_781.jpg,R1-1100um-top-to-bottom-center_frame_342_patch_5.png,1,1100,top-to-bottom-center,R1-1100um-top-to-bottom-center,342,5,R1-1100um-top-to-bottom-center_frame_342,1,0,0,0,1,1,1-0-0-0,Surface_Crack,0,0,0,none,none,6045,0.019678
image_782.jpg,R1-700um-top-to-bottom-center_frame_73_patch_0.png,1,700,top-to-bottom-center,R1-700um-top-to-bottom-center,73,0,R1-700um-top-to-bottom-center_frame_73,0,0,0,1,0,0,0-0-0-1,unclassified,0,1,1,1,unclassified,0,0.0
image_783.jpg,R1-600um-top-to-bottom-center_frame_53_patch_0.png,1,600,top-to-bottom-center,R1-600um-top-to-bottom-center,53,0,R1-600um-top-to-bottom-center_frame_53,0,0,0,1,0,0,0-0-0-1,unclassified,0,1,1,1,unclassified,0,0.0
image_784.jpg,R1-1100um-top-to-bottom-center_frame_327_patch_7.png,1,1100,top-to-bottom-center,R1-1100um-top-to-bottom-center,327,7,R1-1100um-top-to-bottom-center_frame_327,1,0,0,0,1,1,1-0-0-0,Surface_Crack,0,0,0,none,none,6278,0.020436
image_785.jpg,R1-600um-top-to-bottom-center_frame_459_patch_6.png,1,600,top-to-bottom-center,R1-600um-top-to-bottom-center,459,6,R1-600um-top-to-bottom-center_frame_459,1,0,0,1,1,1,1-0-0-1,Surface_Crack+unclassified,0,1,1,1,unclassified,1371,0.004463
image_786.jpg,R1-1100um-top-to-bottom-center_frame_327_patch_1.png,1,1100,top-to-bottom-center,R1-1100um-top-to-bottom-center,327,1,R1-1100um-top-to-bottom-center_frame_327,1,0,1,0,2,1,1-0-1-0,Surface_Crack+Pinhole,0,1,1,0,Pinhole,7964,0.025924
image_787.jpg,R7-700um-middle_frame_241_patch_5.png,7,700,middle,R7-700um-middle,241,5,R7-700um-middle_frame_241,0,0,1,0,1,1,0-0-1-0,Pinhole,0,1,1,0,Pinhole,197,0.000641
image_788.jpg,R1-600um-top-to-bottom-center_frame_526_patch_4.png,1,600,top-to-bottom-center,R1-600um-top-to-bottom-center,526,4,R1-600um-top-to-bottom-center_frame_526,1,0,0,0,1,1,1-0-0-0,Surface_Crack,0,0,0,none,none,2413,0.007855
image_789.jpg,R1-700um-top-to-bottom-center_frame_570_patch_5.png,1,700,top-to-bottom-center,R1-700um-top-to-bottom-center,570,5,R1-700um-top-to-bottom-center_frame_570,1,0,0,0,1,1,1-0-0-0,Surface_Crack,0,0,0,none,none,1282,0.004173
image_790.jpg,R1-800um-top-to-bottom-center_frame_561_patch_1.png,1,800,top-to-bottom-center,R1-800um-top-to-bottom-center,561,1,R1-800um-top-to-bottom-center_frame_561,1,1,0,0,2,1,1-1-0-0,Surface_Crack+Delamination,0,0,0,none,none,20952,0.068203
image_791.jpg,R1-1100um-top-to-bottom-center-1_frame_372_patch_7.png,1,1100,top-to-bottom-center-1,R1-1100um-top-to-bottom-center-1,372,7,R1-1100um-top-to-bottom-center-1_frame_372,1,1,0,0,2,1,1-1-0-0,Surface_Crack+Delamination,0,0,0,none,none,14757,0.048037
image_792.jpg,R1-700um-top-to-bottom-center_frame_570_patch_2.png,1,700,top-to-bottom-center,R1-700um-top-to-bottom-center,570,2,R1-700um-top-to-bottom-center_frame_570,1,0,0,0,1,1,1-0-0-0,Surface_Crack,0,0,0,none,none,2646,0.008613
image_793.jpg,R1-1100um-top-to-bottom-center-1_frame_262_patch_4.png,1,1100,top-to-bottom-center-1,R1-1100um-top-to-bottom-center-1,262,4,R1-1100um-top-to-bottom-center-1_frame_262,1,0,0,0,1,1,1-0-0-0,Surface_Crack,0,0,0,none,none,9671,0.031481
image_794.jpg,R1-800um-top-to-bottom-center_frame_479_patch_3.png,1,800,top-to-bottom-center,R1-800um-top-to-bottom-center,479,3,R1-800um-top-to-bottom-center_frame_479,1,0,1,0,2,1,1-0-1-0,Surface_Crack+Pinhole,0,1,1,0,Pinhole,4942,0.016087
image_795.jpg,R1-900um-top-to-bottom-center_frame_565_patch_5.png,1,900,top-to-bottom-center,R1-900um-top-to-bottom-center,565,5,R1-900um-top-to-bottom-center_frame_565,1,0,0,0,1,1,1-0-0-0,Surface_Crack,0,0,0,none,none,13427,0.043708
image_796.jpg,R1-700um-top-to-bottom-center_frame_621_patch_2.png,1,700,top-to-bottom-center,R1-700um-top-to-bottom-center,621,2,R1-700um-top-to-bottom-center_frame_621,1,0,1,0,2,1,1-0-1-0,Surface_Crack+Pinhole,0,1,2,0,Pinhole,5309,0.017282
image_797.jpg,R1-1000um-top-to-bottom-center_frame_570_patch_7.png,1,1000,top-to-bottom-center,R1-1000um-top-to-bottom-center,570,7,R1-1000um-top-to-bottom-center_frame_570,1,0,1,0,2,1,1-0-1-0,Surface_Crack+Pinhole,0,1,1,0,Pinhole,6304,0.020521
image_798.jpg,R1-900um-top-to-bottom-center_frame_604_patch_3.png,1,900,top-to-bottom-center,R1-900um-top-to-bottom-center,604,3,R1-900um-top-to-bottom-center_frame_604,1,0,0,0,1,1,1-0-0-0,Surface_Crack,0,0,0,none,none,5261,0.017126
image_799.jpg,R1-800um-top-to-bottom-center_frame_172_patch_1.png,1,800,top-to-bottom-center,R1-800um-top-to-bottom-center,172,1,R1-800um-top-to-bottom-center_frame_172,0,0,1,0,1,1,0-0-1-0,Pinhole,0,1,1,0,Pinhole,101,0.000329
image_800.jpg,R1-1100um-top-to-bottom-center-1_frame_521_patch_8.png,1,1100,top-to-bottom-center-1,R1-1100um-top-to-bottom-center-1,521,8,R1-1100um-top-to-bottom-center-1_frame_521,1,1,0,0,2,1,1-1-0-0,Surface_Crack+Delamination,0,0,0,none,none,17306,0.056335
image_801.jpg,R1-1100um-top-to-bottom-center_frame_262_patch_1.png,1,1100,top-to-bottom-center,R1-1100um-top-to-bottom-center,262,1,R1-1100um-top-to-bottom-center_frame_262,1,0,0,0,1,1,1-0-0-0,Surface_Crack,0,0,0,none,none,6977,0.022712
image_802.jpg,R1-1000um-top-to-bottom-center_frame_173_patch_2.png,1,1000,top-to-bottom-center,R1-1000um-top-to-bottom-center,173,2,R1-1000um-top-to-bottom-center_frame_173,1,0,0,0,1,1,1-0-0-0,Surface_Crack,0,0,0,none,none,8882,0.028913
image_803.jpg,R1-1100um-top-to-bottom-center_frame_145_patch_5.png,1,1100,top-to-bottom-center,R1-1100um-top-to-bottom-center,145,5,R1-1100um-top-to-bottom-center_frame_145,1,0,0,0,1,1,1-0-0-0,Surface_Crack,0,0,0,none,none,6669,0.021709
image_804.jpg,R1-1000um-top-to-bottom-center_frame_260_patch_6.png,1,1000,top-to-bottom-center,R1-1000um-top-to-bottom-center,260,6,R1-1000um-top-to-bottom-center_frame_260,1,0,0,0,1,1,1-0-0-0,Surface_Crack,0,0,0,none,none,7744,0.025208
image_805.jpg,R7-700um-middle_frame_566_patch_5.png,7,700,middle,R7-700um-middle,566,5,R7-700um-middle_frame_566,1,1,0,0,2,1,1-1-0-0,Surface_Crack+Delamination,0,0,0,none,none,87843,0.285947
image_806.jpg,R7-700um-middle_frame_574_patch_0.png,7,700,middle,R7-700um-middle,574,0,R7-700um-middle_frame_574,0,1,0,0,1,1,0-1-0-0,Delamination,0,0,0,none,none,135353,0.440602
image_807.jpg,R1-1100um-top-to-bottom-center-1_frame_493_patch_7.png,1,1100,top-to-bottom-center-1,R1-1100um-top-to-bottom-center-1,493,7,R1-1100um-top-to-bottom-center-1_frame_493,1,1,0,0,2,1,1-1-0-0,Surface_Crack+Delamination,0,0,0,none,none,13501,0.043949
image_808.jpg,R1-1100um-top-to-bottom-center-1_frame_470_patch_4.png,1,1100,top-to-bottom-center-1,R1-1100um-top-to-bottom-center-1,470,4,R1-1100um-top-to-bottom-center-1_frame_470,1,1,0,0,2,1,1-1-0-0,Surface_Crack+Delamination,0,0,0,none,none,14375,0.046794
image_809.jpg,R1-800um-top-to-bottom-center_frame_638_patch_5.png,1,800,top-to-bottom-center,R1-800um-top-to-bottom-center,638,5,R1-800um-top-to-bottom-center_frame_638,1,1,0,0,2,1,1-1-0-0,Surface_Crack+Delamination,0,0,0,none,none,21475,0.069906
image_810.jpg,R1-1100um-top-to-bottom-center_frame_239_patch_4.png,1,1100,top-to-bottom-center,R1-1100um-top-to-bottom-center,239,4,R1-1100um-top-to-bottom-center_frame_239,1,0,1,0,2,1,1-0-1-0,Surface_Crack+Pinhole,0,1,1,0,Pinhole,10494,0.03416
image_811.jpg,R1-800um-top-to-bottom-center_frame_181_patch_2.png,1,800,top-to-bottom-center,R1-800um-top-to-bottom-center,181,2,R1-800um-top-to-bottom-center_frame_181,0,0,0,1,0,0,0-0-0-1,unclassified,0,1,1,1,unclassified,0,0.0
image_812.jpg,R1-1100um-top-to-bottom-center-1_frame_338_patch_1.png,1,1100,top-to-bottom-center-1,R1-1100um-top-to-bottom-center-1,338,1,R1-1100um-top-to-bottom-center-1_frame_338,1,0,0,0,1,1,1-0-0-0,Surface_Crack,0,0,0,none,none,11926,0.038822
image_813.jpg,R1-1100um-top-to-bottom-center_frame_370_patch_3.png,1,1100,top-to-bottom-center,R1-1100um-top-to-bottom-center,370,3,R1-1100um-top-to-bottom-center_frame_370,1,1,0,0,2,1,1-1-0-0,Surface_Crack+Delamination,0,0,0,none,none,36318,0.118223
image_814.jpg,R1-1000um-top-to-bottom-center_frame_458_patch_6.png,1,1000,top-to-bottom-center,R1-1000um-top-to-bottom-center,458,6,R1-1000um-top-to-bottom-center_frame_458,1,0,1,0,2,1,1-0-1-0,Surface_Crack+Pinhole,0,1,1,0,Pinhole,7495,0.024398
image_815.jpg,R1-900um-top-to-bottom-center_frame_564_patch_2.png,1,900,top-to-bottom-center,R1-900um-top-to-bottom-center,564,2,R1-900um-top-to-bottom-center_frame_564,1,0,0,0,1,1,1-0-0-0,Surface_Crack,0,0,0,none,none,6619,0.021546
image_816.jpg,R1-800um-top-to-bottom-center_frame_367_patch_8.png,1,800,top-to-bottom-center,R1-800um-top-to-bottom-center,367,8,R1-800um-top-to-bottom-center_frame_367,1,0,0,0,1,1,1-0-0-0,Surface_Crack,0,0,0,none,none,2291,0.007458
image_817.jpg,R7-700um-middle_frame_212_patch_8.png,7,700,middle,R7-700um-middle,212,8,R7-700um-middle_frame_212,1,0,0,0,1,1,1-0-0-0,Surface_Crack,0,0,0,none,none,2055,0.006689
image_818.jpg,R1-900um-top-to-bottom-center_frame_207_patch_7.png,1,900,top-to-bottom-center,R1-900um-top-to-bottom-center,207,7,R1-900um-top-to-bottom-center_frame_207,1,0,0,0,1,1,1-0-0-0,Surface_Crack,0,0,0,none,none,12388,0.040326
image_819.jpg,R1-600um-top-to-bottom-center_frame_274_patch_5.png,1,600,top-to-bottom-center,R1-600um-top-to-bottom-center,274,5,R1-600um-top-to-bottom-center_frame_274,0,0,1,0,1,1,0-0-1-0,Pinhole,0,1,1,0,Pinhole,14,4.6e-05
image_820.jpg,R1-1000um-top-to-bottom-center_frame_551_patch_7.png,1,1000,top-to-bottom-center,R1-1000um-top-to-bottom-center,551,7,R1-1000um-top-to-bottom-center_frame_551,1,1,1,0,3,1,1-1-1-0,Surface_Crack+Delamination+Pinhole,0,1,1,0,Pinhole,29941,0.097464
image_821.jpg,R1-1100um-top-to-bottom-center-1_frame_169_patch_4.png,1,1100,top-to-bottom-center-1,R1-1100um-top-to-bottom-center-1,169,4,R1-1100um-top-to-bottom-center-1_frame_169,1,0,1,0,2,1,1-0-1-0,Surface_Crack+Pinhole,0,1,1,0,Pinhole,10292,0.033503
image_822.jpg,R1-1000um-top-to-bottom-center_frame_549_patch_7.png,1,1000,top-to-bottom-center,R1-1000um-top-to-bottom-center,549,7,R1-1000um-top-to-bottom-center_frame_549,1,1,1,0,3,1,1-1-1-0,Surface_Crack+Delamination+Pinhole,0,1,1,0,Pinhole,27141,0.08835
image_823.jpg,R1-1100um-top-to-bottom-center-1_frame_329_patch_7.png,1,1100,top-to-bottom-center-1,R1-1100um-top-to-bottom-center-1,329,7,R1-1100um-top-to-bottom-center-1_frame_329,1,0,0,0,1,1,1-0-0-0,Surface_Crack,0,0,0,none,none,14904,0.048516
image_824.jpg,R1-1100um-top-to-bottom-center_frame_98_patch_8.png,1,1100,top-to-bottom-center,R1-1100um-top-to-bottom-center,98,8,R1-1100um-top-to-bottom-center_frame_98,1,0,0,0,1,1,1-0-0-0,Surface_Crack,0,0,0,none,none,2967,0.009658
image_825.jpg,R1-1000um-top-to-bottom-center_frame_461_patch_6.png,1,1000,top-to-bottom-center,R1-1000um-top-to-bottom-center,461,6,R1-1000um-top-to-bottom-center_frame_461,1,0,1,0,2,1,1-0-1-0,Surface_Crack+Pinhole,0,1,1,0,Pinhole,9308,0.030299
image_826.jpg,R1-1100um-top-to-bottom-center_frame_245_patch_2.png,1,1100,top-to-bottom-center,R1-1100um-top-to-bottom-center,245,2,R1-1100um-top-to-bottom-center_frame_245,1,0,0,0,1,1,1-0-0-0,Surface_Crack,0,0,0,none,none,5298,0.017246
image_827.jpg,R1-600um-top-to-bottom-center_frame_464_patch_2.png,1,600,top-to-bottom-center,R1-600um-top-to-bottom-center,464,2,R1-600um-top-to-bottom-center_frame_464,1,0,1,0,2,1,1-0-1-0,Surface_Crack+Pinhole,0,1,1,0,Pinhole,1357,0.004417
image_828.jpg,R1-1000um-top-to-bottom-center_frame_222_patch_6.png,1,1000,top-to-bottom-center,R1-1000um-top-to-bottom-center,222,6,R1-1000um-top-to-bottom-center_frame_222,1,0,0,0,1,1,1-0-0-0,Surface_Crack,0,0,0,none,none,12505,0.040706
image_829.jpg,R1-1100um-top-to-bottom-center-1_frame_241_patch_8.png,1,1100,top-to-bottom-center-1,R1-1100um-top-to-bottom-center-1,241,8,R1-1100um-top-to-bottom-center-1_frame_241,1,0,1,0,2,1,1-0-1-0,Surface_Crack+Pinhole,0,1,1,0,Pinhole,10159,0.03307
image_830.jpg,R1-900um-top-to-bottom-center_frame_362_patch_0.png,1,900,top-to-bottom-center,R1-900um-top-to-bottom-center,362,0,R1-900um-top-to-bottom-center_frame_362,1,0,0,0,1,1,1-0-0-0,Surface_Crack,0,0,0,none,none,4357,0.014183
image_831.jpg,R1-1000um-top-to-bottom-center_frame_170_patch_5.png,1,1000,top-to-bottom-center,R1-1000um-top-to-bottom-center,170,5,R1-1000um-top-to-bottom-center_frame_170,1,0,0,0,1,1,1-0-0-0,Surface_Crack,0,0,0,none,none,11897,0.038727
image_832.jpg,R1-700um-top-to-bottom-center_frame_452_patch_8.png,1,700,top-to-bottom-center,R1-700um-top-to-bottom-center,452,8,R1-700um-top-to-bottom-center_frame_452,1,0,0,0,1,1,1-0-0-0,Surface_Crack,0,0,0,none,none,4523,0.014723
image_833.jpg,R1-600um-top-to-bottom-center_frame_222_patch_0.png,1,600,top-to-bottom-center,R1-600um-top-to-bottom-center,222,0,R1-600um-top-to-bottom-center_frame_222,0,0,1,0,1,1,0-0-1-0,Pinhole,0,1,1,0,Pinhole,199,0.000648
image_834.jpg,R1-800um-top-to-bottom-center_frame_367_patch_6.png,1,800,top-to-bottom-center,R1-800um-top-to-bottom-center,367,6,R1-800um-top-to-bottom-center_frame_367,1,0,0,1,1,1,1-0-0-1,Surface_Crack+unclassified,0,1,2,1,unclassified,4780,0.01556
image_835.jpg,R1-1100um-top-to-bottom-center_frame_177_patch_5.png,1,1100,top-to-bottom-center,R1-1100um-top-to-bottom-center,177,5,R1-1100um-top-to-bottom-center_frame_177,1,0,0,0,1,1,1-0-0-0,Surface_Crack,0,0,0,none,none,6635,0.021598
image_836.jpg,R1-600um-top-to-bottom-center_frame_0_patch_4.png,1,600,top-to-bottom-center,R1-600um-top-to-bottom-center,0,4,R1-600um-top-to-bottom-center_frame_0,0,0,1,0,1,1,0-0-1-0,Pinhole,0,1,1,0,Pinhole,32,0.000104
image_837.jpg,R1-1000um-top-to-bottom-center_frame_570_patch_4.png,1,1000,top-to-bottom-center,R1-1000um-top-to-bottom-center,570,4,R1-1000um-top-to-bottom-center_frame_570,1,0,0,0,1,1,1-0-0-0,Surface_Crack,0,0,0,none,none,5032,0.01638
image_838.jpg,R1-700um-top-to-bottom-center_frame_347_patch_6.png,1,700,top-to-bottom-center,R1-700um-top-to-bottom-center,347,6,R1-700um-top-to-bottom-center_frame_347,1,0,0,0,1,1,1-0-0-0,Surface_Crack,0,0,0,none,none,13504,0.043958
image_839.jpg,R1-800um-top-to-bottom-center_frame_6_patch_5.png,1,800,top-to-bottom-center,R1-800um-top-to-bottom-center,6,5,R1-800um-top-to-bottom-center_frame_6,0,0,0,1,0,0,0-0-0-1,unclassified,0,1,1,1,unclassified,0,0.0
image_840.jpg,R1-1100um-top-to-bottom-center-1_frame_149_patch_8.png,1,1100,top-to-bottom-center-1,R1-1100um-top-to-bottom-center-1,149,8,R1-1100um-top-to-bottom-center-1_frame_149,1,0,0,0,1,1,1-0-0-0,Surface_Crack,0,0,0,none,none,10154,0.033053
image_841.jpg,R1-900um-top-to-bottom-center_frame_392_patch_6.png,1,900,top-to-bottom-center,R1-900um-top-to-bottom-center,392,6,R1-900um-top-to-bottom-center_frame_392,1,0,0,0,1,1,1-0-0-0,Surface_Crack,0,0,0,none,none,5717,0.01861
image_842.jpg,R1-900um-top-to-bottom-center_frame_263_patch_3.png,1,900,top-to-bottom-center,R1-900um-top-to-bottom-center,263,3,R1-900um-top-to-bottom-center_frame_263,1,0,0,0,1,1,1-0-0-0,Surface_Crack,0,0,0,none,none,12511,0.040726
image_843.jpg,R1-600um-top-to-bottom-center_frame_52_patch_6.png,1,600,top-to-bottom-center,R1-600um-top-to-bottom-center,52,6,R1-600um-top-to-bottom-center_frame_52,0,0,0,0,0,0,0-0-0-0,none,1,0,0,none,none,0,0.0
image_844.jpg,R1-1100um-top-to-bottom-center_frame_370_patch_7.png,1,1100,top-to-bottom-center,R1-1100um-top-to-bottom-center,370,7,R1-1100um-top-to-bottom-center_frame_370,1,0,0,0,1,1,1-0-0-0,Surface_Crack,0,0,0,none,none,10190,0.033171
image_845.jpg,R1-600um-top-to-bottom-center_frame_511_patch_6.png,1,600,top-to-bottom-center,R1-600um-top-to-bottom-center,511,6,R1-600um-top-to-bottom-center_frame_511,1,0,0,0,1,1,1-0-0-0,Surface_Crack,0,0,0,none,none,1301,0.004235
image_846.jpg,R1-900um-top-to-bottom-center_frame_179_patch_2.png,1,900,top-to-bottom-center,R1-900um-top-to-bottom-center,179,2,R1-900um-top-to-bottom-center_frame_179,1,0,0,0,1,1,1-0-0-0,Surface_Crack,0,0,0,none,none,8307,0.027041
image_847.jpg,R1-1100um-top-to-bottom-center_frame_386_patch_7.png,1,1100,top-to-bottom-center,R1-1100um-top-to-bottom-center,386,7,R1-1100um-top-to-bottom-center_frame_386,1,0,0,0,1,1,1-0-0-0,Surface_Crack,0,0,0,none,none,8940,0.029102
image_848.jpg,R1-800um-top-to-bottom-center_frame_651_patch_8.png,1,800,top-to-bottom-center,R1-800um-top-to-bottom-center,651,8,R1-800um-top-to-bottom-center_frame_651,1,0,0,0,1,1,1-0-0-0,Surface_Crack,0,0,0,none,none,18784,0.061146
image_849.jpg,R1-1100um-top-to-bottom-center_frame_144_patch_7.png,1,1100,top-to-bottom-center,R1-1100um-top-to-bottom-center,144,7,R1-1100um-top-to-bottom-center_frame_144,1,0,0,0,1,1,1-0-0-0,Surface_Crack,0,0,0,none,none,7897,0.025706
image_850.jpg,R1-700um-top-to-bottom-center_frame_505_patch_5.png,1,700,top-to-bottom-center,R1-700um-top-to-bottom-center,505,5,R1-700um-top-to-bottom-center_frame_505,1,0,0,0,1,1,1-0-0-0,Surface_Crack,0,0,0,none,none,5240,0.017057
image_851.jpg,R1-900um-top-to-bottom-center_frame_166_patch_3.png,1,900,top-to-bottom-center,R1-900um-top-to-bottom-center,166,3,R1-900um-top-to-bottom-center_frame_166,0,0,0,1,0,0,0-0-0-1,unclassified,0,1,1,1,unclassified,0,0.0
image_852.jpg,R1-900um-top-to-bottom-center_frame_192_patch_6.png,1,900,top-to-bottom-center,R1-900um-top-to-bottom-center,192,6,R1-900um-top-to-bottom-center_frame_192,1,0,0,0,1,1,1-0-0-0,Surface_Crack,0,0,0,none,none,2979,0.009697
image_853.jpg,R1-1100um-top-to-bottom-center-1_frame_56_patch_4.png,1,1100,top-to-bottom-center-1,R1-1100um-top-to-bottom-center-1,56,4,R1-1100um-top-to-bottom-center-1_frame_56,0,0,1,0,1,1,0-0-1-0,Pinhole,0,1,1,0,Pinhole,1,3e-06
image_854.jpg,R1-700um-top-to-bottom-center_frame_544_patch_0.png,1,700,top-to-bottom-center,R1-700um-top-to-bottom-center,544,0,R1-700um-top-to-bottom-center_frame_544,1,0,1,0,2,1,1-0-1-0,Surface_Crack+Pinhole,0,1,2,0,Pinhole,3308,0.010768
image_855.jpg,R1-1100um-top-to-bottom-center-1_frame_169_patch_8.png,1,1100,top-to-bottom-center-1,R1-1100um-top-to-bottom-center-1,169,8,R1-1100um-top-to-bottom-center-1_frame_169,1,0,0,0,1,1,1-0-0-0,Surface_Crack,0,0,0,none,none,8097,0.026357
image_856.jpg,R1-1000um-top-to-bottom-center_frame_209_patch_6.png,1,1000,top-to-bottom-center,R1-1000um-top-to-bottom-center,209,6,R1-1000um-top-to-bottom-center_frame_209,1,0,0,0,1,1,1-0-0-0,Surface_Crack,0,0,0,none,none,11130,0.03623
image_857.jpg,R1-1100um-top-to-bottom-center_frame_147_patch_8.png,1,1100,top-to-bottom-center,R1-1100um-top-to-bottom-center,147,8,R1-1100um-top-to-bottom-center_frame_147,0,0,1,0,1,1,0-0-1-0,Pinhole,0,1,1,0,Pinhole,37,0.00012
image_858.jpg,R1-1100um-top-to-bottom-center-1_frame_267_patch_1.png,1,1100,top-to-bottom-center-1,R1-1100um-top-to-bottom-center-1,267,1,R1-1100um-top-to-bottom-center-1_frame_267,1,0,0,0,1,1,1-0-0-0,Surface_Crack,0,0,0,none,none,13698,0.04459
image_859.jpg,R1-800um-top-to-bottom-center_frame_473_patch_0.png,1,800,top-to-bottom-center,R1-800um-top-to-bottom-center,473,0,R1-800um-top-to-bottom-center_frame_473,1,0,1,0,2,1,1-0-1-0,Surface_Crack+Pinhole,0,1,1,0,Pinhole,2723,0.008864
image_860.jpg,R1-900um-top-to-bottom-center_frame_234_patch_3.png,1,900,top-to-bottom-center,R1-900um-top-to-bottom-center,234,3,R1-900um-top-to-bottom-center_frame_234,1,0,0,0,1,1,1-0-0-0,Surface_Crack,0,0,0,none,none,18204,0.059258
image_861.jpg,R1-600um-top-to-bottom-center_frame_87_patch_4.png,1,600,top-to-bottom-center,R1-600um-top-to-bottom-center,87,4,R1-600um-top-to-bottom-center_frame_87,0,0,1,0,1,1,0-0-1-0,Pinhole,0,1,1,0,Pinhole,154,0.000501
image_862.jpg,R1-1100um-top-to-bottom-center-1_frame_235_patch_5.png,1,1100,top-to-bottom-center-1,R1-1100um-top-to-bottom-center-1,235,5,R1-1100um-top-to-bottom-center-1_frame_235,1,0,1,0,2,1,1-0-1-0,Surface_Crack+Pinhole,0,1,1,0,Pinhole,10852,0.035326
image_863.jpg,R1-1000um-top-to-bottom-center_frame_225_patch_6.png,1,1000,top-to-bottom-center,R1-1000um-top-to-bottom-center,225,6,R1-1000um-top-to-bottom-center_frame_225,1,0,0,0,1,1,1-0-0-0,Surface_Crack,0,0,0,none,none,10297,0.033519
image_864.jpg,R1-1100um-top-to-bottom-center_frame_277_patch_6.png,1,1100,top-to-bottom-center,R1-1100um-top-to-bottom-center,277,6,R1-1100um-top-to-bottom-center_frame_277,1,0,0,0,1,1,1-0-0-0,Surface_Crack,0,0,0,none,none,11215,0.036507
image_865.jpg,R1-800um-top-to-bottom-center_frame_358_patch_4.png,1,800,top-to-bottom-center,R1-800um-top-to-bottom-center,358,4,R1-800um-top-to-bottom-center_frame_358,1,0,0,0,1,1,1-0-0-0,Surface_Crack,0,0,0,none,none,3852,0.012539
image_866.jpg,R1-1100um-top-to-bottom-center-1_frame_372_patch_0.png,1,1100,top-to-bottom-center-1,R1-1100um-top-to-bottom-center-1,372,0,R1-1100um-top-to-bottom-center-1_frame_372,1,1,0,0,2,1,1-1-0-0,Surface_Crack+Delamination,0,0,0,none,none,50077,0.163011
image_867.jpg,R1-1100um-top-to-bottom-center_frame_342_patch_3.png,1,1100,top-to-bottom-center,R1-1100um-top-to-bottom-center,342,3,R1-1100um-top-to-bottom-center_frame_342,1,0,0,0,1,1,1-0-0-0,Surface_Crack,0,0,0,none,none,8224,0.026771
image_868.jpg,R1-1100um-top-to-bottom-center_frame_302_patch_5.png,1,1100,top-to-bottom-center,R1-1100um-top-to-bottom-center,302,5,R1-1100um-top-to-bottom-center_frame_302,1,0,0,0,1,1,1-0-0-0,Surface_Crack,0,0,0,none,none,7649,0.024899
image_869.jpg,R1-1000um-top-to-bottom-center_frame_180_patch_0.png,1,1000,top-to-bottom-center,R1-1000um-top-to-bottom-center,180,0,R1-1000um-top-to-bottom-center_frame_180,1,0,0,0,1,1,1-0-0-0,Surface_Crack,0,0,0,none,none,7416,0.024141
image_870.jpg,R1-700um-top-to-bottom-center_frame_580_patch_2.png,1,700,top-to-bottom-center,R1-700um-top-to-bottom-center,580,2,R1-700um-top-to-bottom-center_frame_580,1,0,0,0,1,1,1-0-0-0,Surface_Crack,0,0,0,none,none,3448,0.011224
image_871.jpg,R1-800um-top-to-bottom-center_frame_454_patch_2.png,1,800,top-to-bottom-center,R1-800um-top-to-bottom-center,454,2,R1-800um-top-to-bottom-center_frame_454,1,0,1,0,2,1,1-0-1-0,Surface_Crack+Pinhole,0,1,1,0,Pinhole,2834,0.009225
image_872.jpg,R1-900um-top-to-bottom-center_frame_332_patch_4.png,1,900,top-to-bottom-center,R1-900um-top-to-bottom-center,332,4,R1-900um-top-to-bottom-center_frame_332,1,0,0,0,1,1,1-0-0-0,Surface_Crack,0,0,0,none,none,7351,0.023929
image_873.jpg,R7-700um-middle_frame_566_patch_1.png,7,700,middle,R7-700um-middle,566,1,R7-700um-middle_frame_566,0,1,0,0,1,1,0-1-0-0,Delamination,0,0,0,none,none,111015,0.361377
image_874.jpg,R1-600um-top-to-bottom-center_frame_41_patch_7.png,1,600,top-to-bottom-center,R1-600um-top-to-bottom-center,41,7,R1-600um-top-to-bottom-center_frame_41,0,0,1,0,1,1,0-0-1-0,Pinhole,0,1,1,0,Pinhole,3,1e-05
image_875.jpg,R1-800um-top-to-bottom-center_frame_70_patch_6.png,1,800,top-to-bottom-center,R1-800um-top-to-bottom-center,70,6,R1-800um-top-to-bottom-center_frame_70,0,0,1,0,1,1,0-0-1-0,Pinhole,0,1,1,0,Pinhole,36,0.000117
image_876.jpg,R1-1100um-top-to-bottom-center-1_frame_470_patch_5.png,1,1100,top-to-bottom-center-1,R1-1100um-top-to-bottom-center-1,470,5,R1-1100um-top-to-bottom-center-1_frame_470,1,1,0,0,2,1,1-1-0-0,Surface_Crack+Delamination,0,0,0,none,none,17497,0.056956
image_877.jpg,R1-700um-top-to-bottom-center_frame_590_patch_2.png,1,700,top-to-bottom-center,R1-700um-top-to-bottom-center,590,2,R1-700um-top-to-bottom-center_frame_590,1,0,1,0,2,1,1-0-1-0,Surface_Crack+Pinhole,0,1,1,0,Pinhole,4236,0.013789
image_878.jpg,R1-800um-top-to-bottom-center_frame_573_patch_1.png,1,800,top-to-bottom-center,R1-800um-top-to-bottom-center,573,1,R1-800um-top-to-bottom-center_frame_573,1,0,0,0,1,1,1-0-0-0,Surface_Crack,0,0,0,none,none,8168,0.026589
image_879.jpg,R1-1100um-top-to-bottom-center-1_frame_289_patch_2.png,1,1100,top-to-bottom-center-1,R1-1100um-top-to-bottom-center-1,289,2,R1-1100um-top-to-bottom-center-1_frame_289,1,0,0,0,1,1,1-0-0-0,Surface_Crack,0,0,0,none,none,9580,0.031185
image_880.jpg,R1-1000um-top-to-bottom-center_frame_260_patch_2.png,1,1000,top-to-bottom-center,R1-1000um-top-to-bottom-center,260,2,R1-1000um-top-to-bottom-center_frame_260,1,0,0,0,1,1,1-0-0-0,Surface_Crack,0,0,0,none,none,13443,0.04376
image_881.jpg,R1-600um-top-to-bottom-center_frame_631_patch_3.png,1,600,top-to-bottom-center,R1-600um-top-to-bottom-center,631,3,R1-600um-top-to-bottom-center_frame_631,1,0,0,0,1,1,1-0-0-0,Surface_Crack,0,0,0,none,none,31191,0.101533
image_882.jpg,R7-700um-middle_frame_122_patch_8.png,7,700,middle,R7-700um-middle,122,8,R7-700um-middle_frame_122,1,0,0,0,1,1,1-0-0-0,Surface_Crack,0,0,0,none,none,2388,0.007773
image_883.jpg,R1-800um-top-to-bottom-center_frame_554_patch_6.png,1,800,top-to-bottom-center,R1-800um-top-to-bottom-center,554,6,R1-800um-top-to-bottom-center_frame_554,1,0,0,0,1,1,1-0-0-0,Surface_Crack,0,0,0,none,none,2818,0.009173
image_884.jpg,R1-600um-top-to-bottom-center_frame_201_patch_3.png,1,600,top-to-bottom-center,R1-600um-top-to-bottom-center,201,3,R1-600um-top-to-bottom-center_frame_201,0,0,1,0,1,1,0-0-1-0,Pinhole,0,1,1,0,Pinhole,70,0.000228
image_885.jpg,R1-1100um-top-to-bottom-center_frame_302_patch_0.png,1,1100,top-to-bottom-center,R1-1100um-top-to-bottom-center,302,0,R1-1100um-top-to-bottom-center_frame_302,1,0,0,0,1,1,1-0-0-0,Surface_Crack,0,0,0,none,none,5877,0.019131
image_886.jpg,R1-800um-top-to-bottom-center_frame_412_patch_5.png,1,800,top-to-bottom-center,R1-800um-top-to-bottom-center,412,5,R1-800um-top-to-bottom-center_frame_412,1,0,0,0,1,1,1-0-0-0,Surface_Crack,0,0,0,none,none,3226,0.010501
image_887.jpg,R7-700um-middle_frame_489_patch_5.png,7,700,middle,R7-700um-middle,489,5,R7-700um-middle_frame_489,1,0,0,0,1,1,1-0-0-0,Surface_Crack,0,0,0,none,none,177,0.000576
image_888.jpg,R1-800um-top-to-bottom-center_frame_540_patch_3.png,1,800,top-to-bottom-center,R1-800um-top-to-bottom-center,540,3,R1-800um-top-to-bottom-center_frame_540,1,0,0,0,1,1,1-0-0-0,Surface_Crack,0,0,0,none,none,5085,0.016553
image_889.jpg,R1-1100um-top-to-bottom-center_frame_43_patch_7.png,1,1100,top-to-bottom-center,R1-1100um-top-to-bottom-center,43,7,R1-1100um-top-to-bottom-center_frame_43,1,0,0,0,1,1,1-0-0-0,Surface_Crack,0,0,0,none,none,2635,0.008577
image_890.jpg,R7-700um-middle_frame_503_patch_1.png,7,700,middle,R7-700um-middle,503,1,R7-700um-middle_frame_503,1,0,0,0,1,1,1-0-0-0,Surface_Crack,0,0,0,none,none,8933,0.029079
image_891.jpg,R1-900um-top-to-bottom-center_frame_486_patch_2.png,1,900,top-to-bottom-center,R1-900um-top-to-bottom-center,486,2,R1-900um-top-to-bottom-center_frame_486,1,0,0,0,1,1,1-0-0-0,Surface_Crack,0,0,0,none,none,3342,0.010879
image_892.jpg,R1-700um-top-to-bottom-center_frame_621_patch_4.png,1,700,top-to-bottom-center,R1-700um-top-to-bottom-center,621,4,R1-700um-top-to-bottom-center_frame_621,1,0,0,0,1,1,1-0-0-0,Surface_Crack,0,0,0,none,none,10126,0.032962
image_893.jpg,R1-900um-top-to-bottom-center_frame_290_patch_0.png,1,900,top-to-bottom-center,R1-900um-top-to-bottom-center,290,0,R1-900um-top-to-bottom-center_frame_290,1,0,0,0,1,1,1-0-0-0,Surface_Crack,0,0,0,none,none,11519,0.037497
image_894.jpg,R1-600um-top-to-bottom-center_frame_75_patch_7.png,1,600,top-to-bottom-center,R1-600um-top-to-bottom-center,75,7,R1-600um-top-to-bottom-center_frame_75,0,0,1,0,1,1,0-0-1-0,Pinhole,0,1,1,0,Pinhole,53,0.000173
image_895.jpg,R1-1100um-top-to-bottom-center_frame_132_patch_8.png,1,1100,top-to-bottom-center,R1-1100um-top-to-bottom-center,132,8,R1-1100um-top-to-bottom-center_frame_132,1,0,0,0,1,1,1-0-0-0,Surface_Crack,0,0,0,none,none,5670,0.018457
image_896.jpg,R1-800um-top-to-bottom-center_frame_70_patch_7.png,1,800,top-to-bottom-center,R1-800um-top-to-bottom-center,70,7,R1-800um-top-to-bottom-center_frame_70,0,0,1,0,1,1,0-0-1-0,Pinhole,0,1,1,0,Pinhole,16,5.2e-05
image_897.jpg,R1-700um-top-to-bottom-center_frame_570_patch_7.png,1,700,top-to-bottom-center,R1-700um-top-to-bottom-center,570,7,R1-700um-top-to-bottom-center_frame_570,1,0,1,0,2,1,1-0-1-0,Surface_Crack+Pinhole,0,1,1,0,Pinhole,5367,0.017471
image_898.jpg,R1-600um-top-to-bottom-center_frame_603_patch_2.png,1,600,top-to-bottom-center,R1-600um-top-to-bottom-center,603,2,R1-600um-top-to-bottom-center_frame_603,1,0,0,0,1,1,1-0-0-0,Surface_Crack,0,0,0,none,none,7407,0.024111
image_899.jpg,R1-900um-top-to-bottom-center_frame_593_patch_8.png,1,900,top-to-bottom-center,R1-900um-top-to-bottom-center,593,8,R1-900um-top-to-bottom-center_frame_593,1,0,0,0,1,1,1-0-0-0,Surface_Crack,0,0,0,none,none,7340,0.023893
image_900.jpg,R1-1100um-top-to-bottom-center_frame_145_patch_8.png,1,1100,top-to-bottom-center,R1-1100um-top-to-bottom-center,145,8,R1-1100um-top-to-bottom-center_frame_145,1,0,1,0,2,1,1-0-1-0,Surface_Crack+Pinhole,0,1,1,0,Pinhole,6793,0.022113
image_901.jpg,R1-600um-top-to-bottom-center_frame_596_patch_1.png,1,600,top-to-bottom-center,R1-600um-top-to-bottom-center,596,1,R1-600um-top-to-bottom-center_frame_596,1,0,0,0,1,1,1-0-0-0,Surface_Crack,0,0,0,none,none,5477,0.017829
image_902.jpg,R1-600um-top-to-bottom-center_frame_659_patch_6.png,1,600,top-to-bottom-center,R1-600um-top-to-bottom-center,659,6,R1-600um-top-to-bottom-center_frame_659,1,0,0,0,1,1,1-0-0-0,Surface_Crack,0,0,0,none,none,38232,0.124453
image_903.jpg,R1-1100um-top-to-bottom-center_frame_167_patch_7.png,1,1100,top-to-bottom-center,R1-1100um-top-to-bottom-center,167,7,R1-1100um-top-to-bottom-center_frame_167,1,0,0,0,1,1,1-0-0-0,Surface_Crack,0,0,0,none,none,8978,0.029225
image_904.jpg,R1-700um-top-to-bottom-center_frame_556_patch_2.png,1,700,top-to-bottom-center,R1-700um-top-to-bottom-center,556,2,R1-700um-top-to-bottom-center_frame_556,1,0,0,0,1,1,1-0-0-0,Surface_Crack,0,0,0,none,none,2613,0.008506
image_905.jpg,R1-1100um-top-to-bottom-center-1_frame_284_patch_0.png,1,1100,top-to-bottom-center-1,R1-1100um-top-to-bottom-center-1,284,0,R1-1100um-top-to-bottom-center-1_frame_284,1,0,1,0,2,1,1-0-1-0,Surface_Crack+Pinhole,0,1,1,0,Pinhole,3747,0.012197
image_906.jpg,R1-700um-top-to-bottom-center_frame_334_patch_6.png,1,700,top-to-bottom-center,R1-700um-top-to-bottom-center,334,6,R1-700um-top-to-bottom-center_frame_334,1,0,0,0,1,1,1-0-0-0,Surface_Crack,0,0,0,none,none,8254,0.026868
image_907.jpg,R1-700um-top-to-bottom-center_frame_580_patch_0.png,1,700,top-to-bottom-center,R1-700um-top-to-bottom-center,580,0,R1-700um-top-to-bottom-center_frame_580,1,0,0,0,1,1,1-0-0-0,Surface_Crack,0,0,0,none,none,6670,0.021712
image_908.jpg,R1-1100um-top-to-bottom-center_frame_345_patch_5.png,1,1100,top-to-bottom-center,R1-1100um-top-to-bottom-center,345,5,R1-1100um-top-to-bottom-center_frame_345,1,0,0,0,1,1,1-0-0-0,Surface_Crack,0,0,0,none,none,6301,0.020511
image_909.jpg,R1-1100um-top-to-bottom-center_frame_287_patch_8.png,1,1100,top-to-bottom-center,R1-1100um-top-to-bottom-center,287,8,R1-1100um-top-to-bottom-center_frame_287,1,0,0,0,1,1,1-0-0-0,Surface_Crack,0,0,0,none,none,7907,0.025739
image_910.jpg,R1-700um-top-to-bottom-center_frame_618_patch_4.png,1,700,top-to-bottom-center,R1-700um-top-to-bottom-center,618,4,R1-700um-top-to-bottom-center_frame_618,1,0,0,0,1,1,1-0-0-0,Surface_Crack,0,0,0,none,none,11576,0.037682
image_911.jpg,R1-600um-top-to-bottom-center_frame_199_patch_0.png,1,600,top-to-bottom-center,R1-600um-top-to-bottom-center,199,0,R1-600um-top-to-bottom-center_frame_199,0,0,0,0,0,0,0-0-0-0,none,1,0,0,none,none,0,0.0
image_912.jpg,R1-600um-top-to-bottom-center_frame_394_patch_0.png,1,600,top-to-bottom-center,R1-600um-top-to-bottom-center,394,0,R1-600um-top-to-bottom-center_frame_394,1,0,0,0,1,1,1-0-0-0,Surface_Crack,0,0,0,none,none,1895,0.006169
image_913.jpg,R1-900um-top-to-bottom-center_frame_221_patch_2.png,1,900,top-to-bottom-center,R1-900um-top-to-bottom-center,221,2,R1-900um-top-to-bottom-center_frame_221,1,0,0,0,1,1,1-0-0-0,Surface_Crack,0,0,0,none,none,5323,0.017327
image_914.jpg,R1-700um-top-to-bottom-center_frame_334_patch_4.png,1,700,top-to-bottom-center,R1-700um-top-to-bottom-center,334,4,R1-700um-top-to-bottom-center_frame_334,1,0,1,0,2,1,1-0-1-0,Surface_Crack+Pinhole,0,1,1,0,Pinhole,5240,0.017057
image_915.jpg,R1-800um-top-to-bottom-center_frame_339_patch_7.png,1,800,top-to-bottom-center,R1-800um-top-to-bottom-center,339,7,R1-800um-top-to-bottom-center_frame_339,1,0,0,0,1,1,1-0-0-0,Surface_Crack,0,0,0,none,none,2759,0.008981
image_916.jpg,R1-800um-top-to-bottom-center_frame_408_patch_2.png,1,800,top-to-bottom-center,R1-800um-top-to-bottom-center,408,2,R1-800um-top-to-bottom-center_frame_408,1,0,0,0,1,1,1-0-0-0,Surface_Crack,0,0,0,none,none,996,0.003242
image_917.jpg,R1-900um-top-to-bottom-center_frame_444_patch_5.png,1,900,top-to-bottom-center,R1-900um-top-to-bottom-center,444,5,R1-900um-top-to-bottom-center_frame_444,1,0,0,0,1,1,1-0-0-0,Surface_Crack,0,0,0,none,none,7687,0.025023
image_918.jpg,R1-1000um-top-to-bottom-center_frame_256_patch_3.png,1,1000,top-to-bottom-center,R1-1000um-top-to-bottom-center,256,3,R1-1000um-top-to-bottom-center_frame_256,1,0,0,0,1,1,1-0-0-0,Surface_Crack,0,0,0,none,none,7362,0.023965
image_919.jpg,R1-700um-top-to-bottom-center_frame_263_patch_0.png,1,700,top-to-bottom-center,R1-700um-top-to-bottom-center,263,0,R1-700um-top-to-bottom-center_frame_263,1,0,1,0,2,1,1-0-1-0,Surface_Crack+Pinhole,0,1,1,0,Pinhole,2411,0.007848
image_920.jpg,R1-800um-top-to-bottom-center_frame_454_patch_3.png,1,800,top-to-bottom-center,R1-800um-top-to-bottom-center,454,3,R1-800um-top-to-bottom-center_frame_454,1,0,0,0,1,1,1-0-0-0,Surface_Crack,0,0,0,none,none,5718,0.018613
image_921.jpg,R1-1100um-top-to-bottom-center_frame_372_patch_2.png,1,1100,top-to-bottom-center,R1-1100um-top-to-bottom-center,372,2,R1-1100um-top-to-bottom-center_frame_372,1,0,1,0,2,1,1-0-1-0,Surface_Crack+Pinhole,0,1,1,0,Pinhole,6409,0.020863
image_922.jpg,R1-600um-top-to-bottom-center_frame_372_patch_5.png,1,600,top-to-bottom-center,R1-600um-top-to-bottom-center,372,5,R1-600um-top-to-bottom-center_frame_372,1,0,1,0,2,1,1-0-1-0,Surface_Crack+Pinhole,0,1,1,0,Pinhole,21361,0.069535
image_923.jpg,R1-1100um-top-to-bottom-center-1_frame_262_patch_2.png,1,1100,top-to-bottom-center-1,R1-1100um-top-to-bottom-center-1,262,2,R1-1100um-top-to-bottom-center-1_frame_262,1,0,0,0,1,1,1-0-0-0,Surface_Crack,0,0,0,none,none,9502,0.030931
image_924.jpg,R1-600um-top-to-bottom-center_frame_143_patch_8.png,1,600,top-to-bottom-center,R1-600um-top-to-bottom-center,143,8,R1-600um-top-to-bottom-center_frame_143,0,0,0,0,0,0,0-0-0-0,none,1,0,0,none,none,0,0.0
image_925.jpg,R1-800um-top-to-bottom-center_frame_631_patch_2.png,1,800,top-to-bottom-center,R1-800um-top-to-bottom-center,631,2,R1-800um-top-to-bottom-center_frame_631,1,1,0,0,2,1,1-1-0-0,Surface_Crack+Delamination,0,0,0,none,none,22496,0.073229
image_926.jpg,R1-1100um-top-to-bottom-center_frame_342_patch_6.png,1,1100,top-to-bottom-center,R1-1100um-top-to-bottom-center,342,6,R1-1100um-top-to-bottom-center_frame_342,1,0,1,0,2,1,1-0-1-0,Surface_Crack+Pinhole,0,1,1,0,Pinhole,9744,0.031719
image_927.jpg,R1-900um-top-to-bottom-center_frame_557_patch_5.png,1,900,top-to-bottom-center,R1-900um-top-to-bottom-center,557,5,R1-900um-top-to-bottom-center_frame_557,1,1,0,0,2,1,1-1-0-0,Surface_Crack+Delamination,0,0,0,none,none,15599,0.050778
image_928.jpg,R1-600um-top-to-bottom-center_frame_432_patch_1.png,1,600,top-to-bottom-center,R1-600um-top-to-bottom-center,432,1,R1-600um-top-to-bottom-center_frame_432,1,0,0,1,1,1,1-0-0-1,Surface_Crack+unclassified,0,1,1,1,unclassified,1307,0.004255
image_929.jpg,R1-1100um-top-to-bottom-center-1_frame_225_patch_1.png,1,1100,top-to-bottom-center-1,R1-1100um-top-to-bottom-center-1,225,1,R1-1100um-top-to-bottom-center-1_frame_225,1,0,1,0,2,1,1-0-1-0,Surface_Crack+Pinhole,0,1,1,0,Pinhole,7902,0.025723
image_930.jpg,R1-800um-top-to-bottom-center_frame_89_patch_3.png,1,800,top-to-bottom-center,R1-800um-top-to-bottom-center,89,3,R1-800um-top-to-bottom-center_frame_89,0,0,1,0,1,1,0-0-1-0,Pinhole,0,1,1,0,Pinhole,186,0.000605
image_931.jpg,R1-700um-top-to-bottom-center_frame_580_patch_1.png,1,700,top-to-bottom-center,R1-700um-top-to-bottom-center,580,1,R1-700um-top-to-bottom-center_frame_580,1,0,0,0,1,1,1-0-0-0,Surface_Crack,0,0,0,none,none,5597,0.018219
image_932.jpg,R1-1100um-top-to-bottom-center-1_frame_225_patch_8.png,1,1100,top-to-bottom-center-1,R1-1100um-top-to-bottom-center-1,225,8,R1-1100um-top-to-bottom-center-1_frame_225,1,0,0,0,1,1,1-0-0-0,Surface_Crack,0,0,0,none,none,13168,0.042865
image_933.jpg,R1-700um-top-to-bottom-center_frame_289_patch_2.png,1,700,top-to-bottom-center,R1-700um-top-to-bottom-center,289,2,R1-700um-top-to-bottom-center_frame_289,1,0,1,0,2,1,1-0-1-0,Surface_Crack+Pinhole,0,1,1,0,Pinhole,11348,0.03694
image_934.jpg,R1-1100um-top-to-bottom-center-1_frame_372_patch_5.png,1,1100,top-to-bottom-center-1,R1-1100um-top-to-bottom-center-1,372,5,R1-1100um-top-to-bottom-center-1_frame_372,1,0,0,0,1,1,1-0-0-0,Surface_Crack,0,0,0,none,none,26538,0.086387
image_935.jpg,R1-1000um-top-to-bottom-center_frame_156_patch_7.png,1,1000,top-to-bottom-center,R1-1000um-top-to-bottom-center,156,7,R1-1000um-top-to-bottom-center_frame_156,1,0,0,0,1,1,1-0-0-0,Surface_Crack,0,0,0,none,none,4454,0.014499
image_936.jpg,R1-900um-top-to-bottom-center_frame_33_patch_4.png,1,900,top-to-bottom-center,R1-900um-top-to-bottom-center,33,4,R1-900um-top-to-bottom-center_frame_33,1,0,0,0,1,1,1-0-0-0,Surface_Crack,0,0,0,none,none,1310,0.004264
image_937.jpg,R1-600um-top-to-bottom-center_frame_41_patch_6.png,1,600,top-to-bottom-center,R1-600um-top-to-bottom-center,41,6,R1-600um-top-to-bottom-center_frame_41,0,0,1,0,1,1,0-0-1-0,Pinhole,0,1,1,0,Pinhole,31,0.000101
image_938.jpg,R1-800um-top-to-bottom-center_frame_623_patch_4.png,1,800,top-to-bottom-center,R1-800um-top-to-bottom-center,623,4,R1-800um-top-to-bottom-center_frame_623,1,1,0,0,2,1,1-1-0-0,Surface_Crack+Delamination,0,0,0,none,none,11940,0.038867
image_939.jpg,R1-900um-top-to-bottom-center_frame_316_patch_4.png,1,900,top-to-bottom-center,R1-900um-top-to-bottom-center,316,4,R1-900um-top-to-bottom-center_frame_316,1,0,0,0,1,1,1-0-0-0,Surface_Crack,0,0,0,none,none,6697,0.0218
image_940.jpg,R1-600um-top-to-bottom-center_frame_152_patch_3.png,1,600,top-to-bottom-center,R1-600um-top-to-bottom-center,152,3,R1-600um-top-to-bottom-center_frame_152,0,0,1,0,1,1,0-0-1-0,Pinhole,0,1,1,0,Pinhole,13,4.2e-05
image_941.jpg,R1-600um-top-to-bottom-center_frame_182_patch_5.png,1,600,top-to-bottom-center,R1-600um-top-to-bottom-center,182,5,R1-600um-top-to-bottom-center_frame_182,0,0,1,0,1,1,0-0-1-0,Pinhole,0,1,1,0,Pinhole,91,0.000296
image_942.jpg,R1-1000um-top-to-bottom-center_frame_134_patch_7.png,1,1000,top-to-bottom-center,R1-1000um-top-to-bottom-center,134,7,R1-1000um-top-to-bottom-center_frame_134,1,0,0,0,1,1,1-0-0-0,Surface_Crack,0,0,0,none,none,5649,0.018389
image_943.jpg,R1-900um-top-to-bottom-center_frame_192_patch_4.png,1,900,top-to-bottom-center,R1-900um-top-to-bottom-center,192,4,R1-900um-top-to-bottom-center_frame_192,1,0,0,0,1,1,1-0-0-0,Surface_Crack,0,0,0,none,none,13747,0.044749
image_944.jpg,R1-900um-top-to-bottom-center_frame_512_patch_0.png,1,900,top-to-bottom-center,R1-900um-top-to-bottom-center,512,0,R1-900um-top-to-bottom-center_frame_512,1,0,0,0,1,1,1-0-0-0,Surface_Crack,0,0,0,none,none,5811,0.018916
image_945.jpg,R1-600um-top-to-bottom-center_frame_36_patch_2.png,1,600,top-to-bottom-center,R1-600um-top-to-bottom-center,36,2,R1-600um-top-to-bottom-center_frame_36,0,0,1,0,1,1,0-0-1-0,Pinhole,0,1,1,0,Pinhole,19,6.2e-05
image_946.jpg,R1-800um-top-to-bottom-center_frame_201_patch_7.png,1,800,top-to-bottom-center,R1-800um-top-to-bottom-center,201,7,R1-800um-top-to-bottom-center_frame_201,0,0,1,0,1,1,0-0-1-0,Pinhole,0,1,1,0,Pinhole,124,0.000404
image_947.jpg,R1-1100um-top-to-bottom-center_frame_223_patch_2.png,1,1100,top-to-bottom-center,R1-1100um-top-to-bottom-center,223,2,R1-1100um-top-to-bottom-center_frame_223,1,0,0,0,1,1,1-0-0-0,Surface_Crack,0,0,0,none,none,6496,0.021146
image_948.jpg,R1-800um-top-to-bottom-center_frame_623_patch_7.png,1,800,top-to-bottom-center,R1-800um-top-to-bottom-center,623,7,R1-800um-top-to-bottom-center_frame_623,1,0,1,0,2,1,1-0-1-0,Surface_Crack+Pinhole,0,1,1,0,Pinhole,5856,0.019062
image_949.jpg,R1-1100um-top-to-bottom-center_frame_97_patch_7.png,1,1100,top-to-bottom-center,R1-1100um-top-to-bottom-center,97,7,R1-1100um-top-to-bottom-center_frame_97,1,0,0,0,1,1,1-0-0-0,Surface_Crack,0,0,0,none,none,2537,0.008258
image_950.jpg,R1-1100um-top-to-bottom-center-1_frame_425_patch_4.png,1,1100,top-to-bottom-center-1,R1-1100um-top-to-bottom-center-1,425,4,R1-1100um-top-to-bottom-center-1_frame_425,1,1,0,0,2,1,1-1-0-0,Surface_Crack+Delamination,0,0,0,none,none,18080,0.058854
image_951.jpg,R1-1100um-top-to-bottom-center-1_frame_96_patch_2.png,1,1100,top-to-bottom-center-1,R1-1100um-top-to-bottom-center-1,96,2,R1-1100um-top-to-bottom-center-1_frame_96,1,0,0,0,1,1,1-0-0-0,Surface_Crack,0,0,0,none,none,7792,0.025365
image_952.jpg,R1-600um-top-to-bottom-center_frame_567_patch_1.png,1,600,top-to-bottom-center,R1-600um-top-to-bottom-center,567,1,R1-600um-top-to-bottom-center_frame_567,1,0,0,0,1,1,1-0-0-0,Surface_Crack,0,0,0,none,none,1038,0.003379
image_953.jpg,R1-1100um-top-to-bottom-center_frame_330_patch_7.png,1,1100,top-to-bottom-center,R1-1100um-top-to-bottom-center,330,7,R1-1100um-top-to-bottom-center_frame_330,1,0,0,0,1,1,1-0-0-0,Surface_Crack,0,0,0,none,none,6137,0.019977
image_954.jpg,R1-800um-top-to-bottom-center_frame_540_patch_0.png,1,800,top-to-bottom-center,R1-800um-top-to-bottom-center,540,0,R1-800um-top-to-bottom-center_frame_540,1,0,0,0,1,1,1-0-0-0,Surface_Crack,0,0,0,none,none,3679,0.011976
image_955.jpg,R7-700um-middle_frame_100_patch_7.png,7,700,middle,R7-700um-middle,100,7,R7-700um-middle_frame_100,1,1,0,0,2,1,1-1-0-0,Surface_Crack+Delamination,0,0,0,none,none,10540,0.03431
image_956.jpg,R1-700um-top-to-bottom-center_frame_505_patch_8.png,1,700,top-to-bottom-center,R1-700um-top-to-bottom-center,505,8,R1-700um-top-to-bottom-center_frame_505,1,0,1,0,2,1,1-0-1-0,Surface_Crack+Pinhole,0,1,2,0,Pinhole,1988,0.006471
image_957.jpg,R1-1100um-top-to-bottom-center-1_frame_402_patch_8.png,1,1100,top-to-bottom-center-1,R1-1100um-top-to-bottom-center-1,402,8,R1-1100um-top-to-bottom-center-1_frame_402,1,1,0,0,2,1,1-1-0-0,Surface_Crack+Delamination,0,0,0,none,none,15239,0.049606
image_958.jpg,R1-900um-top-to-bottom-center_frame_434_patch_8.png,1,900,top-to-bottom-center,R1-900um-top-to-bottom-center,434,8,R1-900um-top-to-bottom-center_frame_434,1,0,0,0,1,1,1-0-0-0,Surface_Crack,0,0,0,none,none,5776,0.018802
image_959.jpg,R1-1000um-top-to-bottom-center_frame_156_patch_4.png,1,1000,top-to-bottom-center,R1-1000um-top-to-bottom-center,156,4,R1-1000um-top-to-bottom-center_frame_156,1,0,0,0,1,1,1-0-0-0,Surface_Crack,0,0,0,none,none,6941,0.022594
image_960.jpg,R1-1100um-top-to-bottom-center-1_frame_397_patch_1.png,1,1100,top-to-bottom-center-1,R1-1100um-top-to-bottom-center-1,397,1,R1-1100um-top-to-bottom-center-1_frame_397,1,1,0,0,2,1,1-1-0-0,Surface_Crack+Delamination,0,0,0,none,none,12108,0.039414
image_961.jpg,R1-600um-top-to-bottom-center_frame_526_patch_5.png,1,600,top-to-bottom-center,R1-600um-top-to-bottom-center,526,5,R1-600um-top-to-bottom-center_frame_526,1,0,0,0,1,1,1-0-0-0,Surface_Crack,0,0,0,none,none,2046,0.00666
image_962.jpg,R1-1100um-top-to-bottom-center_frame_86_patch_1.png,1,1100,top-to-bottom-center,R1-1100um-top-to-bottom-center,86,1,R1-1100um-top-to-bottom-center_frame_86,1,0,1,0,2,1,1-0-1-0,Surface_Crack+Pinhole,0,1,1,0,Pinhole,5675,0.018473
image_963.jpg,R1-1100um-top-to-bottom-center_frame_220_patch_2.png,1,1100,top-to-bottom-center,R1-1100um-top-to-bottom-center,220,2,R1-1100um-top-to-bottom-center_frame_220,1,0,0,0,1,1,1-0-0-0,Surface_Crack,0,0,0,none,none,5145,0.016748
image_964.jpg,R1-1100um-top-to-bottom-center_frame_327_patch_2.png,1,1100,top-to-bottom-center,R1-1100um-top-to-bottom-center,327,2,R1-1100um-top-to-bottom-center_frame_327,1,0,0,0,1,1,1-0-0-0,Surface_Crack,0,0,0,none,none,8374,0.027259
image_965.jpg,R1-700um-top-to-bottom-center_frame_306_patch_7.png,1,700,top-to-bottom-center,R1-700um-top-to-bottom-center,306,7,R1-700um-top-to-bottom-center_frame_306,1,0,0,0,1,1,1-0-0-0,Surface_Crack,0,0,0,none,none,9869,0.032126
image_966.jpg,R1-1100um-top-to-bottom-center-1_frame_56_patch_5.png,1,1100,top-to-bottom-center-1,R1-1100um-top-to-bottom-center-1,56,5,R1-1100um-top-to-bottom-center-1_frame_56,1,1,0,0,2,1,1-1-0-0,Surface_Crack+Delamination,0,0,0,none,none,23107,0.075218
image_967.jpg,R1-1100um-top-to-bottom-center_frame_262_patch_5.png,1,1100,top-to-bottom-center,R1-1100um-top-to-bottom-center,262,5,R1-1100um-top-to-bottom-center_frame_262,1,0,0,0,1,1,1-0-0-0,Surface_Crack,0,0,0,none,none,11302,0.03679
image_968.jpg,R1-1000um-top-to-bottom-center_frame_434_patch_7.png,1,1000,top-to-bottom-center,R1-1000um-top-to-bottom-center,434,7,R1-1000um-top-to-bottom-center_frame_434,1,0,0,0,1,1,1-0-0-0,Surface_Crack,0,0,0,none,none,6811,0.022171
image_969.jpg,R1-900um-top-to-bottom-center_frame_347_patch_7.png,1,900,top-to-bottom-center,R1-900um-top-to-bottom-center,347,7,R1-900um-top-to-bottom-center_frame_347,1,0,0,0,1,1,1-0-0-0,Surface_Crack,0,0,0,none,none,6837,0.022256
image_970.jpg,R1-700um-top-to-bottom-center_frame_317_patch_2.png,1,700,top-to-bottom-center,R1-700um-top-to-bottom-center,317,2,R1-700um-top-to-bottom-center_frame_317,1,0,1,0,2,1,1-0-1-0,Surface_Crack+Pinhole,0,1,1,0,Pinhole,1974,0.006426
image_971.jpg,R1-600um-top-to-bottom-center_frame_70_patch_7.png,1,600,top-to-bottom-center,R1-600um-top-to-bottom-center,70,7,R1-600um-top-to-bottom-center_frame_70,0,0,1,0,1,1,0-0-1-0,Pinhole,0,1,1,0,Pinhole,59,0.000192
image_972.jpg,R1-600um-top-to-bottom-center_frame_104_patch_1.png,1,600,top-to-bottom-center,R1-600um-top-to-bottom-center,104,1,R1-600um-top-to-bottom-center_frame_104,0,0,1,0,1,1,0-0-1-0,Pinhole,0,1,1,0,Pinhole,4,1.3e-05
image_973.jpg,R1-900um-top-to-bottom-center_frame_234_patch_4.png,1,900,top-to-bottom-center,R1-900um-top-to-bottom-center,234,4,R1-900um-top-to-bottom-center_frame_234,1,0,0,0,1,1,1-0-0-0,Surface_Crack,0,0,0,none,none,11155,0.036312
image_974.jpg,R1-1100um-top-to-bottom-center_frame_356_patch_0.png,1,1100,top-to-bottom-center,R1-1100um-top-to-bottom-center,356,0,R1-1100um-top-to-bottom-center_frame_356,1,1,0,0,2,1,1-1-0-0,Surface_Crack+Delamination,0,0,0,none,none,30742,0.100072
image_975.jpg,R1-1000um-top-to-bottom-center_frame_551_patch_4.png,1,1000,top-to-bottom-center,R1-1000um-top-to-bottom-center,551,4,R1-1000um-top-to-bottom-center_frame_551,1,1,0,0,2,1,1-1-0-0,Surface_Crack+Delamination,0,0,0,none,none,36566,0.11903
image_976.jpg,R1-800um-top-to-bottom-center_frame_454_patch_8.png,1,800,top-to-bottom-center,R1-800um-top-to-bottom-center,454,8,R1-800um-top-to-bottom-center_frame_454,1,0,1,0,2,1,1-0-1-0,Surface_Crack+Pinhole,0,1,1,0,Pinhole,4093,0.013324
image_977.jpg,R1-1100um-top-to-bottom-center-1_frame_225_patch_5.png,1,1100,top-to-bottom-center-1,R1-1100um-top-to-bottom-center-1,225,5,R1-1100um-top-to-bottom-center-1_frame_225,1,0,0,0,1,1,1-0-0-0,Surface_Crack,0,0,0,none,none,17724,0.057695
image_978.jpg,R1-900um-top-to-bottom-center_frame_362_patch_2.png,1,900,top-to-bottom-center,R1-900um-top-to-bottom-center,362,2,R1-900um-top-to-bottom-center_frame_362,1,0,0,0,1,1,1-0-0-0,Surface_Crack,0,0,0,none,none,5620,0.018294
image_979.jpg,R1-700um-top-to-bottom-center_frame_44_patch_6.png,1,700,top-to-bottom-center,R1-700um-top-to-bottom-center,44,6,R1-700um-top-to-bottom-center_frame_44,0,0,1,0,1,1,0-0-1-0,Pinhole,0,1,1,0,Pinhole,9,2.9e-05
image_980.jpg,R7-700um-middle_frame_566_patch_4.png,7,700,middle,R7-700um-middle,566,4,R7-700um-middle_frame_566,1,1,0,0,2,1,1-1-0-0,Surface_Crack+Delamination,0,0,0,none,none,44264,0.144089
image_981.jpg,R1-900um-top-to-bottom-center_frame_207_patch_5.png,1,900,top-to-bottom-center,R1-900um-top-to-bottom-center,207,5,R1-900um-top-to-bottom-center_frame_207,1,0,1,0,2,1,1-0-1-0,Surface_Crack+Pinhole,0,1,2,0,Pinhole,4999,0.016273
image_982.jpg,R7-700um-middle_frame_503_patch_5.png,7,700,middle,R7-700um-middle,503,5,R7-700um-middle_frame_503,1,0,0,0,1,1,1-0-0-0,Surface_Crack,0,0,0,none,none,1321,0.0043
image_983.jpg,R1-1100um-top-to-bottom-center_frame_264_patch_2.png,1,1100,top-to-bottom-center,R1-1100um-top-to-bottom-center,264,2,R1-1100um-top-to-bottom-center_frame_264,1,0,0,0,1,1,1-0-0-0,Surface_Crack,0,0,0,none,none,11126,0.036217
image_984.jpg,R1-1100um-top-to-bottom-center_frame_308_patch_3.png,1,1100,top-to-bottom-center,R1-1100um-top-to-bottom-center,308,3,R1-1100um-top-to-bottom-center_frame_308,1,0,0,0,1,1,1-0-0-0,Surface_Crack,0,0,0,none,none,9103,0.029632
image_985.jpg,R1-1100um-top-to-bottom-center_frame_281_patch_5.png,1,1100,top-to-bottom-center,R1-1100um-top-to-bottom-center,281,5,R1-1100um-top-to-bottom-center_frame_281,1,0,0,0,1,1,1-0-0-0,Surface_Crack,0,0,0,none,none,6501,0.021162
image_986.jpg,R1-900um-top-to-bottom-center_frame_33_patch_8.png,1,900,top-to-bottom-center,R1-900um-top-to-bottom-center,33,8,R1-900um-top-to-bottom-center_frame_33,0,0,1,0,1,1,0-0-1-0,Pinhole,0,1,1,0,Pinhole,83,0.00027
image_987.jpg,R1-1100um-top-to-bottom-center-1_frame_481_patch_8.png,1,1100,top-to-bottom-center-1,R1-1100um-top-to-bottom-center-1,481,8,R1-1100um-top-to-bottom-center-1_frame_481,1,1,0,0,2,1,1-1-0-0,Surface_Crack+Delamination,0,0,0,none,none,11311,0.03682
image_988.jpg,R1-800um-top-to-bottom-center_frame_492_patch_3.png,1,800,top-to-bottom-center,R1-800um-top-to-bottom-center,492,3,R1-800um-top-to-bottom-center_frame_492,1,0,1,0,2,1,1-0-1-0,Surface_Crack+Pinhole,0,1,1,0,Pinhole,6351,0.020674
image_989.jpg,R1-700um-top-to-bottom-center_frame_77_patch_6.png,1,700,top-to-bottom-center,R1-700um-top-to-bottom-center,77,6,R1-700um-top-to-bottom-center_frame_77,0,0,1,0,1,1,0-0-1-0,Pinhole,0,1,1,0,Pinhole,22,7.2e-05
image_990.jpg,R1-600um-top-to-bottom-center_frame_274_patch_0.png,1,600,top-to-bottom-center,R1-600um-top-to-bottom-center,274,0,R1-600um-top-to-bottom-center_frame_274,0,0,0,0,0,0,0-0-0-0,none,1,0,0,none,none,0,0.0
image_991.jpg,R1-700um-top-to-bottom-center_frame_505_patch_2.png,1,700,top-to-bottom-center,R1-700um-top-to-bottom-center,505,2,R1-700um-top-to-bottom-center_frame_505,1,0,0,0,1,1,1-0-0-0,Surface_Crack,0,0,0,none,none,3039,0.009893
image_992.jpg,R1-900um-top-to-bottom-center_frame_332_patch_2.png,1,900,top-to-bottom-center,R1-900um-top-to-bottom-center,332,2,R1-900um-top-to-bottom-center_frame_332,1,0,0,0,1,1,1-0-0-0,Surface_Crack,0,0,0,none,none,5320,0.017318
image_993.jpg,R1-900um-top-to-bottom-center_frame_316_patch_0.png,1,900,top-to-bottom-center,R1-900um-top-to-bottom-center,316,0,R1-900um-top-to-bottom-center_frame_316,1,0,0,0,1,1,1-0-0-0,Surface_Crack,0,0,0,none,none,8623,0.02807
image_994.jpg,R1-800um-top-to-bottom-center_frame_623_patch_2.png,1,800,top-to-bottom-center,R1-800um-top-to-bottom-center,623,2,R1-800um-top-to-bottom-center_frame_623,1,1,1,0,3,1,1-1-1-0,Surface_Crack+Delamination+Pinhole,0,1,3,0,Pinhole,19200,0.0625
image_995.jpg,R1-900um-top-to-bottom-center_frame_288_patch_4.png,1,900,top-to-bottom-center,R1-900um-top-to-bottom-center,288,4,R1-900um-top-to-bottom-center_frame_288,1,0,0,0,1,1,1-0-0-0,Surface_Crack,0,0,0,none,none,7516,0.024466
image_996.jpg,R1-1100um-top-to-bottom-center_frame_193_patch_7.png,1,1100,top-to-bottom-center,R1-1100um-top-to-bottom-center,193,7,R1-1100um-top-to-bottom-center_frame_193,1,0,0,0,1,1,1-0-0-0,Surface_Crack,0,0,0,none,none,7633,0.024847
image_997.jpg,R1-1100um-top-to-bottom-center-1_frame_493_patch_2.png,1,1100,top-to-bottom-center-1,R1-1100um-top-to-bottom-center-1,493,2,R1-1100um-top-to-bottom-center-1_frame_493,1,1,0,0,2,1,1-1-0-0,Surface_Crack+Delamination,0,0,0,none,none,12904,0.042005
image_998.jpg,R1-1000um-top-to-bottom-center_frame_434_patch_6.png,1,1000,top-to-bottom-center,R1-1000um-top-to-bottom-center,434,6,R1-1000um-top-to-bottom-center_frame_434,1,0,0,0,1,1,1-0-0-0,Surface_Crack,0,0,0,none,none,7914,0.025762
image_999.jpg,R1-1000um-top-to-bottom-center_frame_287_patch_1.png,1,1000,top-to-bottom-center,R1-1000um-top-to-bottom-center,287,1,R1-1000um-top-to-bottom-center_frame_287,1,0,0,0,1,1,1-0-0-0,Surface_Crack,0,0,0,none,none,8891,0.028942
image_1000.jpg,R7-700um-middle_frame_574_patch_2.png,7,700,middle,R7-700um-middle,574,2,R7-700um-middle_frame_574,0,1,0,0,1,1,0-1-0-0,Delamination,0,0,0,none,none,76293,0.24835
image_1001.jpg,R1-1100um-top-to-bottom-center-1_frame_521_patch_5.png,1,1100,top-to-bottom-center-1,R1-1100um-top-to-bottom-center-1,521,5,R1-1100um-top-to-bottom-center-1_frame_521,1,1,1,0,3,1,1-1-1-0,Surface_Crack+Delamination+Pinhole,0,1,2,0,Pinhole,17813,0.057985
image_1002.jpg,R1-1000um-top-to-bottom-center_frame_173_patch_5.png,1,1000,top-to-bottom-center,R1-1000um-top-to-bottom-center,173,5,R1-1000um-top-to-bottom-center_frame_173,1,0,0,0,1,1,1-0-0-0,Surface_Crack,0,0,0,none,none,14912,0.048542
image_1003.jpg,R7-700um-middle_frame_512_patch_4.png,7,700,middle,R7-700um-middle,512,4,R7-700um-middle_frame_512,1,0,0,0,1,1,1-0-0-0,Surface_Crack,0,0,0,none,none,7257,0.023623
image_1004.jpg,R1-800um-top-to-bottom-center_frame_408_patch_6.png,1,800,top-to-bottom-center,R1-800um-top-to-bottom-center,408,6,R1-800um-top-to-bottom-center_frame_408,1,0,0,0,1,1,1-0-0-0,Surface_Crack,0,0,0,none,none,3483,0.011338
image_1005.jpg,R1-800um-top-to-bottom-center_frame_492_patch_1.png,1,800,top-to-bottom-center,R1-800um-top-to-bottom-center,492,1,R1-800um-top-to-bottom-center_frame_492,1,0,0,0,1,1,1-0-0-0,Surface_Crack,0,0,0,none,none,7821,0.025459
image_1006.jpg,R1-600um-top-to-bottom-center_frame_0_patch_0.png,1,600,top-to-bottom-center,R1-600um-top-to-bottom-center,0,0,R1-600um-top-to-bottom-center_frame_0,0,0,1,0,1,1,0-0-1-0,Pinhole,0,1,2,0,Pinhole,128,0.000417
image_1007.jpg,R1-600um-top-to-bottom-center_frame_408_patch_7.png,1,600,top-to-bottom-center,R1-600um-top-to-bottom-center,408,7,R1-600um-top-to-bottom-center_frame_408,1,0,0,0,1,1,1-0-0-0,Surface_Crack,0,0,0,none,none,4124,0.013424
image_1008.jpg,R1-1100um-top-to-bottom-center-1_frame_342_patch_0.png,1,1100,top-to-bottom-center-1,R1-1100um-top-to-bottom-center-1,342,0,R1-1100um-top-to-bottom-center-1_frame_342,1,0,1,0,2,1,1-0-1-0,Surface_Crack+Pinhole,0,1,1,0,Pinhole,13778,0.04485
image_1009.jpg,R1-800um-top-to-bottom-center_frame_608_patch_2.png,1,800,top-to-bottom-center,R1-800um-top-to-bottom-center,608,2,R1-800um-top-to-bottom-center_frame_608,1,0,0,0,1,1,1-0-0-0,Surface_Crack,0,0,0,none,none,7322,0.023835
image_1010.jpg,R1-1100um-top-to-bottom-center_frame_239_patch_7.png,1,1100,top-to-bottom-center,R1-1100um-top-to-bottom-center,239,7,R1-1100um-top-to-bottom-center_frame_239,1,0,0,0,1,1,1-0-0-0,Surface_Crack,0,0,0,none,none,10191,0.033174
image_1011.jpg,R1-1100um-top-to-bottom-center_frame_124_patch_5.png,1,1100,top-to-bottom-center,R1-1100um-top-to-bottom-center,124,5,R1-1100um-top-to-bottom-center_frame_124,1,0,1,0,2,1,1-0-1-0,Surface_Crack+Pinhole,0,1,1,0,Pinhole,6220,0.020247
image_1012.jpg,R7-700um-middle_frame_221_patch_6.png,7,700,middle,R7-700um-middle,221,6,R7-700um-middle_frame_221,1,0,0,0,1,1,1-0-0-0,Surface_Crack,0,0,0,none,none,2549,0.008298
image_1013.jpg,R1-600um-top-to-bottom-center_frame_58_patch_0.png,1,600,top-to-bottom-center,R1-600um-top-to-bottom-center,58,0,R1-600um-top-to-bottom-center_frame_58,0,0,0,1,0,0,0-0-0-1,unclassified,0,1,1,1,unclassified,0,0.0
image_1014.jpg,R1-1100um-top-to-bottom-center_frame_205_patch_3.png,1,1100,top-to-bottom-center,R1-1100um-top-to-bottom-center,205,3,R1-1100um-top-to-bottom-center_frame_205,1,0,1,0,2,1,1-0-1-0,Surface_Crack+Pinhole,0,1,1,0,Pinhole,721,0.002347
image_1015.jpg,R1-800um-top-to-bottom-center_frame_80_patch_0.png,1,800,top-to-bottom-center,R1-800um-top-to-bottom-center,80,0,R1-800um-top-to-bottom-center_frame_80,0,0,1,0,1,1,0-0-1-0,Pinhole,0,1,1,0,Pinhole,136,0.000443
image_1016.jpg,R1-900um-top-to-bottom-center_frame_210_patch_8.png,1,900,top-to-bottom-center,R1-900um-top-to-bottom-center,210,8,R1-900um-top-to-bottom-center_frame_210,1,0,1,0,2,1,1-0-1-0,Surface_Crack+Pinhole,0,1,1,0,Pinhole,9592,0.031224
image_1017.jpg,R1-1100um-top-to-bottom-center-1_frame_289_patch_7.png,1,1100,top-to-bottom-center-1,R1-1100um-top-to-bottom-center-1,289,7,R1-1100um-top-to-bottom-center-1_frame_289,1,0,0,0,1,1,1-0-0-0,Surface_Crack,0,0,0,none,none,14961,0.048701
image_1018.jpg,R1-1100um-top-to-bottom-center-1_frame_225_patch_7.png,1,1100,top-to-bottom-center-1,R1-1100um-top-to-bottom-center-1,225,7,R1-1100um-top-to-bottom-center-1_frame_225,1,0,0,0,1,1,1-0-0-0,Surface_Crack,0,0,0,none,none,8912,0.02901
image_1019.jpg,R1-600um-top-to-bottom-center_frame_372_patch_4.png,1,600,top-to-bottom-center,R1-600um-top-to-bottom-center,372,4,R1-600um-top-to-bottom-center_frame_372,1,0,1,0,2,1,1-0-1-0,Surface_Crack+Pinhole,0,1,1,0,Pinhole,17053,0.055511
image_1020.jpg,R1-1000um-top-to-bottom-center_frame_287_patch_6.png,1,1000,top-to-bottom-center,R1-1000um-top-to-bottom-center,287,6,R1-1000um-top-to-bottom-center_frame_287,1,0,0,0,1,1,1-0-0-0,Surface_Crack,0,0,0,none,none,9187,0.029906
image_1021.jpg,R1-1100um-top-to-bottom-center_frame_191_patch_2.png,1,1100,top-to-bottom-center,R1-1100um-top-to-bottom-center,191,2,R1-1100um-top-to-bottom-center_frame_191,1,0,0,0,1,1,1-0-0-0,Surface_Crack,0,0,0,none,none,10318,0.033587
image_1022.jpg,R1-900um-top-to-bottom-center_frame_362_patch_7.png,1,900,top-to-bottom-center,R1-900um-top-to-bottom-center,362,7,R1-900um-top-to-bottom-center_frame_362,1,0,0,0,1,1,1-0-0-0,Surface_Crack,0,0,0,none,none,8037,0.026162
image_1023.jpg,R1-1100um-top-to-bottom-center-1_frame_488_patch_5.png,1,1100,top-to-bottom-center-1,R1-1100um-top-to-bottom-center-1,488,5,R1-1100um-top-to-bottom-center-1_frame_488,1,0,0,0,1,1,1-0-0-0,Surface_Crack,0,0,0,none,none,8924,0.029049
image_1024.jpg,R1-800um-top-to-bottom-center_frame_316_patch_3.png,1,800,top-to-bottom-center,R1-800um-top-to-bottom-center,316,3,R1-800um-top-to-bottom-center_frame_316,1,0,0,0,1,1,1-0-0-0,Surface_Crack,0,0,0,none,none,4329,0.014092
image_1025.jpg,R1-1000um-top-to-bottom-center_frame_458_patch_3.png,1,1000,top-to-bottom-center,R1-1000um-top-to-bottom-center,458,3,R1-1000um-top-to-bottom-center_frame_458,1,0,0,0,1,1,1-0-0-0,Surface_Crack,0,0,0,none,none,12108,0.039414
image_1026.jpg,R1-700um-top-to-bottom-center_frame_270_patch_1.png,1,700,top-to-bottom-center,R1-700um-top-to-bottom-center,270,1,R1-700um-top-to-bottom-center_frame_270,1,0,0,0,1,1,1-0-0-0,Surface_Crack,0,0,0,none,none,9123,0.029697
image_1027.jpg,R7-700um-middle_frame_566_patch_3.png,7,700,middle,R7-700um-middle,566,3,R7-700um-middle_frame_566,1,1,0,0,2,1,1-1-0-0,Surface_Crack+Delamination,0,0,0,none,none,39455,0.128434
image_1028.jpg,R1-1100um-top-to-bottom-center_frame_109_patch_4.png,1,1100,top-to-bottom-center,R1-1100um-top-to-bottom-center,109,4,R1-1100um-top-to-bottom-center_frame_109,1,0,1,0,2,1,1-0-1-0,Surface_Crack+Pinhole,0,1,1,0,Pinhole,6083,0.019801
image_1029.jpg,R1-800um-top-to-bottom-center_frame_499_patch_2.png,1,800,top-to-bottom-center,R1-800um-top-to-bottom-center,499,2,R1-800um-top-to-bottom-center_frame_499,1,0,0,0,1,1,1-0-0-0,Surface_Crack,0,0,0,none,none,3613,0.011761
image_1030.jpg,R1-1000um-top-to-bottom-center_frame_594_patch_6.png,1,1000,top-to-bottom-center,R1-1000um-top-to-bottom-center,594,6,R1-1000um-top-to-bottom-center_frame_594,1,0,0,0,1,1,1-0-0-0,Surface_Crack,0,0,0,none,none,6632,0.021589
image_1031.jpg,R1-900um-top-to-bottom-center_frame_418_patch_5.png,1,900,top-to-bottom-center,R1-900um-top-to-bottom-center,418,5,R1-900um-top-to-bottom-center_frame_418,1,0,0,0,1,1,1-0-0-0,Surface_Crack,0,0,0,none,none,5956,0.019388
image_1032.jpg,R1-1000um-top-to-bottom-center_frame_245_patch_1.png,1,1000,top-to-bottom-center,R1-1000um-top-to-bottom-center,245,1,R1-1000um-top-to-bottom-center_frame_245,1,0,0,0,1,1,1-0-0-0,Surface_Crack,0,0,0,none,none,14627,0.047614
image_1033.jpg,R1-1100um-top-to-bottom-center-1_frame_205_patch_7.png,1,1100,top-to-bottom-center-1,R1-1100um-top-to-bottom-center-1,205,7,R1-1100um-top-to-bottom-center-1_frame_205,1,0,1,0,2,1,1-0-1-0,Surface_Crack+Pinhole,0,1,1,0,Pinhole,9586,0.031204
image_1034.jpg,R1-1100um-top-to-bottom-center_frame_253_patch_1.png,1,1100,top-to-bottom-center,R1-1100um-top-to-bottom-center,253,1,R1-1100um-top-to-bottom-center_frame_253,1,0,0,0,1,1,1-0-0-0,Surface_Crack,0,0,0,none,none,7900,0.025716
image_1035.jpg,R1-700um-top-to-bottom-center_frame_426_patch_0.png,1,700,top-to-bottom-center,R1-700um-top-to-bottom-center,426,0,R1-700um-top-to-bottom-center_frame_426,1,0,0,0,1,1,1-0-0-0,Surface_Crack,0,0,0,none,none,8804,0.028659
image_1036.jpg,R1-900um-top-to-bottom-center_frame_275_patch_1.png,1,900,top-to-bottom-center,R1-900um-top-to-bottom-center,275,1,R1-900um-top-to-bottom-center_frame_275,1,0,0,0,1,1,1-0-0-0,Surface_Crack,0,0,0,none,none,9362,0.030475
image_1037.jpg,R1-600um-top-to-bottom-center_frame_408_patch_3.png,1,600,top-to-bottom-center,R1-600um-top-to-bottom-center,408,3,R1-600um-top-to-bottom-center_frame_408,1,0,0,0,1,1,1-0-0-0,Surface_Crack,0,0,0,none,none,2869,0.009339
image_1038.jpg,R1-1100um-top-to-bottom-center-1_frame_372_patch_2.png,1,1100,top-to-bottom-center-1,R1-1100um-top-to-bottom-center-1,372,2,R1-1100um-top-to-bottom-center-1_frame_372,1,0,0,0,1,1,1-0-0-0,Surface_Crack,0,0,0,none,none,25648,0.08349
image_1039.jpg,R1-1100um-top-to-bottom-center-1_frame_280_patch_4.png,1,1100,top-to-bottom-center-1,R1-1100um-top-to-bottom-center-1,280,4,R1-1100um-top-to-bottom-center-1_frame_280,1,0,0,0,1,1,1-0-0-0,Surface_Crack,0,0,0,none,none,14661,0.047725
image_1040.jpg,R1-1100um-top-to-bottom-center_frame_179_patch_1.png,1,1100,top-to-bottom-center,R1-1100um-top-to-bottom-center,179,1,R1-1100um-top-to-bottom-center_frame_179,0,0,1,0,1,1,0-0-1-0,Pinhole,0,1,1,0,Pinhole,62,0.000202
image_1041.jpg,R1-1100um-top-to-bottom-center_frame_97_patch_1.png,1,1100,top-to-bottom-center,R1-1100um-top-to-bottom-center,97,1,R1-1100um-top-to-bottom-center_frame_97,1,0,1,0,2,1,1-0-1-0,Surface_Crack+Pinhole,0,1,1,0,Pinhole,3745,0.012191
image_1042.jpg,R1-1100um-top-to-bottom-center_frame_175_patch_1.png,1,1100,top-to-bottom-center,R1-1100um-top-to-bottom-center,175,1,R1-1100um-top-to-bottom-center_frame_175,1,0,1,0,2,1,1-0-1-0,Surface_Crack+Pinhole,0,1,1,0,Pinhole,6145,0.020003
image_1043.jpg,R1-800um-top-to-bottom-center_frame_641_patch_2.png,1,800,top-to-bottom-center,R1-800um-top-to-bottom-center,641,2,R1-800um-top-to-bottom-center_frame_641,1,0,0,0,1,1,1-0-0-0,Surface_Crack,0,0,0,none,none,7074,0.023027
image_1044.jpg,R1-1100um-top-to-bottom-center_frame_232_patch_4.png,1,1100,top-to-bottom-center,R1-1100um-top-to-bottom-center,232,4,R1-1100um-top-to-bottom-center_frame_232,1,0,0,0,1,1,1-0-0-0,Surface_Crack,0,0,0,none,none,10517,0.034235
image_1045.jpg,R1-1000um-top-to-bottom-center_frame_338_patch_2.png,1,1000,top-to-bottom-center,R1-1000um-top-to-bottom-center,338,2,R1-1000um-top-to-bottom-center_frame_338,1,0,0,0,1,1,1-0-0-0,Surface_Crack,0,0,0,none,none,13159,0.042835
image_1046.jpg,R1-800um-top-to-bottom-center_frame_413_patch_0.png,1,800,top-to-bottom-center,R1-800um-top-to-bottom-center,413,0,R1-800um-top-to-bottom-center_frame_413,1,0,0,0,1,1,1-0-0-0,Surface_Crack,0,0,0,none,none,2380,0.007747
image_1047.jpg,R1-900um-top-to-bottom-center_frame_444_patch_1.png,1,900,top-to-bottom-center,R1-900um-top-to-bottom-center,444,1,R1-900um-top-to-bottom-center_frame_444,1,0,0,0,1,1,1-0-0-0,Surface_Crack,0,0,0,none,none,5529,0.017998
image_1048.jpg,R1-800um-top-to-bottom-center_frame_492_patch_6.png,1,800,top-to-bottom-center,R1-800um-top-to-bottom-center,492,6,R1-800um-top-to-bottom-center_frame_492,1,0,1,0,2,1,1-0-1-0,Surface_Crack+Pinhole,0,1,1,0,Pinhole,2447,0.007965
image_1049.jpg,R1-1100um-top-to-bottom-center-1_frame_174_patch_8.png,1,1100,top-to-bottom-center-1,R1-1100um-top-to-bottom-center-1,174,8,R1-1100um-top-to-bottom-center-1_frame_174,1,0,0,0,1,1,1-0-0-0,Surface_Crack,0,0,0,none,none,10511,0.034215
image_1050.jpg,R1-600um-top-to-bottom-center_frame_586_patch_2.png,1,600,top-to-bottom-center,R1-600um-top-to-bottom-center,586,2,R1-600um-top-to-bottom-center_frame_586,1,0,0,0,1,1,1-0-0-0,Surface_Crack,0,0,0,none,none,2173,0.007074
image_1051.jpg,R1-1000um-top-to-bottom-center_frame_585_patch_2.png,1,1000,top-to-bottom-center,R1-1000um-top-to-bottom-center,585,2,R1-1000um-top-to-bottom-center_frame_585,1,0,0,0,1,1,1-0-0-0,Surface_Crack,0,0,0,none,none,8412,0.027383
image_1052.jpg,R1-700um-top-to-bottom-center_frame_184_patch_0.png,1,700,top-to-bottom-center,R1-700um-top-to-bottom-center,184,0,R1-700um-top-to-bottom-center_frame_184,0,0,1,0,1,1,0-0-1-0,Pinhole,0,1,1,0,Pinhole,1159,0.003773
image_1053.jpg,R1-700um-top-to-bottom-center_frame_321_patch_1.png,1,700,top-to-bottom-center,R1-700um-top-to-bottom-center,321,1,R1-700um-top-to-bottom-center_frame_321,1,0,1,0,2,1,1-0-1-0,Surface_Crack+Pinhole,0,1,1,0,Pinhole,4984,0.016224
image_1054.jpg,R1-600um-top-to-bottom-center_frame_622_patch_8.png,1,600,top-to-bottom-center,R1-600um-top-to-bottom-center,622,8,R1-600um-top-to-bottom-center_frame_622,1,0,0,0,1,1,1-0-0-0,Surface_Crack,0,0,0,none,none,5355,0.017432
image_1055.jpg,R1-600um-top-to-bottom-center_frame_143_patch_0.png,1,600,top-to-bottom-center,R1-600um-top-to-bottom-center,143,0,R1-600um-top-to-bottom-center_frame_143,0,0,1,0,1,1,0-0-1-0,Pinhole,0,1,1,0,Pinhole,13,4.2e-05
image_1056.jpg,R1-600um-top-to-bottom-center_frame_486_patch_8.png,1,600,top-to-bottom-center,R1-600um-top-to-bottom-center,486,8,R1-600um-top-to-bottom-center_frame_486,0,0,1,0,1,1,0-0-1-0,Pinhole,0,1,1,0,Pinhole,96,0.000312
image_1057.jpg,R1-700um-top-to-bottom-center_frame_6_patch_1.png,1,700,top-to-bottom-center,R1-700um-top-to-bottom-center,6,1,R1-700um-top-to-bottom-center_frame_6,1,0,0,0,1,1,1-0-0-0,Surface_Crack,0,0,0,none,none,2289,0.007451
image_1058.jpg,R1-1000um-top-to-bottom-center_frame_384_patch_1.png,1,1000,top-to-bottom-center,R1-1000um-top-to-bottom-center,384,1,R1-1000um-top-to-bottom-center_frame_384,1,0,0,0,1,1,1-0-0-0,Surface_Crack,0,0,0,none,none,9411,0.030635
image_1059.jpg,R1-700um-top-to-bottom-center_frame_347_patch_2.png,1,700,top-to-bottom-center,R1-700um-top-to-bottom-center,347,2,R1-700um-top-to-bottom-center_frame_347,1,0,0,0,1,1,1-0-0-0,Surface_Crack,0,0,0,none,none,2180,0.007096
image_1060.jpg,R1-1100um-top-to-bottom-center_frame_145_patch_2.png,1,1100,top-to-bottom-center,R1-1100um-top-to-bottom-center,145,2,R1-1100um-top-to-bottom-center_frame_145,1,0,0,0,1,1,1-0-0-0,Surface_Crack,0,0,0,none,none,5456,0.01776
image_1061.jpg,R1-600um-top-to-bottom-center_frame_596_patch_7.png,1,600,top-to-bottom-center,R1-600um-top-to-bottom-center,596,7,R1-600um-top-to-bottom-center_frame_596,1,0,0,0,1,1,1-0-0-0,Surface_Crack,0,0,0,none,none,4025,0.013102
image_1062.jpg,R1-1000um-top-to-bottom-center_frame_173_patch_0.png,1,1000,top-to-bottom-center,R1-1000um-top-to-bottom-center,173,0,R1-1000um-top-to-bottom-center_frame_173,1,0,0,0,1,1,1-0-0-0,Surface_Crack,0,0,0,none,none,8361,0.027217
image_1063.jpg,R1-1100um-top-to-bottom-center-1_frame_468_patch_1.png,1,1100,top-to-bottom-center-1,R1-1100um-top-to-bottom-center-1,468,1,R1-1100um-top-to-bottom-center-1_frame_468,1,1,0,0,2,1,1-1-0-0,Surface_Crack+Delamination,0,0,0,none,none,16671,0.054268
image_1064.jpg,R1-1100um-top-to-bottom-center_frame_330_patch_5.png,1,1100,top-to-bottom-center,R1-1100um-top-to-bottom-center,330,5,R1-1100um-top-to-bottom-center_frame_330,1,0,0,0,1,1,1-0-0-0,Surface_Crack,0,0,0,none,none,7340,0.023893
image_1065.jpg,R1-800um-top-to-bottom-center_frame_651_patch_5.png,1,800,top-to-bottom-center,R1-800um-top-to-bottom-center,651,5,R1-800um-top-to-bottom-center_frame_651,1,0,0,0,1,1,1-0-0-0,Surface_Crack,0,0,0,none,none,4106,0.013366
image_1066.jpg,R1-600um-top-to-bottom-center_frame_594_patch_4.png,1,600,top-to-bottom-center,R1-600um-top-to-bottom-center,594,4,R1-600um-top-to-bottom-center_frame_594,1,0,1,0,2,1,1-0-1-0,Surface_Crack+Pinhole,0,1,1,0,Pinhole,6648,0.021641
image_1067.jpg,R1-600um-top-to-bottom-center_frame_53_patch_6.png,1,600,top-to-bottom-center,R1-600um-top-to-bottom-center,53,6,R1-600um-top-to-bottom-center_frame_53,0,0,1,0,1,1,0-0-1-0,Pinhole,0,1,1,0,Pinhole,2,7e-06
image_1068.jpg,R1-800um-top-to-bottom-center_frame_526_patch_1.png,1,800,top-to-bottom-center,R1-800um-top-to-bottom-center,526,1,R1-800um-top-to-bottom-center_frame_526,1,0,0,0,1,1,1-0-0-0,Surface_Crack,0,0,0,none,none,7463,0.024294
image_1069.jpg,R1-700um-top-to-bottom-center_frame_597_patch_1.png,1,700,top-to-bottom-center,R1-700um-top-to-bottom-center,597,1,R1-700um-top-to-bottom-center_frame_597,1,0,0,0,1,1,1-0-0-0,Surface_Crack,0,0,0,none,none,5509,0.017933
image_1070.jpg,R1-700um-top-to-bottom-center_frame_570_patch_6.png,1,700,top-to-bottom-center,R1-700um-top-to-bottom-center,570,6,R1-700um-top-to-bottom-center_frame_570,1,0,1,0,2,1,1-0-1-0,Surface_Crack+Pinhole,0,1,1,0,Pinhole,7033,0.022894
image_1071.jpg,R1-1100um-top-to-bottom-center_frame_262_patch_6.png,1,1100,top-to-bottom-center,R1-1100um-top-to-bottom-center,262,6,R1-1100um-top-to-bottom-center_frame_262,1,0,0,0,1,1,1-0-0-0,Surface_Crack,0,0,0,none,none,8470,0.027572
image_1072.jpg,R1-800um-top-to-bottom-center_frame_412_patch_0.png,1,800,top-to-bottom-center,R1-800um-top-to-bottom-center,412,0,R1-800um-top-to-bottom-center_frame_412,1,0,0,0,1,1,1-0-0-0,Surface_Crack,0,0,0,none,none,2234,0.007272
image_1073.jpg,R1-1100um-top-to-bottom-center_frame_277_patch_1.png,1,1100,top-to-bottom-center,R1-1100um-top-to-bottom-center,277,1,R1-1100um-top-to-bottom-center_frame_277,1,0,0,0,1,1,1-0-0-0,Surface_Crack,0,0,0,none,none,7702,0.025072
image_1074.jpg,R1-1000um-top-to-bottom-center_frame_287_patch_7.png,1,1000,top-to-bottom-center,R1-1000um-top-to-bottom-center,287,7,R1-1000um-top-to-bottom-center_frame_287,1,0,0,0,1,1,1-0-0-0,Surface_Crack,0,0,0,none,none,11740,0.038216
image_1075.jpg,R1-800um-top-to-bottom-center_frame_392_patch_7.png,1,800,top-to-bottom-center,R1-800um-top-to-bottom-center,392,7,R1-800um-top-to-bottom-center_frame_392,1,0,1,0,2,1,1-0-1-0,Surface_Crack+Pinhole,0,1,1,0,Pinhole,4665,0.015186
image_1076.jpg,R1-1100um-top-to-bottom-center-1_frame_447_patch_6.png,1,1100,top-to-bottom-center-1,R1-1100um-top-to-bottom-center-1,447,6,R1-1100um-top-to-bottom-center-1_frame_447,1,1,0,0,2,1,1-1-0-0,Surface_Crack+Delamination,0,0,0,none,none,9572,0.031159
image_1077.jpg,R1-800um-top-to-bottom-center_frame_413_patch_6.png,1,800,top-to-bottom-center,R1-800um-top-to-bottom-center,413,6,R1-800um-top-to-bottom-center_frame_413,1,0,1,0,2,1,1-0-1-0,Surface_Crack+Pinhole,0,1,1,0,Pinhole,3615,0.011768
image_1078.jpg,R1-1000um-top-to-bottom-center_frame_338_patch_7.png,1,1000,top-to-bottom-center,R1-1000um-top-to-bottom-center,338,7,R1-1000um-top-to-bottom-center_frame_338,1,0,0,0,1,1,1-0-0-0,Surface_Crack,0,0,0,none,none,9976,0.032474
image_1079.jpg,R1-1000um-top-to-bottom-center_frame_222_patch_4.png,1,1000,top-to-bottom-center,R1-1000um-top-to-bottom-center,222,4,R1-1000um-top-to-bottom-center_frame_222,1,0,0,0,1,1,1-0-0-0,Surface_Crack,0,0,0,none,none,11538,0.037559
image_1080.jpg,R1-600um-top-to-bottom-center_frame_596_patch_3.png,1,600,top-to-bottom-center,R1-600um-top-to-bottom-center,596,3,R1-600um-top-to-bottom-center_frame_596,1,0,0,0,1,1,1-0-0-0,Surface_Crack,0,0,0,none,none,4381,0.014261
image_1081.jpg,R1-600um-top-to-bottom-center_frame_659_patch_7.png,1,600,top-to-bottom-center,R1-600um-top-to-bottom-center,659,7,R1-600um-top-to-bottom-center_frame_659,1,0,0,0,1,1,1-0-0-0,Surface_Crack,0,0,0,none,none,34082,0.110944
image_1082.jpg,R1-1100um-top-to-bottom-center_frame_175_patch_7.png,1,1100,top-to-bottom-center,R1-1100um-top-to-bottom-center,175,7,R1-1100um-top-to-bottom-center_frame_175,1,0,1,0,2,1,1-0-1-0,Surface_Crack+Pinhole,0,1,1,0,Pinhole,5987,0.019489
image_1083.jpg,R1-800um-top-to-bottom-center_frame_304_patch_3.png,1,800,top-to-bottom-center,R1-800um-top-to-bottom-center,304,3,R1-800um-top-to-bottom-center_frame_304,1,0,0,0,1,1,1-0-0-0,Surface_Crack,0,0,0,none,none,2090,0.006803
image_1084.jpg,R1-600um-top-to-bottom-center_frame_372_patch_8.png,1,600,top-to-bottom-center,R1-600um-top-to-bottom-center,372,8,R1-600um-top-to-bottom-center_frame_372,1,0,0,0,1,1,1-0-0-0,Surface_Crack,0,0,0,none,none,18594,0.060527
image_1085.jpg,R1-700um-top-to-bottom-center_frame_661_patch_8.png,1,700,top-to-bottom-center,R1-700um-top-to-bottom-center,661,8,R1-700um-top-to-bottom-center_frame_661,1,0,0,0,1,1,1-0-0-0,Surface_Crack,0,0,0,none,none,29338,0.095501
image_1086.jpg,R7-700um-middle_frame_520_patch_1.png,7,700,middle,R7-700um-middle,520,1,R7-700um-middle_frame_520,1,0,0,0,1,1,1-0-0-0,Surface_Crack,0,0,0,none,none,5844,0.019023
image_1087.jpg,R1-600um-top-to-bottom-center_frame_408_patch_1.png,1,600,top-to-bottom-center,R1-600um-top-to-bottom-center,408,1,R1-600um-top-to-bottom-center_frame_408,1,0,1,0,2,1,1-0-1-0,Surface_Crack+Pinhole,0,1,1,0,Pinhole,3222,0.010488
image_1088.jpg,R1-1000um-top-to-bottom-center_frame_225_patch_1.png,1,1000,top-to-bottom-center,R1-1000um-top-to-bottom-center,225,1,R1-1000um-top-to-bottom-center_frame_225,1,0,0,0,1,1,1-0-0-0,Surface_Crack,0,0,0,none,none,12054,0.039238
image_1089.jpg,R1-900um-top-to-bottom-center_frame_290_patch_7.png,1,900,top-to-bottom-center,R1-900um-top-to-bottom-center,290,7,R1-900um-top-to-bottom-center_frame_290,1,0,0,0,1,1,1-0-0-0,Surface_Crack,0,0,0,none,none,8807,0.028669
image_1090.jpg,R1-800um-top-to-bottom-center_frame_6_patch_4.png,1,800,top-to-bottom-center,R1-800um-top-to-bottom-center,6,4,R1-800um-top-to-bottom-center_frame_6,0,0,1,0,1,1,0-0-1-0,Pinhole,0,1,1,0,Pinhole,57,0.000186
image_1091.jpg,R1-1100um-top-to-bottom-center_frame_327_patch_4.png,1,1100,top-to-bottom-center,R1-1100um-top-to-bottom-center,327,4,R1-1100um-top-to-bottom-center_frame_327,1,0,0,0,1,1,1-0-0-0,Surface_Crack,0,0,0,none,none,8615,0.028044
image_1092.jpg,R1-1000um-top-to-bottom-center_frame_461_patch_7.png,1,1000,top-to-bottom-center,R1-1000um-top-to-bottom-center,461,7,R1-1000um-top-to-bottom-center_frame_461,1,0,0,0,1,1,1-0-0-0,Surface_Crack,0,0,0,none,none,11827,0.038499
image_1093.jpg,R1-600um-top-to-bottom-center_frame_418_patch_3.png,1,600,top-to-bottom-center,R1-600um-top-to-bottom-center,418,3,R1-600um-top-to-bottom-center_frame_418,1,0,0,0,1,1,1-0-0-0,Surface_Crack,0,0,0,none,none,2516,0.00819
image_1094.jpg,R1-1000um-top-to-bottom-center_frame_461_patch_4.png,1,1000,top-to-bottom-center,R1-1000um-top-to-bottom-center,461,4,R1-1000um-top-to-bottom-center_frame_461,1,0,1,0,2,1,1-0-1-0,Surface_Crack+Pinhole,0,1,1,0,Pinhole,11961,0.038936
image_1095.jpg,R1-700um-top-to-bottom-center_frame_143_patch_2.png,1,700,top-to-bottom-center,R1-700um-top-to-bottom-center,143,2,R1-700um-top-to-bottom-center_frame_143,0,0,0,0,0,0,0-0-0-0,none,1,0,0,none,none,0,0.0
image_1096.jpg,R1-900um-top-to-bottom-center_frame_362_patch_3.png,1,900,top-to-bottom-center,R1-900um-top-to-bottom-center,362,3,R1-900um-top-to-bottom-center_frame_362,1,0,0,0,1,1,1-0-0-0,Surface_Crack,0,0,0,none,none,9559,0.031117
image_1097.jpg,R1-800um-top-to-bottom-center_frame_316_patch_4.png,1,800,top-to-bottom-center,R1-800um-top-to-bottom-center,316,4,R1-800um-top-to-bottom-center_frame_316,1,0,1,0,2,1,1-0-1-0,Surface_Crack+Pinhole,0,1,1,0,Pinhole,6124,0.019935
image_1098.jpg,R1-600um-top-to-bottom-center_frame_75_patch_6.png,1,600,top-to-bottom-center,R1-600um-top-to-bottom-center,75,6,R1-600um-top-to-bottom-center_frame_75,0,0,0,1,0,0,0-0-0-1,unclassified,0,1,1,1,unclassified,0,0.0
image_1099.jpg,R1-900um-top-to-bottom-center_frame_512_patch_4.png,1,900,top-to-bottom-center,R1-900um-top-to-bottom-center,512,4,R1-900um-top-to-bottom-center_frame_512,1,0,0,0,1,1,1-0-0-0,Surface_Crack,0,0,0,none,none,10687,0.034788
image_1100.jpg,R1-1000um-top-to-bottom-center_frame_550_patch_4.png,1,1000,top-to-bottom-center,R1-1000um-top-to-bottom-center,550,4,R1-1000um-top-to-bottom-center_frame_550,1,1,0,0,2,1,1-1-0-0,Surface_Crack+Delamination,0,0,0,none,none,34147,0.111156
image_1101.jpg,R1-900um-top-to-bottom-center_frame_486_patch_6.png,1,900,top-to-bottom-center,R1-900um-top-to-bottom-center,486,6,R1-900um-top-to-bottom-center_frame_486,1,0,0,0,1,1,1-0-0-0,Surface_Crack,0,0,0,none,none,5382,0.01752
image_1102.jpg,R1-900um-top-to-bottom-center_frame_493_patch_7.png,1,900,top-to-bottom-center,R1-900um-top-to-bottom-center,493,7,R1-900um-top-to-bottom-center_frame_493,1,0,0,0,1,1,1-0-0-0,Surface_Crack,0,0,0,none,none,6324,0.020586
image_1103.jpg,R1-1100um-top-to-bottom-center_frame_98_patch_5.png,1,1100,top-to-bottom-center,R1-1100um-top-to-bottom-center,98,5,R1-1100um-top-to-bottom-center_frame_98,1,0,0,0,1,1,1-0-0-0,Surface_Crack,0,0,0,none,none,5833,0.018988
image_1104.jpg,R1-600um-top-to-bottom-center_frame_61_patch_0.png,1,600,top-to-bottom-center,R1-600um-top-to-bottom-center,61,0,R1-600um-top-to-bottom-center_frame_61,0,0,0,1,0,0,0-0-0-1,unclassified,0,1,1,1,unclassified,0,0.0
image_1105.jpg,R1-1100um-top-to-bottom-center_frame_239_patch_5.png,1,1100,top-to-bottom-center,R1-1100um-top-to-bottom-center,239,5,R1-1100um-top-to-bottom-center_frame_239,1,0,0,0,1,1,1-0-0-0,Surface_Crack,0,0,0,none,none,7528,0.024505
image_1106.jpg,R1-1100um-top-to-bottom-center_frame_245_patch_4.png,1,1100,top-to-bottom-center,R1-1100um-top-to-bottom-center,245,4,R1-1100um-top-to-bottom-center_frame_245,1,0,0,0,1,1,1-0-0-0,Surface_Crack,0,0,0,none,none,9367,0.030492
image_1107.jpg,R1-1100um-top-to-bottom-center_frame_262_patch_4.png,1,1100,top-to-bottom-center,R1-1100um-top-to-bottom-center,262,4,R1-1100um-top-to-bottom-center_frame_262,1,0,1,0,2,1,1-0-1-0,Surface_Crack+Pinhole,0,1,1,0,Pinhole,9169,0.029847
image_1108.jpg,R1-1100um-top-to-bottom-center_frame_220_patch_3.png,1,1100,top-to-bottom-center,R1-1100um-top-to-bottom-center,220,3,R1-1100um-top-to-bottom-center_frame_220,1,0,0,0,1,1,1-0-0-0,Surface_Crack,0,0,0,none,none,8018,0.0261
image_1109.jpg,R1-700um-top-to-bottom-center_frame_572_patch_8.png,1,700,top-to-bottom-center,R1-700um-top-to-bottom-center,572,8,R1-700um-top-to-bottom-center_frame_572,1,0,0,0,1,1,1-0-0-0,Surface_Crack,0,0,0,none,none,2507,0.008161
image_1110.jpg,R1-600um-top-to-bottom-center_frame_36_patch_3.png,1,600,top-to-bottom-center,R1-600um-top-to-bottom-center,36,3,R1-600um-top-to-bottom-center_frame_36,0,0,1,0,1,1,0-0-1-0,Pinhole,0,1,2,0,Pinhole,97,0.000316
image_1111.jpg,R1-600um-top-to-bottom-center_frame_376_patch_2.png,1,600,top-to-bottom-center,R1-600um-top-to-bottom-center,376,2,R1-600um-top-to-bottom-center_frame_376,1,0,0,0,1,1,1-0-0-0,Surface_Crack,0,0,0,none,none,9824,0.031979
image_1112.jpg,R1-1100um-top-to-bottom-center_frame_342_patch_0.png,1,1100,top-to-bottom-center,R1-1100um-top-to-bottom-center,342,0,R1-1100um-top-to-bottom-center_frame_342,1,0,0,0,1,1,1-0-0-0,Surface_Crack,0,0,0,none,none,8720,0.028385
image_1113.jpg,R7-700um-middle_frame_100_patch_1.png,7,700,middle,R7-700um-middle,100,1,R7-700um-middle_frame_100,1,0,0,0,1,1,1-0-0-0,Surface_Crack,0,0,0,none,none,2960,0.009635
image_1114.jpg,R1-800um-top-to-bottom-center_frame_473_patch_6.png,1,800,top-to-bottom-center,R1-800um-top-to-bottom-center,473,6,R1-800um-top-to-bottom-center_frame_473,1,0,0,0,1,1,1-0-0-0,Surface_Crack,0,0,0,none,none,3050,0.009928
image_1115.jpg,R1-700um-top-to-bottom-center_frame_321_patch_4.png,1,700,top-to-bottom-center,R1-700um-top-to-bottom-center,321,4,R1-700um-top-to-bottom-center_frame_321,1,0,0,0,1,1,1-0-0-0,Surface_Crack,0,0,0,none,none,9249,0.030107
image_1116.jpg,R1-1100um-top-to-bottom-center_frame_356_patch_7.png,1,1100,top-to-bottom-center,R1-1100um-top-to-bottom-center,356,7,R1-1100um-top-to-bottom-center_frame_356,1,0,0,0,1,1,1-0-0-0,Surface_Crack,0,0,0,none,none,6435,0.020947
image_1117.jpg,R7-700um-middle_frame_1_patch_2.png,7,700,middle,R7-700um-middle,1,2,R7-700um-middle_frame_1,1,0,0,0,1,1,1-0-0-0,Surface_Crack,0,0,0,none,none,1396,0.004544
image_1118.jpg,R1-1100um-top-to-bottom-center_frame_277_patch_0.png,1,1100,top-to-bottom-center,R1-1100um-top-to-bottom-center,277,0,R1-1100um-top-to-bottom-center_frame_277,1,0,0,0,1,1,1-0-0-0,Surface_Crack,0,0,0,none,none,9442,0.030736
image_1119.jpg,R1-600um-top-to-bottom-center_frame_457_patch_2.png,1,600,top-to-bottom-center,R1-600um-top-to-bottom-center,457,2,R1-600um-top-to-bottom-center_frame_457,1,0,1,0,2,1,1-0-1-0,Surface_Crack+Pinhole,0,1,1,0,Pinhole,1945,0.006331
image_1120.jpg,R1-900um-top-to-bottom-center_frame_194_patch_7.png,1,900,top-to-bottom-center,R1-900um-top-to-bottom-center,194,7,R1-900um-top-to-bottom-center_frame_194,1,0,0,0,1,1,1-0-0-0,Surface_Crack,0,0,0,none,none,8947,0.029124
image_1121.jpg,R1-700um-top-to-bottom-center_frame_321_patch_3.png,1,700,top-to-bottom-center,R1-700um-top-to-bottom-center,321,3,R1-700um-top-to-bottom-center_frame_321,1,0,0,0,1,1,1-0-0-0,Surface_Crack,0,0,0,none,none,7783,0.025335
image_1122.jpg,R1-1100um-top-to-bottom-center_frame_370_patch_6.png,1,1100,top-to-bottom-center,R1-1100um-top-to-bottom-center,370,6,R1-1100um-top-to-bottom-center_frame_370,1,1,0,0,2,1,1-1-0-0,Surface_Crack+Delamination,0,0,0,none,none,35794,0.116517
image_1123.jpg,R1-600um-top-to-bottom-center_frame_594_patch_2.png,1,600,top-to-bottom-center,R1-600um-top-to-bottom-center,594,2,R1-600um-top-to-bottom-center_frame_594,1,0,0,0,1,1,1-0-0-0,Surface_Crack,0,0,0,none,none,5124,0.01668
image_1124.jpg,R1-1100um-top-to-bottom-center_frame_281_patch_6.png,1,1100,top-to-bottom-center,R1-1100um-top-to-bottom-center,281,6,R1-1100um-top-to-bottom-center_frame_281,1,0,0,0,1,1,1-0-0-0,Surface_Crack,0,0,0,none,none,10091,0.032848
image_1125.jpg,R1-1100um-top-to-bottom-center-1_frame_372_patch_6.png,1,1100,top-to-bottom-center-1,R1-1100um-top-to-bottom-center-1,372,6,R1-1100um-top-to-bottom-center-1_frame_372,1,0,0,0,1,1,1-0-0-0,Surface_Crack,0,0,0,none,none,10006,0.032572
image_1126.jpg,R1-700um-top-to-bottom-center_frame_452_patch_5.png,1,700,top-to-bottom-center,R1-700um-top-to-bottom-center,452,5,R1-700um-top-to-bottom-center_frame_452,1,0,0,0,1,1,1-0-0-0,Surface_Crack,0,0,0,none,none,4463,0.014528
image_1127.jpg,R1-800um-top-to-bottom-center_frame_561_patch_3.png,1,800,top-to-bottom-center,R1-800um-top-to-bottom-center,561,3,R1-800um-top-to-bottom-center_frame_561,1,0,0,0,1,1,1-0-0-0,Surface_Crack,0,0,0,none,none,4981,0.016214
image_1128.jpg,R1-1100um-top-to-bottom-center_frame_361_patch_6.png,1,1100,top-to-bottom-center,R1-1100um-top-to-bottom-center,361,6,R1-1100um-top-to-bottom-center_frame_361,1,0,0,0,1,1,1-0-0-0,Surface_Crack,0,0,0,none,none,11607,0.037783
image_1129.jpg,R7-700um-middle_frame_122_patch_4.png,7,700,middle,R7-700um-middle,122,4,R7-700um-middle_frame_122,1,0,0,0,1,1,1-0-0-0,Surface_Crack,0,0,0,none,none,3869,0.012594
image_1130.jpg,R1-700um-top-to-bottom-center_frame_556_patch_4.png,1,700,top-to-bottom-center,R1-700um-top-to-bottom-center,556,4,R1-700um-top-to-bottom-center_frame_556,1,0,1,0,2,1,1-0-1-0,Surface_Crack+Pinhole,0,1,1,0,Pinhole,5022,0.016348
image_1131.jpg,R1-1000um-top-to-bottom-center_frame_170_patch_4.png,1,1000,top-to-bottom-center,R1-1000um-top-to-bottom-center,170,4,R1-1000um-top-to-bottom-center_frame_170,1,0,0,0,1,1,1-0-0-0,Surface_Crack,0,0,0,none,none,7004,0.022799
image_1132.jpg,R1-700um-top-to-bottom-center_frame_364_patch_6.png,1,700,top-to-bottom-center,R1-700um-top-to-bottom-center,364,6,R1-700um-top-to-bottom-center_frame_364,1,0,0,0,1,1,1-0-0-0,Surface_Crack,0,0,0,none,none,3369,0.010967
image_1133.jpg,R1-600um-top-to-bottom-center_frame_201_patch_4.png,1,600,top-to-bottom-center,R1-600um-top-to-bottom-center,201,4,R1-600um-top-to-bottom-center_frame_201,0,0,0,0,0,0,0-0-0-0,none,1,0,0,none,none,0,0.0
image_1134.jpg,R1-1000um-top-to-bottom-center_frame_585_patch_5.png,1,1000,top-to-bottom-center,R1-1000um-top-to-bottom-center,585,5,R1-1000um-top-to-bottom-center_frame_585,1,0,1,0,2,1,1-0-1-0,Surface_Crack+Pinhole,0,1,1,0,Pinhole,21159,0.068877
image_1135.jpg,R1-1000um-top-to-bottom-center_frame_570_patch_5.png,1,1000,top-to-bottom-center,R1-1000um-top-to-bottom-center,570,5,R1-1000um-top-to-bottom-center_frame_570,1,0,1,0,2,1,1-0-1-0,Surface_Crack+Pinhole,0,1,1,0,Pinhole,7485,0.024365
image_1136.jpg,R1-1100um-top-to-bottom-center_frame_370_patch_0.png,1,1100,top-to-bottom-center,R1-1100um-top-to-bottom-center,370,0,R1-1100um-top-to-bottom-center_frame_370,1,0,0,0,1,1,1-0-0-0,Surface_Crack,0,0,0,none,none,8809,0.028675
image_1137.jpg,R1-800um-top-to-bottom-center_frame_367_patch_2.png,1,800,top-to-bottom-center,R1-800um-top-to-bottom-center,367,2,R1-800um-top-to-bottom-center_frame_367,1,0,1,0,2,1,1-0-1-0,Surface_Crack+Pinhole,0,1,1,0,Pinhole,3152,0.01026
image_1138.jpg,R1-800um-top-to-bottom-center_frame_554_patch_0.png,1,800,top-to-bottom-center,R1-800um-top-to-bottom-center,554,0,R1-800um-top-to-bottom-center_frame_554,1,0,0,0,1,1,1-0-0-0,Surface_Crack,0,0,0,none,none,6104,0.01987
image_1139.jpg,R7-700um-middle_frame_512_patch_6.png,7,700,middle,R7-700um-middle,512,6,R7-700um-middle_frame_512,1,0,0,0,1,1,1-0-0-0,Surface_Crack,0,0,0,none,none,2117,0.006891
image_1140.jpg,R1-1100um-top-to-bottom-center_frame_281_patch_1.png,1,1100,top-to-bottom-center,R1-1100um-top-to-bottom-center,281,1,R1-1100um-top-to-bottom-center_frame_281,1,0,0,0,1,1,1-0-0-0,Surface_Crack,0,0,0,none,none,6922,0.022533
image_1141.jpg,R1-1100um-top-to-bottom-center_frame_361_patch_7.png,1,1100,top-to-bottom-center,R1-1100um-top-to-bottom-center,361,7,R1-1100um-top-to-bottom-center_frame_361,1,0,0,0,1,1,1-0-0-0,Surface_Crack,0,0,0,none,none,5959,0.019398
image_1142.jpg,R1-1100um-top-to-bottom-center-1_frame_387_patch_5.png,1,1100,top-to-bottom-center-1,R1-1100um-top-to-bottom-center-1,387,5,R1-1100um-top-to-bottom-center-1_frame_387,1,1,0,0,2,1,1-1-0-0,Surface_Crack+Delamination,0,0,0,none,none,23672,0.077057
image_1143.jpg,R1-700um-top-to-bottom-center_frame_648_patch_0.png,1,700,top-to-bottom-center,R1-700um-top-to-bottom-center,648,0,R1-700um-top-to-bottom-center_frame_648,1,0,0,0,1,1,1-0-0-0,Surface_Crack,0,0,0,none,none,10598,0.034499
image_1144.jpg,R1-1100um-top-to-bottom-center_frame_245_patch_8.png,1,1100,top-to-bottom-center,R1-1100um-top-to-bottom-center,245,8,R1-1100um-top-to-bottom-center_frame_245,1,0,1,0,2,1,1-0-1-0,Surface_Crack+Pinhole,0,1,1,0,Pinhole,8416,0.027396
image_1145.jpg,R1-600um-top-to-bottom-center_frame_387_patch_8.png,1,600,top-to-bottom-center,R1-600um-top-to-bottom-center,387,8,R1-600um-top-to-bottom-center_frame_387,1,0,0,0,1,1,1-0-0-0,Surface_Crack,0,0,0,none,none,20593,0.067035
image_1146.jpg,R1-1100um-top-to-bottom-center_frame_254_patch_7.png,1,1100,top-to-bottom-center,R1-1100um-top-to-bottom-center,254,7,R1-1100um-top-to-bottom-center_frame_254,1,0,0,0,1,1,1-0-0-0,Surface_Crack,0,0,0,none,none,12808,0.041693
image_1147.jpg,R1-1100um-top-to-bottom-center-1_frame_250_patch_3.png,1,1100,top-to-bottom-center-1,R1-1100um-top-to-bottom-center-1,250,3,R1-1100um-top-to-bottom-center-1_frame_250,1,0,0,0,1,1,1-0-0-0,Surface_Crack,0,0,0,none,none,7195,0.023421
image_1148.jpg,R1-1100um-top-to-bottom-center_frame_297_patch_7.png,1,1100,top-to-bottom-center,R1-1100um-top-to-bottom-center,297,7,R1-1100um-top-to-bottom-center_frame_297,1,0,0,0,1,1,1-0-0-0,Surface_Crack,0,0,0,none,none,9804,0.031914
image_1149.jpg,R1-1100um-top-to-bottom-center-1_frame_338_patch_4.png,1,1100,top-to-bottom-center-1,R1-1100um-top-to-bottom-center-1,338,4,R1-1100um-top-to-bottom-center-1_frame_338,1,0,0,0,1,1,1-0-0-0,Surface_Crack,0,0,0,none,none,13696,0.044583
image_1150.jpg,R1-1100um-top-to-bottom-center-1_frame_502_patch_7.png,1,1100,top-to-bottom-center-1,R1-1100um-top-to-bottom-center-1,502,7,R1-1100um-top-to-bottom-center-1_frame_502,1,1,0,0,2,1,1-1-0-0,Surface_Crack+Delamination,0,0,0,none,none,20368,0.066302
image_1151.jpg,R1-900um-top-to-bottom-center_frame_207_patch_4.png,1,900,top-to-bottom-center,R1-900um-top-to-bottom-center,207,4,R1-900um-top-to-bottom-center_frame_207,1,0,0,0,1,1,1-0-0-0,Surface_Crack,0,0,0,none,none,13362,0.043496
image_1152.jpg,R1-700um-top-to-bottom-center_frame_279_patch_0.png,1,700,top-to-bottom-center,R1-700um-top-to-bottom-center,279,0,R1-700um-top-to-bottom-center_frame_279,1,0,0,0,1,1,1-0-0-0,Surface_Crack,0,0,0,none,none,17047,0.055492
image_1153.jpg,R1-1100um-top-to-bottom-center_frame_223_patch_6.png,1,1100,top-to-bottom-center,R1-1100um-top-to-bottom-center,223,6,R1-1100um-top-to-bottom-center_frame_223,1,0,0,0,1,1,1-0-0-0,Surface_Crack,0,0,0,none,none,10574,0.034421
image_1154.jpg,R1-900um-top-to-bottom-center_frame_392_patch_3.png,1,900,top-to-bottom-center,R1-900um-top-to-bottom-center,392,3,R1-900um-top-to-bottom-center_frame_392,1,0,0,0,1,1,1-0-0-0,Surface_Crack,0,0,0,none,none,8406,0.027363
image_1155.jpg,R1-800um-top-to-bottom-center_frame_641_patch_3.png,1,800,top-to-bottom-center,R1-800um-top-to-bottom-center,641,3,R1-800um-top-to-bottom-center_frame_641,1,1,0,0,2,1,1-1-0-0,Surface_Crack+Delamination,0,0,0,none,none,25351,0.082523
image_1156.jpg,R1-800um-top-to-bottom-center_frame_561_patch_4.png,1,800,top-to-bottom-center,R1-800um-top-to-bottom-center,561,4,R1-800um-top-to-bottom-center_frame_561,1,0,0,0,1,1,1-0-0-0,Surface_Crack,0,0,0,none,none,8860,0.028841
image_1157.jpg,R1-1100um-top-to-bottom-center_frame_218_patch_1.png,1,1100,top-to-bottom-center,R1-1100um-top-to-bottom-center,218,1,R1-1100um-top-to-bottom-center_frame_218,1,0,1,0,2,1,1-0-1-0,Surface_Crack+Pinhole,0,1,1,0,Pinhole,10517,0.034235
image_1158.jpg,R1-600um-top-to-bottom-center_frame_174_patch_2.png,1,600,top-to-bottom-center,R1-600um-top-to-bottom-center,174,2,R1-600um-top-to-bottom-center_frame_174,0,0,1,0,1,1,0-0-1-0,Pinhole,0,1,1,0,Pinhole,141,0.000459
image_1159.jpg,R1-1100um-top-to-bottom-center-1_frame_488_patch_7.png,1,1100,top-to-bottom-center-1,R1-1100um-top-to-bottom-center-1,488,7,R1-1100um-top-to-bottom-center-1_frame_488,1,1,0,0,2,1,1-1-0-0,Surface_Crack+Delamination,0,0,0,none,none,12664,0.041224
image_1160.jpg,R1-1100um-top-to-bottom-center_frame_77_patch_7.png,1,1100,top-to-bottom-center,R1-1100um-top-to-bottom-center,77,7,R1-1100um-top-to-bottom-center_frame_77,1,0,0,0,1,1,1-0-0-0,Surface_Crack,0,0,0,none,none,5251,0.017093
image_1161.jpg,R1-1100um-top-to-bottom-center-1_frame_468_patch_8.png,1,1100,top-to-bottom-center-1,R1-1100um-top-to-bottom-center-1,468,8,R1-1100um-top-to-bottom-center-1_frame_468,1,0,0,0,1,1,1-0-0-0,Surface_Crack,0,0,0,none,none,9125,0.029704
image_1162.jpg,R1-600um-top-to-bottom-center_frame_165_patch_6.png,1,600,top-to-bottom-center,R1-600um-top-to-bottom-center,165,6,R1-600um-top-to-bottom-center_frame_165,0,0,0,0,0,0,0-0-0-0,none,1,0,0,none,none,0,0.0
image_1163.jpg,R1-1100um-top-to-bottom-center-1_frame_493_patch_1.png,1,1100,top-to-bottom-center-1,R1-1100um-top-to-bottom-center-1,493,1,R1-1100um-top-to-bottom-center-1_frame_493,1,1,0,0,2,1,1-1-0-0,Surface_Crack+Delamination,0,0,0,none,none,20270,0.065983
image_1164.jpg,R1-800um-top-to-bottom-center_frame_339_patch_3.png,1,800,top-to-bottom-center,R1-800um-top-to-bottom-center,339,3,R1-800um-top-to-bottom-center_frame_339,1,0,0,0,1,1,1-0-0-0,Surface_Crack,0,0,0,none,none,5403,0.017588
image_1165.jpg,R7-700um-middle_frame_122_patch_7.png,7,700,middle,R7-700um-middle,122,7,R7-700um-middle_frame_122,1,1,1,0,3,1,1-1-1-0,Surface_Crack+Delamination+Pinhole,0,1,1,0,Pinhole,8619,0.028057
image_1166.jpg,R1-1100um-top-to-bottom-center-1_frame_96_patch_4.png,1,1100,top-to-bottom-center-1,R1-1100um-top-to-bottom-center-1,96,4,R1-1100um-top-to-bottom-center-1_frame_96,1,0,0,0,1,1,1-0-0-0,Surface_Crack,0,0,0,none,none,10058,0.032741
image_1167.jpg,R1-1100um-top-to-bottom-center_frame_297_patch_4.png,1,1100,top-to-bottom-center,R1-1100um-top-to-bottom-center,297,4,R1-1100um-top-to-bottom-center_frame_297,1,0,0,0,1,1,1-0-0-0,Surface_Crack,0,0,0,none,none,10173,0.033115
image_1168.jpg,R1-1100um-top-to-bottom-center-1_frame_267_patch_7.png,1,1100,top-to-bottom-center-1,R1-1100um-top-to-bottom-center-1,267,7,R1-1100um-top-to-bottom-center-1_frame_267,1,0,0,0,1,1,1-0-0-0,Surface_Crack,0,0,0,none,none,9998,0.032546
image_1169.jpg,R1-600um-top-to-bottom-center_frame_603_patch_5.png,1,600,top-to-bottom-center,R1-600um-top-to-bottom-center,603,5,R1-600um-top-to-bottom-center_frame_603,1,0,1,0,2,1,1-0-1-0,Surface_Crack+Pinhole,0,1,1,0,Pinhole,2808,0.009141
image_1170.jpg,R1-1100um-top-to-bottom-center_frame_302_patch_4.png,1,1100,top-to-bottom-center,R1-1100um-top-to-bottom-center,302,4,R1-1100um-top-to-bottom-center_frame_302,1,0,0,0,1,1,1-0-0-0,Surface_Crack,0,0,0,none,none,9725,0.031657
image_1171.jpg,R1-1100um-top-to-bottom-center_frame_223_patch_3.png,1,1100,top-to-bottom-center,R1-1100um-top-to-bottom-center,223,3,R1-1100um-top-to-bottom-center_frame_223,1,0,0,0,1,1,1-0-0-0,Surface_Crack,0,0,0,none,none,10305,0.033545
image_1172.jpg,R1-600um-top-to-bottom-center_frame_201_patch_8.png,1,600,top-to-bottom-center,R1-600um-top-to-bottom-center,201,8,R1-600um-top-to-bottom-center_frame_201,0,0,1,0,1,1,0-0-1-0,Pinhole,0,1,1,0,Pinhole,118,0.000384
image_1173.jpg,R1-1100um-top-to-bottom-center_frame_370_patch_1.png,1,1100,top-to-bottom-center,R1-1100um-top-to-bottom-center,370,1,R1-1100um-top-to-bottom-center_frame_370,1,0,0,0,1,1,1-0-0-0,Surface_Crack,0,0,0,none,none,10624,0.034583
image_1174.jpg,R1-600um-top-to-bottom-center_frame_279_patch_8.png,1,600,top-to-bottom-center,R1-600um-top-to-bottom-center,279,8,R1-600um-top-to-bottom-center_frame_279,0,0,1,0,1,1,0-0-1-0,Pinhole,0,1,1,0,Pinhole,12,3.9e-05
image_1175.jpg,R1-1100um-top-to-bottom-center-1_frame_481_patch_2.png,1,1100,top-to-bottom-center-1,R1-1100um-top-to-bottom-center-1,481,2,R1-1100um-top-to-bottom-center-1_frame_481,1,1,1,0,3,1,1-1-1-0,Surface_Crack+Delamination+Pinhole,0,1,1,0,Pinhole,19486,0.063431
image_1176.jpg,R1-700um-top-to-bottom-center_frame_321_patch_8.png,1,700,top-to-bottom-center,R1-700um-top-to-bottom-center,321,8,R1-700um-top-to-bottom-center_frame_321,1,0,0,0,1,1,1-0-0-0,Surface_Crack,0,0,0,none,none,10602,0.034512
image_1177.jpg,R1-1100um-top-to-bottom-center-1_frame_267_patch_2.png,1,1100,top-to-bottom-center-1,R1-1100um-top-to-bottom-center-1,267,2,R1-1100um-top-to-bottom-center-1_frame_267,1,0,0,0,1,1,1-0-0-0,Surface_Crack,0,0,0,none,none,9424,0.030677
image_1178.jpg,R1-1000um-top-to-bottom-center_frame_434_patch_8.png,1,1000,top-to-bottom-center,R1-1000um-top-to-bottom-center,434,8,R1-1000um-top-to-bottom-center_frame_434,1,1,0,0,2,1,1-1-0-0,Surface_Crack+Delamination,0,0,0,none,none,23244,0.075664
image_1179.jpg,R1-1100um-top-to-bottom-center_frame_128_patch_5.png,1,1100,top-to-bottom-center,R1-1100um-top-to-bottom-center,128,5,R1-1100um-top-to-bottom-center_frame_128,1,0,1,0,2,1,1-0-1-0,Surface_Crack+Pinhole,0,1,1,0,Pinhole,7064,0.022995
image_1180.jpg,R1-600um-top-to-bottom-center_frame_387_patch_0.png,1,600,top-to-bottom-center,R1-600um-top-to-bottom-center,387,0,R1-600um-top-to-bottom-center_frame_387,1,0,0,0,1,1,1-0-0-0,Surface_Crack,0,0,0,none,none,4201,0.013675
image_1181.jpg,R1-1100um-top-to-bottom-center-1_frame_470_patch_0.png,1,1100,top-to-bottom-center-1,R1-1100um-top-to-bottom-center-1,470,0,R1-1100um-top-to-bottom-center-1_frame_470,1,1,0,0,2,1,1-1-0-0,Surface_Crack+Delamination,0,0,0,none,none,11933,0.038844
image_1182.jpg,R1-700um-top-to-bottom-center_frame_6_patch_0.png,1,700,top-to-bottom-center,R1-700um-top-to-bottom-center,6,0,R1-700um-top-to-bottom-center_frame_6,1,0,1,0,2,1,1-0-1-0,Surface_Crack+Pinhole,0,1,1,0,Pinhole,877,0.002855
image_1183.jpg,R1-1100um-top-to-bottom-center_frame_132_patch_3.png,1,1100,top-to-bottom-center,R1-1100um-top-to-bottom-center,132,3,R1-1100um-top-to-bottom-center_frame_132,1,0,1,1,2,1,1-0-1-1,Surface_Crack+Pinhole+unclassified,0,1,2,0|1,Pinhole|unclassified,629,0.002048
image_1184.jpg,R1-600um-top-to-bottom-center_frame_174_patch_7.png,1,600,top-to-bottom-center,R1-600um-top-to-bottom-center,174,7,R1-600um-top-to-bottom-center_frame_174,0,0,0,1,0,0,0-0-0-1,unclassified,0,1,1,1,unclassified,0,0.0
image_1185.jpg,R7-700um-middle_frame_574_patch_3.png,7,700,middle,R7-700um-middle,574,3,R7-700um-middle_frame_574,0,1,0,0,1,1,0-1-0-0,Delamination,0,0,0,none,none,101777,0.331305
image_1186.jpg,R1-1100um-top-to-bottom-center-1_frame_425_patch_7.png,1,1100,top-to-bottom-center-1,R1-1100um-top-to-bottom-center-1,425,7,R1-1100um-top-to-bottom-center-1_frame_425,1,1,0,0,2,1,1-1-0-0,Surface_Crack+Delamination,0,0,0,none,none,32595,0.106104
image_1187.jpg,R1-900um-top-to-bottom-center_frame_434_patch_0.png,1,900,top-to-bottom-center,R1-900um-top-to-bottom-center,434,0,R1-900um-top-to-bottom-center_frame_434,1,0,0,0,1,1,1-0-0-0,Surface_Crack,0,0,0,none,none,6718,0.021868
image_1188.jpg,R1-600um-top-to-bottom-center_frame_394_patch_6.png,1,600,top-to-bottom-center,R1-600um-top-to-bottom-center,394,6,R1-600um-top-to-bottom-center_frame_394,1,0,0,0,1,1,1-0-0-0,Surface_Crack,0,0,0,none,none,6946,0.022611
image_1189.jpg,R1-1000um-top-to-bottom-center_frame_260_patch_7.png,1,1000,top-to-bottom-center,R1-1000um-top-to-bottom-center,260,7,R1-1000um-top-to-bottom-center_frame_260,1,0,0,0,1,1,1-0-0-0,Surface_Crack,0,0,0,none,none,14075,0.045817
image_1190.jpg,R1-700um-top-to-bottom-center_frame_218_patch_8.png,1,700,top-to-bottom-center,R1-700um-top-to-bottom-center,218,8,R1-700um-top-to-bottom-center_frame_218,0,0,1,0,1,1,0-0-1-0,Pinhole,0,1,1,0,Pinhole,123,0.0004
image_1191.jpg,R1-800um-top-to-bottom-center_frame_304_patch_4.png,1,800,top-to-bottom-center,R1-800um-top-to-bottom-center,304,4,R1-800um-top-to-bottom-center_frame_304,1,0,0,0,1,1,1-0-0-0,Surface_Crack,0,0,0,none,none,3048,0.009922
image_1192.jpg,R7-700um-middle_frame_500_patch_4.png,7,700,middle,R7-700um-middle,500,4,R7-700um-middle_frame_500,1,0,0,0,1,1,1-0-0-0,Surface_Crack,0,0,0,none,none,4660,0.015169
image_1193.jpg,R1-1100um-top-to-bottom-center-1_frame_329_patch_5.png,1,1100,top-to-bottom-center-1,R1-1100um-top-to-bottom-center-1,329,5,R1-1100um-top-to-bottom-center-1_frame_329,1,0,0,0,1,1,1-0-0-0,Surface_Crack,0,0,0,none,none,15047,0.048981
image_1194.jpg,R1-1000um-top-to-bottom-center_frame_395_patch_5.png,1,1000,top-to-bottom-center,R1-1000um-top-to-bottom-center,395,5,R1-1000um-top-to-bottom-center_frame_395,1,0,0,0,1,1,1-0-0-0,Surface_Crack,0,0,0,none,none,18011,0.05863
image_1195.jpg,R1-800um-top-to-bottom-center_frame_479_patch_7.png,1,800,top-to-bottom-center,R1-800um-top-to-bottom-center,479,7,R1-800um-top-to-bottom-center_frame_479,1,0,0,0,1,1,1-0-0-0,Surface_Crack,0,0,0,none,none,3911,0.012731
image_1196.jpg,R1-900um-top-to-bottom-center_frame_221_patch_0.png,1,900,top-to-bottom-center,R1-900um-top-to-bottom-center,221,0,R1-900um-top-to-bottom-center_frame_221,1,0,0,0,1,1,1-0-0-0,Surface_Crack,0,0,0,none,none,16558,0.0539
image_1197.jpg,R1-1100um-top-to-bottom-center-1_frame_387_patch_1.png,1,1100,top-to-bottom-center-1,R1-1100um-top-to-bottom-center-1,387,1,R1-1100um-top-to-bottom-center-1_frame_387,1,0,0,0,1,1,1-0-0-0,Surface_Crack,0,0,0,none,none,17336,0.056432
image_1198.jpg,R1-800um-top-to-bottom-center_frame_513_patch_2.png,1,800,top-to-bottom-center,R1-800um-top-to-bottom-center,513,2,R1-800um-top-to-bottom-center_frame_513,1,0,0,0,1,1,1-0-0-0,Surface_Crack,0,0,0,none,none,7105,0.023128
image_1199.jpg,R1-1100um-top-to-bottom-center_frame_264_patch_1.png,1,1100,top-to-bottom-center,R1-1100um-top-to-bottom-center,264,1,R1-1100um-top-to-bottom-center_frame_264,1,0,0,0,1,1,1-0-0-0,Surface_Crack,0,0,0,none,none,7481,0.024352
image_1200.jpg,R1-600um-top-to-bottom-center_frame_387_patch_5.png,1,600,top-to-bottom-center,R1-600um-top-to-bottom-center,387,5,R1-600um-top-to-bottom-center_frame_387,1,0,0,0,1,1,1-0-0-0,Surface_Crack,0,0,0,none,none,11364,0.036992
image_1201.jpg,R1-800um-top-to-bottom-center_frame_651_patch_7.png,1,800,top-to-bottom-center,R1-800um-top-to-bottom-center,651,7,R1-800um-top-to-bottom-center_frame_651,1,0,0,0,1,1,1-0-0-0,Surface_Crack,0,0,0,none,none,18909,0.061553
image_1202.jpg,R1-1000um-top-to-bottom-center_frame_222_patch_5.png,1,1000,top-to-bottom-center,R1-1000um-top-to-bottom-center,222,5,R1-1000um-top-to-bottom-center_frame_222,1,0,0,0,1,1,1-0-0-0,Surface_Crack,0,0,0,none,none,17976,0.058516
image_1203.jpg,R1-800um-top-to-bottom-center_frame_60_patch_3.png,1,800,top-to-bottom-center,R1-800um-top-to-bottom-center,60,3,R1-800um-top-to-bottom-center_frame_60,0,0,1,0,1,1,0-0-1-0,Pinhole,0,1,1,0,Pinhole,38,0.000124
image_1204.jpg,R1-800um-top-to-bottom-center_frame_358_patch_5.png,1,800,top-to-bottom-center,R1-800um-top-to-bottom-center,358,5,R1-800um-top-to-bottom-center_frame_358,1,0,0,0,1,1,1-0-0-0,Surface_Crack,0,0,0,none,none,4278,0.013926
image_1205.jpg,R1-700um-top-to-bottom-center_frame_218_patch_0.png,1,700,top-to-bottom-center,R1-700um-top-to-bottom-center,218,0,R1-700um-top-to-bottom-center_frame_218,0,0,0,0,0,0,0-0-0-0,none,1,0,0,none,none,0,0.0
image_1206.jpg,R1-1100um-top-to-bottom-center_frame_254_patch_8.png,1,1100,top-to-bottom-center,R1-1100um-top-to-bottom-center,254,8,R1-1100um-top-to-bottom-center_frame_254,1,0,0,0,1,1,1-0-0-0,Surface_Crack,0,0,0,none,none,7207,0.02346
image_1207.jpg,R1-1100um-top-to-bottom-center_frame_277_patch_8.png,1,1100,top-to-bottom-center,R1-1100um-top-to-bottom-center,277,8,R1-1100um-top-to-bottom-center_frame_277,1,0,0,0,1,1,1-0-0-0,Surface_Crack,0,0,0,none,none,8256,0.026875
image_1208.jpg,R1-900um-top-to-bottom-center_frame_192_patch_1.png,1,900,top-to-bottom-center,R1-900um-top-to-bottom-center,192,1,R1-900um-top-to-bottom-center_frame_192,1,0,0,0,1,1,1-0-0-0,Surface_Crack,0,0,0,none,none,9552,0.031094
image_1209.jpg,R1-900um-top-to-bottom-center_frame_251_patch_8.png,1,900,top-to-bottom-center,R1-900um-top-to-bottom-center,251,8,R1-900um-top-to-bottom-center_frame_251,1,0,0,0,1,1,1-0-0-0,Surface_Crack,0,0,0,none,none,4153,0.013519
image_1210.jpg,R1-1000um-top-to-bottom-center_frame_260_patch_3.png,1,1000,top-to-bottom-center,R1-1000um-top-to-bottom-center,260,3,R1-1000um-top-to-bottom-center_frame_260,1,0,0,0,1,1,1-0-0-0,Surface_Crack,0,0,0,none,none,8965,0.029183
image_1211.jpg,R1-800um-top-to-bottom-center_frame_316_patch_1.png,1,800,top-to-bottom-center,R1-800um-top-to-bottom-center,316,1,R1-800um-top-to-bottom-center_frame_316,1,0,0,0,1,1,1-0-0-0,Surface_Crack,0,0,0,none,none,2687,0.008747
image_1212.jpg,R1-1100um-top-to-bottom-center_frame_98_patch_7.png,1,1100,top-to-bottom-center,R1-1100um-top-to-bottom-center,98,7,R1-1100um-top-to-bottom-center_frame_98,1,0,0,0,1,1,1-0-0-0,Surface_Crack,0,0,0,none,none,3957,0.012881
image_1213.jpg,R1-600um-top-to-bottom-center_frame_594_patch_5.png,1,600,top-to-bottom-center,R1-600um-top-to-bottom-center,594,5,R1-600um-top-to-bottom-center_frame_594,1,0,0,0,1,1,1-0-0-0,Surface_Crack,0,0,0,none,none,3326,0.010827
image_1214.jpg,R1-800um-top-to-bottom-center_frame_627_patch_5.png,1,800,top-to-bottom-center,R1-800um-top-to-bottom-center,627,5,R1-800um-top-to-bottom-center_frame_627,1,1,0,0,2,1,1-1-0-0,Surface_Crack+Delamination,0,0,0,none,none,17166,0.055879
image_1215.jpg,R1-700um-top-to-bottom-center_frame_556_patch_7.png,1,700,top-to-bottom-center,R1-700um-top-to-bottom-center,556,7,R1-700um-top-to-bottom-center_frame_556,1,0,0,0,1,1,1-0-0-0,Surface_Crack,0,0,0,none,none,6014,0.019577
image_1216.jpg,R1-1100um-top-to-bottom-center_frame_147_patch_6.png,1,1100,top-to-bottom-center,R1-1100um-top-to-bottom-center,147,6,R1-1100um-top-to-bottom-center_frame_147,1,0,0,0,1,1,1-0-0-0,Surface_Crack,0,0,0,none,none,5844,0.019023
image_1217.jpg,R1-800um-top-to-bottom-center_frame_513_patch_4.png,1,800,top-to-bottom-center,R1-800um-top-to-bottom-center,513,4,R1-800um-top-to-bottom-center_frame_513,1,0,0,0,1,1,1-0-0-0,Surface_Crack,0,0,0,none,none,3425,0.011149
image_1218.jpg,R1-600um-top-to-bottom-center_frame_596_patch_8.png,1,600,top-to-bottom-center,R1-600um-top-to-bottom-center,596,8,R1-600um-top-to-bottom-center_frame_596,1,0,0,0,1,1,1-0-0-0,Surface_Crack,0,0,0,none,none,3440,0.011198
image_1219.jpg,R1-900um-top-to-bottom-center_frame_275_patch_3.png,1,900,top-to-bottom-center,R1-900um-top-to-bottom-center,275,3,R1-900um-top-to-bottom-center_frame_275,1,0,1,0,2,1,1-0-1-0,Surface_Crack+Pinhole,0,1,1,0,Pinhole,9540,0.031055
image_1220.jpg,R1-800um-top-to-bottom-center_frame_631_patch_3.png,1,800,top-to-bottom-center,R1-800um-top-to-bottom-center,631,3,R1-800um-top-to-bottom-center_frame_631,1,1,0,0,2,1,1-1-0-0,Surface_Crack+Delamination,0,0,0,none,none,51720,0.168359
image_1221.jpg,R1-900um-top-to-bottom-center_frame_512_patch_5.png,1,900,top-to-bottom-center,R1-900um-top-to-bottom-center,512,5,R1-900um-top-to-bottom-center_frame_512,1,0,0,0,1,1,1-0-0-0,Surface_Crack,0,0,0,none,none,13258,0.043158
image_1222.jpg,R1-1000um-top-to-bottom-center_frame_551_patch_3.png,1,1000,top-to-bottom-center,R1-1000um-top-to-bottom-center,551,3,R1-1000um-top-to-bottom-center_frame_551,1,0,1,1,2,1,1-0-1-1,Surface_Crack+Pinhole+unclassified,0,1,3,0|1,Pinhole|unclassified,8026,0.026126
image_1223.jpg,R1-800um-top-to-bottom-center_frame_526_patch_4.png,1,800,top-to-bottom-center,R1-800um-top-to-bottom-center,526,4,R1-800um-top-to-bottom-center_frame_526,1,0,0,0,1,1,1-0-0-0,Surface_Crack,0,0,0,none,none,6868,0.022357
image_1224.jpg,R1-1100um-top-to-bottom-center-1_frame_315_patch_4.png,1,1100,top-to-bottom-center-1,R1-1100um-top-to-bottom-center-1,315,4,R1-1100um-top-to-bottom-center-1_frame_315,1,0,0,0,1,1,1-0-0-0,Surface_Crack,0,0,0,none,none,12054,0.039238
image_1225.jpg,R1-900um-top-to-bottom-center_frame_166_patch_5.png,1,900,top-to-bottom-center,R1-900um-top-to-bottom-center,166,5,R1-900um-top-to-bottom-center_frame_166,0,0,1,1,1,1,0-0-1-1,Pinhole+unclassified,0,1,3,0|1,Pinhole|unclassified,73,0.000238
image_1226.jpg,R1-1000um-top-to-bottom-center_frame_156_patch_1.png,1,1000,top-to-bottom-center,R1-1000um-top-to-bottom-center,156,1,R1-1000um-top-to-bottom-center_frame_156,1,0,0,0,1,1,1-0-0-0,Surface_Crack,0,0,0,none,none,7382,0.02403
image_1227.jpg,R1-1000um-top-to-bottom-center_frame_487_patch_6.png,1,1000,top-to-bottom-center,R1-1000um-top-to-bottom-center,487,6,R1-1000um-top-to-bottom-center_frame_487,1,0,0,0,1,1,1-0-0-0,Surface_Crack,0,0,0,none,none,7914,0.025762
image_1228.jpg,R1-700um-top-to-bottom-center_frame_321_patch_0.png,1,700,top-to-bottom-center,R1-700um-top-to-bottom-center,321,0,R1-700um-top-to-bottom-center_frame_321,1,0,0,0,1,1,1-0-0-0,Surface_Crack,0,0,0,none,none,10574,0.034421
image_1229.jpg,R1-1100um-top-to-bottom-center_frame_123_patch_0.png,1,1100,top-to-bottom-center,R1-1100um-top-to-bottom-center,123,0,R1-1100um-top-to-bottom-center_frame_123,0,0,0,1,0,0,0-0-0-1,unclassified,0,1,1,1,unclassified,0,0.0
image_1230.jpg,R1-1100um-top-to-bottom-center_frame_254_patch_4.png,1,1100,top-to-bottom-center,R1-1100um-top-to-bottom-center,254,4,R1-1100um-top-to-bottom-center_frame_254,1,0,1,0,2,1,1-0-1-0,Surface_Crack+Pinhole,0,1,1,0,Pinhole,10181,0.033141
image_1231.jpg,R1-900um-top-to-bottom-center_frame_493_patch_4.png,1,900,top-to-bottom-center,R1-900um-top-to-bottom-center,493,4,R1-900um-top-to-bottom-center_frame_493,1,0,0,0,1,1,1-0-0-0,Surface_Crack,0,0,0,none,none,4253,0.013844
image_1232.jpg,R1-700um-top-to-bottom-center_frame_587_patch_6.png,1,700,top-to-bottom-center,R1-700um-top-to-bottom-center,587,6,R1-700um-top-to-bottom-center_frame_587,1,0,0,1,1,1,1-0-0-1,Surface_Crack+unclassified,0,1,1,1,unclassified,7753,0.025238
image_1233.jpg,R1-900um-top-to-bottom-center_frame_362_patch_4.png,1,900,top-to-bottom-center,R1-900um-top-to-bottom-center,362,4,R1-900um-top-to-bottom-center_frame_362,1,0,0,0,1,1,1-0-0-0,Surface_Crack,0,0,0,none,none,7508,0.02444
image_1234.jpg,R1-1100um-top-to-bottom-center_frame_327_patch_5.png,1,1100,top-to-bottom-center,R1-1100um-top-to-bottom-center,327,5,R1-1100um-top-to-bottom-center_frame_327,1,0,0,0,1,1,1-0-0-0,Surface_Crack,0,0,0,none,none,7462,0.02429
image_1235.jpg,R1-600um-top-to-bottom-center_frame_237_patch_3.png,1,600,top-to-bottom-center,R1-600um-top-to-bottom-center,237,3,R1-600um-top-to-bottom-center_frame_237,0,0,1,0,1,1,0-0-1-0,Pinhole,0,1,1,0,Pinhole,167,0.000544
image_1236.jpg,R1-600um-top-to-bottom-center_frame_165_patch_2.png,1,600,top-to-bottom-center,R1-600um-top-to-bottom-center,165,2,R1-600um-top-to-bottom-center_frame_165,0,0,1,0,1,1,0-0-1-0,Pinhole,0,1,1,0,Pinhole,115,0.000374
image_1237.jpg,R1-900um-top-to-bottom-center_frame_33_patch_1.png,1,900,top-to-bottom-center,R1-900um-top-to-bottom-center,33,1,R1-900um-top-to-bottom-center_frame_33,0,0,1,0,1,1,0-0-1-0,Pinhole,0,1,1,0,Pinhole,77,0.000251
image_1238.jpg,R1-1100um-top-to-bottom-center_frame_297_patch_5.png,1,1100,top-to-bottom-center,R1-1100um-top-to-bottom-center,297,5,R1-1100um-top-to-bottom-center_frame_297,1,0,0,0,1,1,1-0-0-0,Surface_Crack,0,0,0,none,none,8423,0.027419
image_1239.jpg,R1-600um-top-to-bottom-center_frame_165_patch_0.png,1,600,top-to-bottom-center,R1-600um-top-to-bottom-center,165,0,R1-600um-top-to-bottom-center_frame_165,0,0,1,0,1,1,0-0-1-0,Pinhole,0,1,1,0,Pinhole,82,0.000267
image_1240.jpg,R1-1100um-top-to-bottom-center_frame_253_patch_3.png,1,1100,top-to-bottom-center,R1-1100um-top-to-bottom-center,253,3,R1-1100um-top-to-bottom-center_frame_253,1,0,0,0,1,1,1-0-0-0,Surface_Crack,0,0,0,none,none,7545,0.024561
image_1241.jpg,R7-700um-middle_frame_520_patch_6.png,7,700,middle,R7-700um-middle,520,6,R7-700um-middle_frame_520,1,0,0,0,1,1,1-0-0-0,Surface_Crack,0,0,0,none,none,2065,0.006722
image_1242.jpg,R1-1000um-top-to-bottom-center_frame_225_patch_5.png,1,1000,top-to-bottom-center,R1-1000um-top-to-bottom-center,225,5,R1-1000um-top-to-bottom-center_frame_225,1,0,0,0,1,1,1-0-0-0,Surface_Crack,0,0,0,none,none,13624,0.044349
image_1243.jpg,R1-1000um-top-to-bottom-center_frame_180_patch_8.png,1,1000,top-to-bottom-center,R1-1000um-top-to-bottom-center,180,8,R1-1000um-top-to-bottom-center_frame_180,1,0,0,0,1,1,1-0-0-0,Surface_Crack,0,0,0,none,none,11832,0.038516
image_1244.jpg,R1-700um-top-to-bottom-center_frame_6_patch_8.png,1,700,top-to-bottom-center,R1-700um-top-to-bottom-center,6,8,R1-700um-top-to-bottom-center_frame_6,0,0,1,0,1,1,0-0-1-0,Pinhole,0,1,1,0,Pinhole,12,3.9e-05
image_1245.jpg,R1-700um-top-to-bottom-center_frame_77_patch_1.png,1,700,top-to-bottom-center,R1-700um-top-to-bottom-center,77,1,R1-700um-top-to-bottom-center_frame_77,1,0,0,0,1,1,1-0-0-0,Surface_Crack,0,0,0,none,none,1320,0.004297
image_1246.jpg,R1-900um-top-to-bottom-center_frame_362_patch_6.png,1,900,top-to-bottom-center,R1-900um-top-to-bottom-center,362,6,R1-900um-top-to-bottom-center_frame_362,1,0,0,0,1,1,1-0-0-0,Surface_Crack,0,0,0,none,none,7699,0.025062
image_1247.jpg,R1-1100um-top-to-bottom-center_frame_308_patch_6.png,1,1100,top-to-bottom-center,R1-1100um-top-to-bottom-center,308,6,R1-1100um-top-to-bottom-center_frame_308,1,0,0,0,1,1,1-0-0-0,Surface_Crack,0,0,0,none,none,9077,0.029548
image_1248.jpg,R1-600um-top-to-bottom-center_frame_477_patch_5.png,1,600,top-to-bottom-center,R1-600um-top-to-bottom-center,477,5,R1-600um-top-to-bottom-center_frame_477,0,0,1,0,1,1,0-0-1-0,Pinhole,0,1,1,0,Pinhole,109,0.000355
image_1249.jpg,R1-1000um-top-to-bottom-center_frame_550_patch_6.png,1,1000,top-to-bottom-center,R1-1000um-top-to-bottom-center,550,6,R1-1000um-top-to-bottom-center_frame_550,1,1,1,0,3,1,1-1-1-0,Surface_Crack+Delamination+Pinhole,0,1,1,0,Pinhole,11523,0.03751
image_1250.jpg,R7-700um-middle_frame_354_patch_5.png,7,700,middle,R7-700um-middle,354,5,R7-700um-middle_frame_354,0,0,1,0,1,1,0-0-1-0,Pinhole,0,1,1,0,Pinhole,3,1e-05
image_1251.jpg,R1-1100um-top-to-bottom-center_frame_287_patch_7.png,1,1100,top-to-bottom-center,R1-1100um-top-to-bottom-center,287,7,R1-1100um-top-to-bottom-center_frame_287,1,0,0,0,1,1,1-0-0-0,Surface_Crack,0,0,0,none,none,3379,0.010999
image_1252.jpg,R1-1000um-top-to-bottom-center_frame_173_patch_6.png,1,1000,top-to-bottom-center,R1-1000um-top-to-bottom-center,173,6,R1-1000um-top-to-bottom-center_frame_173,1,0,1,0,2,1,1-0-1-0,Surface_Crack+Pinhole,0,1,1,0,Pinhole,10384,0.033802
image_1253.jpg,R1-1100um-top-to-bottom-center-1_frame_235_patch_7.png,1,1100,top-to-bottom-center-1,R1-1100um-top-to-bottom-center-1,235,7,R1-1100um-top-to-bottom-center-1_frame_235,1,0,1,0,2,1,1-0-1-0,Surface_Crack+Pinhole,0,1,1,0,Pinhole,7655,0.024919
image_1254.jpg,R1-1100um-top-to-bottom-center_frame_286_patch_3.png,1,1100,top-to-bottom-center,R1-1100um-top-to-bottom-center,286,3,R1-1100um-top-to-bottom-center_frame_286,1,0,0,0,1,1,1-0-0-0,Surface_Crack,0,0,0,none,none,6339,0.020635
image_1255.jpg,R1-1100um-top-to-bottom-center-1_frame_205_patch_3.png,1,1100,top-to-bottom-center-1,R1-1100um-top-to-bottom-center-1,205,3,R1-1100um-top-to-bottom-center-1_frame_205,1,0,1,0,2,1,1-0-1-0,Surface_Crack+Pinhole,0,1,1,0,Pinhole,10216,0.033255
image_1256.jpg,R1-1000um-top-to-bottom-center_frame_594_patch_7.png,1,1000,top-to-bottom-center,R1-1000um-top-to-bottom-center,594,7,R1-1000um-top-to-bottom-center_frame_594,1,0,1,0,2,1,1-0-1-0,Surface_Crack+Pinhole,0,1,1,0,Pinhole,13527,0.044033
image_1257.jpg,R1-1100um-top-to-bottom-center_frame_0_patch_6.png,1,1100,top-to-bottom-center,R1-1100um-top-to-bottom-center,0,6,R1-1100um-top-to-bottom-center_frame_0,1,0,1,1,2,1,1-0-1-1,Surface_Crack+Pinhole+unclassified,0,1,2,0|1,Pinhole|unclassified,348,0.001133
image_1258.jpg,R1-1000um-top-to-bottom-center_frame_570_patch_6.png,1,1000,top-to-bottom-center,R1-1000um-top-to-bottom-center,570,6,R1-1000um-top-to-bottom-center_frame_570,1,1,0,0,2,1,1-1-0-0,Surface_Crack+Delamination,0,0,0,none,none,15364,0.050013
image_1259.jpg,R1-700um-top-to-bottom-center_frame_597_patch_0.png,1,700,top-to-bottom-center,R1-700um-top-to-bottom-center,597,0,R1-700um-top-to-bottom-center_frame_597,1,0,0,0,1,1,1-0-0-0,Surface_Crack,0,0,0,none,none,7516,0.024466
image_1260.jpg,R7-700um-middle_frame_512_patch_2.png,7,700,middle,R7-700um-middle,512,2,R7-700um-middle_frame_512,1,0,0,0,1,1,1-0-0-0,Surface_Crack,0,0,0,none,none,7245,0.023584
image_1261.jpg,R1-1100um-top-to-bottom-center_frame_86_patch_6.png,1,1100,top-to-bottom-center,R1-1100um-top-to-bottom-center,86,6,R1-1100um-top-to-bottom-center_frame_86,1,0,0,0,1,1,1-0-0-0,Surface_Crack,0,0,0,none,none,1002,0.003262
image_1262.jpg,R1-800um-top-to-bottom-center_frame_499_patch_4.png,1,800,top-to-bottom-center,R1-800um-top-to-bottom-center,499,4,R1-800um-top-to-bottom-center_frame_499,1,0,1,0,2,1,1-0-1-0,Surface_Crack+Pinhole,0,1,1,0,Pinhole,7558,0.024603
image_1263.jpg,R1-700um-top-to-bottom-center_frame_618_patch_1.png,1,700,top-to-bottom-center,R1-700um-top-to-bottom-center,618,1,R1-700um-top-to-bottom-center_frame_618,1,0,1,0,2,1,1-0-1-0,Surface_Crack+Pinhole,0,1,1,0,Pinhole,6974,0.022702
image_1264.jpg,R1-1100um-top-to-bottom-center-1_frame_493_patch_0.png,1,1100,top-to-bottom-center-1,R1-1100um-top-to-bottom-center-1,493,0,R1-1100um-top-to-bottom-center-1_frame_493,1,1,0,0,2,1,1-1-0-0,Surface_Crack+Delamination,0,0,0,none,none,28116,0.091523
image_1265.jpg,R1-1100um-top-to-bottom-center_frame_254_patch_2.png,1,1100,top-to-bottom-center,R1-1100um-top-to-bottom-center,254,2,R1-1100um-top-to-bottom-center_frame_254,1,0,0,0,1,1,1-0-0-0,Surface_Crack,0,0,0,none,none,7196,0.023424
image_1266.jpg,R1-700um-top-to-bottom-center_frame_334_patch_8.png,1,700,top-to-bottom-center,R1-700um-top-to-bottom-center,334,8,R1-700um-top-to-bottom-center_frame_334,1,0,0,0,1,1,1-0-0-0,Surface_Crack,0,0,0,none,none,8605,0.028011
image_1267.jpg,R1-1100um-top-to-bottom-center_frame_302_patch_1.png,1,1100,top-to-bottom-center,R1-1100um-top-to-bottom-center,302,1,R1-1100um-top-to-bottom-center_frame_302,1,0,0,0,1,1,1-0-0-0,Surface_Crack,0,0,0,none,none,8528,0.02776
image_1268.jpg,R1-1100um-top-to-bottom-center-1_frame_235_patch_6.png,1,1100,top-to-bottom-center-1,R1-1100um-top-to-bottom-center-1,235,6,R1-1100um-top-to-bottom-center-1_frame_235,1,0,0,0,1,1,1-0-0-0,Surface_Crack,0,0,0,none,none,7315,0.023812
image_1269.jpg,R1-1100um-top-to-bottom-center-1_frame_250_patch_8.png,1,1100,top-to-bottom-center-1,R1-1100um-top-to-bottom-center-1,250,8,R1-1100um-top-to-bottom-center-1_frame_250,1,0,0,0,1,1,1-0-0-0,Surface_Crack,0,0,0,none,none,12776,0.041589
image_1270.jpg,R1-700um-top-to-bottom-center_frame_580_patch_8.png,1,700,top-to-bottom-center,R1-700um-top-to-bottom-center,580,8,R1-700um-top-to-bottom-center_frame_580,1,0,0,0,1,1,1-0-0-0,Surface_Crack,0,0,0,none,none,1683,0.005479
image_1271.jpg,R1-600um-top-to-bottom-center_frame_63_patch_3.png,1,600,top-to-bottom-center,R1-600um-top-to-bottom-center,63,3,R1-600um-top-to-bottom-center_frame_63,0,0,0,1,0,0,0-0-0-1,unclassified,0,1,1,1,unclassified,0,0.0
image_1272.jpg,R1-800um-top-to-bottom-center_frame_623_patch_6.png,1,800,top-to-bottom-center,R1-800um-top-to-bottom-center,623,6,R1-800um-top-to-bottom-center_frame_623,1,1,0,0,2,1,1-1-0-0,Surface_Crack+Delamination,0,0,0,none,none,8626,0.028079
image_1273.jpg,R1-1100um-top-to-bottom-center-1_frame_56_patch_1.png,1,1100,top-to-bottom-center-1,R1-1100um-top-to-bottom-center-1,56,1,R1-1100um-top-to-bottom-center-1_frame_56,0,0,1,0,1,1,0-0-1-0,Pinhole,0,1,1,0,Pinhole,12,3.9e-05
image_1274.jpg,R1-800um-top-to-bottom-center_frame_439_patch_8.png,1,800,top-to-bottom-center,R1-800um-top-to-bottom-center,439,8,R1-800um-top-to-bottom-center_frame_439,1,0,0,0,1,1,1-0-0-0,Surface_Crack,0,0,0,none,none,1668,0.00543
image_1275.jpg,R1-600um-top-to-bottom-center_frame_412_patch_6.png,1,600,top-to-bottom-center,R1-600um-top-to-bottom-center,412,6,R1-600um-top-to-bottom-center_frame_412,1,0,0,0,1,1,1-0-0-0,Surface_Crack,0,0,0,none,none,5359,0.017445
image_1276.jpg,R1-700um-top-to-bottom-center_frame_198_patch_2.png,1,700,top-to-bottom-center,R1-700um-top-to-bottom-center,198,2,R1-700um-top-to-bottom-center_frame_198,0,0,1,0,1,1,0-0-1-0,Pinhole,0,1,1,0,Pinhole,172,0.00056
image_1277.jpg,R1-700um-top-to-bottom-center_frame_673_patch_6.png,1,700,top-to-bottom-center,R1-700um-top-to-bottom-center,673,6,R1-700um-top-to-bottom-center_frame_673,1,0,0,0,1,1,1-0-0-0,Surface_Crack,0,0,0,none,none,23913,0.077842
image_1278.jpg,R1-1100um-top-to-bottom-center-1_frame_250_patch_0.png,1,1100,top-to-bottom-center-1,R1-1100um-top-to-bottom-center-1,250,0,R1-1100um-top-to-bottom-center-1_frame_250,1,0,1,0,2,1,1-0-1-0,Surface_Crack+Pinhole,0,1,1,0,Pinhole,8841,0.028779
image_1279.jpg,R1-800um-top-to-bottom-center_frame_408_patch_5.png,1,800,top-to-bottom-center,R1-800um-top-to-bottom-center,408,5,R1-800um-top-to-bottom-center_frame_408,1,0,0,0,1,1,1-0-0-0,Surface_Crack,0,0,0,none,none,1772,0.005768
image_1280.jpg,R1-800um-top-to-bottom-center_frame_513_patch_8.png,1,800,top-to-bottom-center,R1-800um-top-to-bottom-center,513,8,R1-800um-top-to-bottom-center_frame_513,1,0,0,0,1,1,1-0-0-0,Surface_Crack,0,0,0,none,none,9380,0.030534
image_1281.jpg,R1-800um-top-to-bottom-center_frame_479_patch_2.png,1,800,top-to-bottom-center,R1-800um-top-to-bottom-center,479,2,R1-800um-top-to-bottom-center_frame_479,1,0,0,0,1,1,1-0-0-0,Surface_Crack,0,0,0,none,none,4331,0.014098
image_1282.jpg,R1-1100um-top-to-bottom-center-1_frame_267_patch_8.png,1,1100,top-to-bottom-center-1,R1-1100um-top-to-bottom-center-1,267,8,R1-1100um-top-to-bottom-center-1_frame_267,1,0,0,0,1,1,1-0-0-0,Surface_Crack,0,0,0,none,none,11539,0.037562
image_1283.jpg,R1-1000um-top-to-bottom-center_frame_338_patch_6.png,1,1000,top-to-bottom-center,R1-1000um-top-to-bottom-center,338,6,R1-1000um-top-to-bottom-center_frame_338,1,0,0,0,1,1,1-0-0-0,Surface_Crack,0,0,0,none,none,5575,0.018148
image_1284.jpg,R1-900um-top-to-bottom-center_frame_611_patch_4.png,1,900,top-to-bottom-center,R1-900um-top-to-bottom-center,611,4,R1-900um-top-to-bottom-center_frame_611,1,0,1,0,2,1,1-0-1-0,Surface_Crack+Pinhole,0,1,1,0,Pinhole,3970,0.012923
image_1285.jpg,R1-1100um-top-to-bottom-center-1_frame_280_patch_3.png,1,1100,top-to-bottom-center-1,R1-1100um-top-to-bottom-center-1,280,3,R1-1100um-top-to-bottom-center-1_frame_280,1,0,0,0,1,1,1-0-0-0,Surface_Crack,0,0,0,none,none,11710,0.038118
image_1286.jpg,R1-1000um-top-to-bottom-center_frame_156_patch_5.png,1,1000,top-to-bottom-center,R1-1000um-top-to-bottom-center,156,5,R1-1000um-top-to-bottom-center_frame_156,1,0,0,0,1,1,1-0-0-0,Surface_Crack,0,0,0,none,none,8561,0.027868
image_1287.jpg,R1-900um-top-to-bottom-center_frame_565_patch_2.png,1,900,top-to-bottom-center,R1-900um-top-to-bottom-center,565,2,R1-900um-top-to-bottom-center_frame_565,1,0,0,0,1,1,1-0-0-0,Surface_Crack,0,0,0,none,none,9063,0.029502
image_1288.jpg,R1-600um-top-to-bottom-center_frame_569_patch_0.png,1,600,top-to-bottom-center,R1-600um-top-to-bottom-center,569,0,R1-600um-top-to-bottom-center_frame_569,1,0,0,1,1,1,1-0-0-1,Surface_Crack+unclassified,0,1,1,1,unclassified,3286,0.010697
image_1289.jpg,R1-1100um-top-to-bottom-center-1_frame_468_patch_6.png,1,1100,top-to-bottom-center-1,R1-1100um-top-to-bottom-center-1,468,6,R1-1100um-top-to-bottom-center-1_frame_468,1,0,0,0,1,1,1-0-0-0,Surface_Crack,0,0,0,none,none,6587,0.021442
image_1290.jpg,R1-800um-top-to-bottom-center_frame_412_patch_7.png,1,800,top-to-bottom-center,R1-800um-top-to-bottom-center,412,7,R1-800um-top-to-bottom-center_frame_412,1,0,0,0,1,1,1-0-0-0,Surface_Crack,0,0,0,none,none,5152,0.016771
image_1291.jpg,R1-600um-top-to-bottom-center_frame_203_patch_0.png,1,600,top-to-bottom-center,R1-600um-top-to-bottom-center,203,0,R1-600um-top-to-bottom-center_frame_203,0,0,1,0,1,1,0-0-1-0,Pinhole,0,1,1,0,Pinhole,10,3.3e-05
image_1292.jpg,R1-1100um-top-to-bottom-center-1_frame_241_patch_5.png,1,1100,top-to-bottom-center-1,R1-1100um-top-to-bottom-center-1,241,5,R1-1100um-top-to-bottom-center-1_frame_241,1,0,0,0,1,1,1-0-0-0,Surface_Crack,0,0,0,none,none,11834,0.038522
image_1293.jpg,R1-1100um-top-to-bottom-center-1_frame_262_patch_5.png,1,1100,top-to-bottom-center-1,R1-1100um-top-to-bottom-center-1,262,5,R1-1100um-top-to-bottom-center-1_frame_262,1,0,0,0,1,1,1-0-0-0,Surface_Crack,0,0,0,none,none,8587,0.027952
image_1294.jpg,R1-800um-top-to-bottom-center_frame_638_patch_8.png,1,800,top-to-bottom-center,R1-800um-top-to-bottom-center,638,8,R1-800um-top-to-bottom-center_frame_638,1,1,0,0,2,1,1-1-0-0,Surface_Crack+Delamination,0,0,0,none,none,33184,0.108021
image_1295.jpg,R1-700um-top-to-bottom-center_frame_426_patch_7.png,1,700,top-to-bottom-center,R1-700um-top-to-bottom-center,426,7,R1-700um-top-to-bottom-center_frame_426,1,0,0,0,1,1,1-0-0-0,Surface_Crack,0,0,0,none,none,3217,0.010472
image_1296.jpg,R1-600um-top-to-bottom-center_frame_418_patch_7.png,1,600,top-to-bottom-center,R1-600um-top-to-bottom-center,418,7,R1-600um-top-to-bottom-center_frame_418,1,0,0,0,1,1,1-0-0-0,Surface_Crack,0,0,0,none,none,1197,0.003896
image_1297.jpg,R1-1100um-top-to-bottom-center-1_frame_96_patch_5.png,1,1100,top-to-bottom-center-1,R1-1100um-top-to-bottom-center-1,96,5,R1-1100um-top-to-bottom-center-1_frame_96,1,0,1,0,2,1,1-0-1-0,Surface_Crack+Pinhole,0,1,1,0,Pinhole,8100,0.026367
image_1298.jpg,R1-1100um-top-to-bottom-center_frame_330_patch_3.png,1,1100,top-to-bottom-center,R1-1100um-top-to-bottom-center,330,3,R1-1100um-top-to-bottom-center_frame_330,1,0,0,0,1,1,1-0-0-0,Surface_Crack,0,0,0,none,none,12412,0.040404
image_1299.jpg,R1-600um-top-to-bottom-center_frame_0_patch_3.png,1,600,top-to-bottom-center,R1-600um-top-to-bottom-center,0,3,R1-600um-top-to-bottom-center_frame_0,0,0,1,0,1,1,0-0-1-0,Pinhole,0,1,1,0,Pinhole,22,7.2e-05
image_1300.jpg,R1-1100um-top-to-bottom-center_frame_223_patch_5.png,1,1100,top-to-bottom-center,R1-1100um-top-to-bottom-center,223,5,R1-1100um-top-to-bottom-center_frame_223,1,0,0,0,1,1,1-0-0-0,Surface_Crack,0,0,0,none,none,8513,0.027712
image_1301.jpg,R1-900um-top-to-bottom-center_frame_593_patch_5.png,1,900,top-to-bottom-center,R1-900um-top-to-bottom-center,593,5,R1-900um-top-to-bottom-center_frame_593,1,0,0,0,1,1,1-0-0-0,Surface_Crack,0,0,0,none,none,14153,0.046071
image_1302.jpg,R1-1100um-top-to-bottom-center_frame_345_patch_4.png,1,1100,top-to-bottom-center,R1-1100um-top-to-bottom-center,345,4,R1-1100um-top-to-bottom-center_frame_345,1,0,0,0,1,1,1-0-0-0,Surface_Crack,0,0,0,none,none,9986,0.032507
image_1303.jpg,R1-600um-top-to-bottom-center_frame_376_patch_4.png,1,600,top-to-bottom-center,R1-600um-top-to-bottom-center,376,4,R1-600um-top-to-bottom-center_frame_376,1,0,1,0,2,1,1-0-1-0,Surface_Crack+Pinhole,0,1,2,0,Pinhole,12609,0.041045
image_1304.jpg,R7-700um-middle_frame_503_patch_2.png,7,700,middle,R7-700um-middle,503,2,R7-700um-middle_frame_503,1,0,0,0,1,1,1-0-0-0,Surface_Crack,0,0,0,none,none,2696,0.008776
image_1305.jpg,R1-800um-top-to-bottom-center_frame_358_patch_0.png,1,800,top-to-bottom-center,R1-800um-top-to-bottom-center,358,0,R1-800um-top-to-bottom-center_frame_358,1,0,0,0,1,1,1-0-0-0,Surface_Crack,0,0,0,none,none,3092,0.010065
image_1306.jpg,R1-700um-top-to-bottom-center_frame_44_patch_1.png,1,700,top-to-bottom-center,R1-700um-top-to-bottom-center,44,1,R1-700um-top-to-bottom-center_frame_44,1,0,1,0,2,1,1-0-1-0,Surface_Crack+Pinhole,0,1,1,0,Pinhole,1321,0.0043
image_1307.jpg,R1-700um-top-to-bottom-center_frame_387_patch_6.png,1,700,top-to-bottom-center,R1-700um-top-to-bottom-center,387,6,R1-700um-top-to-bottom-center_frame_387,1,0,1,0,2,1,1-0-1-0,Surface_Crack+Pinhole,0,1,1,0,Pinhole,3260,0.010612
image_1308.jpg,R1-1100um-top-to-bottom-center-1_frame_120_patch_1.png,1,1100,top-to-bottom-center-1,R1-1100um-top-to-bottom-center-1,120,1,R1-1100um-top-to-bottom-center-1_frame_120,1,0,0,0,1,1,1-0-0-0,Surface_Crack,0,0,0,none,none,9591,0.031221
image_1309.jpg,R1-900um-top-to-bottom-center_frame_210_patch_5.png,1,900,top-to-bottom-center,R1-900um-top-to-bottom-center,210,5,R1-900um-top-to-bottom-center_frame_210,1,0,1,0,2,1,1-0-1-0,Surface_Crack+Pinhole,0,1,2,0,Pinhole,5015,0.016325
image_1310.jpg,R1-900um-top-to-bottom-center_frame_166_patch_1.png,1,900,top-to-bottom-center,R1-900um-top-to-bottom-center,166,1,R1-900um-top-to-bottom-center_frame_166,1,0,0,0,1,1,1-0-0-0,Surface_Crack,0,0,0,none,none,6141,0.01999
image_1311.jpg,R1-600um-top-to-bottom-center_frame_631_patch_4.png,1,600,top-to-bottom-center,R1-600um-top-to-bottom-center,631,4,R1-600um-top-to-bottom-center_frame_631,1,0,0,0,1,1,1-0-0-0,Surface_Crack,0,0,0,none,none,32090,0.10446
image_1312.jpg,R1-800um-top-to-bottom-center_frame_623_patch_0.png,1,800,top-to-bottom-center,R1-800um-top-to-bottom-center,623,0,R1-800um-top-to-bottom-center_frame_623,1,1,0,0,2,1,1-1-0-0,Surface_Crack+Delamination,0,0,0,none,none,50152,0.163255
image_1313.jpg,R1-600um-top-to-bottom-center_frame_79_patch_0.png,1,600,top-to-bottom-center,R1-600um-top-to-bottom-center,79,0,R1-600um-top-to-bottom-center_frame_79,0,0,0,0,0,0,0-0-0-0,none,1,0,0,none,none,0,0.0
image_1314.jpg,R1-600um-top-to-bottom-center_frame_394_patch_1.png,1,600,top-to-bottom-center,R1-600um-top-to-bottom-center,394,1,R1-600um-top-to-bottom-center_frame_394,1,0,0,0,1,1,1-0-0-0,Surface_Crack,0,0,0,none,none,1254,0.004082
image_1315.jpg,R1-900um-top-to-bottom-center_frame_564_patch_0.png,1,900,top-to-bottom-center,R1-900um-top-to-bottom-center,564,0,R1-900um-top-to-bottom-center_frame_564,1,0,0,0,1,1,1-0-0-0,Surface_Crack,0,0,0,none,none,4832,0.015729
image_1316.jpg,R1-700um-top-to-bottom-center_frame_621_patch_5.png,1,700,top-to-bottom-center,R1-700um-top-to-bottom-center,621,5,R1-700um-top-to-bottom-center_frame_621,1,0,0,0,1,1,1-0-0-0,Surface_Crack,0,0,0,none,none,7331,0.023864
image_1317.jpg,R1-800um-top-to-bottom-center_frame_339_patch_4.png,1,800,top-to-bottom-center,R1-800um-top-to-bottom-center,339,4,R1-800um-top-to-bottom-center_frame_339,1,0,0,0,1,1,1-0-0-0,Surface_Crack,0,0,0,none,none,4896,0.015938
image_1318.jpg,R1-1100um-top-to-bottom-center_frame_386_patch_1.png,1,1100,top-to-bottom-center,R1-1100um-top-to-bottom-center,386,1,R1-1100um-top-to-bottom-center_frame_386,1,0,0,0,1,1,1-0-0-0,Surface_Crack,0,0,0,none,none,9653,0.031423
image_1319.jpg,R1-700um-top-to-bottom-center_frame_329_patch_1.png,1,700,top-to-bottom-center,R1-700um-top-to-bottom-center,329,1,R1-700um-top-to-bottom-center_frame_329,1,0,1,0,2,1,1-0-1-0,Surface_Crack+Pinhole,0,1,1,0,Pinhole,3467,0.011286
image_1320.jpg,R1-1100um-top-to-bottom-center-1_frame_174_patch_4.png,1,1100,top-to-bottom-center-1,R1-1100um-top-to-bottom-center-1,174,4,R1-1100um-top-to-bottom-center-1_frame_174,1,0,1,0,2,1,1-0-1-0,Surface_Crack+Pinhole,0,1,1,0,Pinhole,10956,0.035664
image_1321.jpg,R1-1100um-top-to-bottom-center_frame_167_patch_2.png,1,1100,top-to-bottom-center,R1-1100um-top-to-bottom-center,167,2,R1-1100um-top-to-bottom-center_frame_167,1,0,0,0,1,1,1-0-0-0,Surface_Crack,0,0,0,none,none,6103,0.019867
image_1322.jpg,R1-900um-top-to-bottom-center_frame_179_patch_8.png,1,900,top-to-bottom-center,R1-900um-top-to-bottom-center,179,8,R1-900um-top-to-bottom-center_frame_179,1,0,1,0,2,1,1-0-1-0,Surface_Crack+Pinhole,0,1,1,0,Pinhole,1397,0.004548
image_1323.jpg,R1-1100um-top-to-bottom-center_frame_223_patch_4.png,1,1100,top-to-bottom-center,R1-1100um-top-to-bottom-center,223,4,R1-1100um-top-to-bottom-center_frame_223,1,0,0,0,1,1,1-0-0-0,Surface_Crack,0,0,0,none,none,10063,0.032757
image_1324.jpg,R1-800um-top-to-bottom-center_frame_608_patch_1.png,1,800,top-to-bottom-center,R1-800um-top-to-bottom-center,608,1,R1-800um-top-to-bottom-center_frame_608,1,1,1,0,3,1,1-1-1-0,Surface_Crack+Delamination+Pinhole,0,1,1,0,Pinhole,12430,0.040462
image_1325.jpg,R1-600um-top-to-bottom-center_frame_201_patch_6.png,1,600,top-to-bottom-center,R1-600um-top-to-bottom-center,201,6,R1-600um-top-to-bottom-center_frame_201,0,0,1,0,1,1,0-0-1-0,Pinhole,0,1,1,0,Pinhole,65,0.000212
image_1326.jpg,R1-1100um-top-to-bottom-center_frame_77_patch_0.png,1,1100,top-to-bottom-center,R1-1100um-top-to-bottom-center,77,0,R1-1100um-top-to-bottom-center_frame_77,1,0,0,0,1,1,1-0-0-0,Surface_Crack,0,0,0,none,none,1268,0.004128
image_1327.jpg,R1-1000um-top-to-bottom-center_frame_570_patch_1.png,1,1000,top-to-bottom-center,R1-1000um-top-to-bottom-center,570,1,R1-1000um-top-to-bottom-center_frame_570,1,0,0,0,1,1,1-0-0-0,Surface_Crack,0,0,0,none,none,5273,0.017165
image_1328.jpg,R1-1100um-top-to-bottom-center_frame_43_patch_3.png,1,1100,top-to-bottom-center,R1-1100um-top-to-bottom-center,43,3,R1-1100um-top-to-bottom-center_frame_43,1,0,0,0,1,1,1-0-0-0,Surface_Crack,0,0,0,none,none,6757,0.021995
image_1329.jpg,R1-800um-top-to-bottom-center_frame_561_patch_2.png,1,800,top-to-bottom-center,R1-800um-top-to-bottom-center,561,2,R1-800um-top-to-bottom-center_frame_561,1,1,0,0,2,1,1-1-0-0,Surface_Crack+Delamination,0,0,0,none,none,8851,0.028812
image_1330.jpg,R1-900um-top-to-bottom-center_frame_37_patch_8.png,1,900,top-to-bottom-center,R1-900um-top-to-bottom-center,37,8,R1-900um-top-to-bottom-center_frame_37,0,0,1,0,1,1,0-0-1-0,Pinhole,0,1,1,0,Pinhole,39,0.000127
image_1331.jpg,R1-1100um-top-to-bottom-center_frame_43_patch_8.png,1,1100,top-to-bottom-center,R1-1100um-top-to-bottom-center,43,8,R1-1100um-top-to-bottom-center_frame_43,1,0,0,0,1,1,1-0-0-0,Surface_Crack,0,0,0,none,none,2449,0.007972
image_1332.jpg,R1-600um-top-to-bottom-center_frame_408_patch_6.png,1,600,top-to-bottom-center,R1-600um-top-to-bottom-center,408,6,R1-600um-top-to-bottom-center_frame_408,1,0,1,0,2,1,1-0-1-0,Surface_Crack+Pinhole,0,1,1,0,Pinhole,5564,0.018112
image_1333.jpg,R1-800um-top-to-bottom-center_frame_181_patch_4.png,1,800,top-to-bottom-center,R1-800um-top-to-bottom-center,181,4,R1-800um-top-to-bottom-center_frame_181,0,0,1,0,1,1,0-0-1-0,Pinhole,0,1,1,0,Pinhole,112,0.000365
image_1334.jpg,R1-800um-top-to-bottom-center_frame_304_patch_2.png,1,800,top-to-bottom-center,R1-800um-top-to-bottom-center,304,2,R1-800um-top-to-bottom-center_frame_304,1,0,0,0,1,1,1-0-0-0,Surface_Crack,0,0,0,none,none,3637,0.011839
image_1335.jpg,R1-1100um-top-to-bottom-center-1_frame_447_patch_0.png,1,1100,top-to-bottom-center-1,R1-1100um-top-to-bottom-center-1,447,0,R1-1100um-top-to-bottom-center-1_frame_447,1,0,0,0,1,1,1-0-0-0,Surface_Crack,0,0,0,none,none,8240,0.026823
image_1336.jpg,R1-1100um-top-to-bottom-center_frame_128_patch_3.png,1,1100,top-to-bottom-center,R1-1100um-top-to-bottom-center,128,3,R1-1100um-top-to-bottom-center_frame_128,1,0,1,1,2,1,1-0-1-1,Surface_Crack+Pinhole+unclassified,0,1,2,0|1,Pinhole|unclassified,859,0.002796
image_1337.jpg,R1-600um-top-to-bottom-center_frame_511_patch_1.png,1,600,top-to-bottom-center,R1-600um-top-to-bottom-center,511,1,R1-600um-top-to-bottom-center_frame_511,1,0,0,0,1,1,1-0-0-0,Surface_Crack,0,0,0,none,none,2512,0.008177
image_1338.jpg,R1-900um-top-to-bottom-center_frame_179_patch_1.png,1,900,top-to-bottom-center,R1-900um-top-to-bottom-center,179,1,R1-900um-top-to-bottom-center_frame_179,1,0,0,0,1,1,1-0-0-0,Surface_Crack,0,0,0,none,none,8649,0.028154
image_1339.jpg,R1-900um-top-to-bottom-center_frame_37_patch_4.png,1,900,top-to-bottom-center,R1-900um-top-to-bottom-center,37,4,R1-900um-top-to-bottom-center_frame_37,1,0,0,0,1,1,1-0-0-0,Surface_Crack,0,0,0,none,none,2183,0.007106
image_1340.jpg,R1-800um-top-to-bottom-center_frame_255_patch_1.png,1,800,top-to-bottom-center,R1-800um-top-to-bottom-center,255,1,R1-800um-top-to-bottom-center_frame_255,0,0,1,0,1,1,0-0-1-0,Pinhole,0,1,1,0,Pinhole,3,1e-05
image_1341.jpg,R1-900um-top-to-bottom-center_frame_434_patch_3.png,1,900,top-to-bottom-center,R1-900um-top-to-bottom-center,434,3,R1-900um-top-to-bottom-center_frame_434,1,0,0,0,1,1,1-0-0-0,Surface_Crack,0,0,0,none,none,7945,0.025863
image_1342.jpg,R1-900um-top-to-bottom-center_frame_593_patch_2.png,1,900,top-to-bottom-center,R1-900um-top-to-bottom-center,593,2,R1-900um-top-to-bottom-center_frame_593,1,0,0,0,1,1,1-0-0-0,Surface_Crack,0,0,0,none,none,23241,0.075654
image_1343.jpg,R1-1100um-top-to-bottom-center-1_frame_225_patch_4.png,1,1100,top-to-bottom-center-1,R1-1100um-top-to-bottom-center-1,225,4,R1-1100um-top-to-bottom-center-1_frame_225,1,0,0,0,1,1,1-0-0-0,Surface_Crack,0,0,0,none,none,10893,0.035459
image_1344.jpg,R1-600um-top-to-bottom-center_frame_394_patch_5.png,1,600,top-to-bottom-center,R1-600um-top-to-bottom-center,394,5,R1-600um-top-to-bottom-center_frame_394,1,0,1,0,2,1,1-0-1-0,Surface_Crack+Pinhole,0,1,1,0,Pinhole,3402,0.011074
image_1345.jpg,R1-1100um-top-to-bottom-center_frame_356_patch_5.png,1,1100,top-to-bottom-center,R1-1100um-top-to-bottom-center,356,5,R1-1100um-top-to-bottom-center_frame_356,1,0,0,0,1,1,1-0-0-0,Surface_Crack,0,0,0,none,none,7984,0.02599
image_1346.jpg,R1-1000um-top-to-bottom-center_frame_209_patch_1.png,1,1000,top-to-bottom-center,R1-1000um-top-to-bottom-center,209,1,R1-1000um-top-to-bottom-center_frame_209,1,0,0,0,1,1,1-0-0-0,Surface_Crack,0,0,0,none,none,12239,0.03984
image_1347.jpg,R1-800um-top-to-bottom-center_frame_367_patch_0.png,1,800,top-to-bottom-center,R1-800um-top-to-bottom-center,367,0,R1-800um-top-to-bottom-center_frame_367,1,0,0,0,1,1,1-0-0-0,Surface_Crack,0,0,0,none,none,3930,0.012793
image_1348.jpg,R1-1000um-top-to-bottom-center_frame_395_patch_3.png,1,1000,top-to-bottom-center,R1-1000um-top-to-bottom-center,395,3,R1-1000um-top-to-bottom-center_frame_395,1,0,1,0,2,1,1-0-1-0,Surface_Crack+Pinhole,0,1,1,0,Pinhole,5480,0.017839
image_1349.jpg,R1-700um-top-to-bottom-center_frame_306_patch_4.png,1,700,top-to-bottom-center,R1-700um-top-to-bottom-center,306,4,R1-700um-top-to-bottom-center_frame_306,1,0,0,0,1,1,1-0-0-0,Surface_Crack,0,0,0,none,none,9852,0.03207
image_1350.jpg,R1-800um-top-to-bottom-center_frame_105_patch_6.png,1,800,top-to-bottom-center,R1-800um-top-to-bottom-center,105,6,R1-800um-top-to-bottom-center_frame_105,0,0,1,0,1,1,0-0-1-0,Pinhole,0,1,1,0,Pinhole,147,0.000479
image_1351.jpg,R1-700um-top-to-bottom-center_frame_312_patch_5.png,1,700,top-to-bottom-center,R1-700um-top-to-bottom-center,312,5,R1-700um-top-to-bottom-center_frame_312,1,0,1,0,2,1,1-0-1-0,Surface_Crack+Pinhole,0,1,1,0,Pinhole,14082,0.04584
image_1352.jpg,R1-1100um-top-to-bottom-center_frame_232_patch_1.png,1,1100,top-to-bottom-center,R1-1100um-top-to-bottom-center,232,1,R1-1100um-top-to-bottom-center_frame_232,1,0,1,0,2,1,1-0-1-0,Surface_Crack+Pinhole,0,1,1,0,Pinhole,11132,0.036237
image_1353.jpg,R1-600um-top-to-bottom-center_frame_372_patch_0.png,1,600,top-to-bottom-center,R1-600um-top-to-bottom-center,372,0,R1-600um-top-to-bottom-center_frame_372,1,0,0,0,1,1,1-0-0-0,Surface_Crack,0,0,0,none,none,7611,0.024775
image_1354.jpg,R1-900um-top-to-bottom-center_frame_611_patch_7.png,1,900,top-to-bottom-center,R1-900um-top-to-bottom-center,611,7,R1-900um-top-to-bottom-center_frame_611,1,0,0,0,1,1,1-0-0-0,Surface_Crack,0,0,0,none,none,17931,0.058369
image_1355.jpg,R1-700um-top-to-bottom-center_frame_452_patch_0.png,1,700,top-to-bottom-center,R1-700um-top-to-bottom-center,452,0,R1-700um-top-to-bottom-center_frame_452,1,0,0,0,1,1,1-0-0-0,Surface_Crack,0,0,0,none,none,6733,0.021917
image_1356.jpg,R7-700um-middle_frame_581_patch_6.png,7,700,middle,R7-700um-middle,581,6,R7-700um-middle_frame_581,1,1,0,0,2,1,1-1-0-0,Surface_Crack+Delamination,0,0,0,none,none,49548,0.161289
image_1357.jpg,R1-700um-top-to-bottom-center_frame_279_patch_1.png,1,700,top-to-bottom-center,R1-700um-top-to-bottom-center,279,1,R1-700um-top-to-bottom-center_frame_279,1,0,0,0,1,1,1-0-0-0,Surface_Crack,0,0,0,none,none,11357,0.036969
image_1358.jpg,R1-700um-top-to-bottom-center_frame_572_patch_3.png,1,700,top-to-bottom-center,R1-700um-top-to-bottom-center,572,3,R1-700um-top-to-bottom-center_frame_572,1,0,0,0,1,1,1-0-0-0,Surface_Crack,0,0,0,none,none,8292,0.026992
image_1359.jpg,R1-1000um-top-to-bottom-center_frame_245_patch_8.png,1,1000,top-to-bottom-center,R1-1000um-top-to-bottom-center,245,8,R1-1000um-top-to-bottom-center_frame_245,1,0,0,0,1,1,1-0-0-0,Surface_Crack,0,0,0,none,none,14763,0.048057
image_1360.jpg,R1-700um-top-to-bottom-center_frame_621_patch_0.png,1,700,top-to-bottom-center,R1-700um-top-to-bottom-center,621,0,R1-700um-top-to-bottom-center_frame_621,1,0,0,0,1,1,1-0-0-0,Surface_Crack,0,0,0,none,none,18803,0.061208
image_1361.jpg,R1-600um-top-to-bottom-center_frame_412_patch_4.png,1,600,top-to-bottom-center,R1-600um-top-to-bottom-center,412,4,R1-600um-top-to-bottom-center_frame_412,1,0,0,0,1,1,1-0-0-0,Surface_Crack,0,0,0,none,none,3186,0.010371
image_1362.jpg,R1-600um-top-to-bottom-center_frame_569_patch_3.png,1,600,top-to-bottom-center,R1-600um-top-to-bottom-center,569,3,R1-600um-top-to-bottom-center_frame_569,1,0,0,0,1,1,1-0-0-0,Surface_Crack,0,0,0,none,none,3425,0.011149
image_1363.jpg,R1-1100um-top-to-bottom-center_frame_245_patch_7.png,1,1100,top-to-bottom-center,R1-1100um-top-to-bottom-center,245,7,R1-1100um-top-to-bottom-center_frame_245,1,0,0,0,1,1,1-0-0-0,Surface_Crack,0,0,0,none,none,6797,0.022126
image_1364.jpg,R1-1100um-top-to-bottom-center_frame_372_patch_1.png,1,1100,top-to-bottom-center,R1-1100um-top-to-bottom-center,372,1,R1-1100um-top-to-bottom-center_frame_372,1,0,0,0,1,1,1-0-0-0,Surface_Crack,0,0,0,none,none,10794,0.035137
image_1365.jpg,R1-700um-top-to-bottom-center_frame_621_patch_8.png,1,700,top-to-bottom-center,R1-700um-top-to-bottom-center,621,8,R1-700um-top-to-bottom-center_frame_621,1,0,0,0,1,1,1-0-0-0,Surface_Crack,0,0,0,none,none,3511,0.011429
image_1366.jpg,R1-900um-top-to-bottom-center_frame_332_patch_6.png,1,900,top-to-bottom-center,R1-900um-top-to-bottom-center,332,6,R1-900um-top-to-bottom-center_frame_332,1,0,0,0,1,1,1-0-0-0,Surface_Crack,0,0,0,none,none,6299,0.020505
image_1367.jpg,R1-1000um-top-to-bottom-center_frame_173_patch_8.png,1,1000,top-to-bottom-center,R1-1000um-top-to-bottom-center,173,8,R1-1000um-top-to-bottom-center_frame_173,1,0,0,0,1,1,1-0-0-0,Surface_Crack,0,0,0,none,none,7505,0.02443
image_1368.jpg,R1-1000um-top-to-bottom-center_frame_225_patch_2.png,1,1000,top-to-bottom-center,R1-1000um-top-to-bottom-center,225,2,R1-1000um-top-to-bottom-center_frame_225,1,0,1,0,2,1,1-0-1-0,Surface_Crack+Pinhole,0,1,1,0,Pinhole,14559,0.047393
image_1369.jpg,R7-700um-middle_frame_574_patch_4.png,7,700,middle,R7-700um-middle,574,4,R7-700um-middle_frame_574,0,1,0,0,1,1,0-1-0-0,Delamination,0,0,0,none,none,151566,0.493379
image_1370.jpg,R1-600um-top-to-bottom-center_frame_631_patch_5.png,1,600,top-to-bottom-center,R1-600um-top-to-bottom-center,631,5,R1-600um-top-to-bottom-center_frame_631,1,0,0,0,1,1,1-0-0-0,Surface_Crack,0,0,0,none,none,29047,0.094554
image_1371.jpg,R1-1100um-top-to-bottom-center-1_frame_425_patch_3.png,1,1100,top-to-bottom-center-1,R1-1100um-top-to-bottom-center-1,425,3,R1-1100um-top-to-bottom-center-1_frame_425,1,1,0,0,2,1,1-1-0-0,Surface_Crack+Delamination,0,0,0,none,none,13319,0.043356
image_1372.jpg,R1-600um-top-to-bottom-center_frame_52_patch_2.png,1,600,top-to-bottom-center,R1-600um-top-to-bottom-center,52,2,R1-600um-top-to-bottom-center_frame_52,0,0,1,0,1,1,0-0-1-0,Pinhole,0,1,2,0,Pinhole,196,0.000638
image_1373.jpg,R1-800um-top-to-bottom-center_frame_70_patch_1.png,1,800,top-to-bottom-center,R1-800um-top-to-bottom-center,70,1,R1-800um-top-to-bottom-center_frame_70,0,0,1,0,1,1,0-0-1-0,Pinhole,0,1,1,0,Pinhole,89,0.00029
image_1374.jpg,R1-1100um-top-to-bottom-center_frame_254_patch_6.png,1,1100,top-to-bottom-center,R1-1100um-top-to-bottom-center,254,6,R1-1100um-top-to-bottom-center_frame_254,1,0,0,0,1,1,1-0-0-0,Surface_Crack,0,0,0,none,none,10175,0.033122
image_1375.jpg,R1-1100um-top-to-bottom-center_frame_361_patch_8.png,1,1100,top-to-bottom-center,R1-1100um-top-to-bottom-center,361,8,R1-1100um-top-to-bottom-center_frame_361,1,0,1,0,2,1,1-0-1-0,Surface_Crack+Pinhole,0,1,1,0,Pinhole,5753,0.018727
image_1376.jpg,R1-700um-top-to-bottom-center_frame_570_patch_0.png,1,700,top-to-bottom-center,R1-700um-top-to-bottom-center,570,0,R1-700um-top-to-bottom-center_frame_570,1,0,0,0,1,1,1-0-0-0,Surface_Crack,0,0,0,none,none,6469,0.021058
image_1377.jpg,R1-700um-top-to-bottom-center_frame_572_patch_5.png,1,700,top-to-bottom-center,R1-700um-top-to-bottom-center,572,5,R1-700um-top-to-bottom-center_frame_572,1,0,0,0,1,1,1-0-0-0,Surface_Crack,0,0,0,none,none,2274,0.007402
image_1378.jpg,R1-700um-top-to-bottom-center_frame_452_patch_4.png,1,700,top-to-bottom-center,R1-700um-top-to-bottom-center,452,4,R1-700um-top-to-bottom-center_frame_452,1,0,0,0,1,1,1-0-0-0,Surface_Crack,0,0,0,none,none,5704,0.018568
image_1379.jpg,R1-700um-top-to-bottom-center_frame_597_patch_8.png,1,700,top-to-bottom-center,R1-700um-top-to-bottom-center,597,8,R1-700um-top-to-bottom-center_frame_597,1,0,0,0,1,1,1-0-0-0,Surface_Crack,0,0,0,none,none,3187,0.010374
image_1380.jpg,R1-1100um-top-to-bottom-center_frame_264_patch_3.png,1,1100,top-to-bottom-center,R1-1100um-top-to-bottom-center,264,3,R1-1100um-top-to-bottom-center_frame_264,1,0,0,0,1,1,1-0-0-0,Surface_Crack,0,0,0,none,none,10678,0.034759
image_1381.jpg,R1-1100um-top-to-bottom-center_frame_205_patch_5.png,1,1100,top-to-bottom-center,R1-1100um-top-to-bottom-center,205,5,R1-1100um-top-to-bottom-center_frame_205,1,0,0,0,1,1,1-0-0-0,Surface_Crack,0,0,0,none,none,9037,0.029417
image_1382.jpg,R1-800um-top-to-bottom-center_frame_454_patch_0.png,1,800,top-to-bottom-center,R1-800um-top-to-bottom-center,454,0,R1-800um-top-to-bottom-center_frame_454,1,0,0,0,1,1,1-0-0-0,Surface_Crack,0,0,0,none,none,4088,0.013307
image_1383.jpg,R1-700um-top-to-bottom-center_frame_127_patch_5.png,1,700,top-to-bottom-center,R1-700um-top-to-bottom-center,127,5,R1-700um-top-to-bottom-center_frame_127,0,0,0,0,0,0,0-0-0-0,none,1,0,0,none,none,0,0.0
image_1384.jpg,R1-800um-top-to-bottom-center_frame_454_patch_5.png,1,800,top-to-bottom-center,R1-800um-top-to-bottom-center,454,5,R1-800um-top-to-bottom-center_frame_454,1,0,0,0,1,1,1-0-0-0,Surface_Crack,0,0,0,none,none,3775,0.012288
image_1385.jpg,R1-1100um-top-to-bottom-center_frame_124_patch_3.png,1,1100,top-to-bottom-center,R1-1100um-top-to-bottom-center,124,3,R1-1100um-top-to-bottom-center_frame_124,0,0,1,1,1,1,0-0-1-1,Pinhole+unclassified,0,1,2,0|1,Pinhole|unclassified,102,0.000332
image_1386.jpg,R1-1100um-top-to-bottom-center_frame_109_patch_2.png,1,1100,top-to-bottom-center,R1-1100um-top-to-bottom-center,109,2,R1-1100um-top-to-bottom-center_frame_109,1,0,0,0,1,1,1-0-0-0,Surface_Crack,0,0,0,none,none,8092,0.026341
image_1387.jpg,R1-1000um-top-to-bottom-center_frame_245_patch_5.png,1,1000,top-to-bottom-center,R1-1000um-top-to-bottom-center,245,5,R1-1000um-top-to-bottom-center_frame_245,1,0,1,0,2,1,1-0-1-0,Surface_Crack+Pinhole,0,1,1,0,Pinhole,12683,0.041286
image_1388.jpg,R1-600um-top-to-bottom-center_frame_376_patch_1.png,1,600,top-to-bottom-center,R1-600um-top-to-bottom-center,376,1,R1-600um-top-to-bottom-center_frame_376,1,0,1,0,2,1,1-0-1-0,Surface_Crack+Pinhole,0,1,1,0,Pinhole,10858,0.035345
image_1389.jpg,R1-1100um-top-to-bottom-center_frame_245_patch_6.png,1,1100,top-to-bottom-center,R1-1100um-top-to-bottom-center,245,6,R1-1100um-top-to-bottom-center_frame_245,1,0,0,0,1,1,1-0-0-0,Surface_Crack,0,0,0,none,none,9030,0.029395
image_1390.jpg,R1-700um-top-to-bottom-center_frame_218_patch_1.png,1,700,top-to-bottom-center,R1-700um-top-to-bottom-center,218,1,R1-700um-top-to-bottom-center_frame_218,0,0,0,0,0,0,0-0-0-0,none,1,0,0,none,none,0,0.0
image_1391.jpg,R1-700um-top-to-bottom-center_frame_661_patch_4.png,1,700,top-to-bottom-center,R1-700um-top-to-bottom-center,661,4,R1-700um-top-to-bottom-center_frame_661,1,0,1,0,2,1,1-0-1-0,Surface_Crack+Pinhole,0,1,1,0,Pinhole,3146,0.010241
image_1392.jpg,R1-700um-top-to-bottom-center_frame_217_patch_2.png,1,700,top-to-bottom-center,R1-700um-top-to-bottom-center,217,2,R1-700um-top-to-bottom-center_frame_217,0,0,0,1,0,0,0-0-0-1,unclassified,0,1,1,1,unclassified,0,0.0
image_1393.jpg,R1-1100um-top-to-bottom-center_frame_253_patch_4.png,1,1100,top-to-bottom-center,R1-1100um-top-to-bottom-center,253,4,R1-1100um-top-to-bottom-center_frame_253,1,0,1,0,2,1,1-0-1-0,Surface_Crack+Pinhole,0,1,1,0,Pinhole,8232,0.026797
image_1394.jpg,R1-700um-top-to-bottom-center_frame_217_patch_1.png,1,700,top-to-bottom-center,R1-700um-top-to-bottom-center,217,1,R1-700um-top-to-bottom-center_frame_217,0,0,0,0,0,0,0-0-0-0,none,1,0,0,none,none,0,0.0
image_1395.jpg,R1-1100um-top-to-bottom-center_frame_147_patch_4.png,1,1100,top-to-bottom-center,R1-1100um-top-to-bottom-center,147,4,R1-1100um-top-to-bottom-center_frame_147,1,0,0,0,1,1,1-0-0-0,Surface_Crack,0,0,0,none,none,10008,0.032578
image_1396.jpg,R1-800um-top-to-bottom-center_frame_318_patch_7.png,1,800,top-to-bottom-center,R1-800um-top-to-bottom-center,318,7,R1-800um-top-to-bottom-center_frame_318,1,0,0,0,1,1,1-0-0-0,Surface_Crack,0,0,0,none,none,2293,0.007464
image_1397.jpg,R1-1000um-top-to-bottom-center_frame_225_patch_4.png,1,1000,top-to-bottom-center,R1-1000um-top-to-bottom-center,225,4,R1-1000um-top-to-bottom-center_frame_225,1,0,0,0,1,1,1-0-0-0,Surface_Crack,0,0,0,none,none,9793,0.031878
image_1398.jpg,R7-700um-middle_frame_500_patch_0.png,7,700,middle,R7-700um-middle,500,0,R7-700um-middle_frame_500,1,0,0,0,1,1,1-0-0-0,Surface_Crack,0,0,0,none,none,5172,0.016836
image_1399.jpg,R1-1100um-top-to-bottom-center-1_frame_470_patch_2.png,1,1100,top-to-bottom-center-1,R1-1100um-top-to-bottom-center-1,470,2,R1-1100um-top-to-bottom-center-1_frame_470,1,1,0,0,2,1,1-1-0-0,Surface_Crack+Delamination,0,0,0,none,none,9877,0.032152
image_1400.jpg,R1-1000um-top-to-bottom-center_frame_434_patch_4.png,1,1000,top-to-bottom-center,R1-1000um-top-to-bottom-center,434,4,R1-1000um-top-to-bottom-center_frame_434,1,0,0,0,1,1,1-0-0-0,Surface_Crack,0,0,0,none,none,8951,0.029137
image_1401.jpg,R1-1100um-top-to-bottom-center-1_frame_447_patch_8.png,1,1100,top-to-bottom-center-1,R1-1100um-top-to-bottom-center-1,447,8,R1-1100um-top-to-bottom-center-1_frame_447,1,1,0,0,2,1,1-1-0-0,Surface_Crack+Delamination,0,0,0,none,none,13640,0.044401
image_1402.jpg,R1-1100um-top-to-bottom-center_frame_132_patch_7.png,1,1100,top-to-bottom-center,R1-1100um-top-to-bottom-center,132,7,R1-1100um-top-to-bottom-center_frame_132,1,0,0,0,1,1,1-0-0-0,Surface_Crack,0,0,0,none,none,4350,0.01416
image_1403.jpg,R7-700um-middle_frame_221_patch_5.png,7,700,middle,R7-700um-middle,221,5,R7-700um-middle_frame_221,1,0,0,0,1,1,1-0-0-0,Surface_Crack,0,0,0,none,none,541,0.001761
image_1404.jpg,R1-600um-top-to-bottom-center_frame_432_patch_7.png,1,600,top-to-bottom-center,R1-600um-top-to-bottom-center,432,7,R1-600um-top-to-bottom-center_frame_432,1,0,0,0,1,1,1-0-0-0,Surface_Crack,0,0,0,none,none,2635,0.008577
image_1405.jpg,R1-1100um-top-to-bottom-center_frame_253_patch_8.png,1,1100,top-to-bottom-center,R1-1100um-top-to-bottom-center,253,8,R1-1100um-top-to-bottom-center_frame_253,1,0,0,0,1,1,1-0-0-0,Surface_Crack,0,0,0,none,none,4985,0.016227
image_1406.jpg,R1-600um-top-to-bottom-center_frame_140_patch_8.png,1,600,top-to-bottom-center,R1-600um-top-to-bottom-center,140,8,R1-600um-top-to-bottom-center_frame_140,0,0,0,0,0,0,0-0-0-0,none,1,0,0,none,none,0,0.0
image_1407.jpg,R1-900um-top-to-bottom-center_frame_288_patch_6.png,1,900,top-to-bottom-center,R1-900um-top-to-bottom-center,288,6,R1-900um-top-to-bottom-center_frame_288,1,0,0,0,1,1,1-0-0-0,Surface_Crack,0,0,0,none,none,7791,0.025361
image_1408.jpg,R1-1100um-top-to-bottom-center-1_frame_289_patch_8.png,1,1100,top-to-bottom-center-1,R1-1100um-top-to-bottom-center-1,289,8,R1-1100um-top-to-bottom-center-1_frame_289,1,0,0,0,1,1,1-0-0-0,Surface_Crack,0,0,0,none,none,7949,0.025876
image_1409.jpg,R7-700um-middle_frame_503_patch_0.png,7,700,middle,R7-700um-middle,503,0,R7-700um-middle_frame_503,1,0,1,0,2,1,1-0-1-0,Surface_Crack+Pinhole,0,1,1,0,Pinhole,5520,0.017969
image_1410.jpg,R1-600um-top-to-bottom-center_frame_459_patch_4.png,1,600,top-to-bottom-center,R1-600um-top-to-bottom-center,459,4,R1-600um-top-to-bottom-center_frame_459,1,0,0,0,1,1,1-0-0-0,Surface_Crack,0,0,0,none,none,2422,0.007884
image_1411.jpg,R1-900um-top-to-bottom-center_frame_303_patch_5.png,1,900,top-to-bottom-center,R1-900um-top-to-bottom-center,303,5,R1-900um-top-to-bottom-center_frame_303,1,0,0,0,1,1,1-0-0-0,Surface_Crack,0,0,0,none,none,5303,0.017262
image_1412.jpg,R1-700um-top-to-bottom-center_frame_289_patch_4.png,1,700,top-to-bottom-center,R1-700um-top-to-bottom-center,289,4,R1-700um-top-to-bottom-center_frame_289,1,0,0,0,1,1,1-0-0-0,Surface_Crack,0,0,0,none,none,12329,0.040133
image_1413.jpg,R1-800um-top-to-bottom-center_frame_89_patch_8.png,1,800,top-to-bottom-center,R1-800um-top-to-bottom-center,89,8,R1-800um-top-to-bottom-center_frame_89,0,0,0,0,0,0,0-0-0-0,none,1,0,0,none,none,0,0.0
image_1414.jpg,R1-1100um-top-to-bottom-center_frame_109_patch_1.png,1,1100,top-to-bottom-center,R1-1100um-top-to-bottom-center,109,1,R1-1100um-top-to-bottom-center_frame_109,1,0,1,0,2,1,1-0-1-0,Surface_Crack+Pinhole,0,1,1,0,Pinhole,5591,0.0182
image_1415.jpg,R1-700um-top-to-bottom-center_frame_673_patch_7.png,1,700,top-to-bottom-center,R1-700um-top-to-bottom-center,673,7,R1-700um-top-to-bottom-center_frame_673,1,0,0,0,1,1,1-0-0-0,Surface_Crack,0,0,0,none,none,31742,0.103327
image_1416.jpg,R1-800um-top-to-bottom-center_frame_72_patch_6.png,1,800,top-to-bottom-center,R1-800um-top-to-bottom-center,72,6,R1-800um-top-to-bottom-center_frame_72,0,0,1,0,1,1,0-0-1-0,Pinhole,0,1,1,0,Pinhole,64,0.000208
image_1417.jpg,R1-800um-top-to-bottom-center_frame_439_patch_5.png,1,800,top-to-bottom-center,R1-800um-top-to-bottom-center,439,5,R1-800um-top-to-bottom-center_frame_439,1,0,0,0,1,1,1-0-0-0,Surface_Crack,0,0,0,none,none,2609,0.008493
image_1418.jpg,R1-1100um-top-to-bottom-center-1_frame_190_patch_5.png,1,1100,top-to-bottom-center-1,R1-1100um-top-to-bottom-center-1,190,5,R1-1100um-top-to-bottom-center-1_frame_190,1,0,0,0,1,1,1-0-0-0,Surface_Crack,0,0,0,none,none,8824,0.028724
image_1419.jpg,R1-700um-top-to-bottom-center_frame_260_patch_1.png,1,700,top-to-bottom-center,R1-700um-top-to-bottom-center,260,1,R1-700um-top-to-bottom-center_frame_260,1,0,0,0,1,1,1-0-0-0,Surface_Crack,0,0,0,none,none,2475,0.008057
image_1420.jpg,R1-1000um-top-to-bottom-center_frame_461_patch_8.png,1,1000,top-to-bottom-center,R1-1000um-top-to-bottom-center,461,8,R1-1000um-top-to-bottom-center_frame_461,1,0,0,0,1,1,1-0-0-0,Surface_Crack,0,0,0,none,none,30475,0.099202
image_1421.jpg,R1-900um-top-to-bottom-center_frame_192_patch_0.png,1,900,top-to-bottom-center,R1-900um-top-to-bottom-center,192,0,R1-900um-top-to-bottom-center_frame_192,1,0,0,0,1,1,1-0-0-0,Surface_Crack,0,0,0,none,none,6701,0.021813
image_1422.jpg,R1-600um-top-to-bottom-center_frame_412_patch_5.png,1,600,top-to-bottom-center,R1-600um-top-to-bottom-center,412,5,R1-600um-top-to-bottom-center_frame_412,1,0,0,0,1,1,1-0-0-0,Surface_Crack,0,0,0,none,none,2165,0.007048
image_1423.jpg,R1-900um-top-to-bottom-center_frame_557_patch_0.png,1,900,top-to-bottom-center,R1-900um-top-to-bottom-center,557,0,R1-900um-top-to-bottom-center_frame_557,1,0,0,0,1,1,1-0-0-0,Surface_Crack,0,0,0,none,none,4736,0.015417
image_1424.jpg,R1-800um-top-to-bottom-center_frame_408_patch_8.png,1,800,top-to-bottom-center,R1-800um-top-to-bottom-center,408,8,R1-800um-top-to-bottom-center_frame_408,1,0,0,0,1,1,1-0-0-0,Surface_Crack,0,0,0,none,none,4158,0.013535
image_1425.jpg,R1-700um-top-to-bottom-center_frame_189_patch_0.png,1,700,top-to-bottom-center,R1-700um-top-to-bottom-center,189,0,R1-700um-top-to-bottom-center_frame_189,0,0,1,0,1,1,0-0-1-0,Pinhole,0,1,1,0,Pinhole,757,0.002464
image_1426.jpg,R1-700um-top-to-bottom-center_frame_661_patch_7.png,1,700,top-to-bottom-center,R1-700um-top-to-bottom-center,661,7,R1-700um-top-to-bottom-center_frame_661,1,0,0,0,1,1,1-0-0-0,Surface_Crack,0,0,0,none,none,34442,0.112116
image_1427.jpg,R1-600um-top-to-bottom-center_frame_457_patch_7.png,1,600,top-to-bottom-center,R1-600um-top-to-bottom-center,457,7,R1-600um-top-to-bottom-center_frame_457,1,0,0,1,1,1,1-0-0-1,Surface_Crack+unclassified,0,1,1,1,unclassified,1568,0.005104
image_1428.jpg,R1-700um-top-to-bottom-center_frame_254_patch_1.png,1,700,top-to-bottom-center,R1-700um-top-to-bottom-center,254,1,R1-700um-top-to-bottom-center_frame_254,1,0,0,0,1,1,1-0-0-0,Surface_Crack,0,0,0,none,none,1288,0.004193
image_1429.jpg,R1-1000um-top-to-bottom-center_frame_245_patch_4.png,1,1000,top-to-bottom-center,R1-1000um-top-to-bottom-center,245,4,R1-1000um-top-to-bottom-center_frame_245,1,0,0,0,1,1,1-0-0-0,Surface_Crack,0,0,0,none,none,16628,0.054128
image_1430.jpg,R1-1100um-top-to-bottom-center-1_frame_220_patch_4.png,1,1100,top-to-bottom-center-1,R1-1100um-top-to-bottom-center-1,220,4,R1-1100um-top-to-bottom-center-1_frame_220,1,0,0,0,1,1,1-0-0-0,Surface_Crack,0,0,0,none,none,11121,0.036201
image_1431.jpg,R1-1000um-top-to-bottom-center_frame_594_patch_8.png,1,1000,top-to-bottom-center,R1-1000um-top-to-bottom-center,594,8,R1-1000um-top-to-bottom-center_frame_594,1,0,1,0,2,1,1-0-1-0,Surface_Crack+Pinhole,0,1,2,0,Pinhole,16123,0.052484
image_1432.jpg,R1-900um-top-to-bottom-center_frame_234_patch_0.png,1,900,top-to-bottom-center,R1-900um-top-to-bottom-center,234,0,R1-900um-top-to-bottom-center_frame_234,1,0,0,0,1,1,1-0-0-0,Surface_Crack,0,0,0,none,none,16272,0.052969
image_1433.jpg,R1-1000um-top-to-bottom-center_frame_96_patch_7.png,1,1000,top-to-bottom-center,R1-1000um-top-to-bottom-center,96,7,R1-1000um-top-to-bottom-center_frame_96,0,0,1,0,1,1,0-0-1-0,Pinhole,0,1,1,0,Pinhole,159,0.000518
image_1434.jpg,R1-1100um-top-to-bottom-center_frame_384_patch_5.png,1,1100,top-to-bottom-center,R1-1100um-top-to-bottom-center,384,5,R1-1100um-top-to-bottom-center_frame_384,1,0,1,0,2,1,1-0-1-0,Surface_Crack+Pinhole,0,1,1,0,Pinhole,5975,0.01945
image_1435.jpg,R1-800um-top-to-bottom-center_frame_60_patch_4.png,1,800,top-to-bottom-center,R1-800um-top-to-bottom-center,60,4,R1-800um-top-to-bottom-center_frame_60,0,0,1,0,1,1,0-0-1-0,Pinhole,0,1,1,0,Pinhole,26,8.5e-05
image_1436.jpg,R7-700um-middle_frame_120_patch_3.png,7,700,middle,R7-700um-middle,120,3,R7-700um-middle_frame_120,1,0,0,0,1,1,1-0-0-0,Surface_Crack,0,0,0,none,none,3915,0.012744
image_1437.jpg,R1-600um-top-to-bottom-center_frame_569_patch_2.png,1,600,top-to-bottom-center,R1-600um-top-to-bottom-center,569,2,R1-600um-top-to-bottom-center_frame_569,1,0,0,0,1,1,1-0-0-0,Surface_Crack,0,0,0,none,none,2037,0.006631
image_1438.jpg,R1-600um-top-to-bottom-center_frame_387_patch_6.png,1,600,top-to-bottom-center,R1-600um-top-to-bottom-center,387,6,R1-600um-top-to-bottom-center_frame_387,1,0,0,0,1,1,1-0-0-0,Surface_Crack,0,0,0,none,none,13834,0.045033
image_1439.jpg,R1-700um-top-to-bottom-center_frame_242_patch_8.png,1,700,top-to-bottom-center,R1-700um-top-to-bottom-center,242,8,R1-700um-top-to-bottom-center_frame_242,0,0,0,1,0,0,0-0-0-1,unclassified,0,1,1,1,unclassified,0,0.0
image_1440.jpg,R1-800um-top-to-bottom-center_frame_454_patch_7.png,1,800,top-to-bottom-center,R1-800um-top-to-bottom-center,454,7,R1-800um-top-to-bottom-center_frame_454,1,0,0,0,1,1,1-0-0-0,Surface_Crack,0,0,0,none,none,3075,0.01001
image_1441.jpg,R1-1100um-top-to-bottom-center_frame_239_patch_0.png,1,1100,top-to-bottom-center,R1-1100um-top-to-bottom-center,239,0,R1-1100um-top-to-bottom-center_frame_239,1,0,0,0,1,1,1-0-0-0,Surface_Crack,0,0,0,none,none,10181,0.033141
image_1442.jpg,R1-1100um-top-to-bottom-center-1_frame_169_patch_0.png,1,1100,top-to-bottom-center-1,R1-1100um-top-to-bottom-center-1,169,0,R1-1100um-top-to-bottom-center-1_frame_169,1,0,0,0,1,1,1-0-0-0,Surface_Crack,0,0,0,none,none,8156,0.026549
image_1443.jpg,R1-1100um-top-to-bottom-center-1_frame_470_patch_1.png,1,1100,top-to-bottom-center-1,R1-1100um-top-to-bottom-center-1,470,1,R1-1100um-top-to-bottom-center-1_frame_470,1,1,0,0,2,1,1-1-0-0,Surface_Crack+Delamination,0,0,0,none,none,17781,0.057881
image_1444.jpg,R1-700um-top-to-bottom-center_frame_334_patch_1.png,1,700,top-to-bottom-center,R1-700um-top-to-bottom-center,334,1,R1-700um-top-to-bottom-center_frame_334,1,0,0,0,1,1,1-0-0-0,Surface_Crack,0,0,0,none,none,2787,0.009072
image_1445.jpg,R1-800um-top-to-bottom-center_frame_554_patch_4.png,1,800,top-to-bottom-center,R1-800um-top-to-bottom-center,554,4,R1-800um-top-to-bottom-center_frame_554,1,0,0,0,1,1,1-0-0-0,Surface_Crack,0,0,0,none,none,7434,0.024199
image_1446.jpg,R7-700um-middle_frame_503_patch_4.png,7,700,middle,R7-700um-middle,503,4,R7-700um-middle_frame_503,1,0,0,0,1,1,1-0-0-0,Surface_Crack,0,0,0,none,none,5700,0.018555
image_1447.jpg,R1-600um-top-to-bottom-center_frame_140_patch_1.png,1,600,top-to-bottom-center,R1-600um-top-to-bottom-center,140,1,R1-600um-top-to-bottom-center_frame_140,0,0,0,1,0,0,0-0-0-1,unclassified,0,1,1,1,unclassified,0,0.0
image_1448.jpg,R1-1100um-top-to-bottom-center-1_frame_397_patch_8.png,1,1100,top-to-bottom-center-1,R1-1100um-top-to-bottom-center-1,397,8,R1-1100um-top-to-bottom-center-1_frame_397,1,1,0,0,2,1,1-1-0-0,Surface_Crack+Delamination,0,0,0,none,none,15922,0.051829
image_1449.jpg,R1-600um-top-to-bottom-center_frame_356_patch_0.png,1,600,top-to-bottom-center,R1-600um-top-to-bottom-center,356,0,R1-600um-top-to-bottom-center_frame_356,1,0,0,0,1,1,1-0-0-0,Surface_Crack,0,0,0,none,none,18578,0.060475
image_1450.jpg,R1-600um-top-to-bottom-center_frame_603_patch_0.png,1,600,top-to-bottom-center,R1-600um-top-to-bottom-center,603,0,R1-600um-top-to-bottom-center_frame_603,1,0,0,0,1,1,1-0-0-0,Surface_Crack,0,0,0,none,none,11835,0.038525
image_1451.jpg,R1-700um-top-to-bottom-center_frame_648_patch_6.png,1,700,top-to-bottom-center,R1-700um-top-to-bottom-center,648,6,R1-700um-top-to-bottom-center_frame_648,1,0,1,0,2,1,1-0-1-0,Surface_Crack+Pinhole,0,1,1,0,Pinhole,17928,0.058359
image_1452.jpg,R1-800um-top-to-bottom-center_frame_499_patch_5.png,1,800,top-to-bottom-center,R1-800um-top-to-bottom-center,499,5,R1-800um-top-to-bottom-center_frame_499,1,0,0,0,1,1,1-0-0-0,Surface_Crack,0,0,0,none,none,3708,0.01207
image_1453.jpg,R1-800um-top-to-bottom-center_frame_627_patch_6.png,1,800,top-to-bottom-center,R1-800um-top-to-bottom-center,627,6,R1-800um-top-to-bottom-center_frame_627,1,1,0,0,2,1,1-1-0-0,Surface_Crack+Delamination,0,0,0,none,none,20441,0.06654
image_1454.jpg,R1-900um-top-to-bottom-center_frame_347_patch_0.png,1,900,top-to-bottom-center,R1-900um-top-to-bottom-center,347,0,R1-900um-top-to-bottom-center_frame_347,1,0,0,0,1,1,1-0-0-0,Surface_Crack,0,0,0,none,none,10391,0.033825
image_1455.jpg,R1-1100um-top-to-bottom-center_frame_43_patch_4.png,1,1100,top-to-bottom-center,R1-1100um-top-to-bottom-center,43,4,R1-1100um-top-to-bottom-center_frame_43,1,0,1,0,2,1,1-0-1-0,Surface_Crack+Pinhole,0,1,1,0,Pinhole,5525,0.017985
image_1456.jpg,R1-900um-top-to-bottom-center_frame_444_patch_0.png,1,900,top-to-bottom-center,R1-900um-top-to-bottom-center,444,0,R1-900um-top-to-bottom-center_frame_444,1,0,0,0,1,1,1-0-0-0,Surface_Crack,0,0,0,none,none,7770,0.025293
image_1457.jpg,R1-900um-top-to-bottom-center_frame_288_patch_8.png,1,900,top-to-bottom-center,R1-900um-top-to-bottom-center,288,8,R1-900um-top-to-bottom-center_frame_288,1,0,0,0,1,1,1-0-0-0,Surface_Crack,0,0,0,none,none,4859,0.015817
image_1458.jpg,R1-800um-top-to-bottom-center_frame_513_patch_7.png,1,800,top-to-bottom-center,R1-800um-top-to-bottom-center,513,7,R1-800um-top-to-bottom-center_frame_513,1,0,0,0,1,1,1-0-0-0,Surface_Crack,0,0,0,none,none,5483,0.017848
image_1459.jpg,R1-1100um-top-to-bottom-center-1_frame_161_patch_1.png,1,1100,top-to-bottom-center-1,R1-1100um-top-to-bottom-center-1,161,1,R1-1100um-top-to-bottom-center-1_frame_161,1,0,1,0,2,1,1-0-1-0,Surface_Crack+Pinhole,0,1,1,0,Pinhole,7707,0.025088
image_1460.jpg,R1-1100um-top-to-bottom-center_frame_345_patch_2.png,1,1100,top-to-bottom-center,R1-1100um-top-to-bottom-center,345,2,R1-1100um-top-to-bottom-center_frame_345,1,0,1,0,2,1,1-0-1-0,Surface_Crack+Pinhole,0,1,1,0,Pinhole,5749,0.018714
image_1461.jpg,R1-900um-top-to-bottom-center_frame_376_patch_5.png,1,900,top-to-bottom-center,R1-900um-top-to-bottom-center,376,5,R1-900um-top-to-bottom-center_frame_376,1,0,0,0,1,1,1-0-0-0,Surface_Crack,0,0,0,none,none,5884,0.019154
image_1462.jpg,R1-700um-top-to-bottom-center_frame_321_patch_7.png,1,700,top-to-bottom-center,R1-700um-top-to-bottom-center,321,7,R1-700um-top-to-bottom-center_frame_321,1,0,0,0,1,1,1-0-0-0,Surface_Crack,0,0,0,none,none,7250,0.0236
image_1463.jpg,R1-1100um-top-to-bottom-center-1_frame_329_patch_4.png,1,1100,top-to-bottom-center-1,R1-1100um-top-to-bottom-center-1,329,4,R1-1100um-top-to-bottom-center-1_frame_329,1,0,0,0,1,1,1-0-0-0,Surface_Crack,0,0,0,none,none,16074,0.052324
image_1464.jpg,R1-1100um-top-to-bottom-center-1_frame_468_patch_5.png,1,1100,top-to-bottom-center-1,R1-1100um-top-to-bottom-center-1,468,5,R1-1100um-top-to-bottom-center-1_frame_468,1,1,0,0,2,1,1-1-0-0,Surface_Crack+Delamination,0,0,0,none,none,18736,0.06099
image_1465.jpg,R1-900um-top-to-bottom-center_frame_10_patch_2.png,1,900,top-to-bottom-center,R1-900um-top-to-bottom-center,10,2,R1-900um-top-to-bottom-center_frame_10,0,0,1,1,1,1,0-0-1-1,Pinhole+unclassified,0,1,2,0|1,Pinhole|unclassified,27,8.8e-05
image_1466.jpg,R1-1100um-top-to-bottom-center_frame_264_patch_8.png,1,1100,top-to-bottom-center,R1-1100um-top-to-bottom-center,264,8,R1-1100um-top-to-bottom-center_frame_264,1,0,0,0,1,1,1-0-0-0,Surface_Crack,0,0,0,none,none,9013,0.029339
image_1467.jpg,R1-1000um-top-to-bottom-center_frame_8_patch_3.png,1,1000,top-to-bottom-center,R1-1000um-top-to-bottom-center,8,3,R1-1000um-top-to-bottom-center_frame_8,1,0,0,0,1,1,1-0-0-0,Surface_Crack,0,0,0,none,none,3373,0.01098
image_1468.jpg,R1-900um-top-to-bottom-center_frame_303_patch_7.png,1,900,top-to-bottom-center,R1-900um-top-to-bottom-center,303,7,R1-900um-top-to-bottom-center_frame_303,1,0,0,0,1,1,1-0-0-0,Surface_Crack,0,0,0,none,none,9328,0.030365
image_1469.jpg,R1-1000um-top-to-bottom-center_frame_487_patch_5.png,1,1000,top-to-bottom-center,R1-1000um-top-to-bottom-center,487,5,R1-1000um-top-to-bottom-center_frame_487,1,0,1,0,2,1,1-0-1-0,Surface_Crack+Pinhole,0,1,1,0,Pinhole,18965,0.061735
image_1470.jpg,R1-700um-top-to-bottom-center_frame_321_patch_6.png,1,700,top-to-bottom-center,R1-700um-top-to-bottom-center,321,6,R1-700um-top-to-bottom-center_frame_321,1,0,0,0,1,1,1-0-0-0,Surface_Crack,0,0,0,none,none,8159,0.026559
image_1471.jpg,R1-700um-top-to-bottom-center_frame_590_patch_1.png,1,700,top-to-bottom-center,R1-700um-top-to-bottom-center,590,1,R1-700um-top-to-bottom-center_frame_590,1,0,0,0,1,1,1-0-0-0,Surface_Crack,0,0,0,none,none,6962,0.022663
image_1472.jpg,R1-1100um-top-to-bottom-center-1_frame_161_patch_2.png,1,1100,top-to-bottom-center-1,R1-1100um-top-to-bottom-center-1,161,2,R1-1100um-top-to-bottom-center-1_frame_161,1,0,1,0,2,1,1-0-1-0,Surface_Crack+Pinhole,0,1,1,0,Pinhole,8841,0.028779
image_1473.jpg,R1-800um-top-to-bottom-center_frame_540_patch_6.png,1,800,top-to-bottom-center,R1-800um-top-to-bottom-center,540,6,R1-800um-top-to-bottom-center_frame_540,1,0,0,0,1,1,1-0-0-0,Surface_Crack,0,0,0,none,none,5545,0.01805
image_1474.jpg,R1-600um-top-to-bottom-center_frame_596_patch_6.png,1,600,top-to-bottom-center,R1-600um-top-to-bottom-center,596,6,R1-600um-top-to-bottom-center_frame_596,1,0,0,0,1,1,1-0-0-0,Surface_Crack,0,0,0,none,none,2670,0.008691
image_1475.jpg,R1-600um-top-to-bottom-center_frame_432_patch_4.png,1,600,top-to-bottom-center,R1-600um-top-to-bottom-center,432,4,R1-600um-top-to-bottom-center_frame_432,0,0,0,0,0,0,0-0-0-0,none,1,0,0,none,none,0,0.0
image_1476.jpg,R1-1100um-top-to-bottom-center_frame_109_patch_0.png,1,1100,top-to-bottom-center,R1-1100um-top-to-bottom-center,109,0,R1-1100um-top-to-bottom-center_frame_109,1,0,1,0,2,1,1-0-1-0,Surface_Crack+Pinhole,0,1,1,0,Pinhole,439,0.001429
image_1477.jpg,R1-1100um-top-to-bottom-center_frame_361_patch_1.png,1,1100,top-to-bottom-center,R1-1100um-top-to-bottom-center,361,1,R1-1100um-top-to-bottom-center_frame_361,1,0,0,0,1,1,1-0-0-0,Surface_Crack,0,0,0,none,none,8487,0.027627
image_1478.jpg,R1-1100um-top-to-bottom-center_frame_145_patch_4.png,1,1100,top-to-bottom-center,R1-1100um-top-to-bottom-center,145,4,R1-1100um-top-to-bottom-center_frame_145,1,0,0,0,1,1,1-0-0-0,Surface_Crack,0,0,0,none,none,9772,0.03181
image_1479.jpg,R1-600um-top-to-bottom-center_frame_622_patch_5.png,1,600,top-to-bottom-center,R1-600um-top-to-bottom-center,622,5,R1-600um-top-to-bottom-center_frame_622,1,0,0,0,1,1,1-0-0-0,Surface_Crack,0,0,0,none,none,23174,0.075436
image_1480.jpg,R1-900um-top-to-bottom-center_frame_332_patch_3.png,1,900,top-to-bottom-center,R1-900um-top-to-bottom-center,332,3,R1-900um-top-to-bottom-center_frame_332,1,0,0,0,1,1,1-0-0-0,Surface_Crack,0,0,0,none,none,6379,0.020765
image_1481.jpg,R1-600um-top-to-bottom-center_frame_611_patch_2.png,1,600,top-to-bottom-center,R1-600um-top-to-bottom-center,611,2,R1-600um-top-to-bottom-center_frame_611,1,0,0,0,1,1,1-0-0-0,Surface_Crack,0,0,0,none,none,22679,0.073825
image_1482.jpg,R1-700um-top-to-bottom-center_frame_587_patch_0.png,1,700,top-to-bottom-center,R1-700um-top-to-bottom-center,587,0,R1-700um-top-to-bottom-center_frame_587,1,0,0,0,1,1,1-0-0-0,Surface_Crack,0,0,0,none,none,7404,0.024102
image_1483.jpg,R1-800um-top-to-bottom-center_frame_554_patch_5.png,1,800,top-to-bottom-center,R1-800um-top-to-bottom-center,554,5,R1-800um-top-to-bottom-center_frame_554,1,1,0,0,2,1,1-1-0-0,Surface_Crack+Delamination,0,0,0,none,none,9974,0.032467
image_1484.jpg,R1-1100um-top-to-bottom-center-1_frame_120_patch_7.png,1,1100,top-to-bottom-center-1,R1-1100um-top-to-bottom-center-1,120,7,R1-1100um-top-to-bottom-center-1_frame_120,1,0,1,0,2,1,1-0-1-0,Surface_Crack+Pinhole,0,1,1,0,Pinhole,9615,0.031299
image_1485.jpg,R7-700um-middle_frame_221_patch_4.png,7,700,middle,R7-700um-middle,221,4,R7-700um-middle_frame_221,1,0,0,0,1,1,1-0-0-0,Surface_Crack,0,0,0,none,none,805,0.00262
image_1486.jpg,R1-1100um-top-to-bottom-center_frame_264_patch_7.png,1,1100,top-to-bottom-center,R1-1100um-top-to-bottom-center,264,7,R1-1100um-top-to-bottom-center_frame_264,1,0,1,0,2,1,1-0-1-0,Surface_Crack+Pinhole,0,1,1,0,Pinhole,10839,0.035283
image_1487.jpg,R1-600um-top-to-bottom-center_frame_553_patch_1.png,1,600,top-to-bottom-center,R1-600um-top-to-bottom-center,553,1,R1-600um-top-to-bottom-center_frame_553,1,0,1,0,2,1,1-0-1-0,Surface_Crack+Pinhole,0,1,1,0,Pinhole,1032,0.003359
image_1488.jpg,R1-700um-top-to-bottom-center_frame_621_patch_6.png,1,700,top-to-bottom-center,R1-700um-top-to-bottom-center,621,6,R1-700um-top-to-bottom-center_frame_621,1,0,0,0,1,1,1-0-0-0,Surface_Crack,0,0,0,none,none,17989,0.058558
image_1489.jpg,R1-900um-top-to-bottom-center_frame_221_patch_3.png,1,900,top-to-bottom-center,R1-900um-top-to-bottom-center,221,3,R1-900um-top-to-bottom-center_frame_221,1,0,0,0,1,1,1-0-0-0,Surface_Crack,0,0,0,none,none,16319,0.053122
image_1490.jpg,R1-1000um-top-to-bottom-center_frame_487_patch_7.png,1,1000,top-to-bottom-center,R1-1000um-top-to-bottom-center,487,7,R1-1000um-top-to-bottom-center_frame_487,1,0,0,0,1,1,1-0-0-0,Surface_Crack,0,0,0,none,none,12413,0.040407
image_1491.jpg,R1-900um-top-to-bottom-center_frame_263_patch_4.png,1,900,top-to-bottom-center,R1-900um-top-to-bottom-center,263,4,R1-900um-top-to-bottom-center_frame_263,1,0,0,0,1,1,1-0-0-0,Surface_Crack,0,0,0,none,none,9098,0.029616
image_1492.jpg,R1-1000um-top-to-bottom-center_frame_569_patch_7.png,1,1000,top-to-bottom-center,R1-1000um-top-to-bottom-center,569,7,R1-1000um-top-to-bottom-center_frame_569,1,0,1,0,2,1,1-0-1-0,Surface_Crack+Pinhole,0,1,1,0,Pinhole,5850,0.019043
image_1493.jpg,R1-1100um-top-to-bottom-center_frame_132_patch_4.png,1,1100,top-to-bottom-center,R1-1100um-top-to-bottom-center,132,4,R1-1100um-top-to-bottom-center_frame_132,1,0,0,0,1,1,1-0-0-0,Surface_Crack,0,0,0,none,none,4401,0.014326
image_1494.jpg,R1-600um-top-to-bottom-center_frame_63_patch_0.png,1,600,top-to-bottom-center,R1-600um-top-to-bottom-center,63,0,R1-600um-top-to-bottom-center_frame_63,0,0,0,1,0,0,0-0-0-1,unclassified,0,1,1,1,unclassified,0,0.0
image_1495.jpg,R1-700um-top-to-bottom-center_frame_426_patch_8.png,1,700,top-to-bottom-center,R1-700um-top-to-bottom-center,426,8,R1-700um-top-to-bottom-center_frame_426,1,0,0,0,1,1,1-0-0-0,Surface_Crack,0,0,0,none,none,1615,0.005257
image_1496.jpg,R1-800um-top-to-bottom-center_frame_80_patch_5.png,1,800,top-to-bottom-center,R1-800um-top-to-bottom-center,80,5,R1-800um-top-to-bottom-center_frame_80,0,0,1,0,1,1,0-0-1-0,Pinhole,0,1,1,0,Pinhole,14,4.6e-05
image_1497.jpg,R1-1000um-top-to-bottom-center_frame_170_patch_2.png,1,1000,top-to-bottom-center,R1-1000um-top-to-bottom-center,170,2,R1-1000um-top-to-bottom-center_frame_170,1,0,0,0,1,1,1-0-0-0,Surface_Crack,0,0,0,none,none,11050,0.03597
image_1498.jpg,R1-800um-top-to-bottom-center_frame_627_patch_1.png,1,800,top-to-bottom-center,R1-800um-top-to-bottom-center,627,1,R1-800um-top-to-bottom-center_frame_627,1,1,0,0,2,1,1-1-0-0,Surface_Crack+Delamination,0,0,0,none,none,23368,0.076068
image_1499.jpg,R1-600um-top-to-bottom-center_frame_140_patch_4.png,1,600,top-to-bottom-center,R1-600um-top-to-bottom-center,140,4,R1-600um-top-to-bottom-center_frame_140,0,0,1,0,1,1,0-0-1-0,Pinhole,0,1,1,0,Pinhole,22,7.2e-05
image_1500.jpg,R1-800um-top-to-bottom-center_frame_554_patch_1.png,1,800,top-to-bottom-center,R1-800um-top-to-bottom-center,554,1,R1-800um-top-to-bottom-center_frame_554,1,1,0,0,2,1,1-1-0-0,Surface_Crack+Delamination,0,0,0,none,none,14146,0.046048
image_1501.jpg,R1-1100um-top-to-bottom-center-1_frame_56_patch_2.png,1,1100,top-to-bottom-center-1,R1-1100um-top-to-bottom-center-1,56,2,R1-1100um-top-to-bottom-center-1_frame_56,1,1,1,0,3,1,1-1-1-0,Surface_Crack+Delamination+Pinhole,0,1,1,0,Pinhole,23719,0.07721
image_1502.jpg,R1-800um-top-to-bottom-center_frame_318_patch_8.png,1,800,top-to-bottom-center,R1-800um-top-to-bottom-center,318,8,R1-800um-top-to-bottom-center_frame_318,1,0,0,0,1,1,1-0-0-0,Surface_Crack,0,0,0,none,none,978,0.003184
image_1503.jpg,R1-900um-top-to-bottom-center_frame_444_patch_2.png,1,900,top-to-bottom-center,R1-900um-top-to-bottom-center,444,2,R1-900um-top-to-bottom-center_frame_444,1,0,0,0,1,1,1-0-0-0,Surface_Crack,0,0,0,none,none,8368,0.02724
image_1504.jpg,R1-900um-top-to-bottom-center_frame_221_patch_1.png,1,900,top-to-bottom-center,R1-900um-top-to-bottom-center,221,1,R1-900um-top-to-bottom-center_frame_221,1,0,0,0,1,1,1-0-0-0,Surface_Crack,0,0,0,none,none,10237,0.033324
image_1505.jpg,R7-700um-middle_frame_581_patch_4.png,7,700,middle,R7-700um-middle,581,4,R7-700um-middle_frame_581,0,1,0,0,1,1,0-1-0-0,Delamination,0,0,0,none,none,109688,0.357057
image_1506.jpg,R1-1100um-top-to-bottom-center_frame_384_patch_2.png,1,1100,top-to-bottom-center,R1-1100um-top-to-bottom-center,384,2,R1-1100um-top-to-bottom-center_frame_384,1,0,0,0,1,1,1-0-0-0,Surface_Crack,0,0,0,none,none,5852,0.019049
image_1507.jpg,R1-1100um-top-to-bottom-center_frame_161_patch_2.png,1,1100,top-to-bottom-center,R1-1100um-top-to-bottom-center,161,2,R1-1100um-top-to-bottom-center_frame_161,1,0,0,0,1,1,1-0-0-0,Surface_Crack,0,0,0,none,none,5988,0.019492
image_1508.jpg,R1-700um-top-to-bottom-center_frame_44_patch_4.png,1,700,top-to-bottom-center,R1-700um-top-to-bottom-center,44,4,R1-700um-top-to-bottom-center_frame_44,1,0,0,0,1,1,1-0-0-0,Surface_Crack,0,0,0,none,none,4284,0.013945
image_1509.jpg,R1-600um-top-to-bottom-center_frame_356_patch_1.png,1,600,top-to-bottom-center,R1-600um-top-to-bottom-center,356,1,R1-600um-top-to-bottom-center_frame_356,1,0,0,0,1,1,1-0-0-0,Surface_Crack,0,0,0,none,none,19506,0.063496
image_1510.jpg,R1-900um-top-to-bottom-center_frame_347_patch_3.png,1,900,top-to-bottom-center,R1-900um-top-to-bottom-center,347,3,R1-900um-top-to-bottom-center_frame_347,1,0,0,0,1,1,1-0-0-0,Surface_Crack,0,0,0,none,none,9144,0.029766
image_1511.jpg,R1-1100um-top-to-bottom-center_frame_302_patch_8.png,1,1100,top-to-bottom-center,R1-1100um-top-to-bottom-center,302,8,R1-1100um-top-to-bottom-center_frame_302,1,0,0,0,1,1,1-0-0-0,Surface_Crack,0,0,0,none,none,9501,0.030928
image_1512.jpg,R1-1100um-top-to-bottom-center_frame_77_patch_6.png,1,1100,top-to-bottom-center,R1-1100um-top-to-bottom-center,77,6,R1-1100um-top-to-bottom-center_frame_77,1,0,0,0,1,1,1-0-0-0,Surface_Crack,0,0,0,none,none,758,0.002467
image_1513.jpg,R1-700um-top-to-bottom-center_frame_373_patch_8.png,1,700,top-to-bottom-center,R1-700um-top-to-bottom-center,373,8,R1-700um-top-to-bottom-center_frame_373,1,0,1,0,2,1,1-0-1-0,Surface_Crack+Pinhole,0,1,1,0,Pinhole,779,0.002536
image_1514.jpg,R1-700um-top-to-bottom-center_frame_364_patch_0.png,1,700,top-to-bottom-center,R1-700um-top-to-bottom-center,364,0,R1-700um-top-to-bottom-center_frame_364,1,0,1,0,2,1,1-0-1-0,Surface_Crack+Pinhole,0,1,1,0,Pinhole,1915,0.006234
image_1515.jpg,R1-900um-top-to-bottom-center_frame_210_patch_6.png,1,900,top-to-bottom-center,R1-900um-top-to-bottom-center,210,6,R1-900um-top-to-bottom-center_frame_210,1,0,0,0,1,1,1-0-0-0,Surface_Crack,0,0,0,none,none,9665,0.031462
image_1516.jpg,R1-1100um-top-to-bottom-center_frame_342_patch_7.png,1,1100,top-to-bottom-center,R1-1100um-top-to-bottom-center,342,7,R1-1100um-top-to-bottom-center_frame_342,1,0,0,0,1,1,1-0-0-0,Surface_Crack,0,0,0,none,none,8206,0.026712
image_1517.jpg,R1-1000um-top-to-bottom-center_frame_134_patch_4.png,1,1000,top-to-bottom-center,R1-1000um-top-to-bottom-center,134,4,R1-1000um-top-to-bottom-center_frame_134,1,0,1,0,2,1,1-0-1-0,Surface_Crack+Pinhole,0,1,1,0,Pinhole,6012,0.01957
image_1518.jpg,R1-1100um-top-to-bottom-center_frame_386_patch_8.png,1,1100,top-to-bottom-center,R1-1100um-top-to-bottom-center,386,8,R1-1100um-top-to-bottom-center_frame_386,1,0,0,0,1,1,1-0-0-0,Surface_Crack,0,0,0,none,none,6509,0.021188
image_1519.jpg,R1-700um-top-to-bottom-center_frame_306_patch_5.png,1,700,top-to-bottom-center,R1-700um-top-to-bottom-center,306,5,R1-700um-top-to-bottom-center_frame_306,1,0,0,0,1,1,1-0-0-0,Surface_Crack,0,0,0,none,none,8348,0.027174
image_1520.jpg,R1-700um-top-to-bottom-center_frame_387_patch_5.png,1,700,top-to-bottom-center,R1-700um-top-to-bottom-center,387,5,R1-700um-top-to-bottom-center_frame_387,1,0,0,1,1,1,1-0-0-1,Surface_Crack+unclassified,0,1,1,1,unclassified,1066,0.00347
image_1521.jpg,R7-700um-middle_frame_343_patch_7.png,7,700,middle,R7-700um-middle,343,7,R7-700um-middle_frame_343,0,0,1,0,1,1,0-0-1-0,Pinhole,0,1,1,0,Pinhole,1647,0.005361
image_1522.jpg,R1-800um-top-to-bottom-center_frame_439_patch_1.png,1,800,top-to-bottom-center,R1-800um-top-to-bottom-center,439,1,R1-800um-top-to-bottom-center_frame_439,1,0,0,0,1,1,1-0-0-0,Surface_Crack,0,0,0,none,none,2244,0.007305
image_1523.jpg,R1-900um-top-to-bottom-center_frame_290_patch_8.png,1,900,top-to-bottom-center,R1-900um-top-to-bottom-center,290,8,R1-900um-top-to-bottom-center_frame_290,1,0,0,0,1,1,1-0-0-0,Surface_Crack,0,0,0,none,none,6037,0.019652
image_1524.jpg,R1-1000um-top-to-bottom-center_frame_180_patch_4.png,1,1000,top-to-bottom-center,R1-1000um-top-to-bottom-center,180,4,R1-1000um-top-to-bottom-center_frame_180,1,0,0,0,1,1,1-0-0-0,Surface_Crack,0,0,0,none,none,11112,0.036172
image_1525.jpg,R1-1100um-top-to-bottom-center-1_frame_220_patch_8.png,1,1100,top-to-bottom-center-1,R1-1100um-top-to-bottom-center-1,220,8,R1-1100um-top-to-bottom-center-1_frame_220,1,0,0,0,1,1,1-0-0-0,Surface_Crack,0,0,0,none,none,12895,0.041976
image_1526.jpg,R1-800um-top-to-bottom-center_frame_473_patch_8.png,1,800,top-to-bottom-center,R1-800um-top-to-bottom-center,473,8,R1-800um-top-to-bottom-center_frame_473,1,0,0,0,1,1,1-0-0-0,Surface_Crack,0,0,0,none,none,3024,0.009844
image_1527.jpg,R1-900um-top-to-bottom-center_frame_207_patch_8.png,1,900,top-to-bottom-center,R1-900um-top-to-bottom-center,207,8,R1-900um-top-to-bottom-center_frame_207,1,0,0,0,1,1,1-0-0-0,Surface_Crack,0,0,0,none,none,9111,0.029658
image_1528.jpg,R1-600um-top-to-bottom-center_frame_622_patch_7.png,1,600,top-to-bottom-center,R1-600um-top-to-bottom-center,622,7,R1-600um-top-to-bottom-center_frame_622,1,0,1,0,2,1,1-0-1-0,Surface_Crack+Pinhole,0,1,1,0,Pinhole,7198,0.023431
image_1529.jpg,R1-800um-top-to-bottom-center_frame_358_patch_1.png,1,800,top-to-bottom-center,R1-800um-top-to-bottom-center,358,1,R1-800um-top-to-bottom-center_frame_358,1,0,0,0,1,1,1-0-0-0,Surface_Crack,0,0,0,none,none,3872,0.012604
image_1530.jpg,R1-700um-top-to-bottom-center_frame_279_patch_4.png,1,700,top-to-bottom-center,R1-700um-top-to-bottom-center,279,4,R1-700um-top-to-bottom-center_frame_279,1,0,1,0,2,1,1-0-1-0,Surface_Crack+Pinhole,0,1,1,0,Pinhole,7540,0.024544
image_1531.jpg,R7-700um-middle_frame_208_patch_7.png,7,700,middle,R7-700um-middle,208,7,R7-700um-middle_frame_208,1,0,0,0,1,1,1-0-0-0,Surface_Crack,0,0,0,none,none,3787,0.012327
image_1532.jpg,R1-800um-top-to-bottom-center_frame_651_patch_6.png,1,800,top-to-bottom-center,R1-800um-top-to-bottom-center,651,6,R1-800um-top-to-bottom-center_frame_651,1,1,0,0,2,1,1-1-0-0,Surface_Crack+Delamination,0,0,0,none,none,24350,0.079264
image_1533.jpg,R1-600um-top-to-bottom-center_frame_408_patch_4.png,1,600,top-to-bottom-center,R1-600um-top-to-bottom-center,408,4,R1-600um-top-to-bottom-center_frame_408,1,0,0,0,1,1,1-0-0-0,Surface_Crack,0,0,0,none,none,2944,0.009583
image_1534.jpg,R1-900um-top-to-bottom-center_frame_405_patch_6.png,1,900,top-to-bottom-center,R1-900um-top-to-bottom-center,405,6,R1-900um-top-to-bottom-center_frame_405,1,0,0,0,1,1,1-0-0-0,Surface_Crack,0,0,0,none,none,7212,0.023477
image_1535.jpg,R1-600um-top-to-bottom-center_frame_53_patch_2.png,1,600,top-to-bottom-center,R1-600um-top-to-bottom-center,53,2,R1-600um-top-to-bottom-center_frame_53,0,0,1,0,1,1,0-0-1-0,Pinhole,0,1,2,0,Pinhole,84,0.000273
image_1536.jpg,R1-700um-top-to-bottom-center_frame_590_patch_7.png,1,700,top-to-bottom-center,R1-700um-top-to-bottom-center,590,7,R1-700um-top-to-bottom-center_frame_590,1,0,0,0,1,1,1-0-0-0,Surface_Crack,0,0,0,none,none,6940,0.022591
image_1537.jpg,R1-600um-top-to-bottom-center_frame_311_patch_8.png,1,600,top-to-bottom-center,R1-600um-top-to-bottom-center,311,8,R1-600um-top-to-bottom-center_frame_311,0,0,1,0,1,1,0-0-1-0,Pinhole,0,1,1,0,Pinhole,27,8.8e-05
image_1538.jpg,R1-1100um-top-to-bottom-center-1_frame_342_patch_8.png,1,1100,top-to-bottom-center-1,R1-1100um-top-to-bottom-center-1,342,8,R1-1100um-top-to-bottom-center-1_frame_342,1,0,0,0,1,1,1-0-0-0,Surface_Crack,0,0,0,none,none,15022,0.0489
image_1539.jpg,R1-900um-top-to-bottom-center_frame_288_patch_1.png,1,900,top-to-bottom-center,R1-900um-top-to-bottom-center,288,1,R1-900um-top-to-bottom-center_frame_288,1,0,0,1,1,1,1-0-0-1,Surface_Crack+unclassified,0,1,1,1,unclassified,7294,0.023743
image_1540.jpg,R1-1100um-top-to-bottom-center_frame_330_patch_1.png,1,1100,top-to-bottom-center,R1-1100um-top-to-bottom-center,330,1,R1-1100um-top-to-bottom-center_frame_330,1,0,1,0,2,1,1-0-1-0,Surface_Crack+Pinhole,0,1,1,0,Pinhole,7793,0.025368
image_1541.jpg,R1-1000um-top-to-bottom-center_frame_461_patch_2.png,1,1000,top-to-bottom-center,R1-1000um-top-to-bottom-center,461,2,R1-1000um-top-to-bottom-center_frame_461,1,0,0,0,1,1,1-0-0-0,Surface_Crack,0,0,0,none,none,17158,0.055853
image_1542.jpg,R7-700um-middle_frame_512_patch_0.png,7,700,middle,R7-700um-middle,512,0,R7-700um-middle_frame_512,1,0,0,0,1,1,1-0-0-0,Surface_Crack,0,0,0,none,none,3843,0.01251
image_1543.jpg,R7-700um-middle_frame_553_patch_0.png,7,700,middle,R7-700um-middle,553,0,R7-700um-middle_frame_553,0,1,0,0,1,1,0-1-0-0,Delamination,0,0,0,none,none,38612,0.12569
image_1544.jpg,R1-600um-top-to-bottom-center_frame_376_patch_7.png,1,600,top-to-bottom-center,R1-600um-top-to-bottom-center,376,7,R1-600um-top-to-bottom-center_frame_376,1,0,0,0,1,1,1-0-0-0,Surface_Crack,0,0,0,none,none,15990,0.052051
image_1545.jpg,R1-1100um-top-to-bottom-center-1_frame_329_patch_8.png,1,1100,top-to-bottom-center-1,R1-1100um-top-to-bottom-center-1,329,8,R1-1100um-top-to-bottom-center-1_frame_329,1,0,0,0,1,1,1-0-0-0,Surface_Crack,0,0,0,none,none,13339,0.043421
image_1546.jpg,R1-700um-top-to-bottom-center_frame_329_patch_7.png,1,700,top-to-bottom-center,R1-700um-top-to-bottom-center,329,7,R1-700um-top-to-bottom-center_frame_329,1,0,0,0,1,1,1-0-0-0,Surface_Crack,0,0,0,none,none,7718,0.025124
image_1547.jpg,R1-600um-top-to-bottom-center_frame_659_patch_3.png,1,600,top-to-bottom-center,R1-600um-top-to-bottom-center,659,3,R1-600um-top-to-bottom-center_frame_659,1,0,0,0,1,1,1-0-0-0,Surface_Crack,0,0,0,none,none,12019,0.039124
image_1548.jpg,R1-1100um-top-to-bottom-center_frame_177_patch_7.png,1,1100,top-to-bottom-center,R1-1100um-top-to-bottom-center,177,7,R1-1100um-top-to-bottom-center_frame_177,1,0,1,0,2,1,1-0-1-0,Surface_Crack+Pinhole,0,1,1,0,Pinhole,6089,0.019821
image_1549.jpg,R1-800um-top-to-bottom-center_frame_367_patch_4.png,1,800,top-to-bottom-center,R1-800um-top-to-bottom-center,367,4,R1-800um-top-to-bottom-center_frame_367,1,0,0,0,1,1,1-0-0-0,Surface_Crack,0,0,0,none,none,4550,0.014811
image_1550.jpg,R1-600um-top-to-bottom-center_frame_394_patch_8.png,1,600,top-to-bottom-center,R1-600um-top-to-bottom-center,394,8,R1-600um-top-to-bottom-center_frame_394,1,0,0,0,1,1,1-0-0-0,Surface_Crack,0,0,0,none,none,9217,0.030003
image_1551.jpg,R1-600um-top-to-bottom-center_frame_372_patch_1.png,1,600,top-to-bottom-center,R1-600um-top-to-bottom-center,372,1,R1-600um-top-to-bottom-center_frame_372,1,0,0,0,1,1,1-0-0-0,Surface_Crack,0,0,0,none,none,12643,0.041156
image_1552.jpg,R1-900um-top-to-bottom-center_frame_565_patch_7.png,1,900,top-to-bottom-center,R1-900um-top-to-bottom-center,565,7,R1-900um-top-to-bottom-center_frame_565,1,0,0,0,1,1,1-0-0-0,Surface_Crack,0,0,0,none,none,12191,0.039684
image_1553.jpg,R1-800um-top-to-bottom-center_frame_526_patch_5.png,1,800,top-to-bottom-center,R1-800um-top-to-bottom-center,526,5,R1-800um-top-to-bottom-center_frame_526,1,0,0,0,1,1,1-0-0-0,Surface_Crack,0,0,0,none,none,7322,0.023835
image_1554.jpg,R1-1100um-top-to-bottom-center_frame_175_patch_4.png,1,1100,top-to-bottom-center,R1-1100um-top-to-bottom-center,175,4,R1-1100um-top-to-bottom-center_frame_175,1,0,0,0,1,1,1-0-0-0,Surface_Crack,0,0,0,none,none,7554,0.02459
image_1555.jpg,R1-1100um-top-to-bottom-center_frame_218_patch_6.png,1,1100,top-to-bottom-center,R1-1100um-top-to-bottom-center,218,6,R1-1100um-top-to-bottom-center_frame_218,1,0,0,0,1,1,1-0-0-0,Surface_Crack,0,0,0,none,none,8334,0.027129
image_1556.jpg,R1-800um-top-to-bottom-center_frame_439_patch_0.png,1,800,top-to-bottom-center,R1-800um-top-to-bottom-center,439,0,R1-800um-top-to-bottom-center_frame_439,1,0,0,0,1,1,1-0-0-0,Surface_Crack,0,0,0,none,none,3602,0.011725
image_1557.jpg,R1-900um-top-to-bottom-center_frame_418_patch_4.png,1,900,top-to-bottom-center,R1-900um-top-to-bottom-center,418,4,R1-900um-top-to-bottom-center_frame_418,1,0,0,0,1,1,1-0-0-0,Surface_Crack,0,0,0,none,none,10778,0.035085
image_1558.jpg,R1-900um-top-to-bottom-center_frame_564_patch_3.png,1,900,top-to-bottom-center,R1-900um-top-to-bottom-center,564,3,R1-900um-top-to-bottom-center_frame_564,1,0,0,0,1,1,1-0-0-0,Surface_Crack,0,0,0,none,none,4096,0.013333
image_1559.jpg,R1-800um-top-to-bottom-center_frame_492_patch_5.png,1,800,top-to-bottom-center,R1-800um-top-to-bottom-center,492,5,R1-800um-top-to-bottom-center_frame_492,1,0,0,0,1,1,1-0-0-0,Surface_Crack,0,0,0,none,none,3209,0.010446
image_1560.jpg,R1-800um-top-to-bottom-center_frame_608_patch_5.png,1,800,top-to-bottom-center,R1-800um-top-to-bottom-center,608,5,R1-800um-top-to-bottom-center_frame_608,1,0,0,0,1,1,1-0-0-0,Surface_Crack,0,0,0,none,none,3215,0.010465
image_1561.jpg,R1-1000um-top-to-bottom-center_frame_287_patch_4.png,1,1000,top-to-bottom-center,R1-1000um-top-to-bottom-center,287,4,R1-1000um-top-to-bottom-center_frame_287,1,0,0,0,1,1,1-0-0-0,Surface_Crack,0,0,0,none,none,11909,0.038766
image_1562.jpg,R1-600um-top-to-bottom-center_frame_52_patch_0.png,1,600,top-to-bottom-center,R1-600um-top-to-bottom-center,52,0,R1-600um-top-to-bottom-center_frame_52,0,0,0,1,0,0,0-0-0-1,unclassified,0,1,1,1,unclassified,0,0.0
image_1563.jpg,R1-1100um-top-to-bottom-center-1_frame_397_patch_3.png,1,1100,top-to-bottom-center-1,R1-1100um-top-to-bottom-center-1,397,3,R1-1100um-top-to-bottom-center-1_frame_397,1,0,0,0,1,1,1-0-0-0,Surface_Crack,0,0,0,none,none,13610,0.044303
image_1564.jpg,R1-900um-top-to-bottom-center_frame_10_patch_1.png,1,900,top-to-bottom-center,R1-900um-top-to-bottom-center,10,1,R1-900um-top-to-bottom-center_frame_10,1,0,0,0,1,1,1-0-0-0,Surface_Crack,0,0,0,none,none,1988,0.006471
image_1565.jpg,R1-800um-top-to-bottom-center_frame_412_patch_6.png,1,800,top-to-bottom-center,R1-800um-top-to-bottom-center,412,6,R1-800um-top-to-bottom-center_frame_412,1,0,1,0,2,1,1-0-1-0,Surface_Crack+Pinhole,0,1,1,0,Pinhole,3352,0.010911
image_1566.jpg,R1-600um-top-to-bottom-center_frame_586_patch_1.png,1,600,top-to-bottom-center,R1-600um-top-to-bottom-center,586,1,R1-600um-top-to-bottom-center_frame_586,1,0,1,0,2,1,1-0-1-0,Surface_Crack+Pinhole,0,1,1,0,Pinhole,4918,0.016009
image_1567.jpg,R1-1100um-top-to-bottom-center_frame_109_patch_7.png,1,1100,top-to-bottom-center,R1-1100um-top-to-bottom-center,109,7,R1-1100um-top-to-bottom-center_frame_109,1,0,0,0,1,1,1-0-0-0,Surface_Crack,0,0,0,none,none,4724,0.015378
image_1568.jpg,R1-1100um-top-to-bottom-center-1_frame_402_patch_2.png,1,1100,top-to-bottom-center-1,R1-1100um-top-to-bottom-center-1,402,2,R1-1100um-top-to-bottom-center-1_frame_402,1,1,1,0,3,1,1-1-1-0,Surface_Crack+Delamination+Pinhole,0,1,1,0,Pinhole,25157,0.081891
image_1569.jpg,R1-900um-top-to-bottom-center_frame_332_patch_1.png,1,900,top-to-bottom-center,R1-900um-top-to-bottom-center,332,1,R1-900um-top-to-bottom-center_frame_332,1,0,0,0,1,1,1-0-0-0,Surface_Crack,0,0,0,none,none,7604,0.024753
image_1570.jpg,R1-800um-top-to-bottom-center_frame_641_patch_8.png,1,800,top-to-bottom-center,R1-800um-top-to-bottom-center,641,8,R1-800um-top-to-bottom-center_frame_641,1,1,1,0,3,1,1-1-1-0,Surface_Crack+Delamination+Pinhole,0,1,1,0,Pinhole,22469,0.073141
image_1571.jpg,R1-1100um-top-to-bottom-center_frame_262_patch_0.png,1,1100,top-to-bottom-center,R1-1100um-top-to-bottom-center,262,0,R1-1100um-top-to-bottom-center_frame_262,1,0,0,0,1,1,1-0-0-0,Surface_Crack,0,0,0,none,none,8312,0.027057
image_1572.jpg,R1-800um-top-to-bottom-center_frame_627_patch_2.png,1,800,top-to-bottom-center,R1-800um-top-to-bottom-center,627,2,R1-800um-top-to-bottom-center_frame_627,1,1,1,0,3,1,1-1-1-0,Surface_Crack+Delamination+Pinhole,0,1,2,0,Pinhole,20564,0.06694
image_1573.jpg,R1-1100um-top-to-bottom-center_frame_123_patch_4.png,1,1100,top-to-bottom-center,R1-1100um-top-to-bottom-center,123,4,R1-1100um-top-to-bottom-center_frame_123,1,0,0,0,1,1,1-0-0-0,Surface_Crack,0,0,0,none,none,1730,0.005632
image_1574.jpg,R1-1100um-top-to-bottom-center_frame_308_patch_1.png,1,1100,top-to-bottom-center,R1-1100um-top-to-bottom-center,308,1,R1-1100um-top-to-bottom-center_frame_308,1,0,0,0,1,1,1-0-0-0,Surface_Crack,0,0,0,none,none,9911,0.032262
image_1575.jpg,R7-700um-middle_frame_566_patch_2.png,7,700,middle,R7-700um-middle,566,2,R7-700um-middle_frame_566,0,1,0,0,1,1,0-1-0-0,Delamination,0,0,0,none,none,99723,0.324619
image_1576.jpg,R1-1100um-top-to-bottom-center-1_frame_280_patch_7.png,1,1100,top-to-bottom-center-1,R1-1100um-top-to-bottom-center-1,280,7,R1-1100um-top-to-bottom-center-1_frame_280,1,0,0,0,1,1,1-0-0-0,Surface_Crack,0,0,0,none,none,13045,0.042464
image_1577.jpg,R1-1100um-top-to-bottom-center_frame_330_patch_2.png,1,1100,top-to-bottom-center,R1-1100um-top-to-bottom-center,330,2,R1-1100um-top-to-bottom-center_frame_330,1,0,0,0,1,1,1-0-0-0,Surface_Crack,0,0,0,none,none,8413,0.027386
image_1578.jpg,R1-600um-top-to-bottom-center_frame_594_patch_6.png,1,600,top-to-bottom-center,R1-600um-top-to-bottom-center,594,6,R1-600um-top-to-bottom-center_frame_594,1,0,0,0,1,1,1-0-0-0,Surface_Crack,0,0,0,none,none,1961,0.006383
image_1579.jpg,R1-1000um-top-to-bottom-center_frame_209_patch_5.png,1,1000,top-to-bottom-center,R1-1000um-top-to-bottom-center,209,5,R1-1000um-top-to-bottom-center_frame_209,1,0,0,0,1,1,1-0-0-0,Surface_Crack,0,0,0,none,none,12713,0.041383
image_1580.jpg,R1-900um-top-to-bottom-center_frame_405_patch_7.png,1,900,top-to-bottom-center,R1-900um-top-to-bottom-center,405,7,R1-900um-top-to-bottom-center_frame_405,1,0,0,0,1,1,1-0-0-0,Surface_Crack,0,0,0,none,none,6222,0.020254
image_1581.jpg,R1-1100um-top-to-bottom-center-1_frame_493_patch_3.png,1,1100,top-to-bottom-center-1,R1-1100um-top-to-bottom-center-1,493,3,R1-1100um-top-to-bottom-center-1_frame_493,1,1,0,0,2,1,1-1-0-0,Surface_Crack+Delamination,0,0,0,none,none,11825,0.038493
image_1582.jpg,R1-800um-top-to-bottom-center_frame_288_patch_3.png,1,800,top-to-bottom-center,R1-800um-top-to-bottom-center,288,3,R1-800um-top-to-bottom-center_frame_288,0,0,0,0,0,0,0-0-0-0,none,1,0,0,none,none,0,0.0
image_1583.jpg,R1-600um-top-to-bottom-center_frame_412_patch_0.png,1,600,top-to-bottom-center,R1-600um-top-to-bottom-center,412,0,R1-600um-top-to-bottom-center_frame_412,1,0,0,0,1,1,1-0-0-0,Surface_Crack,0,0,0,none,none,2488,0.008099
image_1584.jpg,R1-800um-top-to-bottom-center_frame_631_patch_7.png,1,800,top-to-bottom-center,R1-800um-top-to-bottom-center,631,7,R1-800um-top-to-bottom-center_frame_631,1,1,0,0,2,1,1-1-0-0,Surface_Crack+Delamination,0,0,0,none,none,12388,0.040326
image_1585.jpg,R1-600um-top-to-bottom-center_frame_152_patch_4.png,1,600,top-to-bottom-center,R1-600um-top-to-bottom-center,152,4,R1-600um-top-to-bottom-center_frame_152,0,0,1,1,1,1,0-0-1-1,Pinhole+unclassified,0,1,2,0|1,Pinhole|unclassified,25,8.1e-05
image_1586.jpg,R1-1100um-top-to-bottom-center-1_frame_425_patch_6.png,1,1100,top-to-bottom-center-1,R1-1100um-top-to-bottom-center-1,425,6,R1-1100um-top-to-bottom-center-1_frame_425,1,1,0,0,2,1,1-1-0-0,Surface_Crack+Delamination,0,0,0,none,none,11584,0.037708
image_1587.jpg,R1-800um-top-to-bottom-center_frame_86_patch_0.png,1,800,top-to-bottom-center,R1-800um-top-to-bottom-center,86,0,R1-800um-top-to-bottom-center_frame_86,0,0,1,0,1,1,0-0-1-0,Pinhole,0,1,1,0,Pinhole,178,0.000579
image_1588.jpg,R1-1100um-top-to-bottom-center_frame_123_patch_3.png,1,1100,top-to-bottom-center,R1-1100um-top-to-bottom-center,123,3,R1-1100um-top-to-bottom-center_frame_123,0,0,1,1,1,1,0-0-1-1,Pinhole+unclassified,0,1,2,0|1,Pinhole|unclassified,83,0.00027
image_1589.jpg,R1-900um-top-to-bottom-center_frame_234_patch_6.png,1,900,top-to-bottom-center,R1-900um-top-to-bottom-center,234,6,R1-900um-top-to-bottom-center_frame_234,1,0,0,0,1,1,1-0-0-0,Surface_Crack,0,0,0,none,none,16692,0.054336
image_1590.jpg,R1-1100um-top-to-bottom-center-1_frame_447_patch_3.png,1,1100,top-to-bottom-center-1,R1-1100um-top-to-bottom-center-1,447,3,R1-1100um-top-to-bottom-center-1_frame_447,1,0,0,0,1,1,1-0-0-0,Surface_Crack,0,0,0,none,none,7583,0.024684
image_1591.jpg,R1-1100um-top-to-bottom-center_frame_281_patch_3.png,1,1100,top-to-bottom-center,R1-1100um-top-to-bottom-center,281,3,R1-1100um-top-to-bottom-center_frame_281,1,0,0,0,1,1,1-0-0-0,Surface_Crack,0,0,0,none,none,8009,0.026071
image_1592.jpg,R1-1100um-top-to-bottom-center_frame_218_patch_0.png,1,1100,top-to-bottom-center,R1-1100um-top-to-bottom-center,218,0,R1-1100um-top-to-bottom-center_frame_218,1,0,0,0,1,1,1-0-0-0,Surface_Crack,0,0,0,none,none,11873,0.038649
image_1593.jpg,R1-1000um-top-to-bottom-center_frame_287_patch_8.png,1,1000,top-to-bottom-center,R1-1000um-top-to-bottom-center,287,8,R1-1000um-top-to-bottom-center_frame_287,1,0,0,0,1,1,1-0-0-0,Surface_Crack,0,0,0,none,none,13875,0.045166
image_1594.jpg,R1-600um-top-to-bottom-center_frame_394_patch_7.png,1,600,top-to-bottom-center,R1-600um-top-to-bottom-center,394,7,R1-600um-top-to-bottom-center_frame_394,1,0,0,0,1,1,1-0-0-0,Surface_Crack,0,0,0,none,none,9645,0.031396
image_1595.jpg,R1-700um-top-to-bottom-center_frame_590_patch_5.png,1,700,top-to-bottom-center,R1-700um-top-to-bottom-center,590,5,R1-700um-top-to-bottom-center_frame_590,1,0,0,0,1,1,1-0-0-0,Surface_Crack,0,0,0,none,none,6227,0.02027
image_1596.jpg,R1-800um-top-to-bottom-center_frame_526_patch_6.png,1,800,top-to-bottom-center,R1-800um-top-to-bottom-center,526,6,R1-800um-top-to-bottom-center_frame_526,1,0,0,0,1,1,1-0-0-0,Surface_Crack,0,0,0,none,none,4137,0.013467
image_1597.jpg,R1-700um-top-to-bottom-center_frame_426_patch_4.png,1,700,top-to-bottom-center,R1-700um-top-to-bottom-center,426,4,R1-700um-top-to-bottom-center_frame_426,1,0,0,0,1,1,1-0-0-0,Surface_Crack,0,0,0,none,none,3940,0.012826
image_1598.jpg,R1-1100um-top-to-bottom-center_frame_372_patch_5.png,1,1100,top-to-bottom-center,R1-1100um-top-to-bottom-center,372,5,R1-1100um-top-to-bottom-center_frame_372,1,0,0,0,1,1,1-0-0-0,Surface_Crack,0,0,0,none,none,7133,0.023219
image_1599.jpg,R1-800um-top-to-bottom-center_frame_269_patch_0.png,1,800,top-to-bottom-center,R1-800um-top-to-bottom-center,269,0,R1-800um-top-to-bottom-center_frame_269,0,0,0,1,0,0,0-0-0-1,unclassified,0,1,1,1,unclassified,0,0.0
image_1600.jpg,R1-700um-top-to-bottom-center_frame_312_patch_7.png,1,700,top-to-bottom-center,R1-700um-top-to-bottom-center,312,7,R1-700um-top-to-bottom-center_frame_312,1,0,0,0,1,1,1-0-0-0,Surface_Crack,0,0,0,none,none,9291,0.030244
image_1601.jpg,R1-800um-top-to-bottom-center_frame_412_patch_2.png,1,800,top-to-bottom-center,R1-800um-top-to-bottom-center,412,2,R1-800um-top-to-bottom-center_frame_412,1,0,0,0,1,1,1-0-0-0,Surface_Crack,0,0,0,none,none,1040,0.003385
image_1602.jpg,R7-700um-middle_frame_520_patch_8.png,7,700,middle,R7-700um-middle,520,8,R7-700um-middle_frame_520,1,0,0,0,1,1,1-0-0-0,Surface_Crack,0,0,0,none,none,583,0.001898
image_1603.jpg,R7-700um-middle_frame_212_patch_2.png,7,700,middle,R7-700um-middle,212,2,R7-700um-middle_frame_212,1,0,1,0,2,1,1-0-1-0,Surface_Crack+Pinhole,0,1,1,0,Pinhole,516,0.00168
image_1604.jpg,R1-1100um-top-to-bottom-center-1_frame_329_patch_0.png,1,1100,top-to-bottom-center-1,R1-1100um-top-to-bottom-center-1,329,0,R1-1100um-top-to-bottom-center-1_frame_329,1,0,0,0,1,1,1-0-0-0,Surface_Crack,0,0,0,none,none,15336,0.049922
image_1605.jpg,R1-1100um-top-to-bottom-center-1_frame_96_patch_0.png,1,1100,top-to-bottom-center-1,R1-1100um-top-to-bottom-center-1,96,0,R1-1100um-top-to-bottom-center-1_frame_96,1,0,0,0,1,1,1-0-0-0,Surface_Crack,0,0,0,none,none,8867,0.028864
image_1606.jpg,R1-1100um-top-to-bottom-center_frame_361_patch_4.png,1,1100,top-to-bottom-center,R1-1100um-top-to-bottom-center,361,4,R1-1100um-top-to-bottom-center_frame_361,1,0,0,0,1,1,1-0-0-0,Surface_Crack,0,0,0,none,none,8015,0.02609
image_1607.jpg,R1-1100um-top-to-bottom-center-1_frame_502_patch_6.png,1,1100,top-to-bottom-center-1,R1-1100um-top-to-bottom-center-1,502,6,R1-1100um-top-to-bottom-center-1_frame_502,1,1,0,0,2,1,1-1-0-0,Surface_Crack+Delamination,0,0,0,none,none,13984,0.045521
image_1608.jpg,R1-900um-top-to-bottom-center_frame_392_patch_8.png,1,900,top-to-bottom-center,R1-900um-top-to-bottom-center,392,8,R1-900um-top-to-bottom-center_frame_392,1,0,0,0,1,1,1-0-0-0,Surface_Crack,0,0,0,none,none,6097,0.019847
image_1609.jpg,R1-800um-top-to-bottom-center_frame_641_patch_0.png,1,800,top-to-bottom-center,R1-800um-top-to-bottom-center,641,0,R1-800um-top-to-bottom-center_frame_641,1,0,1,0,2,1,1-0-1-0,Surface_Crack+Pinhole,0,1,1,0,Pinhole,7063,0.022992
image_1610.jpg,R1-800um-top-to-bottom-center_frame_554_patch_8.png,1,800,top-to-bottom-center,R1-800um-top-to-bottom-center,554,8,R1-800um-top-to-bottom-center_frame_554,1,1,0,0,2,1,1-1-0-0,Surface_Crack+Delamination,0,0,0,none,none,13629,0.044365
image_1611.jpg,R1-1100um-top-to-bottom-center-1_frame_338_patch_6.png,1,1100,top-to-bottom-center-1,R1-1100um-top-to-bottom-center-1,338,6,R1-1100um-top-to-bottom-center-1_frame_338,1,0,0,0,1,1,1-0-0-0,Surface_Crack,0,0,0,none,none,10123,0.032952
image_1612.jpg,R1-700um-top-to-bottom-center_frame_312_patch_1.png,1,700,top-to-bottom-center,R1-700um-top-to-bottom-center,312,1,R1-700um-top-to-bottom-center_frame_312,1,0,0,0,1,1,1-0-0-0,Surface_Crack,0,0,0,none,none,8481,0.027607
image_1613.jpg,R1-600um-top-to-bottom-center_frame_63_patch_4.png,1,600,top-to-bottom-center,R1-600um-top-to-bottom-center,63,4,R1-600um-top-to-bottom-center_frame_63,0,0,1,0,1,1,0-0-1-0,Pinhole,0,1,1,0,Pinhole,91,0.000296
image_1614.jpg,R1-1100um-top-to-bottom-center_frame_302_patch_3.png,1,1100,top-to-bottom-center,R1-1100um-top-to-bottom-center,302,3,R1-1100um-top-to-bottom-center_frame_302,1,0,1,0,2,1,1-0-1-0,Surface_Crack+Pinhole,0,1,1,0,Pinhole,7327,0.023851
image_1615.jpg,R1-800um-top-to-bottom-center_frame_473_patch_5.png,1,800,top-to-bottom-center,R1-800um-top-to-bottom-center,473,5,R1-800um-top-to-bottom-center_frame_473,1,0,1,0,2,1,1-0-1-0,Surface_Crack+Pinhole,0,1,1,0,Pinhole,3116,0.010143
image_1616.jpg,R1-900um-top-to-bottom-center_frame_126_patch_3.png,1,900,top-to-bottom-center,R1-900um-top-to-bottom-center,126,3,R1-900um-top-to-bottom-center_frame_126,1,0,0,0,1,1,1-0-0-0,Surface_Crack,0,0,0,none,none,3276,0.010664
image_1617.jpg,R7-700um-middle_frame_558_patch_5.png,7,700,middle,R7-700um-middle,558,5,R7-700um-middle_frame_558,0,1,0,0,1,1,0-1-0-0,Delamination,0,0,0,none,none,46269,0.150615
image_1618.jpg,R1-700um-top-to-bottom-center_frame_289_patch_1.png,1,700,top-to-bottom-center,R1-700um-top-to-bottom-center,289,1,R1-700um-top-to-bottom-center_frame_289,1,0,0,0,1,1,1-0-0-0,Surface_Crack,0,0,0,none,none,11310,0.036816
image_1619.jpg,R1-800um-top-to-bottom-center_frame_623_patch_5.png,1,800,top-to-bottom-center,R1-800um-top-to-bottom-center,623,5,R1-800um-top-to-bottom-center_frame_623,1,1,1,0,3,1,1-1-1-0,Surface_Crack+Delamination+Pinhole,0,1,1,0,Pinhole,10843,0.035296
image_1620.jpg,R1-1100um-top-to-bottom-center-1_frame_481_patch_5.png,1,1100,top-to-bottom-center-1,R1-1100um-top-to-bottom-center-1,481,5,R1-1100um-top-to-bottom-center-1_frame_481,1,0,0,0,1,1,1-0-0-0,Surface_Crack,0,0,0,none,none,9386,0.030553
image_1621.jpg,R1-700um-top-to-bottom-center_frame_618_patch_7.png,1,700,top-to-bottom-center,R1-700um-top-to-bottom-center,618,7,R1-700um-top-to-bottom-center_frame_618,1,0,0,0,1,1,1-0-0-0,Surface_Crack,0,0,0,none,none,7248,0.023594
image_1622.jpg,R1-1100um-top-to-bottom-center_frame_0_patch_0.png,1,1100,top-to-bottom-center,R1-1100um-top-to-bottom-center,0,0,R1-1100um-top-to-bottom-center_frame_0,1,0,1,0,2,1,1-0-1-0,Surface_Crack+Pinhole,0,1,3,0,Pinhole,3404,0.011081
image_1623.jpg,R7-700um-middle_frame_100_patch_0.png,7,700,middle,R7-700um-middle,100,0,R7-700um-middle_frame_100,1,0,0,0,1,1,1-0-0-0,Surface_Crack,0,0,0,none,none,2707,0.008812
image_1624.jpg,R1-900um-top-to-bottom-center_frame_316_patch_6.png,1,900,top-to-bottom-center,R1-900um-top-to-bottom-center,316,6,R1-900um-top-to-bottom-center_frame_316,1,0,0,0,1,1,1-0-0-0,Surface_Crack,0,0,0,none,none,8966,0.029186
image_1625.jpg,R1-1100um-top-to-bottom-center_frame_287_patch_6.png,1,1100,top-to-bottom-center,R1-1100um-top-to-bottom-center,287,6,R1-1100um-top-to-bottom-center_frame_287,1,0,0,0,1,1,1-0-0-0,Surface_Crack,0,0,0,none,none,7745,0.025212
image_1626.jpg,R1-900um-top-to-bottom-center_frame_493_patch_8.png,1,900,top-to-bottom-center,R1-900um-top-to-bottom-center,493,8,R1-900um-top-to-bottom-center_frame_493,1,0,0,0,1,1,1-0-0-0,Surface_Crack,0,0,0,none,none,3322,0.010814
image_1627.jpg,R1-1100um-top-to-bottom-center-1_frame_174_patch_5.png,1,1100,top-to-bottom-center-1,R1-1100um-top-to-bottom-center-1,174,5,R1-1100um-top-to-bottom-center-1_frame_174,1,0,1,0,2,1,1-0-1-0,Surface_Crack+Pinhole,0,1,2,0,Pinhole,10386,0.033809
image_1628.jpg,R7-700um-middle_frame_212_patch_0.png,7,700,middle,R7-700um-middle,212,0,R7-700um-middle_frame_212,1,0,0,0,1,1,1-0-0-0,Surface_Crack,0,0,0,none,none,471,0.001533
image_1629.jpg,R1-600um-top-to-bottom-center_frame_70_patch_5.png,1,600,top-to-bottom-center,R1-600um-top-to-bottom-center,70,5,R1-600um-top-to-bottom-center_frame_70,0,0,1,0,1,1,0-0-1-0,Pinhole,0,1,1,0,Pinhole,22,7.2e-05
image_1630.jpg,R1-1000um-top-to-bottom-center_frame_338_patch_8.png,1,1000,top-to-bottom-center,R1-1000um-top-to-bottom-center,338,8,R1-1000um-top-to-bottom-center_frame_338,1,0,0,0,1,1,1-0-0-0,Surface_Crack,0,0,0,none,none,11665,0.037972
image_1631.jpg,R1-1000um-top-to-bottom-center_frame_461_patch_5.png,1,1000,top-to-bottom-center,R1-1000um-top-to-bottom-center,461,5,R1-1000um-top-to-bottom-center_frame_461,1,0,0,0,1,1,1-0-0-0,Surface_Crack,0,0,0,none,none,28858,0.093939
image_1632.jpg,R1-900um-top-to-bottom-center_frame_434_patch_7.png,1,900,top-to-bottom-center,R1-900um-top-to-bottom-center,434,7,R1-900um-top-to-bottom-center_frame_434,1,0,0,0,1,1,1-0-0-0,Surface_Crack,0,0,0,none,none,9632,0.031354
image_1633.jpg,R1-700um-top-to-bottom-center_frame_505_patch_1.png,1,700,top-to-bottom-center,R1-700um-top-to-bottom-center,505,1,R1-700um-top-to-bottom-center_frame_505,1,0,1,0,2,1,1-0-1-0,Surface_Crack+Pinhole,0,1,2,0,Pinhole,3640,0.011849
image_1634.jpg,R1-1100um-top-to-bottom-center-1_frame_387_patch_4.png,1,1100,top-to-bottom-center-1,R1-1100um-top-to-bottom-center-1,387,4,R1-1100um-top-to-bottom-center-1_frame_387,1,1,0,0,2,1,1-1-0-0,Surface_Crack+Delamination,0,0,0,none,none,48714,0.158574
image_1635.jpg,R1-1100um-top-to-bottom-center_frame_223_patch_1.png,1,1100,top-to-bottom-center,R1-1100um-top-to-bottom-center,223,1,R1-1100um-top-to-bottom-center_frame_223,1,0,1,0,2,1,1-0-1-0,Surface_Crack+Pinhole,0,1,1,0,Pinhole,9895,0.03221
image_1636.jpg,R1-1000um-top-to-bottom-center_frame_384_patch_6.png,1,1000,top-to-bottom-center,R1-1000um-top-to-bottom-center,384,6,R1-1000um-top-to-bottom-center_frame_384,1,0,0,0,1,1,1-0-0-0,Surface_Crack,0,0,0,none,none,7555,0.024593
image_1637.jpg,R1-900um-top-to-bottom-center_frame_316_patch_3.png,1,900,top-to-bottom-center,R1-900um-top-to-bottom-center,316,3,R1-900um-top-to-bottom-center_frame_316,1,0,1,0,2,1,1-0-1-0,Surface_Crack+Pinhole,0,1,1,0,Pinhole,8390,0.027311
image_1638.jpg,R1-1100um-top-to-bottom-center_frame_302_patch_6.png,1,1100,top-to-bottom-center,R1-1100um-top-to-bottom-center,302,6,R1-1100um-top-to-bottom-center_frame_302,1,0,0,0,1,1,1-0-0-0,Surface_Crack,0,0,0,none,none,7172,0.023346
image_1639.jpg,R1-700um-top-to-bottom-center_frame_661_patch_6.png,1,700,top-to-bottom-center,R1-700um-top-to-bottom-center,661,6,R1-700um-top-to-bottom-center_frame_661,1,0,0,0,1,1,1-0-0-0,Surface_Crack,0,0,0,none,none,26891,0.087536
image_1640.jpg,R1-900um-top-to-bottom-center_frame_303_patch_8.png,1,900,top-to-bottom-center,R1-900um-top-to-bottom-center,303,8,R1-900um-top-to-bottom-center_frame_303,1,0,0,0,1,1,1-0-0-0,Surface_Crack,0,0,0,none,none,5293,0.01723
image_1641.jpg,R1-1000um-top-to-bottom-center_frame_458_patch_7.png,1,1000,top-to-bottom-center,R1-1000um-top-to-bottom-center,458,7,R1-1000um-top-to-bottom-center_frame_458,1,0,1,0,2,1,1-0-1-0,Surface_Crack+Pinhole,0,1,1,0,Pinhole,12194,0.039694
image_1642.jpg,R1-800um-top-to-bottom-center_frame_454_patch_4.png,1,800,top-to-bottom-center,R1-800um-top-to-bottom-center,454,4,R1-800um-top-to-bottom-center_frame_454,1,0,0,0,1,1,1-0-0-0,Surface_Crack,0,0,0,none,none,4151,0.013512
image_1643.jpg,R1-1100um-top-to-bottom-center-1_frame_190_patch_7.png,1,1100,top-to-bottom-center-1,R1-1100um-top-to-bottom-center-1,190,7,R1-1100um-top-to-bottom-center-1_frame_190,1,0,0,0,1,1,1-0-0-0,Surface_Crack,0,0,0,none,none,7297,0.023753
image_1644.jpg,R1-800um-top-to-bottom-center_frame_501_patch_2.png,1,800,top-to-bottom-center,R1-800um-top-to-bottom-center,501,2,R1-800um-top-to-bottom-center_frame_501,1,0,0,0,1,1,1-0-0-0,Surface_Crack,0,0,0,none,none,3663,0.011924
image_1645.jpg,R1-1100um-top-to-bottom-center-1_frame_470_patch_3.png,1,1100,top-to-bottom-center-1,R1-1100um-top-to-bottom-center-1,470,3,R1-1100um-top-to-bottom-center-1_frame_470,1,0,0,0,1,1,1-0-0-0,Surface_Crack,0,0,0,none,none,9633,0.031357
image_1646.jpg,R7-700um-middle_frame_97_patch_0.png,7,700,middle,R7-700um-middle,97,0,R7-700um-middle_frame_97,1,0,0,0,1,1,1-0-0-0,Surface_Crack,0,0,0,none,none,2822,0.009186
image_1647.jpg,R1-800um-top-to-bottom-center_frame_623_patch_8.png,1,800,top-to-bottom-center,R1-800um-top-to-bottom-center,623,8,R1-800um-top-to-bottom-center_frame_623,1,0,0,0,1,1,1-0-0-0,Surface_Crack,0,0,0,none,none,8449,0.027503
image_1648.jpg,R1-900um-top-to-bottom-center_frame_418_patch_7.png,1,900,top-to-bottom-center,R1-900um-top-to-bottom-center,418,7,R1-900um-top-to-bottom-center_frame_418,1,0,0,0,1,1,1-0-0-0,Surface_Crack,0,0,0,none,none,5079,0.016533
image_1649.jpg,R1-1100um-top-to-bottom-center_frame_205_patch_4.png,1,1100,top-to-bottom-center,R1-1100um-top-to-bottom-center,205,4,R1-1100um-top-to-bottom-center_frame_205,1,0,0,0,1,1,1-0-0-0,Surface_Crack,0,0,0,none,none,9896,0.032214
image_1650.jpg,R1-1100um-top-to-bottom-center_frame_220_patch_1.png,1,1100,top-to-bottom-center,R1-1100um-top-to-bottom-center,220,1,R1-1100um-top-to-bottom-center_frame_220,1,0,1,0,2,1,1-0-1-0,Surface_Crack+Pinhole,0,1,1,0,Pinhole,8162,0.026569
image_1651.jpg,R1-600um-top-to-bottom-center_frame_58_patch_2.png,1,600,top-to-bottom-center,R1-600um-top-to-bottom-center,58,2,R1-600um-top-to-bottom-center_frame_58,0,0,1,0,1,1,0-0-1-0,Pinhole,0,1,2,0,Pinhole,287,0.000934
image_1652.jpg,R1-900um-top-to-bottom-center_frame_221_patch_8.png,1,900,top-to-bottom-center,R1-900um-top-to-bottom-center,221,8,R1-900um-top-to-bottom-center_frame_221,1,0,1,0,2,1,1-0-1-0,Surface_Crack+Pinhole,0,1,1,0,Pinhole,7263,0.023643
image_1653.jpg,R1-600um-top-to-bottom-center_frame_526_patch_2.png,1,600,top-to-bottom-center,R1-600um-top-to-bottom-center,526,2,R1-600um-top-to-bottom-center_frame_526,1,0,1,0,2,1,1-0-1-0,Surface_Crack+Pinhole,0,1,1,0,Pinhole,1617,0.005264
image_1654.jpg,R1-1000um-top-to-bottom-center_frame_8_patch_4.png,1,1000,top-to-bottom-center,R1-1000um-top-to-bottom-center,8,4,R1-1000um-top-to-bottom-center_frame_8,1,0,0,0,1,1,1-0-0-0,Surface_Crack,0,0,0,none,none,1960,0.00638
image_1655.jpg,R1-800um-top-to-bottom-center_frame_501_patch_0.png,1,800,top-to-bottom-center,R1-800um-top-to-bottom-center,501,0,R1-800um-top-to-bottom-center_frame_501,1,0,0,0,1,1,1-0-0-0,Surface_Crack,0,0,0,none,none,5249,0.017087
image_1656.jpg,R1-1100um-top-to-bottom-center-1_frame_342_patch_3.png,1,1100,top-to-bottom-center-1,R1-1100um-top-to-bottom-center-1,342,3,R1-1100um-top-to-bottom-center-1_frame_342,1,0,0,0,1,1,1-0-0-0,Surface_Crack,0,0,0,none,none,14494,0.047181
image_1657.jpg,R1-1100um-top-to-bottom-center-1_frame_342_patch_7.png,1,1100,top-to-bottom-center-1,R1-1100um-top-to-bottom-center-1,342,7,R1-1100um-top-to-bottom-center-1_frame_342,1,0,0,0,1,1,1-0-0-0,Surface_Crack,0,0,0,none,none,15273,0.049717
image_1658.jpg,R1-1100um-top-to-bottom-center-1_frame_468_patch_2.png,1,1100,top-to-bottom-center-1,R1-1100um-top-to-bottom-center-1,468,2,R1-1100um-top-to-bottom-center-1_frame_468,1,1,0,0,2,1,1-1-0-0,Surface_Crack+Delamination,0,0,0,none,none,10254,0.033379
image_1659.jpg,R1-600um-top-to-bottom-center_frame_511_patch_4.png,1,600,top-to-bottom-center,R1-600um-top-to-bottom-center,511,4,R1-600um-top-to-bottom-center_frame_511,1,0,0,0,1,1,1-0-0-0,Surface_Crack,0,0,0,none,none,3089,0.010055
image_1660.jpg,R1-1000um-top-to-bottom-center_frame_170_patch_3.png,1,1000,top-to-bottom-center,R1-1000um-top-to-bottom-center,170,3,R1-1000um-top-to-bottom-center_frame_170,1,0,1,0,2,1,1-0-1-0,Surface_Crack+Pinhole,0,1,1,0,Pinhole,7431,0.024189
image_1661.jpg,R1-800um-top-to-bottom-center_frame_526_patch_3.png,1,800,top-to-bottom-center,R1-800um-top-to-bottom-center,526,3,R1-800um-top-to-bottom-center_frame_526,1,0,0,0,1,1,1-0-0-0,Surface_Crack,0,0,0,none,none,4201,0.013675
image_1662.jpg,R1-900um-top-to-bottom-center_frame_611_patch_5.png,1,900,top-to-bottom-center,R1-900um-top-to-bottom-center,611,5,R1-900um-top-to-bottom-center_frame_611,1,0,0,0,1,1,1-0-0-0,Surface_Crack,0,0,0,none,none,5337,0.017373
image_1663.jpg,R1-700um-top-to-bottom-center_frame_289_patch_5.png,1,700,top-to-bottom-center,R1-700um-top-to-bottom-center,289,5,R1-700um-top-to-bottom-center_frame_289,1,0,1,0,2,1,1-0-1-0,Surface_Crack+Pinhole,0,1,1,0,Pinhole,14492,0.047174
image_1664.jpg,R1-700um-top-to-bottom-center_frame_279_patch_2.png,1,700,top-to-bottom-center,R1-700um-top-to-bottom-center,279,2,R1-700um-top-to-bottom-center_frame_279,1,0,1,1,2,1,1-0-1-1,Surface_Crack+Pinhole+unclassified,0,1,2,0|1,Pinhole|unclassified,12493,0.040667
image_1665.jpg,R1-900um-top-to-bottom-center_frame_512_patch_7.png,1,900,top-to-bottom-center,R1-900um-top-to-bottom-center,512,7,R1-900um-top-to-bottom-center_frame_512,1,0,1,0,2,1,1-0-1-0,Surface_Crack+Pinhole,0,1,1,0,Pinhole,8482,0.027611
image_1666.jpg,R1-700um-top-to-bottom-center_frame_364_patch_2.png,1,700,top-to-bottom-center,R1-700um-top-to-bottom-center,364,2,R1-700um-top-to-bottom-center_frame_364,1,0,0,0,1,1,1-0-0-0,Surface_Crack,0,0,0,none,none,908,0.002956
image_1667.jpg,R1-1100um-top-to-bottom-center-1_frame_468_patch_0.png,1,1100,top-to-bottom-center-1,R1-1100um-top-to-bottom-center-1,468,0,R1-1100um-top-to-bottom-center-1_frame_468,1,1,0,0,2,1,1-1-0-0,Surface_Crack+Delamination,0,0,0,none,none,12710,0.041374
image_1668.jpg,R1-700um-top-to-bottom-center_frame_572_patch_2.png,1,700,top-to-bottom-center,R1-700um-top-to-bottom-center,572,2,R1-700um-top-to-bottom-center_frame_572,1,0,0,0,1,1,1-0-0-0,Surface_Crack,0,0,0,none,none,2473,0.00805
image_1669.jpg,R1-800um-top-to-bottom-center_frame_101_patch_6.png,1,800,top-to-bottom-center,R1-800um-top-to-bottom-center,101,6,R1-800um-top-to-bottom-center_frame_101,0,0,1,0,1,1,0-0-1-0,Pinhole,0,1,1,0,Pinhole,157,0.000511
image_1670.jpg,R1-1100um-top-to-bottom-center_frame_144_patch_4.png,1,1100,top-to-bottom-center,R1-1100um-top-to-bottom-center,144,4,R1-1100um-top-to-bottom-center_frame_144,1,0,0,0,1,1,1-0-0-0,Surface_Crack,0,0,0,none,none,9461,0.030798
image_1671.jpg,R1-800um-top-to-bottom-center_frame_316_patch_5.png,1,800,top-to-bottom-center,R1-800um-top-to-bottom-center,316,5,R1-800um-top-to-bottom-center_frame_316,1,0,0,0,1,1,1-0-0-0,Surface_Crack,0,0,0,none,none,3500,0.011393
image_1672.jpg,R1-700um-top-to-bottom-center_frame_289_patch_7.png,1,700,top-to-bottom-center,R1-700um-top-to-bottom-center,289,7,R1-700um-top-to-bottom-center_frame_289,1,0,1,0,2,1,1-0-1-0,Surface_Crack+Pinhole,0,1,1,0,Pinhole,5769,0.018779
image_1673.jpg,R1-700um-top-to-bottom-center_frame_228_patch_4.png,1,700,top-to-bottom-center,R1-700um-top-to-bottom-center,228,4,R1-700um-top-to-bottom-center_frame_228,0,0,0,0,0,0,0-0-0-0,none,1,0,0,none,none,0,0.0
image_1674.jpg,R1-800um-top-to-bottom-center_frame_6_patch_6.png,1,800,top-to-bottom-center,R1-800um-top-to-bottom-center,6,6,R1-800um-top-to-bottom-center_frame_6,0,0,1,0,1,1,0-0-1-0,Pinhole,0,1,2,0,Pinhole,79,0.000257
image_1675.jpg,R7-700um-middle_frame_574_patch_5.png,7,700,middle,R7-700um-middle,574,5,R7-700um-middle_frame_574,0,1,0,0,1,1,0-1-0-0,Delamination,0,0,0,none,none,119915,0.390348
image_1676.jpg,R1-600um-top-to-bottom-center_frame_376_patch_3.png,1,600,top-to-bottom-center,R1-600um-top-to-bottom-center,376,3,R1-600um-top-to-bottom-center_frame_376,1,0,0,0,1,1,1-0-0-0,Surface_Crack,0,0,0,none,none,12762,0.041543
image_1677.jpg,R1-1100um-top-to-bottom-center-1_frame_161_patch_7.png,1,1100,top-to-bottom-center-1,R1-1100um-top-to-bottom-center-1,161,7,R1-1100um-top-to-bottom-center-1_frame_161,1,0,0,0,1,1,1-0-0-0,Surface_Crack,0,0,0,none,none,11293,0.036761
image_1678.jpg,R1-900um-top-to-bottom-center_frame_564_patch_8.png,1,900,top-to-bottom-center,R1-900um-top-to-bottom-center,564,8,R1-900um-top-to-bottom-center_frame_564,1,1,0,0,2,1,1-1-0-0,Surface_Crack+Delamination,0,0,0,none,none,13941,0.045381
image_1679.jpg,R1-1100um-top-to-bottom-center-1_frame_262_patch_8.png,1,1100,top-to-bottom-center-1,R1-1100um-top-to-bottom-center-1,262,8,R1-1100um-top-to-bottom-center-1_frame_262,1,0,0,0,1,1,1-0-0-0,Surface_Crack,0,0,0,none,none,9400,0.030599
image_1680.jpg,R7-700um-middle_frame_260_patch_8.png,7,700,middle,R7-700um-middle,260,8,R7-700um-middle_frame_260,0,0,1,0,1,1,0-0-1-0,Pinhole,0,1,1,0,Pinhole,137,0.000446
image_1681.jpg,R1-600um-top-to-bottom-center_frame_631_patch_8.png,1,600,top-to-bottom-center,R1-600um-top-to-bottom-center,631,8,R1-600um-top-to-bottom-center_frame_631,1,0,0,0,1,1,1-0-0-0,Surface_Crack,0,0,0,none,none,13085,0.042594
image_1682.jpg,R1-1000um-top-to-bottom-center_frame_569_patch_0.png,1,1000,top-to-bottom-center,R1-1000um-top-to-bottom-center,569,0,R1-1000um-top-to-bottom-center_frame_569,1,0,0,0,1,1,1-0-0-0,Surface_Crack,0,0,0,none,none,8925,0.029053
image_1683.jpg,R1-600um-top-to-bottom-center_frame_104_patch_7.png,1,600,top-to-bottom-center,R1-600um-top-to-bottom-center,104,7,R1-600um-top-to-bottom-center_frame_104,0,0,1,0,1,1,0-0-1-0,Pinhole,0,1,1,0,Pinhole,221,0.000719
image_1684.jpg,R1-1100um-top-to-bottom-center_frame_245_patch_1.png,1,1100,top-to-bottom-center,R1-1100um-top-to-bottom-center,245,1,R1-1100um-top-to-bottom-center_frame_245,1,0,0,0,1,1,1-0-0-0,Surface_Crack,0,0,0,none,none,7474,0.024329
image_1685.jpg,R1-1000um-top-to-bottom-center_frame_395_patch_1.png,1,1000,top-to-bottom-center,R1-1000um-top-to-bottom-center,395,1,R1-1000um-top-to-bottom-center_frame_395,1,0,0,0,1,1,1-0-0-0,Surface_Crack,0,0,0,none,none,9437,0.030719
image_1686.jpg,R1-1100um-top-to-bottom-center_frame_191_patch_1.png,1,1100,top-to-bottom-center,R1-1100um-top-to-bottom-center,191,1,R1-1100um-top-to-bottom-center_frame_191,1,0,1,0,2,1,1-0-1-0,Surface_Crack+Pinhole,0,1,1,0,Pinhole,7852,0.02556
image_1687.jpg,R1-700um-top-to-bottom-center_frame_590_patch_4.png,1,700,top-to-bottom-center,R1-700um-top-to-bottom-center,590,4,R1-700um-top-to-bottom-center_frame_590,1,0,0,0,1,1,1-0-0-0,Surface_Crack,0,0,0,none,none,8227,0.026781
image_1688.jpg,R1-700um-top-to-bottom-center_frame_373_patch_6.png,1,700,top-to-bottom-center,R1-700um-top-to-bottom-center,373,6,R1-700um-top-to-bottom-center_frame_373,1,0,0,0,1,1,1-0-0-0,Surface_Crack,0,0,0,none,none,2226,0.007246
image_1689.jpg,R1-600um-top-to-bottom-center_frame_611_patch_7.png,1,600,top-to-bottom-center,R1-600um-top-to-bottom-center,611,7,R1-600um-top-to-bottom-center_frame_611,1,0,0,0,1,1,1-0-0-0,Surface_Crack,0,0,0,none,none,3800,0.01237
image_1690.jpg,R1-1000um-top-to-bottom-center_frame_170_patch_7.png,1,1000,top-to-bottom-center,R1-1000um-top-to-bottom-center,170,7,R1-1000um-top-to-bottom-center_frame_170,1,0,0,0,1,1,1-0-0-0,Surface_Crack,0,0,0,none,none,6822,0.022207
image_1691.jpg,R1-1000um-top-to-bottom-center_frame_180_patch_6.png,1,1000,top-to-bottom-center,R1-1000um-top-to-bottom-center,180,6,R1-1000um-top-to-bottom-center_frame_180,1,0,1,0,2,1,1-0-1-0,Surface_Crack+Pinhole,0,1,1,0,Pinhole,7346,0.023913
image_1692.jpg,R1-1100um-top-to-bottom-center_frame_205_patch_7.png,1,1100,top-to-bottom-center,R1-1100um-top-to-bottom-center,205,7,R1-1100um-top-to-bottom-center_frame_205,1,0,1,0,2,1,1-0-1-0,Surface_Crack+Pinhole,0,1,1,0,Pinhole,9991,0.032523
image_1693.jpg,R1-1100um-top-to-bottom-center_frame_308_patch_8.png,1,1100,top-to-bottom-center,R1-1100um-top-to-bottom-center,308,8,R1-1100um-top-to-bottom-center_frame_308,1,0,0,0,1,1,1-0-0-0,Surface_Crack,0,0,0,none,none,5987,0.019489
image_1694.jpg,R7-700um-middle_frame_221_patch_3.png,7,700,middle,R7-700um-middle,221,3,R7-700um-middle_frame_221,1,0,0,0,1,1,1-0-0-0,Surface_Crack,0,0,0,none,none,1037,0.003376
image_1695.jpg,R1-1000um-top-to-bottom-center_frame_225_patch_0.png,1,1000,top-to-bottom-center,R1-1000um-top-to-bottom-center,225,0,R1-1000um-top-to-bottom-center_frame_225,1,0,0,0,1,1,1-0-0-0,Surface_Crack,0,0,0,none,none,12403,0.040374
image_1696.jpg,R1-900um-top-to-bottom-center_frame_444_patch_4.png,1,900,top-to-bottom-center,R1-900um-top-to-bottom-center,444,4,R1-900um-top-to-bottom-center_frame_444,1,0,0,0,1,1,1-0-0-0,Surface_Crack,0,0,0,none,none,6128,0.019948
image_1697.jpg,R7-700um-middle_frame_122_patch_5.png,7,700,middle,R7-700um-middle,122,5,R7-700um-middle_frame_122,1,0,0,0,1,1,1-0-0-0,Surface_Crack,0,0,0,none,none,4122,0.013418
image_1698.jpg,R1-1100um-top-to-bottom-center_frame_161_patch_5.png,1,1100,top-to-bottom-center,R1-1100um-top-to-bottom-center,161,5,R1-1100um-top-to-bottom-center_frame_161,1,0,0,0,1,1,1-0-0-0,Surface_Crack,0,0,0,none,none,7830,0.025488
image_1699.jpg,R1-700um-top-to-bottom-center_frame_597_patch_2.png,1,700,top-to-bottom-center,R1-700um-top-to-bottom-center,597,2,R1-700um-top-to-bottom-center_frame_597,1,0,0,0,1,1,1-0-0-0,Surface_Crack,0,0,0,none,none,3646,0.011868
image_1700.jpg,R1-1100um-top-to-bottom-center_frame_342_patch_8.png,1,1100,top-to-bottom-center,R1-1100um-top-to-bottom-center,342,8,R1-1100um-top-to-bottom-center_frame_342,1,0,0,0,1,1,1-0-0-0,Surface_Crack,0,0,0,none,none,8485,0.02762
image_1701.jpg,R1-800um-top-to-bottom-center_frame_492_patch_4.png,1,800,top-to-bottom-center,R1-800um-top-to-bottom-center,492,4,R1-800um-top-to-bottom-center_frame_492,1,0,0,0,1,1,1-0-0-0,Surface_Crack,0,0,0,none,none,6583,0.021429
image_1702.jpg,R1-900um-top-to-bottom-center_frame_557_patch_8.png,1,900,top-to-bottom-center,R1-900um-top-to-bottom-center,557,8,R1-900um-top-to-bottom-center_frame_557,1,1,0,0,2,1,1-1-0-0,Surface_Crack+Delamination,0,0,0,none,none,22445,0.073063
image_1703.jpg,R1-900um-top-to-bottom-center_frame_593_patch_0.png,1,900,top-to-bottom-center,R1-900um-top-to-bottom-center,593,0,R1-900um-top-to-bottom-center_frame_593,1,1,0,0,2,1,1-1-0-0,Surface_Crack+Delamination,0,0,0,none,none,23988,0.078086
image_1704.jpg,R1-700um-top-to-bottom-center_frame_580_patch_7.png,1,700,top-to-bottom-center,R1-700um-top-to-bottom-center,580,7,R1-700um-top-to-bottom-center_frame_580,1,0,1,0,2,1,1-0-1-0,Surface_Crack+Pinhole,0,1,1,0,Pinhole,3462,0.01127
image_1705.jpg,R1-1100um-top-to-bottom-center-1_frame_250_patch_6.png,1,1100,top-to-bottom-center-1,R1-1100um-top-to-bottom-center-1,250,6,R1-1100um-top-to-bottom-center-1_frame_250,1,0,0,0,1,1,1-0-0-0,Surface_Crack,0,0,0,none,none,9404,0.030612
image_1706.jpg,R1-900um-top-to-bottom-center_frame_251_patch_6.png,1,900,top-to-bottom-center,R1-900um-top-to-bottom-center,251,6,R1-900um-top-to-bottom-center_frame_251,1,0,0,0,1,1,1-0-0-0,Surface_Crack,0,0,0,none,none,15384,0.050078
image_1707.jpg,R1-600um-top-to-bottom-center_frame_511_patch_5.png,1,600,top-to-bottom-center,R1-600um-top-to-bottom-center,511,5,R1-600um-top-to-bottom-center_frame_511,1,0,0,0,1,1,1-0-0-0,Surface_Crack,0,0,0,none,none,2638,0.008587
image_1708.jpg,R1-800um-top-to-bottom-center_frame_89_patch_7.png,1,800,top-to-bottom-center,R1-800um-top-to-bottom-center,89,7,R1-800um-top-to-bottom-center_frame_89,0,0,1,0,1,1,0-0-1-0,Pinhole,0,1,1,0,Pinhole,29,9.4e-05
image_1709.jpg,R1-1100um-top-to-bottom-center-1_frame_289_patch_1.png,1,1100,top-to-bottom-center-1,R1-1100um-top-to-bottom-center-1,289,1,R1-1100um-top-to-bottom-center-1_frame_289,1,0,0,0,1,1,1-0-0-0,Surface_Crack,0,0,0,none,none,10462,0.034056
image_1710.jpg,R1-900um-top-to-bottom-center_frame_376_patch_6.png,1,900,top-to-bottom-center,R1-900um-top-to-bottom-center,376,6,R1-900um-top-to-bottom-center_frame_376,1,0,0,0,1,1,1-0-0-0,Surface_Crack,0,0,0,none,none,9370,0.030501
image_1711.jpg,R1-800um-top-to-bottom-center_frame_367_patch_7.png,1,800,top-to-bottom-center,R1-800um-top-to-bottom-center,367,7,R1-800um-top-to-bottom-center_frame_367,1,0,0,0,1,1,1-0-0-0,Surface_Crack,0,0,0,none,none,3069,0.00999
image_1712.jpg,R1-900um-top-to-bottom-center_frame_392_patch_2.png,1,900,top-to-bottom-center,R1-900um-top-to-bottom-center,392,2,R1-900um-top-to-bottom-center_frame_392,1,0,0,0,1,1,1-0-0-0,Surface_Crack,0,0,0,none,none,6790,0.022103
image_1713.jpg,R1-1000um-top-to-bottom-center_frame_458_patch_4.png,1,1000,top-to-bottom-center,R1-1000um-top-to-bottom-center,458,4,R1-1000um-top-to-bottom-center_frame_458,1,0,1,0,2,1,1-0-1-0,Surface_Crack+Pinhole,0,1,1,0,Pinhole,11895,0.038721
image_1714.jpg,R1-900um-top-to-bottom-center_frame_194_patch_0.png,1,900,top-to-bottom-center,R1-900um-top-to-bottom-center,194,0,R1-900um-top-to-bottom-center_frame_194,1,0,0,0,1,1,1-0-0-0,Surface_Crack,0,0,0,none,none,7944,0.025859
image_1715.jpg,R1-1100um-top-to-bottom-center_frame_175_patch_8.png,1,1100,top-to-bottom-center,R1-1100um-top-to-bottom-center,175,8,R1-1100um-top-to-bottom-center_frame_175,1,0,0,0,1,1,1-0-0-0,Surface_Crack,0,0,0,none,none,5476,0.017826
image_1716.jpg,R1-800um-top-to-bottom-center_frame_513_patch_5.png,1,800,top-to-bottom-center,R1-800um-top-to-bottom-center,513,5,R1-800um-top-to-bottom-center_frame_513,1,0,0,0,1,1,1-0-0-0,Surface_Crack,0,0,0,none,none,6968,0.022682
image_1717.jpg,R1-1100um-top-to-bottom-center_frame_218_patch_8.png,1,1100,top-to-bottom-center,R1-1100um-top-to-bottom-center,218,8,R1-1100um-top-to-bottom-center_frame_218,1,0,0,0,1,1,1-0-0-0,Surface_Crack,0,0,0,none,none,8324,0.027096
image_1718.jpg,R1-1100um-top-to-bottom-center_frame_68_patch_3.png,1,1100,top-to-bottom-center,R1-1100um-top-to-bottom-center,68,3,R1-1100um-top-to-bottom-center_frame_68,1,0,0,0,1,1,1-0-0-0,Surface_Crack,0,0,0,none,none,1345,0.004378
image_1719.jpg,R1-900um-top-to-bottom-center_frame_557_patch_6.png,1,900,top-to-bottom-center,R1-900um-top-to-bottom-center,557,6,R1-900um-top-to-bottom-center_frame_557,1,0,0,0,1,1,1-0-0-0,Surface_Crack,0,0,0,none,none,6263,0.020387
image_1720.jpg,R1-1000um-top-to-bottom-center_frame_395_patch_2.png,1,1000,top-to-bottom-center,R1-1000um-top-to-bottom-center,395,2,R1-1000um-top-to-bottom-center_frame_395,1,0,0,0,1,1,1-0-0-0,Surface_Crack,0,0,0,none,none,23550,0.07666
image_1721.jpg,R1-700um-top-to-bottom-center_frame_225_patch_5.png,1,700,top-to-bottom-center,R1-700um-top-to-bottom-center,225,5,R1-700um-top-to-bottom-center_frame_225,0,0,0,1,0,0,0-0-0-1,unclassified,0,1,1,1,unclassified,0,0.0
image_1722.jpg,R1-600um-top-to-bottom-center_frame_594_patch_7.png,1,600,top-to-bottom-center,R1-600um-top-to-bottom-center,594,7,R1-600um-top-to-bottom-center_frame_594,1,0,0,0,1,1,1-0-0-0,Surface_Crack,0,0,0,none,none,3367,0.01096
image_1723.jpg,R1-1100um-top-to-bottom-center-1_frame_174_patch_2.png,1,1100,top-to-bottom-center-1,R1-1100um-top-to-bottom-center-1,174,2,R1-1100um-top-to-bottom-center-1_frame_174,1,0,0,0,1,1,1-0-0-0,Surface_Crack,0,0,0,none,none,9635,0.031364
image_1724.jpg,R1-700um-top-to-bottom-center_frame_312_patch_4.png,1,700,top-to-bottom-center,R1-700um-top-to-bottom-center,312,4,R1-700um-top-to-bottom-center_frame_312,1,0,0,0,1,1,1-0-0-0,Surface_Crack,0,0,0,none,none,10423,0.033929
image_1725.jpg,R7-700um-middle_frame_520_patch_2.png,7,700,middle,R7-700um-middle,520,2,R7-700um-middle_frame_520,1,0,0,0,1,1,1-0-0-0,Surface_Crack,0,0,0,none,none,7645,0.024886
image_1726.jpg,R1-600um-top-to-bottom-center_frame_203_patch_7.png,1,600,top-to-bottom-center,R1-600um-top-to-bottom-center,203,7,R1-600um-top-to-bottom-center_frame_203,0,0,0,0,0,0,0-0-0-0,none,1,0,0,none,none,0,0.0
image_1727.jpg,R1-1100um-top-to-bottom-center-1_frame_289_patch_5.png,1,1100,top-to-bottom-center-1,R1-1100um-top-to-bottom-center-1,289,5,R1-1100um-top-to-bottom-center-1_frame_289,1,0,0,0,1,1,1-0-0-0,Surface_Crack,0,0,0,none,none,11391,0.03708
image_1728.jpg,R1-600um-top-to-bottom-center_frame_199_patch_6.png,1,600,top-to-bottom-center,R1-600um-top-to-bottom-center,199,6,R1-600um-top-to-bottom-center_frame_199,0,0,1,0,1,1,0-0-1-0,Pinhole,0,1,1,0,Pinhole,76,0.000247
image_1729.jpg,R7-700um-middle_frame_566_patch_0.png,7,700,middle,R7-700um-middle,566,0,R7-700um-middle_frame_566,0,1,0,0,1,1,0-1-0-0,Delamination,0,0,0,none,none,80600,0.26237
image_1730.jpg,R1-700um-top-to-bottom-center_frame_329_patch_4.png,1,700,top-to-bottom-center,R1-700um-top-to-bottom-center,329,4,R1-700um-top-to-bottom-center_frame_329,1,0,1,0,2,1,1-0-1-0,Surface_Crack+Pinhole,0,1,1,0,Pinhole,6678,0.021738
image_1731.jpg,R1-1100um-top-to-bottom-center_frame_205_patch_1.png,1,1100,top-to-bottom-center,R1-1100um-top-to-bottom-center,205,1,R1-1100um-top-to-bottom-center_frame_205,1,0,0,0,1,1,1-0-0-0,Surface_Crack,0,0,0,none,none,9351,0.030439
image_1732.jpg,R1-700um-top-to-bottom-center_frame_485_patch_5.png,1,700,top-to-bottom-center,R1-700um-top-to-bottom-center,485,5,R1-700um-top-to-bottom-center_frame_485,1,0,0,0,1,1,1-0-0-0,Surface_Crack,0,0,0,none,none,1470,0.004785
image_1733.jpg,R1-1100um-top-to-bottom-center-1_frame_250_patch_1.png,1,1100,top-to-bottom-center-1,R1-1100um-top-to-bottom-center-1,250,1,R1-1100um-top-to-bottom-center-1_frame_250,1,0,0,0,1,1,1-0-0-0,Surface_Crack,0,0,0,none,none,8294,0.026999
image_1734.jpg,R1-700um-top-to-bottom-center_frame_618_patch_3.png,1,700,top-to-bottom-center,R1-700um-top-to-bottom-center,618,3,R1-700um-top-to-bottom-center_frame_618,1,0,0,0,1,1,1-0-0-0,Surface_Crack,0,0,0,none,none,17665,0.057503
image_1735.jpg,R1-1100um-top-to-bottom-center-1_frame_481_patch_1.png,1,1100,top-to-bottom-center-1,R1-1100um-top-to-bottom-center-1,481,1,R1-1100um-top-to-bottom-center-1_frame_481,1,1,0,0,2,1,1-1-0-0,Surface_Crack+Delamination,0,0,0,none,none,11346,0.036934
image_1736.jpg,R1-600um-top-to-bottom-center_frame_387_patch_2.png,1,600,top-to-bottom-center,R1-600um-top-to-bottom-center,387,2,R1-600um-top-to-bottom-center_frame_387,1,0,0,0,1,1,1-0-0-0,Surface_Crack,0,0,0,none,none,1563,0.005088
image_1737.jpg,R1-600um-top-to-bottom-center_frame_526_patch_0.png,1,600,top-to-bottom-center,R1-600um-top-to-bottom-center,526,0,R1-600um-top-to-bottom-center_frame_526,1,0,0,0,1,1,1-0-0-0,Surface_Crack,0,0,0,none,none,1994,0.006491
image_1738.jpg,R1-600um-top-to-bottom-center_frame_52_patch_3.png,1,600,top-to-bottom-center,R1-600um-top-to-bottom-center,52,3,R1-600um-top-to-bottom-center_frame_52,0,0,1,0,1,1,0-0-1-0,Pinhole,0,1,1,0,Pinhole,85,0.000277
image_1739.jpg,R1-700um-top-to-bottom-center_frame_452_patch_6.png,1,700,top-to-bottom-center,R1-700um-top-to-bottom-center,452,6,R1-700um-top-to-bottom-center_frame_452,1,0,0,0,1,1,1-0-0-0,Surface_Crack,0,0,0,none,none,6789,0.0221
image_1740.jpg,R1-900um-top-to-bottom-center_frame_418_patch_0.png,1,900,top-to-bottom-center,R1-900um-top-to-bottom-center,418,0,R1-900um-top-to-bottom-center_frame_418,1,0,0,0,1,1,1-0-0-0,Surface_Crack,0,0,0,none,none,9390,0.030566
image_1741.jpg,R1-600um-top-to-bottom-center_frame_140_patch_2.png,1,600,top-to-bottom-center,R1-600um-top-to-bottom-center,140,2,R1-600um-top-to-bottom-center_frame_140,0,0,0,0,0,0,0-0-0-0,none,1,0,0,none,none,0,0.0
image_1742.jpg,R1-900um-top-to-bottom-center_frame_210_patch_0.png,1,900,top-to-bottom-center,R1-900um-top-to-bottom-center,210,0,R1-900um-top-to-bottom-center_frame_210,1,0,1,0,2,1,1-0-1-0,Surface_Crack+Pinhole,0,1,2,0,Pinhole,15890,0.051725
image_1743.jpg,R1-1100um-top-to-bottom-center-1_frame_169_patch_3.png,1,1100,top-to-bottom-center-1,R1-1100um-top-to-bottom-center-1,169,3,R1-1100um-top-to-bottom-center-1_frame_169,1,0,0,0,1,1,1-0-0-0,Surface_Crack,0,0,0,none,none,7812,0.02543
image_1744.jpg,R1-800um-top-to-bottom-center_frame_408_patch_3.png,1,800,top-to-bottom-center,R1-800um-top-to-bottom-center,408,3,R1-800um-top-to-bottom-center_frame_408,1,0,0,0,1,1,1-0-0-0,Surface_Crack,0,0,0,none,none,2484,0.008086
image_1745.jpg,R1-900um-top-to-bottom-center_frame_564_patch_6.png,1,900,top-to-bottom-center,R1-900um-top-to-bottom-center,564,6,R1-900um-top-to-bottom-center_frame_564,1,0,0,0,1,1,1-0-0-0,Surface_Crack,0,0,0,none,none,4056,0.013203
image_1746.jpg,R1-1100um-top-to-bottom-center_frame_302_patch_7.png,1,1100,top-to-bottom-center,R1-1100um-top-to-bottom-center,302,7,R1-1100um-top-to-bottom-center_frame_302,1,0,0,0,1,1,1-0-0-0,Surface_Crack,0,0,0,none,none,9886,0.032181
image_1747.jpg,R1-700um-top-to-bottom-center_frame_587_patch_3.png,1,700,top-to-bottom-center,R1-700um-top-to-bottom-center,587,3,R1-700um-top-to-bottom-center_frame_587,1,0,0,0,1,1,1-0-0-0,Surface_Crack,0,0,0,none,none,6950,0.022624
image_1748.jpg,R1-800um-top-to-bottom-center_frame_561_patch_6.png,1,800,top-to-bottom-center,R1-800um-top-to-bottom-center,561,6,R1-800um-top-to-bottom-center_frame_561,1,0,0,0,1,1,1-0-0-0,Surface_Crack,0,0,0,none,none,4528,0.01474
image_1749.jpg,R7-700um-middle_frame_512_patch_1.png,7,700,middle,R7-700um-middle,512,1,R7-700um-middle_frame_512,1,0,0,0,1,1,1-0-0-0,Surface_Crack,0,0,0,none,none,5730,0.018652
image_1750.jpg,R1-700um-top-to-bottom-center_frame_364_patch_3.png,1,700,top-to-bottom-center,R1-700um-top-to-bottom-center,364,3,R1-700um-top-to-bottom-center_frame_364,1,0,0,0,1,1,1-0-0-0,Surface_Crack,0,0,0,none,none,2375,0.007731
image_1751.jpg,R1-900um-top-to-bottom-center_frame_263_patch_5.png,1,900,top-to-bottom-center,R1-900um-top-to-bottom-center,263,5,R1-900um-top-to-bottom-center_frame_263,1,0,0,0,1,1,1-0-0-0,Surface_Crack,0,0,0,none,none,6036,0.019648
image_1752.jpg,R1-900um-top-to-bottom-center_frame_288_patch_0.png,1,900,top-to-bottom-center,R1-900um-top-to-bottom-center,288,0,R1-900um-top-to-bottom-center_frame_288,1,0,0,0,1,1,1-0-0-0,Surface_Crack,0,0,0,none,none,9779,0.031833
image_1753.jpg,R1-800um-top-to-bottom-center_frame_288_patch_2.png,1,800,top-to-bottom-center,R1-800um-top-to-bottom-center,288,2,R1-800um-top-to-bottom-center_frame_288,0,0,0,1,0,0,0-0-0-1,unclassified,0,1,1,1,unclassified,0,0.0
image_1754.jpg,R1-1100um-top-to-bottom-center_frame_386_patch_4.png,1,1100,top-to-bottom-center,R1-1100um-top-to-bottom-center,386,4,R1-1100um-top-to-bottom-center_frame_386,1,0,1,0,2,1,1-0-1-0,Surface_Crack+Pinhole,0,1,1,0,Pinhole,9347,0.030426
image_1755.jpg,R1-800um-top-to-bottom-center_frame_526_patch_2.png,1,800,top-to-bottom-center,R1-800um-top-to-bottom-center,526,2,R1-800um-top-to-bottom-center_frame_526,1,0,0,0,1,1,1-0-0-0,Surface_Crack,0,0,0,none,none,5568,0.018125
image_1756.jpg,R1-1100um-top-to-bottom-center_frame_179_patch_7.png,1,1100,top-to-bottom-center,R1-1100um-top-to-bottom-center,179,7,R1-1100um-top-to-bottom-center_frame_179,1,0,0,0,1,1,1-0-0-0,Surface_Crack,0,0,0,none,none,4913,0.015993
image_1757.jpg,R1-900um-top-to-bottom-center_frame_194_patch_2.png,1,900,top-to-bottom-center,R1-900um-top-to-bottom-center,194,2,R1-900um-top-to-bottom-center_frame_194,1,0,1,0,2,1,1-0-1-0,Surface_Crack+Pinhole,0,1,2,0,Pinhole,7170,0.02334
image_1758.jpg,R1-700um-top-to-bottom-center_frame_312_patch_0.png,1,700,top-to-bottom-center,R1-700um-top-to-bottom-center,312,0,R1-700um-top-to-bottom-center_frame_312,1,0,0,0,1,1,1-0-0-0,Surface_Crack,0,0,0,none,none,10644,0.034648
image_1759.jpg,R7-700um-middle_frame_122_patch_3.png,7,700,middle,R7-700um-middle,122,3,R7-700um-middle_frame_122,1,0,0,0,1,1,1-0-0-0,Surface_Crack,0,0,0,none,none,4493,0.014626
image_1760.jpg,R1-600um-top-to-bottom-center_frame_459_patch_7.png,1,600,top-to-bottom-center,R1-600um-top-to-bottom-center,459,7,R1-600um-top-to-bottom-center_frame_459,1,0,0,1,1,1,1-0-0-1,Surface_Crack+unclassified,0,1,1,1,unclassified,1923,0.00626
image_1761.jpg,R1-800um-top-to-bottom-center_frame_358_patch_3.png,1,800,top-to-bottom-center,R1-800um-top-to-bottom-center,358,3,R1-800um-top-to-bottom-center_frame_358,1,0,0,1,1,1,1-0-0-1,Surface_Crack+unclassified,0,1,2,1,unclassified,5324,0.017331
image_1762.jpg,R1-900um-top-to-bottom-center_frame_444_patch_3.png,1,900,top-to-bottom-center,R1-900um-top-to-bottom-center,444,3,R1-900um-top-to-bottom-center_frame_444,1,0,0,0,1,1,1-0-0-0,Surface_Crack,0,0,0,none,none,7009,0.022816
image_1763.jpg,R1-800um-top-to-bottom-center_frame_513_patch_0.png,1,800,top-to-bottom-center,R1-800um-top-to-bottom-center,513,0,R1-800um-top-to-bottom-center_frame_513,1,0,0,0,1,1,1-0-0-0,Surface_Crack,0,0,0,none,none,5443,0.017718
image_1764.jpg,R1-1100um-top-to-bottom-center-1_frame_205_patch_2.png,1,1100,top-to-bottom-center-1,R1-1100um-top-to-bottom-center-1,205,2,R1-1100um-top-to-bottom-center-1_frame_205,1,1,0,0,2,1,1-1-0-0,Surface_Crack+Delamination,0,0,0,none,none,16441,0.053519
image_1765.jpg,R1-800um-top-to-bottom-center_frame_413_patch_4.png,1,800,top-to-bottom-center,R1-800um-top-to-bottom-center,413,4,R1-800um-top-to-bottom-center_frame_413,1,0,0,0,1,1,1-0-0-0,Surface_Crack,0,0,0,none,none,2707,0.008812
image_1766.jpg,R7-700um-middle_frame_212_patch_5.png,7,700,middle,R7-700um-middle,212,5,R7-700um-middle_frame_212,1,0,0,0,1,1,1-0-0-0,Surface_Crack,0,0,0,none,none,1065,0.003467
image_1767.jpg,R1-1100um-top-to-bottom-center_frame_167_patch_1.png,1,1100,top-to-bottom-center,R1-1100um-top-to-bottom-center,167,1,R1-1100um-top-to-bottom-center_frame_167,1,0,0,0,1,1,1-0-0-0,Surface_Crack,0,0,0,none,none,8841,0.028779
image_1768.jpg,R1-900um-top-to-bottom-center_frame_444_patch_6.png,1,900,top-to-bottom-center,R1-900um-top-to-bottom-center,444,6,R1-900um-top-to-bottom-center_frame_444,1,0,0,0,1,1,1-0-0-0,Surface_Crack,0,0,0,none,none,11267,0.036676
image_1769.jpg,R1-1100um-top-to-bottom-center_frame_262_patch_7.png,1,1100,top-to-bottom-center,R1-1100um-top-to-bottom-center,262,7,R1-1100um-top-to-bottom-center_frame_262,1,0,1,0,2,1,1-0-1-0,Surface_Crack+Pinhole,0,1,1,0,Pinhole,10403,0.033864
image_1770.jpg,R1-1100um-top-to-bottom-center_frame_223_patch_8.png,1,1100,top-to-bottom-center,R1-1100um-top-to-bottom-center,223,8,R1-1100um-top-to-bottom-center_frame_223,1,0,0,0,1,1,1-0-0-0,Surface_Crack,0,0,0,none,none,10336,0.033646
image_1771.jpg,R1-1100um-top-to-bottom-center_frame_132_patch_2.png,1,1100,top-to-bottom-center,R1-1100um-top-to-bottom-center,132,2,R1-1100um-top-to-bottom-center_frame_132,1,0,0,0,1,1,1-0-0-0,Surface_Crack,0,0,0,none,none,5694,0.018535
image_1772.jpg,R1-1000um-top-to-bottom-center_frame_338_patch_3.png,1,1000,top-to-bottom-center,R1-1000um-top-to-bottom-center,338,3,R1-1000um-top-to-bottom-center_frame_338,1,0,0,0,1,1,1-0-0-0,Surface_Crack,0,0,0,none,none,5190,0.016895
image_1773.jpg,R1-800um-top-to-bottom-center_frame_412_patch_1.png,1,800,top-to-bottom-center,R1-800um-top-to-bottom-center,412,1,R1-800um-top-to-bottom-center_frame_412,1,0,1,0,2,1,1-0-1-0,Surface_Crack+Pinhole,0,1,1,0,Pinhole,2030,0.006608
image_1774.jpg,R7-700um-middle_frame_581_patch_0.png,7,700,middle,R7-700um-middle,581,0,R7-700um-middle_frame_581,0,1,0,0,1,1,0-1-0-0,Delamination,0,0,0,none,none,24990,0.081348
image_1775.jpg,R1-1100um-top-to-bottom-center_frame_144_patch_6.png,1,1100,top-to-bottom-center,R1-1100um-top-to-bottom-center,144,6,R1-1100um-top-to-bottom-center_frame_144,1,0,0,0,1,1,1-0-0-0,Surface_Crack,0,0,0,none,none,3760,0.01224
image_1776.jpg,R1-1000um-top-to-bottom-center_frame_595_patch_5.png,1,1000,top-to-bottom-center,R1-1000um-top-to-bottom-center,595,5,R1-1000um-top-to-bottom-center_frame_595,1,0,0,0,1,1,1-0-0-0,Surface_Crack,0,0,0,none,none,5057,0.016462
image_1777.jpg,R1-1000um-top-to-bottom-center_frame_134_patch_2.png,1,1000,top-to-bottom-center,R1-1000um-top-to-bottom-center,134,2,R1-1000um-top-to-bottom-center_frame_134,1,0,0,0,1,1,1-0-0-0,Surface_Crack,0,0,0,none,none,6008,0.019557
image_1778.jpg,R1-600um-top-to-bottom-center_frame_408_patch_0.png,1,600,top-to-bottom-center,R1-600um-top-to-bottom-center,408,0,R1-600um-top-to-bottom-center_frame_408,1,0,0,0,1,1,1-0-0-0,Surface_Crack,0,0,0,none,none,2723,0.008864
image_1779.jpg,R1-700um-top-to-bottom-center_frame_648_patch_4.png,1,700,top-to-bottom-center,R1-700um-top-to-bottom-center,648,4,R1-700um-top-to-bottom-center_frame_648,1,0,0,0,1,1,1-0-0-0,Surface_Crack,0,0,0,none,none,35251,0.114749
image_1780.jpg,R1-700um-top-to-bottom-center_frame_312_patch_3.png,1,700,top-to-bottom-center,R1-700um-top-to-bottom-center,312,3,R1-700um-top-to-bottom-center_frame_312,1,0,0,0,1,1,1-0-0-0,Surface_Crack,0,0,0,none,none,9732,0.03168
image_1781.jpg,R1-1100um-top-to-bottom-center-1_frame_205_patch_6.png,1,1100,top-to-bottom-center-1,R1-1100um-top-to-bottom-center-1,205,6,R1-1100um-top-to-bottom-center-1_frame_205,1,0,0,0,1,1,1-0-0-0,Surface_Crack,0,0,0,none,none,11580,0.037695
image_1782.jpg,R1-1100um-top-to-bottom-center-1_frame_45_patch_3.png,1,1100,top-to-bottom-center-1,R1-1100um-top-to-bottom-center-1,45,3,R1-1100um-top-to-bottom-center-1_frame_45,1,0,0,0,1,1,1-0-0-0,Surface_Crack,0,0,0,none,none,5789,0.018844
image_1783.jpg,R1-900um-top-to-bottom-center_frame_251_patch_7.png,1,900,top-to-bottom-center,R1-900um-top-to-bottom-center,251,7,R1-900um-top-to-bottom-center_frame_251,1,0,0,0,1,1,1-0-0-0,Surface_Crack,0,0,0,none,none,9284,0.030221
image_1784.jpg,R1-600um-top-to-bottom-center_frame_594_patch_1.png,1,600,top-to-bottom-center,R1-600um-top-to-bottom-center,594,1,R1-600um-top-to-bottom-center_frame_594,1,0,0,0,1,1,1-0-0-0,Surface_Crack,0,0,0,none,none,6033,0.019639
image_1785.jpg,R1-1100um-top-to-bottom-center_frame_128_patch_1.png,1,1100,top-to-bottom-center,R1-1100um-top-to-bottom-center,128,1,R1-1100um-top-to-bottom-center_frame_128,1,0,0,0,1,1,1-0-0-0,Surface_Crack,0,0,0,none,none,5598,0.018223
image_1786.jpg,R1-600um-top-to-bottom-center_frame_567_patch_0.png,1,600,top-to-bottom-center,R1-600um-top-to-bottom-center,567,0,R1-600um-top-to-bottom-center_frame_567,1,0,0,1,1,1,1-0-0-1,Surface_Crack+unclassified,0,1,1,1,unclassified,893,0.002907
image_1787.jpg,R1-1100um-top-to-bottom-center_frame_245_patch_5.png,1,1100,top-to-bottom-center,R1-1100um-top-to-bottom-center,245,5,R1-1100um-top-to-bottom-center_frame_245,1,0,0,0,1,1,1-0-0-0,Surface_Crack,0,0,0,none,none,6023,0.019606
image_1788.jpg,R1-1100um-top-to-bottom-center_frame_220_patch_5.png,1,1100,top-to-bottom-center,R1-1100um-top-to-bottom-center,220,5,R1-1100um-top-to-bottom-center_frame_220,1,0,0,0,1,1,1-0-0-0,Surface_Crack,0,0,0,none,none,7145,0.023258
image_1789.jpg,R1-800um-top-to-bottom-center_frame_638_patch_1.png,1,800,top-to-bottom-center,R1-800um-top-to-bottom-center,638,1,R1-800um-top-to-bottom-center_frame_638,1,0,0,0,1,1,1-0-0-0,Surface_Crack,0,0,0,none,none,12379,0.040296
image_1790.jpg,R1-600um-top-to-bottom-center_frame_63_patch_2.png,1,600,top-to-bottom-center,R1-600um-top-to-bottom-center,63,2,R1-600um-top-to-bottom-center_frame_63,0,0,1,0,1,1,0-0-1-0,Pinhole,0,1,3,0,Pinhole,128,0.000417
image_1791.jpg,R1-600um-top-to-bottom-center_frame_569_patch_1.png,1,600,top-to-bottom-center,R1-600um-top-to-bottom-center,569,1,R1-600um-top-to-bottom-center_frame_569,1,0,1,0,2,1,1-0-1-0,Surface_Crack+Pinhole,0,1,1,0,Pinhole,3226,0.010501
image_1792.jpg,R7-700um-middle_frame_221_patch_1.png,7,700,middle,R7-700um-middle,221,1,R7-700um-middle_frame_221,1,0,0,0,1,1,1-0-0-0,Surface_Crack,0,0,0,none,none,984,0.003203
image_1793.jpg,R1-700um-top-to-bottom-center_frame_426_patch_2.png,1,700,top-to-bottom-center,R1-700um-top-to-bottom-center,426,2,R1-700um-top-to-bottom-center_frame_426,1,0,0,0,1,1,1-0-0-0,Surface_Crack,0,0,0,none,none,1957,0.00637
image_1794.jpg,R1-800um-top-to-bottom-center_frame_561_patch_0.png,1,800,top-to-bottom-center,R1-800um-top-to-bottom-center,561,0,R1-800um-top-to-bottom-center_frame_561,1,0,0,0,1,1,1-0-0-0,Surface_Crack,0,0,0,none,none,8195,0.026676
image_1795.jpg,R1-700um-top-to-bottom-center_frame_347_patch_5.png,1,700,top-to-bottom-center,R1-700um-top-to-bottom-center,347,5,R1-700um-top-to-bottom-center_frame_347,1,0,0,0,1,1,1-0-0-0,Surface_Crack,0,0,0,none,none,3673,0.011956
image_1796.jpg,R1-1100um-top-to-bottom-center_frame_144_patch_0.png,1,1100,top-to-bottom-center,R1-1100um-top-to-bottom-center,144,0,R1-1100um-top-to-bottom-center_frame_144,1,0,0,0,1,1,1-0-0-0,Surface_Crack,0,0,0,none,none,6445,0.02098
image_1797.jpg,R1-800um-top-to-bottom-center_frame_501_patch_7.png,1,800,top-to-bottom-center,R1-800um-top-to-bottom-center,501,7,R1-800um-top-to-bottom-center_frame_501,1,0,0,0,1,1,1-0-0-0,Surface_Crack,0,0,0,none,none,5701,0.018558
image_1798.jpg,R1-1000um-top-to-bottom-center_frame_585_patch_0.png,1,1000,top-to-bottom-center,R1-1000um-top-to-bottom-center,585,0,R1-1000um-top-to-bottom-center_frame_585,1,0,0,0,1,1,1-0-0-0,Surface_Crack,0,0,0,none,none,5897,0.019196
image_1799.jpg,R1-700um-top-to-bottom-center_frame_452_patch_2.png,1,700,top-to-bottom-center,R1-700um-top-to-bottom-center,452,2,R1-700um-top-to-bottom-center_frame_452,1,0,0,0,1,1,1-0-0-0,Surface_Crack,0,0,0,none,none,3984,0.012969
image_1800.jpg,R1-1100um-top-to-bottom-center_frame_356_patch_1.png,1,1100,top-to-bottom-center,R1-1100um-top-to-bottom-center,356,1,R1-1100um-top-to-bottom-center_frame_356,1,0,0,0,1,1,1-0-0-0,Surface_Crack,0,0,0,none,none,9546,0.031074
image_1801.jpg,R1-1100um-top-to-bottom-center_frame_83_patch_7.png,1,1100,top-to-bottom-center,R1-1100um-top-to-bottom-center,83,7,R1-1100um-top-to-bottom-center_frame_83,1,0,0,0,1,1,1-0-0-0,Surface_Crack,0,0,0,none,none,5427,0.017666
image_1802.jpg,R1-1100um-top-to-bottom-center_frame_175_patch_5.png,1,1100,top-to-bottom-center,R1-1100um-top-to-bottom-center,175,5,R1-1100um-top-to-bottom-center_frame_175,1,0,0,0,1,1,1-0-0-0,Surface_Crack,0,0,0,none,none,6443,0.020973
image_1803.jpg,R1-800um-top-to-bottom-center_frame_501_patch_4.png,1,800,top-to-bottom-center,R1-800um-top-to-bottom-center,501,4,R1-800um-top-to-bottom-center_frame_501,1,0,1,0,2,1,1-0-1-0,Surface_Crack+Pinhole,0,1,1,0,Pinhole,7364,0.023971
image_1804.jpg,R1-1100um-top-to-bottom-center_frame_277_patch_3.png,1,1100,top-to-bottom-center,R1-1100um-top-to-bottom-center,277,3,R1-1100um-top-to-bottom-center_frame_277,1,0,0,0,1,1,1-0-0-0,Surface_Crack,0,0,0,none,none,8212,0.026732
image_1805.jpg,R1-700um-top-to-bottom-center_frame_263_patch_1.png,1,700,top-to-bottom-center,R1-700um-top-to-bottom-center,263,1,R1-700um-top-to-bottom-center_frame_263,1,0,0,0,1,1,1-0-0-0,Surface_Crack,0,0,0,none,none,5332,0.017357
image_1806.jpg,R1-1100um-top-to-bottom-center-1_frame_488_patch_2.png,1,1100,top-to-bottom-center-1,R1-1100um-top-to-bottom-center-1,488,2,R1-1100um-top-to-bottom-center-1_frame_488,1,1,0,0,2,1,1-1-0-0,Surface_Crack+Delamination,0,0,0,none,none,14476,0.047122
image_1807.jpg,R1-800um-top-to-bottom-center_frame_651_patch_3.png,1,800,top-to-bottom-center,R1-800um-top-to-bottom-center,651,3,R1-800um-top-to-bottom-center_frame_651,1,0,1,0,2,1,1-0-1-0,Surface_Crack+Pinhole,0,1,1,0,Pinhole,6171,0.020088
image_1808.jpg,R1-1100um-top-to-bottom-center_frame_361_patch_5.png,1,1100,top-to-bottom-center,R1-1100um-top-to-bottom-center,361,5,R1-1100um-top-to-bottom-center_frame_361,1,0,0,0,1,1,1-0-0-0,Surface_Crack,0,0,0,none,none,7386,0.024043
image_1809.jpg,R1-1100um-top-to-bottom-center_frame_145_patch_7.png,1,1100,top-to-bottom-center,R1-1100um-top-to-bottom-center,145,7,R1-1100um-top-to-bottom-center_frame_145,1,0,0,0,1,1,1-0-0-0,Surface_Crack,0,0,0,none,none,10420,0.033919
image_1810.jpg,R1-1100um-top-to-bottom-center_frame_52_patch_1.png,1,1100,top-to-bottom-center,R1-1100um-top-to-bottom-center,52,1,R1-1100um-top-to-bottom-center_frame_52,1,0,0,0,1,1,1-0-0-0,Surface_Crack,0,0,0,none,none,3940,0.012826
image_1811.jpg,R1-1100um-top-to-bottom-center-1_frame_262_patch_1.png,1,1100,top-to-bottom-center-1,R1-1100um-top-to-bottom-center-1,262,1,R1-1100um-top-to-bottom-center-1_frame_262,0,0,1,0,1,1,0-0-1-0,Pinhole,0,1,1,0,Pinhole,139,0.000452
image_1812.jpg,R1-800um-top-to-bottom-center_frame_358_patch_8.png,1,800,top-to-bottom-center,R1-800um-top-to-bottom-center,358,8,R1-800um-top-to-bottom-center_frame_358,1,0,0,0,1,1,1-0-0-0,Surface_Crack,0,0,0,none,none,1940,0.006315
image_1813.jpg,R1-700um-top-to-bottom-center_frame_587_patch_1.png,1,700,top-to-bottom-center,R1-700um-top-to-bottom-center,587,1,R1-700um-top-to-bottom-center_frame_587,1,0,0,0,1,1,1-0-0-0,Surface_Crack,0,0,0,none,none,6136,0.019974
image_1814.jpg,R1-1000um-top-to-bottom-center_frame_260_patch_4.png,1,1000,top-to-bottom-center,R1-1000um-top-to-bottom-center,260,4,R1-1000um-top-to-bottom-center_frame_260,1,0,0,0,1,1,1-0-0-0,Surface_Crack,0,0,0,none,none,13618,0.044329
image_1815.jpg,R1-1000um-top-to-bottom-center_frame_569_patch_8.png,1,1000,top-to-bottom-center,R1-1000um-top-to-bottom-center,569,8,R1-1000um-top-to-bottom-center_frame_569,1,0,0,0,1,1,1-0-0-0,Surface_Crack,0,0,0,none,none,4389,0.014287
image_1816.jpg,R1-800um-top-to-bottom-center_frame_408_patch_4.png,1,800,top-to-bottom-center,R1-800um-top-to-bottom-center,408,4,R1-800um-top-to-bottom-center_frame_408,1,0,1,0,2,1,1-0-1-0,Surface_Crack+Pinhole,0,1,1,0,Pinhole,2519,0.0082
image_1817.jpg,R1-900um-top-to-bottom-center_frame_290_patch_2.png,1,900,top-to-bottom-center,R1-900um-top-to-bottom-center,290,2,R1-900um-top-to-bottom-center_frame_290,1,0,0,0,1,1,1-0-0-0,Surface_Crack,0,0,0,none,none,6521,0.021227
image_1818.jpg,R1-800um-top-to-bottom-center_frame_623_patch_1.png,1,800,top-to-bottom-center,R1-800um-top-to-bottom-center,623,1,R1-800um-top-to-bottom-center_frame_623,1,1,1,0,3,1,1-1-1-0,Surface_Crack+Delamination+Pinhole,0,1,1,0,Pinhole,20162,0.065632
image_1819.jpg,R1-900um-top-to-bottom-center_frame_564_patch_1.png,1,900,top-to-bottom-center,R1-900um-top-to-bottom-center,564,1,R1-900um-top-to-bottom-center_frame_564,1,0,0,0,1,1,1-0-0-0,Surface_Crack,0,0,0,none,none,9257,0.030133
image_1820.jpg,R1-700um-top-to-bottom-center_frame_618_patch_8.png,1,700,top-to-bottom-center,R1-700um-top-to-bottom-center,618,8,R1-700um-top-to-bottom-center_frame_618,1,0,0,0,1,1,1-0-0-0,Surface_Crack,0,0,0,none,none,5334,0.017363
image_1821.jpg,R1-1100um-top-to-bottom-center-1_frame_169_patch_5.png,1,1100,top-to-bottom-center-1,R1-1100um-top-to-bottom-center-1,169,5,R1-1100um-top-to-bottom-center-1_frame_169,1,0,1,0,2,1,1-0-1-0,Surface_Crack+Pinhole,0,1,2,0,Pinhole,8281,0.026956
image_1822.jpg,R1-1000um-top-to-bottom-center_frame_487_patch_2.png,1,1000,top-to-bottom-center,R1-1000um-top-to-bottom-center,487,2,R1-1000um-top-to-bottom-center_frame_487,1,1,1,0,3,1,1-1-1-0,Surface_Crack+Delamination+Pinhole,0,1,1,0,Pinhole,19329,0.06292
image_1823.jpg,R1-800um-top-to-bottom-center_frame_63_patch_3.png,1,800,top-to-bottom-center,R1-800um-top-to-bottom-center,63,3,R1-800um-top-to-bottom-center_frame_63,0,0,1,0,1,1,0-0-1-0,Pinhole,0,1,1,0,Pinhole,53,0.000173
image_1824.jpg,R1-1100um-top-to-bottom-center_frame_281_patch_2.png,1,1100,top-to-bottom-center,R1-1100um-top-to-bottom-center,281,2,R1-1100um-top-to-bottom-center_frame_281,1,0,1,0,2,1,1-0-1-0,Surface_Crack+Pinhole,0,1,1,0,Pinhole,6338,0.020632
image_1825.jpg,R7-700um-middle_frame_212_patch_7.png,7,700,middle,R7-700um-middle,212,7,R7-700um-middle_frame_212,1,0,0,0,1,1,1-0-0-0,Surface_Crack,0,0,0,none,none,3396,0.011055
image_1826.jpg,R1-1100um-top-to-bottom-center_frame_370_patch_4.png,1,1100,top-to-bottom-center,R1-1100um-top-to-bottom-center,370,4,R1-1100um-top-to-bottom-center_frame_370,1,0,1,0,2,1,1-0-1-0,Surface_Crack+Pinhole,0,1,1,0,Pinhole,12757,0.041527
image_1827.jpg,R1-700um-top-to-bottom-center_frame_51_patch_3.png,1,700,top-to-bottom-center,R1-700um-top-to-bottom-center,51,3,R1-700um-top-to-bottom-center_frame_51,0,0,0,1,0,0,0-0-0-1,unclassified,0,1,2,1,unclassified,0,0.0
image_1828.jpg,R1-900um-top-to-bottom-center_frame_263_patch_0.png,1,900,top-to-bottom-center,R1-900um-top-to-bottom-center,263,0,R1-900um-top-to-bottom-center_frame_263,1,0,1,0,2,1,1-0-1-0,Surface_Crack+Pinhole,0,1,1,0,Pinhole,9763,0.031781
image_1829.jpg,R1-900um-top-to-bottom-center_frame_288_patch_7.png,1,900,top-to-bottom-center,R1-900um-top-to-bottom-center,288,7,R1-900um-top-to-bottom-center_frame_288,1,0,0,0,1,1,1-0-0-0,Surface_Crack,0,0,0,none,none,7903,0.025726
image_1830.jpg,R1-1000um-top-to-bottom-center_frame_585_patch_8.png,1,1000,top-to-bottom-center,R1-1000um-top-to-bottom-center,585,8,R1-1000um-top-to-bottom-center_frame_585,1,0,0,0,1,1,1-0-0-0,Surface_Crack,0,0,0,none,none,9961,0.032425
image_1831.jpg,R1-1100um-top-to-bottom-center_frame_205_patch_0.png,1,1100,top-to-bottom-center,R1-1100um-top-to-bottom-center,205,0,R1-1100um-top-to-bottom-center_frame_205,1,0,0,0,1,1,1-0-0-0,Surface_Crack,0,0,0,none,none,1278,0.00416
image_1832.jpg,R7-700um-middle_frame_251_patch_8.png,7,700,middle,R7-700um-middle,251,8,R7-700um-middle_frame_251,0,0,1,0,1,1,0-0-1-0,Pinhole,0,1,1,0,Pinhole,175,0.00057
image_1833.jpg,R1-900um-top-to-bottom-center_frame_251_patch_4.png,1,900,top-to-bottom-center,R1-900um-top-to-bottom-center,251,4,R1-900um-top-to-bottom-center_frame_251,1,0,0,0,1,1,1-0-0-0,Surface_Crack,0,0,0,none,none,10750,0.034993
image_1834.jpg,R7-700um-middle_frame_553_patch_1.png,7,700,middle,R7-700um-middle,553,1,R7-700um-middle_frame_553,0,1,0,0,1,1,0-1-0-0,Delamination,0,0,0,none,none,39466,0.12847
image_1835.jpg,R1-800um-top-to-bottom-center_frame_492_patch_8.png,1,800,top-to-bottom-center,R1-800um-top-to-bottom-center,492,8,R1-800um-top-to-bottom-center_frame_492,1,0,0,0,1,1,1-0-0-0,Surface_Crack,0,0,0,none,none,3804,0.012383
image_1836.jpg,R1-700um-top-to-bottom-center_frame_347_patch_1.png,1,700,top-to-bottom-center,R1-700um-top-to-bottom-center,347,1,R1-700um-top-to-bottom-center_frame_347,1,0,0,0,1,1,1-0-0-0,Surface_Crack,0,0,0,none,none,2894,0.009421
image_1837.jpg,R1-900um-top-to-bottom-center_frame_512_patch_6.png,1,900,top-to-bottom-center,R1-900um-top-to-bottom-center,512,6,R1-900um-top-to-bottom-center_frame_512,1,0,0,0,1,1,1-0-0-0,Surface_Crack,0,0,0,none,none,3375,0.010986
image_1838.jpg,R1-600um-top-to-bottom-center_frame_569_patch_8.png,1,600,top-to-bottom-center,R1-600um-top-to-bottom-center,569,8,R1-600um-top-to-bottom-center_frame_569,1,0,0,0,1,1,1-0-0-0,Surface_Crack,0,0,0,none,none,2599,0.00846
image_1839.jpg,R1-900um-top-to-bottom-center_frame_166_patch_7.png,1,900,top-to-bottom-center,R1-900um-top-to-bottom-center,166,7,R1-900um-top-to-bottom-center_frame_166,1,0,1,0,2,1,1-0-1-0,Surface_Crack+Pinhole,0,1,1,0,Pinhole,2111,0.006872
image_1840.jpg,R1-600um-top-to-bottom-center_frame_51_patch_6.png,1,600,top-to-bottom-center,R1-600um-top-to-bottom-center,51,6,R1-600um-top-to-bottom-center_frame_51,0,0,0,0,0,0,0-0-0-0,none,1,0,0,none,none,0,0.0
image_1841.jpg,R1-800um-top-to-bottom-center_frame_638_patch_6.png,1,800,top-to-bottom-center,R1-800um-top-to-bottom-center,638,6,R1-800um-top-to-bottom-center_frame_638,1,1,0,0,2,1,1-1-0-0,Surface_Crack+Delamination,0,0,0,none,none,40859,0.133005
image_1842.jpg,R1-600um-top-to-bottom-center_frame_412_patch_2.png,1,600,top-to-bottom-center,R1-600um-top-to-bottom-center,412,2,R1-600um-top-to-bottom-center_frame_412,1,0,0,0,1,1,1-0-0-0,Surface_Crack,0,0,0,none,none,1408,0.004583
image_1843.jpg,R1-1100um-top-to-bottom-center-1_frame_289_patch_3.png,1,1100,top-to-bottom-center-1,R1-1100um-top-to-bottom-center-1,289,3,R1-1100um-top-to-bottom-center-1_frame_289,1,0,1,0,2,1,1-0-1-0,Surface_Crack+Pinhole,0,1,1,0,Pinhole,8991,0.029268
image_1844.jpg,R1-1100um-top-to-bottom-center-1_frame_267_patch_3.png,1,1100,top-to-bottom-center-1,R1-1100um-top-to-bottom-center-1,267,3,R1-1100um-top-to-bottom-center-1_frame_267,1,0,0,0,1,1,1-0-0-0,Surface_Crack,0,0,0,none,none,5675,0.018473
image_1845.jpg,R1-1100um-top-to-bottom-center_frame_253_patch_5.png,1,1100,top-to-bottom-center,R1-1100um-top-to-bottom-center,253,5,R1-1100um-top-to-bottom-center_frame_253,1,0,0,0,1,1,1-0-0-0,Surface_Crack,0,0,0,none,none,5175,0.016846
image_1846.jpg,R1-800um-top-to-bottom-center_frame_526_patch_0.png,1,800,top-to-bottom-center,R1-800um-top-to-bottom-center,526,0,R1-800um-top-to-bottom-center_frame_526,1,0,0,0,1,1,1-0-0-0,Surface_Crack,0,0,0,none,none,3533,0.011501
image_1847.jpg,R1-800um-top-to-bottom-center_frame_117_patch_6.png,1,800,top-to-bottom-center,R1-800um-top-to-bottom-center,117,6,R1-800um-top-to-bottom-center_frame_117,0,0,1,0,1,1,0-0-1-0,Pinhole,0,1,1,0,Pinhole,170,0.000553
image_1848.jpg,R1-1100um-top-to-bottom-center_frame_281_patch_0.png,1,1100,top-to-bottom-center,R1-1100um-top-to-bottom-center,281,0,R1-1100um-top-to-bottom-center_frame_281,1,0,0,0,1,1,1-0-0-0,Surface_Crack,0,0,0,none,none,8881,0.02891
image_1849.jpg,R1-700um-top-to-bottom-center_frame_673_patch_4.png,1,700,top-to-bottom-center,R1-700um-top-to-bottom-center,673,4,R1-700um-top-to-bottom-center_frame_673,1,0,1,0,2,1,1-0-1-0,Surface_Crack+Pinhole,0,1,1,0,Pinhole,5024,0.016354
image_1850.jpg,R1-600um-top-to-bottom-center_frame_58_patch_6.png,1,600,top-to-bottom-center,R1-600um-top-to-bottom-center,58,6,R1-600um-top-to-bottom-center_frame_58,0,0,1,0,1,1,0-0-1-0,Pinhole,0,1,1,0,Pinhole,245,0.000798
image_1851.jpg,R1-600um-top-to-bottom-center_frame_555_patch_1.png,1,600,top-to-bottom-center,R1-600um-top-to-bottom-center,555,1,R1-600um-top-to-bottom-center_frame_555,0,0,1,0,1,1,0-0-1-0,Pinhole,0,1,1,0,Pinhole,70,0.000228
image_1852.jpg,R1-900um-top-to-bottom-center_frame_221_patch_7.png,1,900,top-to-bottom-center,R1-900um-top-to-bottom-center,221,7,R1-900um-top-to-bottom-center_frame_221,1,0,0,0,1,1,1-0-0-0,Surface_Crack,0,0,0,none,none,13692,0.04457
image_1853.jpg,R1-1100um-top-to-bottom-center_frame_220_patch_6.png,1,1100,top-to-bottom-center,R1-1100um-top-to-bottom-center,220,6,R1-1100um-top-to-bottom-center_frame_220,1,0,0,0,1,1,1-0-0-0,Surface_Crack,0,0,0,none,none,7282,0.023704
image_1854.jpg,R1-900um-top-to-bottom-center_frame_565_patch_4.png,1,900,top-to-bottom-center,R1-900um-top-to-bottom-center,565,4,R1-900um-top-to-bottom-center_frame_565,1,0,1,0,2,1,1-0-1-0,Surface_Crack+Pinhole,0,1,1,0,Pinhole,12182,0.039655
image_1855.jpg,R1-900um-top-to-bottom-center_frame_557_patch_3.png,1,900,top-to-bottom-center,R1-900um-top-to-bottom-center,557,3,R1-900um-top-to-bottom-center_frame_557,1,0,0,0,1,1,1-0-0-0,Surface_Crack,0,0,0,none,none,3909,0.012725
image_1856.jpg,R1-1100um-top-to-bottom-center-1_frame_397_patch_4.png,1,1100,top-to-bottom-center-1,R1-1100um-top-to-bottom-center-1,397,4,R1-1100um-top-to-bottom-center-1_frame_397,1,0,0,0,1,1,1-0-0-0,Surface_Crack,0,0,0,none,none,11384,0.037057
image_1857.jpg,R1-600um-top-to-bottom-center_frame_87_patch_8.png,1,600,top-to-bottom-center,R1-600um-top-to-bottom-center,87,8,R1-600um-top-to-bottom-center_frame_87,0,0,1,0,1,1,0-0-1-0,Pinhole,0,1,1,0,Pinhole,10,3.3e-05
image_1858.jpg,R1-1100um-top-to-bottom-center-1_frame_250_patch_4.png,1,1100,top-to-bottom-center-1,R1-1100um-top-to-bottom-center-1,250,4,R1-1100um-top-to-bottom-center-1_frame_250,1,0,0,0,1,1,1-0-0-0,Surface_Crack,0,0,0,none,none,8413,0.027386
image_1859.jpg,R1-1100um-top-to-bottom-center-1_frame_225_patch_0.png,1,1100,top-to-bottom-center-1,R1-1100um-top-to-bottom-center-1,225,0,R1-1100um-top-to-bottom-center-1_frame_225,1,0,0,0,1,1,1-0-0-0,Surface_Crack,0,0,0,none,none,6381,0.020771
image_1860.jpg,R1-1100um-top-to-bottom-center_frame_342_patch_4.png,1,1100,top-to-bottom-center,R1-1100um-top-to-bottom-center,342,4,R1-1100um-top-to-bottom-center_frame_342,1,0,0,0,1,1,1-0-0-0,Surface_Crack,0,0,0,none,none,9797,0.031891
image_1861.jpg,R1-600um-top-to-bottom-center_frame_271_patch_5.png,1,600,top-to-bottom-center,R1-600um-top-to-bottom-center,271,5,R1-600um-top-to-bottom-center_frame_271,0,0,1,0,1,1,0-0-1-0,Pinhole,0,1,1,0,Pinhole,8,2.6e-05
image_1862.jpg,R1-1100um-top-to-bottom-center-1_frame_502_patch_0.png,1,1100,top-to-bottom-center-1,R1-1100um-top-to-bottom-center-1,502,0,R1-1100um-top-to-bottom-center-1_frame_502,1,1,0,0,2,1,1-1-0-0,Surface_Crack+Delamination,0,0,0,none,none,8777,0.028571
image_1863.jpg,R1-900um-top-to-bottom-center_frame_557_patch_7.png,1,900,top-to-bottom-center,R1-900um-top-to-bottom-center,557,7,R1-900um-top-to-bottom-center_frame_557,1,0,0,0,1,1,1-0-0-0,Surface_Crack,0,0,0,none,none,7290,0.02373
image_1864.jpg,R1-900um-top-to-bottom-center_frame_275_patch_6.png,1,900,top-to-bottom-center,R1-900um-top-to-bottom-center,275,6,R1-900um-top-to-bottom-center_frame_275,1,0,0,0,1,1,1-0-0-0,Surface_Crack,0,0,0,none,none,14021,0.045641
image_1865.jpg,R1-700um-top-to-bottom-center_frame_387_patch_1.png,1,700,top-to-bottom-center,R1-700um-top-to-bottom-center,387,1,R1-700um-top-to-bottom-center_frame_387,1,0,0,0,1,1,1-0-0-0,Surface_Crack,0,0,0,none,none,2942,0.009577
image_1866.jpg,R1-600um-top-to-bottom-center_frame_569_patch_4.png,1,600,top-to-bottom-center,R1-600um-top-to-bottom-center,569,4,R1-600um-top-to-bottom-center_frame_569,1,0,0,0,1,1,1-0-0-0,Surface_Crack,0,0,0,none,none,2499,0.008135
image_1867.jpg,R1-700um-top-to-bottom-center_frame_242_patch_4.png,1,700,top-to-bottom-center,R1-700um-top-to-bottom-center,242,4,R1-700um-top-to-bottom-center_frame_242,0,0,1,0,1,1,0-0-1-0,Pinhole,0,1,1,0,Pinhole,48,0.000156
image_1868.jpg,R1-1000um-top-to-bottom-center_frame_384_patch_2.png,1,1000,top-to-bottom-center,R1-1000um-top-to-bottom-center,384,2,R1-1000um-top-to-bottom-center_frame_384,1,0,0,0,1,1,1-0-0-0,Surface_Crack,0,0,0,none,none,21892,0.071263
image_1869.jpg,R1-900um-top-to-bottom-center_frame_557_patch_1.png,1,900,top-to-bottom-center,R1-900um-top-to-bottom-center,557,1,R1-900um-top-to-bottom-center_frame_557,1,0,0,0,1,1,1-0-0-0,Surface_Crack,0,0,0,none,none,9790,0.031868
image_1870.jpg,R1-700um-top-to-bottom-center_frame_329_patch_5.png,1,700,top-to-bottom-center,R1-700um-top-to-bottom-center,329,5,R1-700um-top-to-bottom-center_frame_329,1,0,1,0,2,1,1-0-1-0,Surface_Crack+Pinhole,0,1,1,0,Pinhole,6932,0.022565
image_1871.jpg,R1-1100um-top-to-bottom-center_frame_193_patch_4.png,1,1100,top-to-bottom-center,R1-1100um-top-to-bottom-center,193,4,R1-1100um-top-to-bottom-center_frame_193,1,0,1,0,2,1,1-0-1-0,Surface_Crack+Pinhole,0,1,1,0,Pinhole,7733,0.025173
image_1872.jpg,R1-900um-top-to-bottom-center_frame_376_patch_2.png,1,900,top-to-bottom-center,R1-900um-top-to-bottom-center,376,2,R1-900um-top-to-bottom-center_frame_376,1,0,0,0,1,1,1-0-0-0,Surface_Crack,0,0,0,none,none,4323,0.014072
image_1873.jpg,R1-1000um-top-to-bottom-center_frame_256_patch_2.png,1,1000,top-to-bottom-center,R1-1000um-top-to-bottom-center,256,2,R1-1000um-top-to-bottom-center_frame_256,1,0,0,0,1,1,1-0-0-0,Surface_Crack,0,0,0,none,none,13943,0.045387
image_1874.jpg,R1-600um-top-to-bottom-center_frame_314_patch_8.png,1,600,top-to-bottom-center,R1-600um-top-to-bottom-center,314,8,R1-600um-top-to-bottom-center_frame_314,0,0,1,0,1,1,0-0-1-0,Pinhole,0,1,1,0,Pinhole,20,6.5e-05
image_1875.jpg,R1-700um-top-to-bottom-center_frame_321_patch_2.png,1,700,top-to-bottom-center,R1-700um-top-to-bottom-center,321,2,R1-700um-top-to-bottom-center_frame_321,1,0,1,0,2,1,1-0-1-0,Surface_Crack+Pinhole,0,1,1,0,Pinhole,4700,0.015299
image_1876.jpg,R1-1100um-top-to-bottom-center-1_frame_397_patch_2.png,1,1100,top-to-bottom-center-1,R1-1100um-top-to-bottom-center-1,397,2,R1-1100um-top-to-bottom-center-1_frame_397,1,1,1,0,3,1,1-1-1-0,Surface_Crack+Delamination+Pinhole,0,1,1,0,Pinhole,25564,0.083216
image_1877.jpg,R1-800um-top-to-bottom-center_frame_627_patch_0.png,1,800,top-to-bottom-center,R1-800um-top-to-bottom-center,627,0,R1-800um-top-to-bottom-center_frame_627,1,1,0,0,2,1,1-1-0-0,Surface_Crack+Delamination,0,0,0,none,none,41933,0.136501
image_1878.jpg,R1-1100um-top-to-bottom-center-1_frame_342_patch_2.png,1,1100,top-to-bottom-center-1,R1-1100um-top-to-bottom-center-1,342,2,R1-1100um-top-to-bottom-center-1_frame_342,1,0,1,0,2,1,1-0-1-0,Surface_Crack+Pinhole,0,1,1,0,Pinhole,15688,0.051068
image_1879.jpg,R1-900um-top-to-bottom-center_frame_303_patch_0.png,1,900,top-to-bottom-center,R1-900um-top-to-bottom-center,303,0,R1-900um-top-to-bottom-center_frame_303,1,0,1,0,2,1,1-0-1-0,Surface_Crack+Pinhole,0,1,1,0,Pinhole,8157,0.026553
image_1880.jpg,R1-800um-top-to-bottom-center_frame_641_patch_4.png,1,800,top-to-bottom-center,R1-800um-top-to-bottom-center,641,4,R1-800um-top-to-bottom-center_frame_641,1,0,0,0,1,1,1-0-0-0,Surface_Crack,0,0,0,none,none,21431,0.069762
image_1881.jpg,R7-700um-middle_frame_221_patch_2.png,7,700,middle,R7-700um-middle,221,2,R7-700um-middle_frame_221,1,0,1,0,2,1,1-0-1-0,Surface_Crack+Pinhole,0,1,1,0,Pinhole,592,0.001927
image_1882.jpg,R1-700um-top-to-bottom-center_frame_41_patch_5.png,1,700,top-to-bottom-center,R1-700um-top-to-bottom-center,41,5,R1-700um-top-to-bottom-center_frame_41,0,0,1,0,1,1,0-0-1-0,Pinhole,0,1,1,0,Pinhole,22,7.2e-05
image_1883.jpg,R1-600um-top-to-bottom-center_frame_591_patch_1.png,1,600,top-to-bottom-center,R1-600um-top-to-bottom-center,591,1,R1-600um-top-to-bottom-center_frame_591,1,0,1,0,2,1,1-0-1-0,Surface_Crack+Pinhole,0,1,1,0,Pinhole,3206,0.010436
image_1884.jpg,R1-1100um-top-to-bottom-center-1_frame_338_patch_3.png,1,1100,top-to-bottom-center-1,R1-1100um-top-to-bottom-center-1,338,3,R1-1100um-top-to-bottom-center-1_frame_338,1,0,0,0,1,1,1-0-0-0,Surface_Crack,0,0,0,none,none,15137,0.049274
image_1885.jpg,R1-1100um-top-to-bottom-center-1_frame_387_patch_2.png,1,1100,top-to-bottom-center-1,R1-1100um-top-to-bottom-center-1,387,2,R1-1100um-top-to-bottom-center-1_frame_387,1,1,0,0,2,1,1-1-0-0,Surface_Crack+Delamination,0,0,0,none,none,20264,0.065964
image_1886.jpg,R1-800um-top-to-bottom-center_frame_608_patch_0.png,1,800,top-to-bottom-center,R1-800um-top-to-bottom-center,608,0,R1-800um-top-to-bottom-center_frame_608,1,1,0,0,2,1,1-1-0-0,Surface_Crack+Delamination,0,0,0,none,none,17783,0.057887
image_1887.jpg,R1-700um-top-to-bottom-center_frame_306_patch_0.png,1,700,top-to-bottom-center,R1-700um-top-to-bottom-center,306,0,R1-700um-top-to-bottom-center_frame_306,1,0,0,0,1,1,1-0-0-0,Surface_Crack,0,0,0,none,none,5997,0.019521
image_1888.jpg,R1-800um-top-to-bottom-center_frame_253_patch_2.png,1,800,top-to-bottom-center,R1-800um-top-to-bottom-center,253,2,R1-800um-top-to-bottom-center_frame_253,0,0,0,0,0,0,0-0-0-0,none,1,0,0,none,none,0,0.0
image_1889.jpg,R1-1100um-top-to-bottom-center_frame_193_patch_8.png,1,1100,top-to-bottom-center,R1-1100um-top-to-bottom-center,193,8,R1-1100um-top-to-bottom-center_frame_193,1,0,0,0,1,1,1-0-0-0,Surface_Crack,0,0,0,none,none,6959,0.022653
image_1890.jpg,R1-1100um-top-to-bottom-center_frame_384_patch_1.png,1,1100,top-to-bottom-center,R1-1100um-top-to-bottom-center,384,1,R1-1100um-top-to-bottom-center_frame_384,1,0,0,0,1,1,1-0-0-0,Surface_Crack,0,0,0,none,none,9754,0.031751
image_1891.jpg,R1-1000um-top-to-bottom-center_frame_433_patch_7.png,1,1000,top-to-bottom-center,R1-1000um-top-to-bottom-center,433,7,R1-1000um-top-to-bottom-center_frame_433,1,0,0,0,1,1,1-0-0-0,Surface_Crack,0,0,0,none,none,5896,0.019193
image_1892.jpg,R1-700um-top-to-bottom-center_frame_289_patch_3.png,1,700,top-to-bottom-center,R1-700um-top-to-bottom-center,289,3,R1-700um-top-to-bottom-center_frame_289,1,0,0,0,1,1,1-0-0-0,Surface_Crack,0,0,0,none,none,17422,0.056712
image_1893.jpg,R1-1100um-top-to-bottom-center-1_frame_161_patch_3.png,1,1100,top-to-bottom-center-1,R1-1100um-top-to-bottom-center-1,161,3,R1-1100um-top-to-bottom-center-1_frame_161,1,0,0,0,1,1,1-0-0-0,Surface_Crack,0,0,0,none,none,10916,0.035534
image_1894.jpg,R1-900um-top-to-bottom-center_frame_179_patch_7.png,1,900,top-to-bottom-center,R1-900um-top-to-bottom-center,179,7,R1-900um-top-to-bottom-center_frame_179,1,0,0,0,1,1,1-0-0-0,Surface_Crack,0,0,0,none,none,3598,0.011712
image_1895.jpg,R1-1100um-top-to-bottom-center-1_frame_329_patch_3.png,1,1100,top-to-bottom-center-1,R1-1100um-top-to-bottom-center-1,329,3,R1-1100um-top-to-bottom-center-1_frame_329,1,0,0,0,1,1,1-0-0-0,Surface_Crack,0,0,0,none,none,12796,0.041654
image_1896.jpg,R1-1000um-top-to-bottom-center_frame_585_patch_1.png,1,1000,top-to-bottom-center,R1-1000um-top-to-bottom-center,585,1,R1-1000um-top-to-bottom-center_frame_585,1,0,1,0,2,1,1-0-1-0,Surface_Crack+Pinhole,0,1,1,0,Pinhole,8340,0.027148
image_1897.jpg,R1-600um-top-to-bottom-center_frame_459_patch_2.png,1,600,top-to-bottom-center,R1-600um-top-to-bottom-center,459,2,R1-600um-top-to-bottom-center_frame_459,1,0,1,0,2,1,1-0-1-0,Surface_Crack+Pinhole,0,1,1,0,Pinhole,1991,0.006481
image_1898.jpg,R1-1100um-top-to-bottom-center-1_frame_488_patch_3.png,1,1100,top-to-bottom-center-1,R1-1100um-top-to-bottom-center-1,488,3,R1-1100um-top-to-bottom-center-1_frame_488,1,1,0,0,2,1,1-1-0-0,Surface_Crack+Delamination,0,0,0,none,none,12309,0.040068
image_1899.jpg,R1-800um-top-to-bottom-center_frame_252_patch_7.png,1,800,top-to-bottom-center,R1-800um-top-to-bottom-center,252,7,R1-800um-top-to-bottom-center_frame_252,0,0,0,0,0,0,0-0-0-0,none,1,0,0,none,none,0,0.0
image_1900.jpg,R1-700um-top-to-bottom-center_frame_597_patch_4.png,1,700,top-to-bottom-center,R1-700um-top-to-bottom-center,597,4,R1-700um-top-to-bottom-center_frame_597,1,0,0,0,1,1,1-0-0-0,Surface_Crack,0,0,0,none,none,7698,0.025059
image_1901.jpg,R1-1100um-top-to-bottom-center_frame_183_patch_1.png,1,1100,top-to-bottom-center,R1-1100um-top-to-bottom-center,183,1,R1-1100um-top-to-bottom-center_frame_183,1,0,1,0,2,1,1-0-1-0,Surface_Crack+Pinhole,0,1,1,0,Pinhole,3612,0.011758
image_1902.jpg,R1-1000um-top-to-bottom-center_frame_550_patch_5.png,1,1000,top-to-bottom-center,R1-1000um-top-to-bottom-center,550,5,R1-1000um-top-to-bottom-center_frame_550,1,1,0,0,2,1,1-1-0-0,Surface_Crack+Delamination,0,0,0,none,none,23950,0.077962
image_1903.jpg,R1-600um-top-to-bottom-center_frame_387_patch_1.png,1,600,top-to-bottom-center,R1-600um-top-to-bottom-center,387,1,R1-600um-top-to-bottom-center_frame_387,1,0,1,0,2,1,1-0-1-0,Surface_Crack+Pinhole,0,1,1,0,Pinhole,4926,0.016035
image_1904.jpg,R1-600um-top-to-bottom-center_frame_61_patch_2.png,1,600,top-to-bottom-center,R1-600um-top-to-bottom-center,61,2,R1-600um-top-to-bottom-center_frame_61,0,0,1,0,1,1,0-0-1-0,Pinhole,0,1,2,0,Pinhole,137,0.000446
image_1905.jpg,R1-700um-top-to-bottom-center_frame_572_patch_4.png,1,700,top-to-bottom-center,R1-700um-top-to-bottom-center,572,4,R1-700um-top-to-bottom-center_frame_572,1,0,0,0,1,1,1-0-0-0,Surface_Crack,0,0,0,none,none,6024,0.019609
image_1906.jpg,R1-700um-top-to-bottom-center_frame_312_patch_6.png,1,700,top-to-bottom-center,R1-700um-top-to-bottom-center,312,6,R1-700um-top-to-bottom-center_frame_312,1,0,0,0,1,1,1-0-0-0,Surface_Crack,0,0,0,none,none,14131,0.045999
image_1907.jpg,R1-700um-top-to-bottom-center_frame_621_patch_7.png,1,700,top-to-bottom-center,R1-700um-top-to-bottom-center,621,7,R1-700um-top-to-bottom-center_frame_621,1,0,0,0,1,1,1-0-0-0,Surface_Crack,0,0,0,none,none,7195,0.023421
image_1908.jpg,R1-900um-top-to-bottom-center_frame_290_patch_6.png,1,900,top-to-bottom-center,R1-900um-top-to-bottom-center,290,6,R1-900um-top-to-bottom-center_frame_290,1,0,0,0,1,1,1-0-0-0,Surface_Crack,0,0,0,none,none,11450,0.037272
image_1909.jpg,R1-900um-top-to-bottom-center_frame_405_patch_0.png,1,900,top-to-bottom-center,R1-900um-top-to-bottom-center,405,0,R1-900um-top-to-bottom-center_frame_405,1,0,0,0,1,1,1-0-0-0,Surface_Crack,0,0,0,none,none,7131,0.023213
image_1910.jpg,R1-600um-top-to-bottom-center_frame_408_patch_5.png,1,600,top-to-bottom-center,R1-600um-top-to-bottom-center,408,5,R1-600um-top-to-bottom-center_frame_408,1,0,0,0,1,1,1-0-0-0,Surface_Crack,0,0,0,none,none,1749,0.005693
image_1911.jpg,R1-1100um-top-to-bottom-center_frame_161_patch_8.png,1,1100,top-to-bottom-center,R1-1100um-top-to-bottom-center,161,8,R1-1100um-top-to-bottom-center_frame_161,1,0,0,0,1,1,1-0-0-0,Surface_Crack,0,0,0,none,none,5581,0.018167
image_1912.jpg,R1-1100um-top-to-bottom-center-1_frame_267_patch_4.png,1,1100,top-to-bottom-center-1,R1-1100um-top-to-bottom-center-1,267,4,R1-1100um-top-to-bottom-center-1_frame_267,1,0,0,0,1,1,1-0-0-0,Surface_Crack,0,0,0,none,none,11409,0.037139
image_1913.jpg,R1-1100um-top-to-bottom-center_frame_262_patch_3.png,1,1100,top-to-bottom-center,R1-1100um-top-to-bottom-center,262,3,R1-1100um-top-to-bottom-center_frame_262,1,0,0,0,1,1,1-0-0-0,Surface_Crack,0,0,0,none,none,9618,0.031309
image_1914.jpg,R1-1000um-top-to-bottom-center_frame_122_patch_2.png,1,1000,top-to-bottom-center,R1-1000um-top-to-bottom-center,122,2,R1-1000um-top-to-bottom-center_frame_122,1,0,1,0,2,1,1-0-1-0,Surface_Crack+Pinhole,0,1,1,0,Pinhole,5745,0.018701
image_1915.jpg,R1-800um-top-to-bottom-center_frame_130_patch_7.png,1,800,top-to-bottom-center,R1-800um-top-to-bottom-center,130,7,R1-800um-top-to-bottom-center_frame_130,0,0,0,0,0,0,0-0-0-0,none,1,0,0,none,none,0,0.0
image_1916.jpg,R1-1100um-top-to-bottom-center-1_frame_241_patch_2.png,1,1100,top-to-bottom-center-1,R1-1100um-top-to-bottom-center-1,241,2,R1-1100um-top-to-bottom-center-1_frame_241,1,0,0,0,1,1,1-0-0-0,Surface_Crack,0,0,0,none,none,9207,0.029971
image_1917.jpg,R1-800um-top-to-bottom-center_frame_255_patch_7.png,1,800,top-to-bottom-center,R1-800um-top-to-bottom-center,255,7,R1-800um-top-to-bottom-center_frame_255,0,0,1,0,1,1,0-0-1-0,Pinhole,0,1,1,0,Pinhole,29,9.4e-05
image_1918.jpg,R1-1000um-top-to-bottom-center_frame_458_patch_5.png,1,1000,top-to-bottom-center,R1-1000um-top-to-bottom-center,458,5,R1-1000um-top-to-bottom-center_frame_458,1,0,0,0,1,1,1-0-0-0,Surface_Crack,0,0,0,none,none,31263,0.101768
image_1919.jpg,R7-700um-middle_frame_120_patch_5.png,7,700,middle,R7-700um-middle,120,5,R7-700um-middle_frame_120,1,0,0,0,1,1,1-0-0-0,Surface_Crack,0,0,0,none,none,4210,0.013704
image_1920.jpg,R1-1100um-top-to-bottom-center-1_frame_402_patch_7.png,1,1100,top-to-bottom-center-1,R1-1100um-top-to-bottom-center-1,402,7,R1-1100um-top-to-bottom-center-1_frame_402,1,1,0,0,2,1,1-1-0-0,Surface_Crack+Delamination,0,0,0,none,none,36422,0.118561
image_1921.jpg,R1-800um-top-to-bottom-center_frame_412_patch_4.png,1,800,top-to-bottom-center,R1-800um-top-to-bottom-center,412,4,R1-800um-top-to-bottom-center_frame_412,1,0,0,0,1,1,1-0-0-0,Surface_Crack,0,0,0,none,none,2446,0.007962
image_1922.jpg,R1-1100um-top-to-bottom-center_frame_386_patch_3.png,1,1100,top-to-bottom-center,R1-1100um-top-to-bottom-center,386,3,R1-1100um-top-to-bottom-center_frame_386,1,0,0,0,1,1,1-0-0-0,Surface_Crack,0,0,0,none,none,2855,0.009294
image_1923.jpg,R1-700um-top-to-bottom-center_frame_673_patch_3.png,1,700,top-to-bottom-center,R1-700um-top-to-bottom-center,673,3,R1-700um-top-to-bottom-center_frame_673,1,0,1,0,2,1,1-0-1-0,Surface_Crack+Pinhole,0,1,1,0,Pinhole,7274,0.023678
image_1924.jpg,R1-800um-top-to-bottom-center_frame_631_patch_8.png,1,800,top-to-bottom-center,R1-800um-top-to-bottom-center,631,8,R1-800um-top-to-bottom-center_frame_631,1,1,1,0,3,1,1-1-1-0,Surface_Crack+Delamination+Pinhole,0,1,1,0,Pinhole,10665,0.034717
image_1925.jpg,R1-1000um-top-to-bottom-center_frame_551_patch_0.png,1,1000,top-to-bottom-center,R1-1000um-top-to-bottom-center,551,0,R1-1000um-top-to-bottom-center_frame_551,1,0,0,0,1,1,1-0-0-0,Surface_Crack,0,0,0,none,none,6691,0.021781
image_1926.jpg,R7-700um-middle_frame_100_patch_4.png,7,700,middle,R7-700um-middle,100,4,R7-700um-middle_frame_100,1,1,1,0,3,1,1-1-1-0,Surface_Crack+Delamination+Pinhole,0,1,1,0,Pinhole,6276,0.02043
image_1927.jpg,R1-900um-top-to-bottom-center_frame_405_patch_3.png,1,900,top-to-bottom-center,R1-900um-top-to-bottom-center,405,3,R1-900um-top-to-bottom-center_frame_405,1,0,0,0,1,1,1-0-0-0,Surface_Crack,0,0,0,none,none,6140,0.019987
image_1928.jpg,R1-800um-top-to-bottom-center_frame_412_patch_8.png,1,800,top-to-bottom-center,R1-800um-top-to-bottom-center,412,8,R1-800um-top-to-bottom-center_frame_412,1,0,0,0,1,1,1-0-0-0,Surface_Crack,0,0,0,none,none,2869,0.009339
image_1929.jpg,R1-1000um-top-to-bottom-center_frame_156_patch_8.png,1,1000,top-to-bottom-center,R1-1000um-top-to-bottom-center,156,8,R1-1000um-top-to-bottom-center_frame_156,1,0,0,0,1,1,1-0-0-0,Surface_Crack,0,0,0,none,none,6937,0.022581
image_1930.jpg,R1-800um-top-to-bottom-center_frame_540_patch_5.png,1,800,top-to-bottom-center,R1-800um-top-to-bottom-center,540,5,R1-800um-top-to-bottom-center_frame_540,1,1,0,0,2,1,1-1-0-0,Surface_Crack+Delamination,0,0,0,none,none,8327,0.027106
image_1931.jpg,R1-800um-top-to-bottom-center_frame_631_patch_5.png,1,800,top-to-bottom-center,R1-800um-top-to-bottom-center,631,5,R1-800um-top-to-bottom-center_frame_631,1,1,1,0,3,1,1-1-1-0,Surface_Crack+Delamination+Pinhole,0,1,1,0,Pinhole,22029,0.071709
image_1932.jpg,R1-1100um-top-to-bottom-center-1_frame_447_patch_5.png,1,1100,top-to-bottom-center-1,R1-1100um-top-to-bottom-center-1,447,5,R1-1100um-top-to-bottom-center-1_frame_447,1,1,0,0,2,1,1-1-0-0,Surface_Crack+Delamination,0,0,0,none,none,15231,0.04958
image_1933.jpg,R1-1100um-top-to-bottom-center_frame_384_patch_7.png,1,1100,top-to-bottom-center,R1-1100um-top-to-bottom-center,384,7,R1-1100um-top-to-bottom-center_frame_384,1,0,0,0,1,1,1-0-0-0,Surface_Crack,0,0,0,none,none,8805,0.028662
image_1934.jpg,R1-900um-top-to-bottom-center_frame_557_patch_2.png,1,900,top-to-bottom-center,R1-900um-top-to-bottom-center,557,2,R1-900um-top-to-bottom-center_frame_557,1,0,0,0,1,1,1-0-0-0,Surface_Crack,0,0,0,none,none,6804,0.022148
image_1935.jpg,R1-1100um-top-to-bottom-center_frame_287_patch_5.png,1,1100,top-to-bottom-center,R1-1100um-top-to-bottom-center,287,5,R1-1100um-top-to-bottom-center_frame_287,1,0,1,0,2,1,1-0-1-0,Surface_Crack+Pinhole,0,1,1,0,Pinhole,8640,0.028125
image_1936.jpg,R1-900um-top-to-bottom-center_frame_263_patch_1.png,1,900,top-to-bottom-center,R1-900um-top-to-bottom-center,263,1,R1-900um-top-to-bottom-center_frame_263,1,0,0,0,1,1,1-0-0-0,Surface_Crack,0,0,0,none,none,10233,0.033311
image_1937.jpg,R1-1100um-top-to-bottom-center_frame_145_patch_6.png,1,1100,top-to-bottom-center,R1-1100um-top-to-bottom-center,145,6,R1-1100um-top-to-bottom-center_frame_145,1,0,0,0,1,1,1-0-0-0,Surface_Crack,0,0,0,none,none,6663,0.021689
image_1938.jpg,R1-1100um-top-to-bottom-center_frame_345_patch_1.png,1,1100,top-to-bottom-center,R1-1100um-top-to-bottom-center,345,1,R1-1100um-top-to-bottom-center_frame_345,1,0,0,0,1,1,1-0-0-0,Surface_Crack,0,0,0,none,none,6494,0.021139
image_1939.jpg,R1-600um-top-to-bottom-center_frame_356_patch_4.png,1,600,top-to-bottom-center,R1-600um-top-to-bottom-center,356,4,R1-600um-top-to-bottom-center_frame_356,1,0,0,0,1,1,1-0-0-0,Surface_Crack,0,0,0,none,none,10731,0.034932
image_1940.jpg,R1-600um-top-to-bottom-center_frame_79_patch_1.png,1,600,top-to-bottom-center,R1-600um-top-to-bottom-center,79,1,R1-600um-top-to-bottom-center_frame_79,0,0,1,0,1,1,0-0-1-0,Pinhole,0,1,1,0,Pinhole,160,0.000521
image_1941.jpg,R1-1000um-top-to-bottom-center_frame_222_patch_1.png,1,1000,top-to-bottom-center,R1-1000um-top-to-bottom-center,222,1,R1-1000um-top-to-bottom-center_frame_222,1,0,0,0,1,1,1-0-0-0,Surface_Crack,0,0,0,none,none,11571,0.037666
image_1942.jpg,R1-700um-top-to-bottom-center_frame_556_patch_5.png,1,700,top-to-bottom-center,R1-700um-top-to-bottom-center,556,5,R1-700um-top-to-bottom-center_frame_556,1,0,0,0,1,1,1-0-0-0,Surface_Crack,0,0,0,none,none,3392,0.011042
image_1943.jpg,R1-700um-top-to-bottom-center_frame_505_patch_7.png,1,700,top-to-bottom-center,R1-700um-top-to-bottom-center,505,7,R1-700um-top-to-bottom-center_frame_505,1,0,0,0,1,1,1-0-0-0,Surface_Crack,0,0,0,none,none,3701,0.012048
image_1944.jpg,R7-700um-middle_frame_97_patch_3.png,7,700,middle,R7-700um-middle,97,3,R7-700um-middle_frame_97,1,1,0,0,2,1,1-1-0-0,Surface_Crack+Delamination,0,0,0,none,none,11833,0.038519
image_1945.jpg,R1-600um-top-to-bottom-center_frame_432_patch_6.png,1,600,top-to-bottom-center,R1-600um-top-to-bottom-center,432,6,R1-600um-top-to-bottom-center_frame_432,1,0,0,0,1,1,1-0-0-0,Surface_Crack,0,0,0,none,none,2264,0.00737
image_1946.jpg,R7-700um-middle_frame_208_patch_6.png,7,700,middle,R7-700um-middle,208,6,R7-700um-middle_frame_208,1,0,0,0,1,1,1-0-0-0,Surface_Crack,0,0,0,none,none,3743,0.012184
image_1947.jpg,R1-600um-top-to-bottom-center_frame_311_patch_3.png,1,600,top-to-bottom-center,R1-600um-top-to-bottom-center,311,3,R1-600um-top-to-bottom-center_frame_311,0,0,1,0,1,1,0-0-1-0,Pinhole,0,1,1,0,Pinhole,27,8.8e-05
image_1948.jpg,R1-1100um-top-to-bottom-center-1_frame_468_patch_3.png,1,1100,top-to-bottom-center-1,R1-1100um-top-to-bottom-center-1,468,3,R1-1100um-top-to-bottom-center-1_frame_468,1,1,0,0,2,1,1-1-0-0,Surface_Crack+Delamination,0,0,0,none,none,9462,0.030801
image_1949.jpg,R1-1100um-top-to-bottom-center_frame_124_patch_1.png,1,1100,top-to-bottom-center,R1-1100um-top-to-bottom-center,124,1,R1-1100um-top-to-bottom-center_frame_124,1,0,0,0,1,1,1-0-0-0,Surface_Crack,0,0,0,none,none,4341,0.014131
image_1950.jpg,R1-600um-top-to-bottom-center_frame_0_patch_5.png,1,600,top-to-bottom-center,R1-600um-top-to-bottom-center,0,5,R1-600um-top-to-bottom-center_frame_0,0,0,1,0,1,1,0-0-1-0,Pinhole,0,1,1,0,Pinhole,32,0.000104
image_1951.jpg,R1-900um-top-to-bottom-center_frame_604_patch_7.png,1,900,top-to-bottom-center,R1-900um-top-to-bottom-center,604,7,R1-900um-top-to-bottom-center_frame_604,1,0,0,0,1,1,1-0-0-0,Surface_Crack,0,0,0,none,none,16196,0.052721
image_1952.jpg,R7-700um-middle_frame_120_patch_8.png,7,700,middle,R7-700um-middle,120,8,R7-700um-middle_frame_120,1,0,0,0,1,1,1-0-0-0,Surface_Crack,0,0,0,none,none,2053,0.006683
image_1953.jpg,R7-700um-middle_frame_212_patch_1.png,7,700,middle,R7-700um-middle,212,1,R7-700um-middle_frame_212,1,0,0,0,1,1,1-0-0-0,Surface_Crack,0,0,0,none,none,857,0.00279
image_1954.jpg,R1-1100um-top-to-bottom-center_frame_372_patch_8.png,1,1100,top-to-bottom-center,R1-1100um-top-to-bottom-center,372,8,R1-1100um-top-to-bottom-center_frame_372,1,0,0,0,1,1,1-0-0-0,Surface_Crack,0,0,0,none,none,7093,0.023089
image_1955.jpg,R1-800um-top-to-bottom-center_frame_358_patch_6.png,1,800,top-to-bottom-center,R1-800um-top-to-bottom-center,358,6,R1-800um-top-to-bottom-center_frame_358,1,0,0,0,1,1,1-0-0-0,Surface_Crack,0,0,0,none,none,4130,0.013444
image_1956.jpg,R1-900um-top-to-bottom-center_frame_210_patch_4.png,1,900,top-to-bottom-center,R1-900um-top-to-bottom-center,210,4,R1-900um-top-to-bottom-center_frame_210,1,0,0,0,1,1,1-0-0-0,Surface_Crack,0,0,0,none,none,13609,0.0443
image_1957.jpg,R1-1100um-top-to-bottom-center-1_frame_502_patch_4.png,1,1100,top-to-bottom-center-1,R1-1100um-top-to-bottom-center-1,502,4,R1-1100um-top-to-bottom-center-1_frame_502,1,1,0,0,2,1,1-1-0-0,Surface_Crack+Delamination,0,0,0,none,none,28343,0.092262
image_1958.jpg,R1-1100um-top-to-bottom-center_frame_52_patch_0.png,1,1100,top-to-bottom-center,R1-1100um-top-to-bottom-center,52,0,R1-1100um-top-to-bottom-center_frame_52,1,0,0,0,1,1,1-0-0-0,Surface_Crack,0,0,0,none,none,3470,0.011296
image_1959.jpg,R7-700um-middle_frame_253_patch_8.png,7,700,middle,R7-700um-middle,253,8,R7-700um-middle_frame_253,0,0,1,0,1,1,0-0-1-0,Pinhole,0,1,1,0,Pinhole,139,0.000452
image_1960.jpg,R1-1000um-top-to-bottom-center_frame_170_patch_1.png,1,1000,top-to-bottom-center,R1-1000um-top-to-bottom-center,170,1,R1-1000um-top-to-bottom-center_frame_170,1,0,0,0,1,1,1-0-0-0,Surface_Crack,0,0,0,none,none,13035,0.042432
image_1961.jpg,R1-800um-top-to-bottom-center_frame_108_patch_6.png,1,800,top-to-bottom-center,R1-800um-top-to-bottom-center,108,6,R1-800um-top-to-bottom-center_frame_108,0,0,1,0,1,1,0-0-1-0,Pinhole,0,1,1,0,Pinhole,144,0.000469
image_1962.jpg,R1-900um-top-to-bottom-center_frame_194_patch_8.png,1,900,top-to-bottom-center,R1-900um-top-to-bottom-center,194,8,R1-900um-top-to-bottom-center_frame_194,1,0,0,0,1,1,1-0-0-0,Surface_Crack,0,0,0,none,none,4288,0.013958
image_1963.jpg,R1-1100um-top-to-bottom-center_frame_191_patch_4.png,1,1100,top-to-bottom-center,R1-1100um-top-to-bottom-center,191,4,R1-1100um-top-to-bottom-center_frame_191,1,0,1,0,2,1,1-0-1-0,Surface_Crack+Pinhole,0,1,1,0,Pinhole,7348,0.023919
image_1964.jpg,R7-700um-middle_frame_97_patch_4.png,7,700,middle,R7-700um-middle,97,4,R7-700um-middle_frame_97,1,1,1,0,3,1,1-1-1-0,Surface_Crack+Delamination+Pinhole,0,1,1,0,Pinhole,7766,0.02528
image_1965.jpg,R1-1100um-top-to-bottom-center-1_frame_220_patch_5.png,1,1100,top-to-bottom-center-1,R1-1100um-top-to-bottom-center-1,220,5,R1-1100um-top-to-bottom-center-1_frame_220,1,0,0,0,1,1,1-0-0-0,Surface_Crack,0,0,0,none,none,18061,0.058792
image_1966.jpg,R1-800um-top-to-bottom-center_frame_573_patch_4.png,1,800,top-to-bottom-center,R1-800um-top-to-bottom-center,573,4,R1-800um-top-to-bottom-center_frame_573,1,1,0,0,2,1,1-1-0-0,Surface_Crack+Delamination,0,0,0,none,none,27241,0.088675
image_1967.jpg,R1-1100um-top-to-bottom-center_frame_144_patch_1.png,1,1100,top-to-bottom-center,R1-1100um-top-to-bottom-center,144,1,R1-1100um-top-to-bottom-center_frame_144,1,0,0,0,1,1,1-0-0-0,Surface_Crack,0,0,0,none,none,8519,0.027731
image_1968.jpg,R1-600um-top-to-bottom-center_frame_372_patch_7.png,1,600,top-to-bottom-center,R1-600um-top-to-bottom-center,372,7,R1-600um-top-to-bottom-center_frame_372,1,0,0,0,1,1,1-0-0-0,Surface_Crack,0,0,0,none,none,14666,0.047741
image_1969.jpg,R1-1000um-top-to-bottom-center_frame_551_patch_5.png,1,1000,top-to-bottom-center,R1-1000um-top-to-bottom-center,551,5,R1-1000um-top-to-bottom-center_frame_551,1,1,0,0,2,1,1-1-0-0,Surface_Crack+Delamination,0,0,0,none,none,23957,0.077985
image_1970.jpg,R1-800um-top-to-bottom-center_frame_316_patch_2.png,1,800,top-to-bottom-center,R1-800um-top-to-bottom-center,316,2,R1-800um-top-to-bottom-center_frame_316,1,0,1,0,2,1,1-0-1-0,Surface_Crack+Pinhole,0,1,1,0,Pinhole,3010,0.009798
image_1971.jpg,R1-1100um-top-to-bottom-center_frame_128_patch_2.png,1,1100,top-to-bottom-center,R1-1100um-top-to-bottom-center,128,2,R1-1100um-top-to-bottom-center_frame_128,1,0,0,0,1,1,1-0-0-0,Surface_Crack,0,0,0,none,none,6003,0.019541
image_1972.jpg,R1-1100um-top-to-bottom-center_frame_145_patch_3.png,1,1100,top-to-bottom-center,R1-1100um-top-to-bottom-center,145,3,R1-1100um-top-to-bottom-center_frame_145,1,0,0,0,1,1,1-0-0-0,Surface_Crack,0,0,0,none,none,7895,0.0257
image_1973.jpg,R1-1100um-top-to-bottom-center_frame_179_patch_5.png,1,1100,top-to-bottom-center,R1-1100um-top-to-bottom-center,179,5,R1-1100um-top-to-bottom-center_frame_179,1,0,0,0,1,1,1-0-0-0,Surface_Crack,0,0,0,none,none,3858,0.012559
image_1974.jpg,R1-1100um-top-to-bottom-center_frame_43_patch_0.png,1,1100,top-to-bottom-center,R1-1100um-top-to-bottom-center,43,0,R1-1100um-top-to-bottom-center_frame_43,1,0,0,0,1,1,1-0-0-0,Surface_Crack,0,0,0,none,none,4453,0.014495
image_1975.jpg,R1-1000um-top-to-bottom-center_frame_570_patch_0.png,1,1000,top-to-bottom-center,R1-1000um-top-to-bottom-center,570,0,R1-1000um-top-to-bottom-center_frame_570,1,0,1,0,2,1,1-0-1-0,Surface_Crack+Pinhole,0,1,1,0,Pinhole,9271,0.030179
image_1976.jpg,R7-700um-middle_frame_122_patch_0.png,7,700,middle,R7-700um-middle,122,0,R7-700um-middle_frame_122,1,0,0,0,1,1,1-0-0-0,Surface_Crack,0,0,0,none,none,978,0.003184
image_1977.jpg,R1-1000um-top-to-bottom-center_frame_395_patch_4.png,1,1000,top-to-bottom-center,R1-1000um-top-to-bottom-center,395,4,R1-1000um-top-to-bottom-center_frame_395,1,0,0,0,1,1,1-0-0-0,Surface_Crack,0,0,0,none,none,10454,0.03403
image_1978.jpg,R1-1000um-top-to-bottom-center_frame_585_patch_3.png,1,1000,top-to-bottom-center,R1-1000um-top-to-bottom-center,585,3,R1-1000um-top-to-bottom-center_frame_585,1,0,0,0,1,1,1-0-0-0,Surface_Crack,0,0,0,none,none,25424,0.08276
image_1979.jpg,R1-800um-top-to-bottom-center_frame_492_patch_0.png,1,800,top-to-bottom-center,R1-800um-top-to-bottom-center,492,0,R1-800um-top-to-bottom-center_frame_492,1,0,0,0,1,1,1-0-0-0,Surface_Crack,0,0,0,none,none,3931,0.012796
image_1980.jpg,R1-1000um-top-to-bottom-center_frame_551_patch_8.png,1,1000,top-to-bottom-center,R1-1000um-top-to-bottom-center,551,8,R1-1000um-top-to-bottom-center_frame_551,1,0,0,0,1,1,1-0-0-0,Surface_Crack,0,0,0,none,none,28788,0.093711
image_1981.jpg,R1-1000um-top-to-bottom-center_frame_550_patch_3.png,1,1000,top-to-bottom-center,R1-1000um-top-to-bottom-center,550,3,R1-1000um-top-to-bottom-center_frame_550,1,0,1,1,2,1,1-0-1-1,Surface_Crack+Pinhole+unclassified,0,1,3,0|1,Pinhole|unclassified,7866,0.025605
image_1982.jpg,R7-700um-middle_frame_1_patch_5.png,7,700,middle,R7-700um-middle,1,5,R7-700um-middle_frame_1,1,1,0,0,2,1,1-1-0-0,Surface_Crack+Delamination,0,0,0,none,none,12496,0.040677
image_1983.jpg,R1-1000um-top-to-bottom-center_frame_260_patch_1.png,1,1000,top-to-bottom-center,R1-1000um-top-to-bottom-center,260,1,R1-1000um-top-to-bottom-center_frame_260,1,0,0,0,1,1,1-0-0-0,Surface_Crack,0,0,0,none,none,10262,0.033405
image_1984.jpg,R1-700um-top-to-bottom-center_frame_321_patch_5.png,1,700,top-to-bottom-center,R1-700um-top-to-bottom-center,321,5,R1-700um-top-to-bottom-center_frame_321,1,0,0,0,1,1,1-0-0-0,Surface_Crack,0,0,0,none,none,7375,0.024007
image_1985.jpg,R1-600um-top-to-bottom-center_frame_418_patch_4.png,1,600,top-to-bottom-center,R1-600um-top-to-bottom-center,418,4,R1-600um-top-to-bottom-center_frame_418,1,0,0,0,1,1,1-0-0-0,Surface_Crack,0,0,0,none,none,2253,0.007334
image_1986.jpg,R1-700um-top-to-bottom-center_frame_673_patch_8.png,1,700,top-to-bottom-center,R1-700um-top-to-bottom-center,673,8,R1-700um-top-to-bottom-center_frame_673,1,0,0,0,1,1,1-0-0-0,Surface_Crack,0,0,0,none,none,32649,0.106279
image_1987.jpg,R1-700um-top-to-bottom-center_frame_505_patch_3.png,1,700,top-to-bottom-center,R1-700um-top-to-bottom-center,505,3,R1-700um-top-to-bottom-center_frame_505,1,0,0,0,1,1,1-0-0-0,Surface_Crack,0,0,0,none,none,7160,0.023307
image_1988.jpg,R1-1100um-top-to-bottom-center_frame_128_patch_7.png,1,1100,top-to-bottom-center,R1-1100um-top-to-bottom-center,128,7,R1-1100um-top-to-bottom-center_frame_128,1,0,0,0,1,1,1-0-0-0,Surface_Crack,0,0,0,none,none,4765,0.015511
image_1989.jpg,R1-800um-top-to-bottom-center_frame_479_patch_1.png,1,800,top-to-bottom-center,R1-800um-top-to-bottom-center,479,1,R1-800um-top-to-bottom-center_frame_479,1,0,0,0,1,1,1-0-0-0,Surface_Crack,0,0,0,none,none,4296,0.013984
image_1990.jpg,R1-800um-top-to-bottom-center_frame_339_patch_8.png,1,800,top-to-bottom-center,R1-800um-top-to-bottom-center,339,8,R1-800um-top-to-bottom-center_frame_339,1,0,0,0,1,1,1-0-0-0,Surface_Crack,0,0,0,none,none,3897,0.012686
image_1991.jpg,R1-1100um-top-to-bottom-center-1_frame_284_patch_1.png,1,1100,top-to-bottom-center-1,R1-1100um-top-to-bottom-center-1,284,1,R1-1100um-top-to-bottom-center-1_frame_284,1,0,0,0,1,1,1-0-0-0,Surface_Crack,0,0,0,none,none,10041,0.032686
image_1992.jpg,R1-1000um-top-to-bottom-center_frame_256_patch_4.png,1,1000,top-to-bottom-center,R1-1000um-top-to-bottom-center,256,4,R1-1000um-top-to-bottom-center_frame_256,1,0,0,0,1,1,1-0-0-0,Surface_Crack,0,0,0,none,none,12476,0.040612
image_1993.jpg,R1-900um-top-to-bottom-center_frame_332_patch_7.png,1,900,top-to-bottom-center,R1-900um-top-to-bottom-center,332,7,R1-900um-top-to-bottom-center_frame_332,1,0,0,0,1,1,1-0-0-0,Surface_Crack,0,0,0,none,none,7517,0.024469
image_1994.jpg,R1-1100um-top-to-bottom-center_frame_361_patch_3.png,1,1100,top-to-bottom-center,R1-1100um-top-to-bottom-center,361,3,R1-1100um-top-to-bottom-center_frame_361,1,0,1,0,2,1,1-0-1-0,Surface_Crack+Pinhole,0,1,1,0,Pinhole,12319,0.040101
image_1995.jpg,R1-800um-top-to-bottom-center_frame_172_patch_8.png,1,800,top-to-bottom-center,R1-800um-top-to-bottom-center,172,8,R1-800um-top-to-bottom-center_frame_172,0,0,0,0,0,0,0-0-0-0,none,1,0,0,none,none,0,0.0
image_1996.jpg,R1-1100um-top-to-bottom-center_frame_77_patch_4.png,1,1100,top-to-bottom-center,R1-1100um-top-to-bottom-center,77,4,R1-1100um-top-to-bottom-center_frame_77,1,0,0,0,1,1,1-0-0-0,Surface_Crack,0,0,0,none,none,6267,0.0204
image_1997.jpg,R1-1000um-top-to-bottom-center_frame_170_patch_8.png,1,1000,top-to-bottom-center,R1-1000um-top-to-bottom-center,170,8,R1-1000um-top-to-bottom-center_frame_170,1,0,0,0,1,1,1-0-0-0,Surface_Crack,0,0,0,none,none,11076,0.036055
image_1998.jpg,R1-1100um-top-to-bottom-center_frame_262_patch_8.png,1,1100,top-to-bottom-center,R1-1100um-top-to-bottom-center,262,8,R1-1100um-top-to-bottom-center_frame_262,1,0,0,0,1,1,1-0-0-0,Surface_Crack,0,0,0,none,none,7832,0.025495
image_1999.jpg,R1-900um-top-to-bottom-center_frame_251_patch_5.png,1,900,top-to-bottom-center,R1-900um-top-to-bottom-center,251,5,R1-900um-top-to-bottom-center_frame_251,1,0,0,0,1,1,1-0-0-0,Surface_Crack,0,0,0,none,none,6577,0.02141
image_2000.jpg,R1-700um-top-to-bottom-center_frame_289_patch_6.png,1,700,top-to-bottom-center,R1-700um-top-to-bottom-center,289,6,R1-700um-top-to-bottom-center_frame_289,1,0,0,0,1,1,1-0-0-0,Surface_Crack,0,0,0,none,none,4461,0.014521
image_2001.jpg,R1-700um-top-to-bottom-center_frame_387_patch_2.png,1,700,top-to-bottom-center,R1-700um-top-to-bottom-center,387,2,R1-700um-top-to-bottom-center_frame_387,1,0,0,0,1,1,1-0-0-0,Surface_Crack,0,0,0,none,none,2528,0.008229
image_2002.jpg,R1-700um-top-to-bottom-center_frame_587_patch_7.png,1,700,top-to-bottom-center,R1-700um-top-to-bottom-center,587,7,R1-700um-top-to-bottom-center_frame_587,1,0,0,0,1,1,1-0-0-0,Surface_Crack,0,0,0,none,none,3793,0.012347
image_2003.jpg,R1-700um-top-to-bottom-center_frame_387_patch_7.png,1,700,top-to-bottom-center,R1-700um-top-to-bottom-center,387,7,R1-700um-top-to-bottom-center_frame_387,1,0,0,0,1,1,1-0-0-0,Surface_Crack,0,0,0,none,none,3583,0.011663
image_2004.jpg,R1-900um-top-to-bottom-center_frame_604_patch_6.png,1,900,top-to-bottom-center,R1-900um-top-to-bottom-center,604,6,R1-900um-top-to-bottom-center_frame_604,1,0,1,0,2,1,1-0-1-0,Surface_Crack+Pinhole,0,1,1,0,Pinhole,21294,0.069316
image_2005.jpg,R1-900um-top-to-bottom-center_frame_493_patch_3.png,1,900,top-to-bottom-center,R1-900um-top-to-bottom-center,493,3,R1-900um-top-to-bottom-center_frame_493,1,0,0,0,1,1,1-0-0-0,Surface_Crack,0,0,0,none,none,5110,0.016634
image_2006.jpg,R1-600um-top-to-bottom-center_frame_376_patch_0.png,1,600,top-to-bottom-center,R1-600um-top-to-bottom-center,376,0,R1-600um-top-to-bottom-center_frame_376,1,0,0,0,1,1,1-0-0-0,Surface_Crack,0,0,0,none,none,7495,0.024398
image_2007.jpg,R1-700um-top-to-bottom-center_frame_334_patch_2.png,1,700,top-to-bottom-center,R1-700um-top-to-bottom-center,334,2,R1-700um-top-to-bottom-center_frame_334,1,0,1,0,2,1,1-0-1-0,Surface_Crack+Pinhole,0,1,1,0,Pinhole,2888,0.009401
image_2008.jpg,R1-1100um-top-to-bottom-center-1_frame_174_patch_1.png,1,1100,top-to-bottom-center-1,R1-1100um-top-to-bottom-center-1,174,1,R1-1100um-top-to-bottom-center-1_frame_174,1,0,0,0,1,1,1-0-0-0,Surface_Crack,0,0,0,none,none,8781,0.028584
image_2009.jpg,R1-700um-top-to-bottom-center_frame_572_patch_7.png,1,700,top-to-bottom-center,R1-700um-top-to-bottom-center,572,7,R1-700um-top-to-bottom-center_frame_572,1,0,1,0,2,1,1-0-1-0,Surface_Crack+Pinhole,0,1,1,0,Pinhole,6001,0.019535
image_2010.jpg,R1-700um-top-to-bottom-center_frame_618_patch_5.png,1,700,top-to-bottom-center,R1-700um-top-to-bottom-center,618,5,R1-700um-top-to-bottom-center_frame_618,1,0,0,0,1,1,1-0-0-0,Surface_Crack,0,0,0,none,none,7261,0.023636
image_2011.jpg,R1-1000um-top-to-bottom-center_frame_287_patch_3.png,1,1000,top-to-bottom-center,R1-1000um-top-to-bottom-center,287,3,R1-1000um-top-to-bottom-center_frame_287,1,0,0,0,1,1,1-0-0-0,Surface_Crack,0,0,0,none,none,8239,0.02682
image_2012.jpg,R1-1000um-top-to-bottom-center_frame_595_patch_8.png,1,1000,top-to-bottom-center,R1-1000um-top-to-bottom-center,595,8,R1-1000um-top-to-bottom-center_frame_595,1,0,1,0,2,1,1-0-1-0,Surface_Crack+Pinhole,0,1,2,0,Pinhole,16152,0.052578
image_2013.jpg,R1-700um-top-to-bottom-center_frame_648_patch_3.png,1,700,top-to-bottom-center,R1-700um-top-to-bottom-center,648,3,R1-700um-top-to-bottom-center_frame_648,1,0,0,0,1,1,1-0-0-0,Surface_Crack,0,0,0,none,none,24794,0.08071
image_2014.jpg,R1-600um-top-to-bottom-center_frame_611_patch_0.png,1,600,top-to-bottom-center,R1-600um-top-to-bottom-center,611,0,R1-600um-top-to-bottom-center_frame_611,1,0,0,0,1,1,1-0-0-0,Surface_Crack,0,0,0,none,none,35762,0.116413
image_2015.jpg,R1-800um-top-to-bottom-center_frame_339_patch_6.png,1,800,top-to-bottom-center,R1-800um-top-to-bottom-center,339,6,R1-800um-top-to-bottom-center_frame_339,1,0,0,0,1,1,1-0-0-0,Surface_Crack,0,0,0,none,none,7438,0.024212
image_2016.jpg,R1-1100um-top-to-bottom-center-1_frame_387_patch_0.png,1,1100,top-to-bottom-center-1,R1-1100um-top-to-bottom-center-1,387,0,R1-1100um-top-to-bottom-center-1_frame_387,1,0,0,0,1,1,1-0-0-0,Surface_Crack,0,0,0,none,none,10956,0.035664
image_2017.jpg,R1-900um-top-to-bottom-center_frame_275_patch_4.png,1,900,top-to-bottom-center,R1-900um-top-to-bottom-center,275,4,R1-900um-top-to-bottom-center_frame_275,1,0,0,0,1,1,1-0-0-0,Surface_Crack,0,0,0,none,none,12722,0.041413
image_2018.jpg,R1-1000um-top-to-bottom-center_frame_551_patch_6.png,1,1000,top-to-bottom-center,R1-1000um-top-to-bottom-center,551,6,R1-1000um-top-to-bottom-center_frame_551,1,1,1,0,3,1,1-1-1-0,Surface_Crack+Delamination+Pinhole,0,1,1,0,Pinhole,11265,0.03667
image_2019.jpg,R1-1100um-top-to-bottom-center_frame_77_patch_2.png,1,1100,top-to-bottom-center,R1-1100um-top-to-bottom-center,77,2,R1-1100um-top-to-bottom-center_frame_77,1,0,0,0,1,1,1-0-0-0,Surface_Crack,0,0,0,none,none,1973,0.006423
image_2020.jpg,R1-700um-top-to-bottom-center_frame_618_patch_0.png,1,700,top-to-bottom-center,R1-700um-top-to-bottom-center,618,0,R1-700um-top-to-bottom-center_frame_618,1,0,0,0,1,1,1-0-0-0,Surface_Crack,0,0,0,none,none,18971,0.061755
image_2021.jpg,R1-1000um-top-to-bottom-center_frame_134_patch_8.png,1,1000,top-to-bottom-center,R1-1000um-top-to-bottom-center,134,8,R1-1000um-top-to-bottom-center_frame_134,1,0,0,0,1,1,1-0-0-0,Surface_Crack,0,0,0,none,none,5574,0.018145
image_2022.jpg,R1-600um-top-to-bottom-center_frame_314_patch_3.png,1,600,top-to-bottom-center,R1-600um-top-to-bottom-center,314,3,R1-600um-top-to-bottom-center_frame_314,0,0,0,0,0,0,0-0-0-0,none,1,0,0,none,none,0,0.0
image_2023.jpg,R7-700um-middle_frame_558_patch_1.png,7,700,middle,R7-700um-middle,558,1,R7-700um-middle_frame_558,0,1,0,0,1,1,0-1-0-0,Delamination,0,0,0,none,none,96394,0.313783
image_2024.jpg,R1-900um-top-to-bottom-center_frame_290_patch_3.png,1,900,top-to-bottom-center,R1-900um-top-to-bottom-center,290,3,R1-900um-top-to-bottom-center_frame_290,1,0,0,0,1,1,1-0-0-0,Surface_Crack,0,0,0,none,none,11649,0.03792
image_2025.jpg,R1-1100um-top-to-bottom-center_frame_281_patch_4.png,1,1100,top-to-bottom-center,R1-1100um-top-to-bottom-center,281,4,R1-1100um-top-to-bottom-center_frame_281,1,0,0,0,1,1,1-0-0-0,Surface_Crack,0,0,0,none,none,8507,0.027692
image_2026.jpg,R1-900um-top-to-bottom-center_frame_347_patch_6.png,1,900,top-to-bottom-center,R1-900um-top-to-bottom-center,347,6,R1-900um-top-to-bottom-center_frame_347,1,0,0,0,1,1,1-0-0-0,Surface_Crack,0,0,0,none,none,8293,0.026995
image_2027.jpg,R1-600um-top-to-bottom-center_frame_586_patch_0.png,1,600,top-to-bottom-center,R1-600um-top-to-bottom-center,586,0,R1-600um-top-to-bottom-center_frame_586,1,0,0,0,1,1,1-0-0-0,Surface_Crack,0,0,0,none,none,4636,0.015091
image_2028.jpg,R1-1100um-top-to-bottom-center-1_frame_220_patch_3.png,1,1100,top-to-bottom-center-1,R1-1100um-top-to-bottom-center-1,220,3,R1-1100um-top-to-bottom-center-1_frame_220,1,0,0,0,1,1,1-0-0-0,Surface_Crack,0,0,0,none,none,8932,0.029076
image_2029.jpg,R1-1100um-top-to-bottom-center-1_frame_502_patch_2.png,1,1100,top-to-bottom-center-1,R1-1100um-top-to-bottom-center-1,502,2,R1-1100um-top-to-bottom-center-1_frame_502,1,1,1,0,3,1,1-1-1-0,Surface_Crack+Delamination+Pinhole,0,1,2,0,Pinhole,19738,0.064251
image_2030.jpg,R1-600um-top-to-bottom-center_frame_457_patch_0.png,1,600,top-to-bottom-center,R1-600um-top-to-bottom-center,457,0,R1-600um-top-to-bottom-center_frame_457,1,0,0,0,1,1,1-0-0-0,Surface_Crack,0,0,0,none,none,2115,0.006885
image_2031.jpg,R1-900um-top-to-bottom-center_frame_316_patch_7.png,1,900,top-to-bottom-center,R1-900um-top-to-bottom-center,316,7,R1-900um-top-to-bottom-center_frame_316,1,0,0,0,1,1,1-0-0-0,Surface_Crack,0,0,0,none,none,5740,0.018685
image_2032.jpg,R1-1000um-top-to-bottom-center_frame_585_patch_7.png,1,1000,top-to-bottom-center,R1-1000um-top-to-bottom-center,585,7,R1-1000um-top-to-bottom-center_frame_585,1,0,0,0,1,1,1-0-0-0,Surface_Crack,0,0,0,none,none,6256,0.020365
image_2033.jpg,R1-900um-top-to-bottom-center_frame_288_patch_3.png,1,900,top-to-bottom-center,R1-900um-top-to-bottom-center,288,3,R1-900um-top-to-bottom-center_frame_288,1,0,0,0,1,1,1-0-0-0,Surface_Crack,0,0,0,none,none,10299,0.033525
image_2034.jpg,R1-600um-top-to-bottom-center_frame_486_patch_6.png,1,600,top-to-bottom-center,R1-600um-top-to-bottom-center,486,6,R1-600um-top-to-bottom-center_frame_486,1,0,0,0,1,1,1-0-0-0,Surface_Crack,0,0,0,none,none,1721,0.005602
image_2035.jpg,R1-1100um-top-to-bottom-center-1_frame_481_patch_4.png,1,1100,top-to-bottom-center-1,R1-1100um-top-to-bottom-center-1,481,4,R1-1100um-top-to-bottom-center-1_frame_481,1,1,0,0,2,1,1-1-0-0,Surface_Crack+Delamination,0,0,0,none,none,11506,0.037454
image_2036.jpg,R1-1100um-top-to-bottom-center_frame_161_patch_6.png,1,1100,top-to-bottom-center,R1-1100um-top-to-bottom-center,161,6,R1-1100um-top-to-bottom-center_frame_161,1,0,0,0,1,1,1-0-0-0,Surface_Crack,0,0,0,none,none,6721,0.021878
image_2037.jpg,R1-1000um-top-to-bottom-center_frame_434_patch_3.png,1,1000,top-to-bottom-center,R1-1000um-top-to-bottom-center,434,3,R1-1000um-top-to-bottom-center_frame_434,1,0,0,0,1,1,1-0-0-0,Surface_Crack,0,0,0,none,none,6400,0.020833
image_2038.jpg,R1-1100um-top-to-bottom-center-1_frame_470_patch_7.png,1,1100,top-to-bottom-center-1,R1-1100um-top-to-bottom-center-1,470,7,R1-1100um-top-to-bottom-center-1_frame_470,1,0,0,0,1,1,1-0-0-0,Surface_Crack,0,0,0,none,none,8188,0.026654
image_2039.jpg,R1-1100um-top-to-bottom-center_frame_277_patch_4.png,1,1100,top-to-bottom-center,R1-1100um-top-to-bottom-center,277,4,R1-1100um-top-to-bottom-center_frame_277,1,0,0,0,1,1,1-0-0-0,Surface_Crack,0,0,0,none,none,8871,0.028877
image_2040.jpg,R1-1000um-top-to-bottom-center_frame_550_patch_1.png,1,1000,top-to-bottom-center,R1-1000um-top-to-bottom-center,550,1,R1-1000um-top-to-bottom-center_frame_550,1,0,0,0,1,1,1-0-0-0,Surface_Crack,0,0,0,none,none,12238,0.039837
image_2041.jpg,R1-1100um-top-to-bottom-center_frame_232_patch_0.png,1,1100,top-to-bottom-center,R1-1100um-top-to-bottom-center,232,0,R1-1100um-top-to-bottom-center_frame_232,1,0,0,0,1,1,1-0-0-0,Surface_Crack,0,0,0,none,none,11019,0.035869
image_2042.jpg,R1-900um-top-to-bottom-center_frame_593_patch_4.png,1,900,top-to-bottom-center,R1-900um-top-to-bottom-center,593,4,R1-900um-top-to-bottom-center_frame_593,1,0,0,0,1,1,1-0-0-0,Surface_Crack,0,0,0,none,none,10514,0.034225
image_2043.jpg,R1-800um-top-to-bottom-center_frame_318_patch_5.png,1,800,top-to-bottom-center,R1-800um-top-to-bottom-center,318,5,R1-800um-top-to-bottom-center_frame_318,1,0,0,0,1,1,1-0-0-0,Surface_Crack,0,0,0,none,none,4240,0.013802
image_2044.jpg,R1-1100um-top-to-bottom-center_frame_370_patch_2.png,1,1100,top-to-bottom-center,R1-1100um-top-to-bottom-center,370,2,R1-1100um-top-to-bottom-center_frame_370,1,0,0,0,1,1,1-0-0-0,Surface_Crack,0,0,0,none,none,5784,0.018828
image_2045.jpg,R1-1100um-top-to-bottom-center_frame_167_patch_0.png,1,1100,top-to-bottom-center,R1-1100um-top-to-bottom-center,167,0,R1-1100um-top-to-bottom-center_frame_167,1,0,0,0,1,1,1-0-0-0,Surface_Crack,0,0,0,none,none,8314,0.027064
image_2046.jpg,R7-700um-middle_frame_500_patch_1.png,7,700,middle,R7-700um-middle,500,1,R7-700um-middle_frame_500,1,0,0,0,1,1,1-0-0-0,Surface_Crack,0,0,0,none,none,8133,0.026475
image_2047.jpg,R1-1100um-top-to-bottom-center_frame_327_patch_8.png,1,1100,top-to-bottom-center,R1-1100um-top-to-bottom-center,327,8,R1-1100um-top-to-bottom-center_frame_327,1,0,1,0,2,1,1-0-1-0,Surface_Crack+Pinhole,0,1,1,0,Pinhole,8548,0.027826
image_2048.jpg,R1-1000um-top-to-bottom-center_frame_222_patch_0.png,1,1000,top-to-bottom-center,R1-1000um-top-to-bottom-center,222,0,R1-1000um-top-to-bottom-center_frame_222,1,0,0,0,1,1,1-0-0-0,Surface_Crack,0,0,0,none,none,14294,0.04653
image_2049.jpg,R1-1100um-top-to-bottom-center_frame_308_patch_2.png,1,1100,top-to-bottom-center,R1-1100um-top-to-bottom-center,308,2,R1-1100um-top-to-bottom-center_frame_308,1,0,1,0,2,1,1-0-1-0,Surface_Crack+Pinhole,0,1,1,0,Pinhole,6185,0.020133
image_2050.jpg,R1-900um-top-to-bottom-center_frame_194_patch_4.png,1,900,top-to-bottom-center,R1-900um-top-to-bottom-center,194,4,R1-900um-top-to-bottom-center_frame_194,1,0,0,0,1,1,1-0-0-0,Surface_Crack,0,0,0,none,none,14733,0.047959
image_2051.jpg,R1-1100um-top-to-bottom-center_frame_177_patch_4.png,1,1100,top-to-bottom-center,R1-1100um-top-to-bottom-center,177,4,R1-1100um-top-to-bottom-center_frame_177,1,0,0,0,1,1,1-0-0-0,Surface_Crack,0,0,0,none,none,7305,0.023779
image_2052.jpg,R1-800um-top-to-bottom-center_frame_651_patch_4.png,1,800,top-to-bottom-center,R1-800um-top-to-bottom-center,651,4,R1-800um-top-to-bottom-center_frame_651,1,0,0,0,1,1,1-0-0-0,Surface_Crack,0,0,0,none,none,7838,0.025514
image_2053.jpg,R1-900um-top-to-bottom-center_frame_376_patch_0.png,1,900,top-to-bottom-center,R1-900um-top-to-bottom-center,376,0,R1-900um-top-to-bottom-center_frame_376,1,0,0,0,1,1,1-0-0-0,Surface_Crack,0,0,0,none,none,7480,0.024349
image_2054.jpg,R1-700um-top-to-bottom-center_frame_289_patch_8.png,1,700,top-to-bottom-center,R1-700um-top-to-bottom-center,289,8,R1-700um-top-to-bottom-center_frame_289,1,0,0,1,1,1,1-0-0-1,Surface_Crack+unclassified,0,1,1,1,unclassified,6633,0.021592
image_2055.jpg,R1-1100um-top-to-bottom-center_frame_167_patch_3.png,1,1100,top-to-bottom-center,R1-1100um-top-to-bottom-center,167,3,R1-1100um-top-to-bottom-center_frame_167,1,0,0,0,1,1,1-0-0-0,Surface_Crack,0,0,0,none,none,10476,0.034102
image_2056.jpg,R1-1100um-top-to-bottom-center_frame_370_patch_8.png,1,1100,top-to-bottom-center,R1-1100um-top-to-bottom-center,370,8,R1-1100um-top-to-bottom-center_frame_370,1,0,0,0,1,1,1-0-0-0,Surface_Crack,0,0,0,none,none,6701,0.021813
image_2057.jpg,R1-1100um-top-to-bottom-center-1_frame_241_patch_0.png,1,1100,top-to-bottom-center-1,R1-1100um-top-to-bottom-center-1,241,0,R1-1100um-top-to-bottom-center-1_frame_241,1,0,0,0,1,1,1-0-0-0,Surface_Crack,0,0,0,none,none,6956,0.022643
image_2058.jpg,R1-800um-top-to-bottom-center_frame_501_patch_5.png,1,800,top-to-bottom-center,R1-800um-top-to-bottom-center,501,5,R1-800um-top-to-bottom-center_frame_501,1,0,0,0,1,1,1-0-0-0,Surface_Crack,0,0,0,none,none,3794,0.01235
image_2059.jpg,R1-1100um-top-to-bottom-center_frame_124_patch_2.png,1,1100,top-to-bottom-center,R1-1100um-top-to-bottom-center,124,2,R1-1100um-top-to-bottom-center_frame_124,1,0,0,0,1,1,1-0-0-0,Surface_Crack,0,0,0,none,none,6036,0.019648
image_2060.jpg,R1-900um-top-to-bottom-center_frame_303_patch_4.png,1,900,top-to-bottom-center,R1-900um-top-to-bottom-center,303,4,R1-900um-top-to-bottom-center_frame_303,1,0,0,0,1,1,1-0-0-0,Surface_Crack,0,0,0,none,none,8499,0.027666
image_2061.jpg,R1-900um-top-to-bottom-center_frame_10_patch_7.png,1,900,top-to-bottom-center,R1-900um-top-to-bottom-center,10,7,R1-900um-top-to-bottom-center_frame_10,0,0,1,0,1,1,0-0-1-0,Pinhole,0,1,1,0,Pinhole,21,6.8e-05
image_2062.jpg,R1-1100um-top-to-bottom-center_frame_287_patch_4.png,1,1100,top-to-bottom-center,R1-1100um-top-to-bottom-center,287,4,R1-1100um-top-to-bottom-center_frame_287,1,0,0,0,1,1,1-0-0-0,Surface_Crack,0,0,0,none,none,7110,0.023145
image_2063.jpg,R1-800um-top-to-bottom-center_frame_339_patch_2.png,1,800,top-to-bottom-center,R1-800um-top-to-bottom-center,339,2,R1-800um-top-to-bottom-center_frame_339,1,0,1,0,2,1,1-0-1-0,Surface_Crack+Pinhole,0,1,1,0,Pinhole,2109,0.006865
image_2064.jpg,R1-600um-top-to-bottom-center_frame_569_patch_7.png,1,600,top-to-bottom-center,R1-600um-top-to-bottom-center,569,7,R1-600um-top-to-bottom-center_frame_569,1,0,1,0,2,1,1-0-1-0,Surface_Crack+Pinhole,0,1,1,0,Pinhole,2593,0.008441
image_2065.jpg,R1-1100um-top-to-bottom-center-1_frame_402_patch_4.png,1,1100,top-to-bottom-center-1,R1-1100um-top-to-bottom-center-1,402,4,R1-1100um-top-to-bottom-center-1_frame_402,1,0,0,0,1,1,1-0-0-0,Surface_Crack,0,0,0,none,none,11007,0.03583
image_2066.jpg,R1-700um-top-to-bottom-center_frame_198_patch_3.png,1,700,top-to-bottom-center,R1-700um-top-to-bottom-center,198,3,R1-700um-top-to-bottom-center_frame_198,0,0,1,0,1,1,0-0-1-0,Pinhole,0,1,1,0,Pinhole,999,0.003252
image_2067.jpg,R1-600um-top-to-bottom-center_frame_407_patch_6.png,1,600,top-to-bottom-center,R1-600um-top-to-bottom-center,407,6,R1-600um-top-to-bottom-center_frame_407,1,0,1,0,2,1,1-0-1-0,Surface_Crack+Pinhole,0,1,1,0,Pinhole,4742,0.015436
image_2068.jpg,R1-1000um-top-to-bottom-center_frame_209_patch_8.png,1,1000,top-to-bottom-center,R1-1000um-top-to-bottom-center,209,8,R1-1000um-top-to-bottom-center_frame_209,1,0,0,0,1,1,1-0-0-0,Surface_Crack,0,0,0,none,none,13762,0.044798
image_2069.jpg,R1-1000um-top-to-bottom-center_frame_222_patch_3.png,1,1000,top-to-bottom-center,R1-1000um-top-to-bottom-center,222,3,R1-1000um-top-to-bottom-center_frame_222,1,0,0,0,1,1,1-0-0-0,Surface_Crack,0,0,0,none,none,12248,0.03987
image_2070.jpg,R1-600um-top-to-bottom-center_frame_51_patch_0.png,1,600,top-to-bottom-center,R1-600um-top-to-bottom-center,51,0,R1-600um-top-to-bottom-center_frame_51,0,0,0,1,0,0,0-0-0-1,unclassified,0,1,1,1,unclassified,0,0.0
image_2071.jpg,R1-600um-top-to-bottom-center_frame_387_patch_7.png,1,600,top-to-bottom-center,R1-600um-top-to-bottom-center,387,7,R1-600um-top-to-bottom-center_frame_387,1,0,0,0,1,1,1-0-0-0,Surface_Crack,0,0,0,none,none,14176,0.046146
image_2072.jpg,R7-700um-middle_frame_97_patch_5.png,7,700,middle,R7-700um-middle,97,5,R7-700um-middle_frame_97,1,0,0,0,1,1,1-0-0-0,Surface_Crack,0,0,0,none,none,2180,0.007096
image_2073.jpg,R1-800um-top-to-bottom-center_frame_253_patch_1.png,1,800,top-to-bottom-center,R1-800um-top-to-bottom-center,253,1,R1-800um-top-to-bottom-center_frame_253,0,0,0,0,0,0,0-0-0-0,none,1,0,0,none,none,0,0.0
image_2074.jpg,R1-1000um-top-to-bottom-center_frame_338_patch_1.png,1,1000,top-to-bottom-center,R1-1000um-top-to-bottom-center,338,1,R1-1000um-top-to-bottom-center_frame_338,1,0,0,0,1,1,1-0-0-0,Surface_Crack,0,0,0,none,none,8776,0.028568
image_2075.jpg,R1-600um-top-to-bottom-center_frame_459_patch_3.png,1,600,top-to-bottom-center,R1-600um-top-to-bottom-center,459,3,R1-600um-top-to-bottom-center_frame_459,1,0,0,0,1,1,1-0-0-0,Surface_Crack,0,0,0,none,none,2157,0.007021
image_2076.jpg,R1-1100um-top-to-bottom-center-1_frame_262_patch_7.png,1,1100,top-to-bottom-center-1,R1-1100um-top-to-bottom-center-1,262,7,R1-1100um-top-to-bottom-center-1_frame_262,1,0,0,0,1,1,1-0-0-0,Surface_Crack,0,0,0,none,none,7480,0.024349
image_2077.jpg,R1-1000um-top-to-bottom-center_frame_134_patch_6.png,1,1000,top-to-bottom-center,R1-1000um-top-to-bottom-center,134,6,R1-1000um-top-to-bottom-center_frame_134,1,0,0,0,1,1,1-0-0-0,Surface_Crack,0,0,0,none,none,1403,0.004567
image_2078.jpg,R1-1100um-top-to-bottom-center-1_frame_235_patch_0.png,1,1100,top-to-bottom-center-1,R1-1100um-top-to-bottom-center-1,235,0,R1-1100um-top-to-bottom-center-1_frame_235,1,0,0,0,1,1,1-0-0-0,Surface_Crack,0,0,0,none,none,6918,0.02252
image_2079.jpg,R1-1000um-top-to-bottom-center_frame_384_patch_7.png,1,1000,top-to-bottom-center,R1-1000um-top-to-bottom-center,384,7,R1-1000um-top-to-bottom-center_frame_384,1,0,0,0,1,1,1-0-0-0,Surface_Crack,0,0,0,none,none,10454,0.03403
image_2080.jpg,R1-1100um-top-to-bottom-center_frame_85_patch_4.png,1,1100,top-to-bottom-center,R1-1100um-top-to-bottom-center,85,4,R1-1100um-top-to-bottom-center_frame_85,1,0,0,0,1,1,1-0-0-0,Surface_Crack,0,0,0,none,none,3754,0.01222
image_2081.jpg,R1-700um-top-to-bottom-center_frame_347_patch_4.png,1,700,top-to-bottom-center,R1-700um-top-to-bottom-center,347,4,R1-700um-top-to-bottom-center_frame_347,1,0,1,0,2,1,1-0-1-0,Surface_Crack+Pinhole,0,1,1,0,Pinhole,3109,0.01012
image_2082.jpg,R1-800um-top-to-bottom-center_frame_339_patch_0.png,1,800,top-to-bottom-center,R1-800um-top-to-bottom-center,339,0,R1-800um-top-to-bottom-center_frame_339,1,0,0,0,1,1,1-0-0-0,Surface_Crack,0,0,0,none,none,4030,0.013118
image_2083.jpg,R1-900um-top-to-bottom-center_frame_362_patch_1.png,1,900,top-to-bottom-center,R1-900um-top-to-bottom-center,362,1,R1-900um-top-to-bottom-center_frame_362,1,0,0,0,1,1,1-0-0-0,Surface_Crack,0,0,0,none,none,6553,0.021331
image_2084.jpg,R1-1100um-top-to-bottom-center_frame_287_patch_0.png,1,1100,top-to-bottom-center,R1-1100um-top-to-bottom-center,287,0,R1-1100um-top-to-bottom-center_frame_287,1,0,1,0,2,1,1-0-1-0,Surface_Crack+Pinhole,0,1,1,0,Pinhole,5780,0.018815
image_2085.jpg,R1-600um-top-to-bottom-center_frame_525_patch_4.png,1,600,top-to-bottom-center,R1-600um-top-to-bottom-center,525,4,R1-600um-top-to-bottom-center_frame_525,1,0,0,0,1,1,1-0-0-0,Surface_Crack,0,0,0,none,none,941,0.003063
image_2086.jpg,R1-700um-top-to-bottom-center_frame_373_patch_3.png,1,700,top-to-bottom-center,R1-700um-top-to-bottom-center,373,3,R1-700um-top-to-bottom-center_frame_373,1,0,1,0,2,1,1-0-1-0,Surface_Crack+Pinhole,0,1,1,0,Pinhole,2287,0.007445
image_2087.jpg,R1-1100um-top-to-bottom-center_frame_220_patch_4.png,1,1100,top-to-bottom-center,R1-1100um-top-to-bottom-center,220,4,R1-1100um-top-to-bottom-center_frame_220,1,0,0,0,1,1,1-0-0-0,Surface_Crack,0,0,0,none,none,10964,0.03569
image_2088.jpg,R1-1100um-top-to-bottom-center_frame_356_patch_3.png,1,1100,top-to-bottom-center,R1-1100um-top-to-bottom-center,356,3,R1-1100um-top-to-bottom-center_frame_356,1,0,1,0,2,1,1-0-1-0,Surface_Crack+Pinhole,0,1,1,0,Pinhole,12629,0.04111
image_2089.jpg,R1-700um-top-to-bottom-center_frame_242_patch_6.png,1,700,top-to-bottom-center,R1-700um-top-to-bottom-center,242,6,R1-700um-top-to-bottom-center_frame_242,0,0,1,0,1,1,0-0-1-0,Pinhole,0,1,1,0,Pinhole,53,0.000173
image_2090.jpg,R1-600um-top-to-bottom-center_frame_140_patch_0.png,1,600,top-to-bottom-center,R1-600um-top-to-bottom-center,140,0,R1-600um-top-to-bottom-center_frame_140,0,0,1,0,1,1,0-0-1-0,Pinhole,0,1,1,0,Pinhole,8,2.6e-05
image_2091.jpg,R1-900um-top-to-bottom-center_frame_207_patch_2.png,1,900,top-to-bottom-center,R1-900um-top-to-bottom-center,207,2,R1-900um-top-to-bottom-center_frame_207,1,0,0,0,1,1,1-0-0-0,Surface_Crack,0,0,0,none,none,6418,0.020892
image_2092.jpg,R1-900um-top-to-bottom-center_frame_303_patch_3.png,1,900,top-to-bottom-center,R1-900um-top-to-bottom-center,303,3,R1-900um-top-to-bottom-center_frame_303,1,0,0,0,1,1,1-0-0-0,Surface_Crack,0,0,0,none,none,9772,0.03181
image_2093.jpg,R1-1000um-top-to-bottom-center_frame_67_patch_3.png,1,1000,top-to-bottom-center,R1-1000um-top-to-bottom-center,67,3,R1-1000um-top-to-bottom-center_frame_67,1,0,0,0,1,1,1-0-0-0,Surface_Crack,0,0,0,none,none,7193,0.023415
image_2094.jpg,R1-1100um-top-to-bottom-center-1_frame_402_patch_1.png,1,1100,top-to-bottom-center-1,R1-1100um-top-to-bottom-center-1,402,1,R1-1100um-top-to-bottom-center-1_frame_402,1,1,0,0,2,1,1-1-0-0,Surface_Crack+Delamination,0,0,0,none,none,13175,0.042887
image_2095.jpg,R1-1100um-top-to-bottom-center-1_frame_250_patch_7.png,1,1100,top-to-bottom-center-1,R1-1100um-top-to-bottom-center-1,250,7,R1-1100um-top-to-bottom-center-1_frame_250,1,0,0,0,1,1,1-0-0-0,Surface_Crack,0,0,0,none,none,11148,0.036289
image_2096.jpg,R1-1100um-top-to-bottom-center_frame_144_patch_3.png,1,1100,top-to-bottom-center,R1-1100um-top-to-bottom-center,144,3,R1-1100um-top-to-bottom-center_frame_144,1,0,0,0,1,1,1-0-0-0,Surface_Crack,0,0,0,none,none,6100,0.019857
image_2097.jpg,R1-1100um-top-to-bottom-center_frame_83_patch_1.png,1,1100,top-to-bottom-center,R1-1100um-top-to-bottom-center,83,1,R1-1100um-top-to-bottom-center_frame_83,1,0,1,0,2,1,1-0-1-0,Surface_Crack+Pinhole,0,1,1,0,Pinhole,7015,0.022835
image_2098.jpg,R1-900um-top-to-bottom-center_frame_210_patch_1.png,1,900,top-to-bottom-center,R1-900um-top-to-bottom-center,210,1,R1-900um-top-to-bottom-center_frame_210,1,0,0,0,1,1,1-0-0-0,Surface_Crack,0,0,0,none,none,8434,0.027454
image_2099.jpg,R1-900um-top-to-bottom-center_frame_126_patch_0.png,1,900,top-to-bottom-center,R1-900um-top-to-bottom-center,126,0,R1-900um-top-to-bottom-center_frame_126,1,0,0,0,1,1,1-0-0-0,Surface_Crack,0,0,0,none,none,2713,0.008831
image_2100.jpg,R1-600um-top-to-bottom-center_frame_199_patch_4.png,1,600,top-to-bottom-center,R1-600um-top-to-bottom-center,199,4,R1-600um-top-to-bottom-center_frame_199,0,0,0,0,0,0,0-0-0-0,none,1,0,0,none,none,0,0.0
image_2101.jpg,R1-900um-top-to-bottom-center_frame_347_patch_1.png,1,900,top-to-bottom-center,R1-900um-top-to-bottom-center,347,1,R1-900um-top-to-bottom-center_frame_347,1,0,0,0,1,1,1-0-0-0,Surface_Crack,0,0,0,none,none,7065,0.022998
image_2102.jpg,R7-700um-middle_frame_558_patch_2.png,7,700,middle,R7-700um-middle,558,2,R7-700um-middle_frame_558,0,1,0,0,1,1,0-1-0-0,Delamination,0,0,0,none,none,86970,0.283105
image_2103.jpg,R1-1000um-top-to-bottom-center_frame_170_patch_0.png,1,1000,top-to-bottom-center,R1-1000um-top-to-bottom-center,170,0,R1-1000um-top-to-bottom-center_frame_170,1,0,0,0,1,1,1-0-0-0,Surface_Crack,0,0,0,none,none,6903,0.022471
image_2104.jpg,R1-1100um-top-to-bottom-center-1_frame_225_patch_3.png,1,1100,top-to-bottom-center-1,R1-1100um-top-to-bottom-center-1,225,3,R1-1100um-top-to-bottom-center-1_frame_225,1,0,0,0,1,1,1-0-0-0,Surface_Crack,0,0,0,none,none,9185,0.029899
image_2105.jpg,R1-900um-top-to-bottom-center_frame_347_patch_4.png,1,900,top-to-bottom-center,R1-900um-top-to-bottom-center,347,4,R1-900um-top-to-bottom-center_frame_347,1,0,0,0,1,1,1-0-0-0,Surface_Crack,0,0,0,none,none,7975,0.02596
image_2106.jpg,R1-800um-top-to-bottom-center_frame_413_patch_8.png,1,800,top-to-bottom-center,R1-800um-top-to-bottom-center,413,8,R1-800um-top-to-bottom-center_frame_413,1,0,0,0,1,1,1-0-0-0,Surface_Crack,0,0,0,none,none,3274,0.010658
image_2107.jpg,R1-1100um-top-to-bottom-center-1_frame_289_patch_0.png,1,1100,top-to-bottom-center-1,R1-1100um-top-to-bottom-center-1,289,0,R1-1100um-top-to-bottom-center-1_frame_289,1,0,0,0,1,1,1-0-0-0,Surface_Crack,0,0,0,none,none,4238,0.013796
image_2108.jpg,R1-1100um-top-to-bottom-center-1_frame_289_patch_4.png,1,1100,top-to-bottom-center-1,R1-1100um-top-to-bottom-center-1,289,4,R1-1100um-top-to-bottom-center-1_frame_289,1,0,0,0,1,1,1-0-0-0,Surface_Crack,0,0,0,none,none,11889,0.038701
image_2109.jpg,R1-1000um-top-to-bottom-center_frame_570_patch_2.png,1,1000,top-to-bottom-center,R1-1000um-top-to-bottom-center,570,2,R1-1000um-top-to-bottom-center_frame_570,1,0,0,0,1,1,1-0-0-0,Surface_Crack,0,0,0,none,none,6376,0.020755
image_2110.jpg,R1-700um-top-to-bottom-center_frame_426_patch_3.png,1,700,top-to-bottom-center,R1-700um-top-to-bottom-center,426,3,R1-700um-top-to-bottom-center_frame_426,1,0,0,0,1,1,1-0-0-0,Surface_Crack,0,0,0,none,none,4682,0.015241
image_2111.jpg,R1-1000um-top-to-bottom-center_frame_585_patch_6.png,1,1000,top-to-bottom-center,R1-1000um-top-to-bottom-center,585,6,R1-1000um-top-to-bottom-center_frame_585,1,0,0,0,1,1,1-0-0-0,Surface_Crack,0,0,0,none,none,14358,0.046738
image_2112.jpg,R1-1100um-top-to-bottom-center-1_frame_161_patch_4.png,1,1100,top-to-bottom-center-1,R1-1100um-top-to-bottom-center-1,161,4,R1-1100um-top-to-bottom-center-1_frame_161,1,0,0,0,1,1,1-0-0-0,Surface_Crack,0,0,0,none,none,10208,0.033229
image_2113.jpg,R1-700um-top-to-bottom-center_frame_587_patch_4.png,1,700,top-to-bottom-center,R1-700um-top-to-bottom-center,587,4,R1-700um-top-to-bottom-center_frame_587,1,0,0,0,1,1,1-0-0-0,Surface_Crack,0,0,0,none,none,5030,0.016374
image_2114.jpg,R1-600um-top-to-bottom-center_frame_403_patch_0.png,1,600,top-to-bottom-center,R1-600um-top-to-bottom-center,403,0,R1-600um-top-to-bottom-center_frame_403,1,0,0,0,1,1,1-0-0-0,Surface_Crack,0,0,0,none,none,739,0.002406
image_2115.jpg,R1-800um-top-to-bottom-center_frame_561_patch_7.png,1,800,top-to-bottom-center,R1-800um-top-to-bottom-center,561,7,R1-800um-top-to-bottom-center_frame_561,1,0,0,0,1,1,1-0-0-0,Surface_Crack,0,0,0,none,none,4835,0.015739
image_2116.jpg,R1-700um-top-to-bottom-center_frame_426_patch_6.png,1,700,top-to-bottom-center,R1-700um-top-to-bottom-center,426,6,R1-700um-top-to-bottom-center_frame_426,1,0,1,0,2,1,1-0-1-0,Surface_Crack+Pinhole,0,1,1,0,Pinhole,5591,0.0182
image_2117.jpg,R1-1100um-top-to-bottom-center_frame_345_patch_7.png,1,1100,top-to-bottom-center,R1-1100um-top-to-bottom-center,345,7,R1-1100um-top-to-bottom-center_frame_345,1,0,0,0,1,1,1-0-0-0,Surface_Crack,0,0,0,none,none,8181,0.026631
image_2118.jpg,R7-700um-middle_frame_553_patch_2.png,7,700,middle,R7-700um-middle,553,2,R7-700um-middle_frame_553,0,1,0,0,1,1,0-1-0-0,Delamination,0,0,0,none,none,85588,0.278607
image_2119.jpg,R1-900um-top-to-bottom-center_frame_37_patch_3.png,1,900,top-to-bottom-center,R1-900um-top-to-bottom-center,37,3,R1-900um-top-to-bottom-center_frame_37,1,0,0,0,1,1,1-0-0-0,Surface_Crack,0,0,0,none,none,2273,0.007399
image_2120.jpg,R1-800um-top-to-bottom-center_frame_408_patch_7.png,1,800,top-to-bottom-center,R1-800um-top-to-bottom-center,408,7,R1-800um-top-to-bottom-center_frame_408,1,0,0,0,1,1,1-0-0-0,Surface_Crack,0,0,0,none,none,3723,0.012119
image_2121.jpg,R1-1000um-top-to-bottom-center_frame_461_patch_1.png,1,1000,top-to-bottom-center,R1-1000um-top-to-bottom-center,461,1,R1-1000um-top-to-bottom-center_frame_461,1,1,0,0,2,1,1-1-0-0,Surface_Crack+Delamination,0,0,0,none,none,17095,0.055648
image_2122.jpg,R1-1100um-top-to-bottom-center_frame_132_patch_0.png,1,1100,top-to-bottom-center,R1-1100um-top-to-bottom-center,132,0,R1-1100um-top-to-bottom-center_frame_132,1,0,0,0,1,1,1-0-0-0,Surface_Crack,0,0,0,none,none,208,0.000677
image_2123.jpg,R1-700um-top-to-bottom-center_frame_217_patch_0.png,1,700,top-to-bottom-center,R1-700um-top-to-bottom-center,217,0,R1-700um-top-to-bottom-center_frame_217,0,0,0,0,0,0,0-0-0-0,none,1,0,0,none,none,0,0.0
image_2124.jpg,R1-600um-top-to-bottom-center_frame_70_patch_3.png,1,600,top-to-bottom-center,R1-600um-top-to-bottom-center,70,3,R1-600um-top-to-bottom-center_frame_70,0,0,0,1,0,0,0-0-0-1,unclassified,0,1,1,1,unclassified,0,0.0
image_2125.jpg,R1-700um-top-to-bottom-center_frame_373_patch_5.png,1,700,top-to-bottom-center,R1-700um-top-to-bottom-center,373,5,R1-700um-top-to-bottom-center_frame_373,1,0,0,0,1,1,1-0-0-0,Surface_Crack,0,0,0,none,none,1050,0.003418
image_2126.jpg,R1-1100um-top-to-bottom-center-1_frame_280_patch_5.png,1,1100,top-to-bottom-center-1,R1-1100um-top-to-bottom-center-1,280,5,R1-1100um-top-to-bottom-center-1_frame_280,1,0,0,0,1,1,1-0-0-0,Surface_Crack,0,0,0,none,none,9390,0.030566
image_2127.jpg,R1-1100um-top-to-bottom-center_frame_232_patch_8.png,1,1100,top-to-bottom-center,R1-1100um-top-to-bottom-center,232,8,R1-1100um-top-to-bottom-center_frame_232,1,0,0,0,1,1,1-0-0-0,Surface_Crack,0,0,0,none,none,7739,0.025192
image_2128.jpg,R1-1100um-top-to-bottom-center-1_frame_205_patch_5.png,1,1100,top-to-bottom-center-1,R1-1100um-top-to-bottom-center-1,205,5,R1-1100um-top-to-bottom-center-1_frame_205,1,0,0,0,1,1,1-0-0-0,Surface_Crack,0,0,0,none,none,11290,0.036751
image_2129.jpg,R7-700um-middle_frame_208_patch_2.png,7,700,middle,R7-700um-middle,208,2,R7-700um-middle_frame_208,1,0,1,0,2,1,1-0-1-0,Surface_Crack+Pinhole,0,1,1,0,Pinhole,430,0.0014
image_2130.jpg,R1-800um-top-to-bottom-center_frame_63_patch_4.png,1,800,top-to-bottom-center,R1-800um-top-to-bottom-center,63,4,R1-800um-top-to-bottom-center_frame_63,0,0,1,0,1,1,0-0-1-0,Pinhole,0,1,1,0,Pinhole,23,7.5e-05
image_2131.jpg,R1-1100um-top-to-bottom-center-1_frame_190_patch_2.png,1,1100,top-to-bottom-center-1,R1-1100um-top-to-bottom-center-1,190,2,R1-1100um-top-to-bottom-center-1_frame_190,1,0,0,0,1,1,1-0-0-0,Surface_Crack,0,0,0,none,none,5298,0.017246
image_2132.jpg,R1-1100um-top-to-bottom-center_frame_302_patch_2.png,1,1100,top-to-bottom-center,R1-1100um-top-to-bottom-center,302,2,R1-1100um-top-to-bottom-center_frame_302,1,0,0,0,1,1,1-0-0-0,Surface_Crack,0,0,0,none,none,7631,0.02484
image_2133.jpg,R1-1100um-top-to-bottom-center_frame_286_patch_7.png,1,1100,top-to-bottom-center,R1-1100um-top-to-bottom-center,286,7,R1-1100um-top-to-bottom-center_frame_286,1,0,0,0,1,1,1-0-0-0,Surface_Crack,0,0,0,none,none,2142,0.006973
image_2134.jpg,R1-1000um-top-to-bottom-center_frame_8_patch_2.png,1,1000,top-to-bottom-center,R1-1000um-top-to-bottom-center,8,2,R1-1000um-top-to-bottom-center_frame_8,1,0,0,0,1,1,1-0-0-0,Surface_Crack,0,0,0,none,none,786,0.002559
image_2135.jpg,R1-700um-top-to-bottom-center_frame_590_patch_3.png,1,700,top-to-bottom-center,R1-700um-top-to-bottom-center,590,3,R1-700um-top-to-bottom-center_frame_590,1,0,0,0,1,1,1-0-0-0,Surface_Crack,0,0,0,none,none,13079,0.042575
image_2136.jpg,R1-600um-top-to-bottom-center_frame_36_patch_8.png,1,600,top-to-bottom-center,R1-600um-top-to-bottom-center,36,8,R1-600um-top-to-bottom-center_frame_36,0,0,0,0,0,0,0-0-0-0,none,1,0,0,none,none,0,0.0
image_2137.jpg,R7-700um-middle_frame_581_patch_8.png,7,700,middle,R7-700um-middle,581,8,R7-700um-middle_frame_581,1,1,0,0,2,1,1-1-0-0,Surface_Crack+Delamination,0,0,0,none,none,90537,0.294717
image_2138.jpg,R1-800um-top-to-bottom-center_frame_627_patch_4.png,1,800,top-to-bottom-center,R1-800um-top-to-bottom-center,627,4,R1-800um-top-to-bottom-center_frame_627,1,1,0,0,2,1,1-1-0-0,Surface_Crack+Delamination,0,0,0,none,none,18821,0.061266
image_2139.jpg,R1-600um-top-to-bottom-center_frame_199_patch_8.png,1,600,top-to-bottom-center,R1-600um-top-to-bottom-center,199,8,R1-600um-top-to-bottom-center_frame_199,0,0,1,0,1,1,0-0-1-0,Pinhole,0,1,1,0,Pinhole,114,0.000371
image_2140.jpg,R1-800um-top-to-bottom-center_frame_304_patch_5.png,1,800,top-to-bottom-center,R1-800um-top-to-bottom-center,304,5,R1-800um-top-to-bottom-center_frame_304,1,0,0,0,1,1,1-0-0-0,Surface_Crack,0,0,0,none,none,1823,0.005934
image_2141.jpg,R1-1100um-top-to-bottom-center_frame_239_patch_3.png,1,1100,top-to-bottom-center,R1-1100um-top-to-bottom-center,239,3,R1-1100um-top-to-bottom-center_frame_239,1,0,0,0,1,1,1-0-0-0,Surface_Crack,0,0,0,none,none,10696,0.034818
image_2142.jpg,R1-800um-top-to-bottom-center_frame_63_patch_1.png,1,800,top-to-bottom-center,R1-800um-top-to-bottom-center,63,1,R1-800um-top-to-bottom-center_frame_63,0,0,1,0,1,1,0-0-1-0,Pinhole,0,1,1,0,Pinhole,42,0.000137
image_2143.jpg,R1-600um-top-to-bottom-center_frame_237_patch_2.png,1,600,top-to-bottom-center,R1-600um-top-to-bottom-center,237,2,R1-600um-top-to-bottom-center_frame_237,0,0,0,1,0,0,0-0-0-1,unclassified,0,1,1,1,unclassified,0,0.0
image_2144.jpg,R1-700um-top-to-bottom-center_frame_648_patch_1.png,1,700,top-to-bottom-center,R1-700um-top-to-bottom-center,648,1,R1-700um-top-to-bottom-center_frame_648,1,0,1,0,2,1,1-0-1-0,Surface_Crack+Pinhole,0,1,1,0,Pinhole,14514,0.047246
image_2145.jpg,R1-700um-top-to-bottom-center_frame_621_patch_1.png,1,700,top-to-bottom-center,R1-700um-top-to-bottom-center,621,1,R1-700um-top-to-bottom-center_frame_621,1,0,1,0,2,1,1-0-1-0,Surface_Crack+Pinhole,0,1,1,0,Pinhole,7707,0.025088
image_2146.jpg,R7-700um-middle_frame_120_patch_7.png,7,700,middle,R7-700um-middle,120,7,R7-700um-middle_frame_120,1,1,1,0,3,1,1-1-1-0,Surface_Crack+Delamination+Pinhole,0,1,1,0,Pinhole,8808,0.028672
image_2147.jpg,R1-1000um-top-to-bottom-center_frame_595_patch_7.png,1,1000,top-to-bottom-center,R1-1000um-top-to-bottom-center,595,7,R1-1000um-top-to-bottom-center_frame_595,1,0,1,0,2,1,1-0-1-0,Surface_Crack+Pinhole,0,1,1,0,Pinhole,12906,0.042012
image_2148.jpg,R1-1100um-top-to-bottom-center-1_frame_267_patch_6.png,1,1100,top-to-bottom-center-1,R1-1100um-top-to-bottom-center-1,267,6,R1-1100um-top-to-bottom-center-1_frame_267,1,0,1,0,2,1,1-0-1-0,Surface_Crack+Pinhole,0,1,1,0,Pinhole,6903,0.022471
image_2149.jpg,R1-800um-top-to-bottom-center_frame_46_patch_0.png,1,800,top-to-bottom-center,R1-800um-top-to-bottom-center,46,0,R1-800um-top-to-bottom-center_frame_46,0,0,1,0,1,1,0-0-1-0,Pinhole,0,1,1,0,Pinhole,113,0.000368
image_2150.jpg,R1-800um-top-to-bottom-center_frame_253_patch_7.png,1,800,top-to-bottom-center,R1-800um-top-to-bottom-center,253,7,R1-800um-top-to-bottom-center_frame_253,0,0,1,0,1,1,0-0-1-0,Pinhole,0,1,1,0,Pinhole,16,5.2e-05
image_2151.jpg,R1-700um-top-to-bottom-center_frame_127_patch_4.png,1,700,top-to-bottom-center,R1-700um-top-to-bottom-center,127,4,R1-700um-top-to-bottom-center_frame_127,0,0,1,0,1,1,0-0-1-0,Pinhole,0,1,1,0,Pinhole,2,7e-06
image_2152.jpg,R1-1100um-top-to-bottom-center-1_frame_447_patch_7.png,1,1100,top-to-bottom-center-1,R1-1100um-top-to-bottom-center-1,447,7,R1-1100um-top-to-bottom-center-1_frame_447,1,0,0,0,1,1,1-0-0-0,Surface_Crack,0,0,0,none,none,9793,0.031878
image_2153.jpg,R1-1100um-top-to-bottom-center_frame_372_patch_6.png,1,1100,top-to-bottom-center,R1-1100um-top-to-bottom-center,372,6,R1-1100um-top-to-bottom-center_frame_372,1,1,0,0,2,1,1-1-0-0,Surface_Crack+Delamination,0,0,0,none,none,33036,0.107539
image_2154.jpg,R1-900um-top-to-bottom-center_frame_405_patch_5.png,1,900,top-to-bottom-center,R1-900um-top-to-bottom-center,405,5,R1-900um-top-to-bottom-center_frame_405,1,0,1,0,2,1,1-0-1-0,Surface_Crack+Pinhole,0,1,1,0,Pinhole,6233,0.02029
image_2155.jpg,R1-1000um-top-to-bottom-center_frame_209_patch_3.png,1,1000,top-to-bottom-center,R1-1000um-top-to-bottom-center,209,3,R1-1000um-top-to-bottom-center_frame_209,1,0,0,0,1,1,1-0-0-0,Surface_Crack,0,0,0,none,none,11741,0.038219
image_2156.jpg,R1-600um-top-to-bottom-center_frame_526_patch_3.png,1,600,top-to-bottom-center,R1-600um-top-to-bottom-center,526,3,R1-600um-top-to-bottom-center_frame_526,0,0,0,0,0,0,0-0-0-0,none,1,0,0,none,none,0,0.0
image_2157.jpg,R7-700um-middle_frame_1_patch_0.png,7,700,middle,R7-700um-middle,1,0,R7-700um-middle_frame_1,1,1,0,0,2,1,1-1-0-0,Surface_Crack+Delamination,0,0,0,none,none,10273,0.033441
image_2158.jpg,R1-800um-top-to-bottom-center_frame_479_patch_4.png,1,800,top-to-bottom-center,R1-800um-top-to-bottom-center,479,4,R1-800um-top-to-bottom-center_frame_479,1,0,0,0,1,1,1-0-0-0,Surface_Crack,0,0,0,none,none,5673,0.018467
image_2159.jpg,R1-600um-top-to-bottom-center_frame_394_patch_3.png,1,600,top-to-bottom-center,R1-600um-top-to-bottom-center,394,3,R1-600um-top-to-bottom-center_frame_394,1,0,0,0,1,1,1-0-0-0,Surface_Crack,0,0,0,none,none,6717,0.021865
image_2160.jpg,R1-800um-top-to-bottom-center_frame_413_patch_7.png,1,800,top-to-bottom-center,R1-800um-top-to-bottom-center,413,7,R1-800um-top-to-bottom-center_frame_413,1,0,1,0,2,1,1-0-1-0,Surface_Crack+Pinhole,0,1,1,0,Pinhole,5519,0.017965
image_2161.jpg,R1-1100um-top-to-bottom-center_frame_245_patch_0.png,1,1100,top-to-bottom-center,R1-1100um-top-to-bottom-center,245,0,R1-1100um-top-to-bottom-center_frame_245,1,0,0,0,1,1,1-0-0-0,Surface_Crack,0,0,0,none,none,7172,0.023346
image_2162.jpg,R1-600um-top-to-bottom-center_frame_0_patch_7.png,1,600,top-to-bottom-center,R1-600um-top-to-bottom-center,0,7,R1-600um-top-to-bottom-center_frame_0,0,0,1,0,1,1,0-0-1-0,Pinhole,0,1,2,0,Pinhole,212,0.00069
image_2163.jpg,R1-1100um-top-to-bottom-center_frame_356_patch_8.png,1,1100,top-to-bottom-center,R1-1100um-top-to-bottom-center,356,8,R1-1100um-top-to-bottom-center_frame_356,1,0,1,0,2,1,1-0-1-0,Surface_Crack+Pinhole,0,1,1,0,Pinhole,5916,0.019258
image_2164.jpg,R1-1100um-top-to-bottom-center-1_frame_372_patch_3.png,1,1100,top-to-bottom-center-1,R1-1100um-top-to-bottom-center-1,372,3,R1-1100um-top-to-bottom-center-1_frame_372,1,0,1,0,2,1,1-0-1-0,Surface_Crack+Pinhole,0,1,2,0,Pinhole,11583,0.037705
image_2165.jpg,R1-1100um-top-to-bottom-center_frame_86_patch_7.png,1,1100,top-to-bottom-center,R1-1100um-top-to-bottom-center,86,7,R1-1100um-top-to-bottom-center_frame_86,1,0,0,0,1,1,1-0-0-0,Surface_Crack,0,0,0,none,none,6522,0.02123
image_2166.jpg,R1-700um-top-to-bottom-center_frame_570_patch_4.png,1,700,top-to-bottom-center,R1-700um-top-to-bottom-center,570,4,R1-700um-top-to-bottom-center_frame_570,1,0,0,0,1,1,1-0-0-0,Surface_Crack,0,0,0,none,none,5625,0.018311
image_2167.jpg,R1-700um-top-to-bottom-center_frame_182_patch_0.png,1,700,top-to-bottom-center,R1-700um-top-to-bottom-center,182,0,R1-700um-top-to-bottom-center_frame_182,0,0,1,0,1,1,0-0-1-0,Pinhole,0,1,1,0,Pinhole,600,0.001953
image_2168.jpg,R1-800um-top-to-bottom-center_frame_288_patch_7.png,1,800,top-to-bottom-center,R1-800um-top-to-bottom-center,288,7,R1-800um-top-to-bottom-center_frame_288,0,0,0,1,0,0,0-0-0-1,unclassified,0,1,1,1,unclassified,0,0.0
image_2169.jpg,R1-1000um-top-to-bottom-center_frame_180_patch_3.png,1,1000,top-to-bottom-center,R1-1000um-top-to-bottom-center,180,3,R1-1000um-top-to-bottom-center_frame_180,1,0,0,0,1,1,1-0-0-0,Surface_Crack,0,0,0,none,none,10091,0.032848
image_2170.jpg,R7-700um-middle_frame_566_patch_8.png,7,700,middle,R7-700um-middle,566,8,R7-700um-middle_frame_566,1,1,0,0,2,1,1-1-0-0,Surface_Crack+Delamination,0,0,0,none,none,19237,0.06262
image_2171.jpg,R1-1000um-top-to-bottom-center_frame_585_patch_4.png,1,1000,top-to-bottom-center,R1-1000um-top-to-bottom-center,585,4,R1-1000um-top-to-bottom-center_frame_585,1,0,0,0,1,1,1-0-0-0,Surface_Crack,0,0,0,none,none,28374,0.092363
image_2172.jpg,R1-900um-top-to-bottom-center_frame_33_patch_7.png,1,900,top-to-bottom-center,R1-900um-top-to-bottom-center,33,7,R1-900um-top-to-bottom-center_frame_33,0,0,0,0,0,0,0-0-0-0,none,1,0,0,none,none,0,0.0
image_2173.jpg,R1-1000um-top-to-bottom-center_frame_461_patch_0.png,1,1000,top-to-bottom-center,R1-1000um-top-to-bottom-center,461,0,R1-1000um-top-to-bottom-center_frame_461,1,0,0,0,1,1,1-0-0-0,Surface_Crack,0,0,0,none,none,6585,0.021436
image_2174.jpg,R1-800um-top-to-bottom-center_frame_499_patch_6.png,1,800,top-to-bottom-center,R1-800um-top-to-bottom-center,499,6,R1-800um-top-to-bottom-center_frame_499,1,0,0,0,1,1,1-0-0-0,Surface_Crack,0,0,0,none,none,4662,0.015176
image_2175.jpg,R1-1100um-top-to-bottom-center-1_frame_338_patch_8.png,1,1100,top-to-bottom-center-1,R1-1100um-top-to-bottom-center-1,338,8,R1-1100um-top-to-bottom-center-1_frame_338,1,0,0,0,1,1,1-0-0-0,Surface_Crack,0,0,0,none,none,13716,0.044648
image_2176.jpg,R7-700um-middle_frame_500_patch_6.png,7,700,middle,R7-700um-middle,500,6,R7-700um-middle_frame_500,1,0,0,0,1,1,1-0-0-0,Surface_Crack,0,0,0,none,none,574,0.001868
image_2177.jpg,R1-800um-top-to-bottom-center_frame_499_patch_3.png,1,800,top-to-bottom-center,R1-800um-top-to-bottom-center,499,3,R1-800um-top-to-bottom-center_frame_499,1,0,0,0,1,1,1-0-0-0,Surface_Crack,0,0,0,none,none,5865,0.019092
image_2178.jpg,R1-600um-top-to-bottom-center_frame_567_patch_3.png,1,600,top-to-bottom-center,R1-600um-top-to-bottom-center,567,3,R1-600um-top-to-bottom-center_frame_567,0,0,0,1,0,0,0-0-0-1,unclassified,0,1,1,1,unclassified,0,0.0
image_2179.jpg,R1-1100um-top-to-bottom-center-1_frame_502_patch_1.png,1,1100,top-to-bottom-center-1,R1-1100um-top-to-bottom-center-1,502,1,R1-1100um-top-to-bottom-center-1_frame_502,1,1,0,0,2,1,1-1-0-0,Surface_Crack+Delamination,0,0,0,none,none,23247,0.075674
image_2180.jpg,R1-700um-top-to-bottom-center_frame_648_patch_7.png,1,700,top-to-bottom-center,R1-700um-top-to-bottom-center,648,7,R1-700um-top-to-bottom-center_frame_648,1,1,0,0,2,1,1-1-0-0,Surface_Crack+Delamination,0,0,0,none,none,23124,0.075273
image_2181.jpg,R1-900um-top-to-bottom-center_frame_512_patch_3.png,1,900,top-to-bottom-center,R1-900um-top-to-bottom-center,512,3,R1-900um-top-to-bottom-center_frame_512,1,0,0,0,1,1,1-0-0-0,Surface_Crack,0,0,0,none,none,8449,0.027503
image_2182.jpg,R1-1100um-top-to-bottom-center-1_frame_169_patch_1.png,1,1100,top-to-bottom-center-1,R1-1100um-top-to-bottom-center-1,169,1,R1-1100um-top-to-bottom-center-1_frame_169,1,0,0,0,1,1,1-0-0-0,Surface_Crack,0,0,0,none,none,8122,0.026439
image_2183.jpg,R1-800um-top-to-bottom-center_frame_638_patch_3.png,1,800,top-to-bottom-center,R1-800um-top-to-bottom-center,638,3,R1-800um-top-to-bottom-center_frame_638,1,1,0,0,2,1,1-1-0-0,Surface_Crack+Delamination,0,0,0,none,none,28607,0.093122
image_2184.jpg,R1-700um-top-to-bottom-center_frame_334_patch_3.png,1,700,top-to-bottom-center,R1-700um-top-to-bottom-center,334,3,R1-700um-top-to-bottom-center_frame_334,1,0,0,0,1,1,1-0-0-0,Surface_Crack,0,0,0,none,none,11965,0.038949
image_2185.jpg,R1-600um-top-to-bottom-center_frame_75_patch_1.png,1,600,top-to-bottom-center,R1-600um-top-to-bottom-center,75,1,R1-600um-top-to-bottom-center_frame_75,0,0,1,0,1,1,0-0-1-0,Pinhole,0,1,1,0,Pinhole,248,0.000807
image_2186.jpg,R1-700um-top-to-bottom-center_frame_590_patch_6.png,1,700,top-to-bottom-center,R1-700um-top-to-bottom-center,590,6,R1-700um-top-to-bottom-center_frame_590,1,0,0,1,1,1,1-0-0-1,Surface_Crack+unclassified,0,1,1,1,unclassified,11534,0.037546
image_2187.jpg,R1-800um-top-to-bottom-center_frame_413_patch_3.png,1,800,top-to-bottom-center,R1-800um-top-to-bottom-center,413,3,R1-800um-top-to-bottom-center_frame_413,1,0,0,0,1,1,1-0-0-0,Surface_Crack,0,0,0,none,none,3305,0.010758
image_2188.jpg,R1-700um-top-to-bottom-center_frame_572_patch_0.png,1,700,top-to-bottom-center,R1-700um-top-to-bottom-center,572,0,R1-700um-top-to-bottom-center_frame_572,1,0,0,0,1,1,1-0-0-0,Surface_Crack,0,0,0,none,none,6824,0.022214
image_2189.jpg,R1-1100um-top-to-bottom-center-1_frame_161_patch_6.png,1,1100,top-to-bottom-center-1,R1-1100um-top-to-bottom-center-1,161,6,R1-1100um-top-to-bottom-center-1_frame_161,1,0,0,0,1,1,1-0-0-0,Surface_Crack,0,0,0,none,none,12040,0.039193
image_2190.jpg,R7-700um-middle_frame_512_patch_7.png,7,700,middle,R7-700um-middle,512,7,R7-700um-middle_frame_512,1,0,0,0,1,1,1-0-0-0,Surface_Crack,0,0,0,none,none,2182,0.007103
image_2191.jpg,R1-1100um-top-to-bottom-center-1_frame_521_patch_7.png,1,1100,top-to-bottom-center-1,R1-1100um-top-to-bottom-center-1,521,7,R1-1100um-top-to-bottom-center-1_frame_521,1,1,0,0,2,1,1-1-0-0,Surface_Crack+Delamination,0,0,0,none,none,37133,0.120876
image_2192.jpg,R1-800um-top-to-bottom-center_frame_554_patch_3.png,1,800,top-to-bottom-center,R1-800um-top-to-bottom-center,554,3,R1-800um-top-to-bottom-center_frame_554,1,0,0,0,1,1,1-0-0-0,Surface_Crack,0,0,0,none,none,3384,0.011016
image_2193.jpg,R1-1100um-top-to-bottom-center_frame_183_patch_7.png,1,1100,top-to-bottom-center,R1-1100um-top-to-bottom-center,183,7,R1-1100um-top-to-bottom-center_frame_183,1,0,0,0,1,1,1-0-0-0,Surface_Crack,0,0,0,none,none,2689,0.008753
image_2194.jpg,R1-900um-top-to-bottom-center_frame_444_patch_7.png,1,900,top-to-bottom-center,R1-900um-top-to-bottom-center,444,7,R1-900um-top-to-bottom-center_frame_444,1,0,0,0,1,1,1-0-0-0,Surface_Crack,0,0,0,none,none,7913,0.025758
image_2195.jpg,R1-600um-top-to-bottom-center_frame_596_patch_0.png,1,600,top-to-bottom-center,R1-600um-top-to-bottom-center,596,0,R1-600um-top-to-bottom-center_frame_596,1,0,1,0,2,1,1-0-1-0,Surface_Crack+Pinhole,0,1,1,0,Pinhole,6294,0.020488
image_2196.jpg,R1-800um-top-to-bottom-center_frame_526_patch_8.png,1,800,top-to-bottom-center,R1-800um-top-to-bottom-center,526,8,R1-800um-top-to-bottom-center_frame_526,1,0,0,0,1,1,1-0-0-0,Surface_Crack,0,0,0,none,none,4833,0.015732
image_2197.jpg,R1-600um-top-to-bottom-center_frame_457_patch_6.png,1,600,top-to-bottom-center,R1-600um-top-to-bottom-center,457,6,R1-600um-top-to-bottom-center_frame_457,1,0,0,1,1,1,1-0-0-1,Surface_Crack+unclassified,0,1,1,1,unclassified,788,0.002565
image_2198.jpg,R1-900um-top-to-bottom-center_frame_493_patch_1.png,1,900,top-to-bottom-center,R1-900um-top-to-bottom-center,493,1,R1-900um-top-to-bottom-center_frame_493,1,0,0,0,1,1,1-0-0-0,Surface_Crack,0,0,0,none,none,6245,0.020329
image_2199.jpg,R1-1100um-top-to-bottom-center_frame_218_patch_2.png,1,1100,top-to-bottom-center,R1-1100um-top-to-bottom-center,218,2,R1-1100um-top-to-bottom-center_frame_218,1,0,0,0,1,1,1-0-0-0,Surface_Crack,0,0,0,none,none,7182,0.023379
image_2200.jpg,R1-1000um-top-to-bottom-center_frame_134_patch_3.png,1,1000,top-to-bottom-center,R1-1000um-top-to-bottom-center,134,3,R1-1000um-top-to-bottom-center_frame_134,1,0,0,0,1,1,1-0-0-0,Surface_Crack,0,0,0,none,none,2986,0.00972
image_2201.jpg,R1-600um-top-to-bottom-center_frame_79_patch_5.png,1,600,top-to-bottom-center,R1-600um-top-to-bottom-center,79,5,R1-600um-top-to-bottom-center_frame_79,0,0,1,0,1,1,0-0-1-0,Pinhole,0,1,1,0,Pinhole,22,7.2e-05
image_2202.jpg,R1-1100um-top-to-bottom-center_frame_183_patch_8.png,1,1100,top-to-bottom-center,R1-1100um-top-to-bottom-center,183,8,R1-1100um-top-to-bottom-center_frame_183,1,0,0,0,1,1,1-0-0-0,Surface_Crack,0,0,0,none,none,4644,0.015117
image_2203.jpg,R1-1000um-top-to-bottom-center_frame_99_patch_3.png,1,1000,top-to-bottom-center,R1-1000um-top-to-bottom-center,99,3,R1-1000um-top-to-bottom-center_frame_99,0,0,1,0,1,1,0-0-1-0,Pinhole,0,1,2,0,Pinhole,94,0.000306
image_2204.jpg,R1-700um-top-to-bottom-center_frame_426_patch_1.png,1,700,top-to-bottom-center,R1-700um-top-to-bottom-center,426,1,R1-700um-top-to-bottom-center_frame_426,1,0,0,0,1,1,1-0-0-0,Surface_Crack,0,0,0,none,none,3491,0.011364
image_2205.jpg,R1-1100um-top-to-bottom-center_frame_386_patch_5.png,1,1100,top-to-bottom-center,R1-1100um-top-to-bottom-center,386,5,R1-1100um-top-to-bottom-center_frame_386,1,0,1,0,2,1,1-0-1-0,Surface_Crack+Pinhole,0,1,1,0,Pinhole,6359,0.0207
image_2206.jpg,R1-900um-top-to-bottom-center_frame_418_patch_1.png,1,900,top-to-bottom-center,R1-900um-top-to-bottom-center,418,1,R1-900um-top-to-bottom-center_frame_418,1,0,0,0,1,1,1-0-0-0,Surface_Crack,0,0,0,none,none,6896,0.022448
image_2207.jpg,R1-1100um-top-to-bottom-center_frame_205_patch_2.png,1,1100,top-to-bottom-center,R1-1100um-top-to-bottom-center,205,2,R1-1100um-top-to-bottom-center_frame_205,1,0,0,0,1,1,1-0-0-0,Surface_Crack,0,0,0,none,none,7268,0.023659
image_2208.jpg,R1-600um-top-to-bottom-center_frame_61_patch_6.png,1,600,top-to-bottom-center,R1-600um-top-to-bottom-center,61,6,R1-600um-top-to-bottom-center_frame_61,0,0,1,0,1,1,0-0-1-0,Pinhole,0,1,1,0,Pinhole,306,0.000996
image_2209.jpg,R1-1000um-top-to-bottom-center_frame_384_patch_5.png,1,1000,top-to-bottom-center,R1-1000um-top-to-bottom-center,384,5,R1-1000um-top-to-bottom-center_frame_384,1,0,0,0,1,1,1-0-0-0,Surface_Crack,0,0,0,none,none,17196,0.055977
image_2210.jpg,R1-600um-top-to-bottom-center_frame_586_patch_8.png,1,600,top-to-bottom-center,R1-600um-top-to-bottom-center,586,8,R1-600um-top-to-bottom-center_frame_586,1,0,0,0,1,1,1-0-0-0,Surface_Crack,0,0,0,none,none,3092,0.010065
image_2211.jpg,R1-600um-top-to-bottom-center_frame_596_patch_2.png,1,600,top-to-bottom-center,R1-600um-top-to-bottom-center,596,2,R1-600um-top-to-bottom-center_frame_596,1,0,0,0,1,1,1-0-0-0,Surface_Crack,0,0,0,none,none,5090,0.016569
image_2212.jpg,R1-900um-top-to-bottom-center_frame_207_patch_1.png,1,900,top-to-bottom-center,R1-900um-top-to-bottom-center,207,1,R1-900um-top-to-bottom-center_frame_207,1,0,0,0,1,1,1-0-0-0,Surface_Crack,0,0,0,none,none,8458,0.027533
image_2213.jpg,R1-800um-top-to-bottom-center_frame_454_patch_1.png,1,800,top-to-bottom-center,R1-800um-top-to-bottom-center,454,1,R1-800um-top-to-bottom-center_frame_454,1,0,0,0,1,1,1-0-0-0,Surface_Crack,0,0,0,none,none,4784,0.015573
image_2214.jpg,R1-1000um-top-to-bottom-center_frame_173_patch_3.png,1,1000,top-to-bottom-center,R1-1000um-top-to-bottom-center,173,3,R1-1000um-top-to-bottom-center_frame_173,1,0,0,0,1,1,1-0-0-0,Surface_Crack,0,0,0,none,none,8235,0.026807
image_2215.jpg,R1-700um-top-to-bottom-center_frame_621_patch_3.png,1,700,top-to-bottom-center,R1-700um-top-to-bottom-center,621,3,R1-700um-top-to-bottom-center_frame_621,1,0,0,0,1,1,1-0-0-0,Surface_Crack,0,0,0,none,none,15973,0.051995
image_2216.jpg,R1-900um-top-to-bottom-center_frame_392_patch_5.png,1,900,top-to-bottom-center,R1-900um-top-to-bottom-center,392,5,R1-900um-top-to-bottom-center_frame_392,1,0,1,0,2,1,1-0-1-0,Surface_Crack+Pinhole,0,1,1,0,Pinhole,6119,0.019919
image_2217.jpg,R1-1000um-top-to-bottom-center_frame_245_patch_2.png,1,1000,top-to-bottom-center,R1-1000um-top-to-bottom-center,245,2,R1-1000um-top-to-bottom-center_frame_245,1,0,0,0,1,1,1-0-0-0,Surface_Crack,0,0,0,none,none,15928,0.051849
image_2218.jpg,R1-1100um-top-to-bottom-center_frame_239_patch_8.png,1,1100,top-to-bottom-center,R1-1100um-top-to-bottom-center,239,8,R1-1100um-top-to-bottom-center_frame_239,1,0,1,0,2,1,1-0-1-0,Surface_Crack+Pinhole,0,1,1,0,Pinhole,8536,0.027786
image_2219.jpg,R1-700um-top-to-bottom-center_frame_270_patch_0.png,1,700,top-to-bottom-center,R1-700um-top-to-bottom-center,270,0,R1-700um-top-to-bottom-center_frame_270,1,0,1,0,2,1,1-0-1-0,Surface_Crack+Pinhole,0,1,1,0,Pinhole,10513,0.034222
image_2220.jpg,R1-700um-top-to-bottom-center_frame_347_patch_7.png,1,700,top-to-bottom-center,R1-700um-top-to-bottom-center,347,7,R1-700um-top-to-bottom-center_frame_347,1,0,1,0,2,1,1-0-1-0,Surface_Crack+Pinhole,0,1,1,0,Pinhole,6572,0.021393
image_2221.jpg,R1-700um-top-to-bottom-center_frame_556_patch_1.png,1,700,top-to-bottom-center,R1-700um-top-to-bottom-center,556,1,R1-700um-top-to-bottom-center_frame_556,1,0,0,0,1,1,1-0-0-0,Surface_Crack,0,0,0,none,none,3522,0.011465
image_2222.jpg,R1-800um-top-to-bottom-center_frame_98_patch_3.png,1,800,top-to-bottom-center,R1-800um-top-to-bottom-center,98,3,R1-800um-top-to-bottom-center_frame_98,0,0,1,0,1,1,0-0-1-0,Pinhole,0,1,1,0,Pinhole,64,0.000208
image_2223.jpg,R1-900um-top-to-bottom-center_frame_434_patch_4.png,1,900,top-to-bottom-center,R1-900um-top-to-bottom-center,434,4,R1-900um-top-to-bottom-center_frame_434,1,0,0,0,1,1,1-0-0-0,Surface_Crack,0,0,0,none,none,8988,0.029258
image_2224.jpg,R1-900um-top-to-bottom-center_frame_251_patch_0.png,1,900,top-to-bottom-center,R1-900um-top-to-bottom-center,251,0,R1-900um-top-to-bottom-center_frame_251,1,0,0,0,1,1,1-0-0-0,Surface_Crack,0,0,0,none,none,11227,0.036546
image_2225.jpg,R1-1100um-top-to-bottom-center_frame_218_patch_3.png,1,1100,top-to-bottom-center,R1-1100um-top-to-bottom-center,218,3,R1-1100um-top-to-bottom-center_frame_218,1,0,0,0,1,1,1-0-0-0,Surface_Crack,0,0,0,none,none,9657,0.031436
image_2226.jpg,R1-900um-top-to-bottom-center_frame_493_patch_5.png,1,900,top-to-bottom-center,R1-900um-top-to-bottom-center,493,5,R1-900um-top-to-bottom-center_frame_493,1,0,0,0,1,1,1-0-0-0,Surface_Crack,0,0,0,none,none,5065,0.016488
image_2227.jpg,R1-800um-top-to-bottom-center_frame_473_patch_2.png,1,800,top-to-bottom-center,R1-800um-top-to-bottom-center,473,2,R1-800um-top-to-bottom-center_frame_473,1,0,0,0,1,1,1-0-0-0,Surface_Crack,0,0,0,none,none,3015,0.009814
