original_file_name,file_name,Surface_Crack,Delamination,Pinhole,unclassified
R7-700um-middle_frame_489_patch_1.png,image_1.jpg,1,0,0,0
R1-1100um-top-to-bottom-center-1_frame_220_patch_7.png,image_2.jpg,1,0,0,0
R1-1100um-top-to-bottom-center_frame_85_patch_1.png,image_3.jpg,1,0,1,0
R1-1100um-top-to-bottom-center-1_frame_190_patch_0.png,image_4.jpg,0,0,1,0
R1-1100um-top-to-bottom-center_frame_218_patch_5.png,image_5.jpg,1,0,0,0
R1-600um-top-to-bottom-center_frame_569_patch_5.png,image_6.jpg,1,0,1,0
R1-1100um-top-to-bottom-center_frame_77_patch_1.png,image_7.jpg,1,0,0,0
R1-700um-top-to-bottom-center_frame_597_patch_3.png,image_8.jpg,1,0,0,0
R7-700um-middle_frame_100_patch_5.png,image_9.jpg,1,0,0,0
R1-900um-top-to-bottom-center_frame_251_patch_2.png,image_10.jpg,1,0,0,0
R1-900um-top-to-bottom-center_frame_512_patch_1.png,image_11.jpg,1,0,0,0
R1-1000um-top-to-bottom-center_frame_173_patch_1.png,image_12.jpg,1,0,0,0
R1-1100um-top-to-bottom-center_frame_147_patch_5.png,image_13.jpg,1,0,0,0
R1-1100um-top-to-bottom-center_frame_98_patch_1.png,image_14.jpg,1,0,1,0
R1-1000um-top-to-bottom-center_frame_256_patch_7.png,image_15.jpg,1,0,0,0
R1-600um-top-to-bottom-center_frame_61_patch_4.png,image_16.jpg,0,0,1,0
R1-1100um-top-to-bottom-center_frame_361_patch_0.png,image_17.jpg,1,1,0,0
R1-1000um-top-to-bottom-center_frame_487_patch_4.png,image_18.jpg,1,1,0,0
R1-800um-top-to-bottom-center_frame_46_patch_2.png,image_19.jpg,0,0,1,0
R1-800um-top-to-bottom-center_frame_631_patch_1.png,image_20.jpg,1,0,1,0
R1-800um-top-to-bottom-center_frame_439_patch_6.png,image_21.jpg,1,0,0,0
R1-1100um-top-to-bottom-center_frame_356_patch_2.png,image_22.jpg,1,0,0,0
R1-1100um-top-to-bottom-center_frame_264_patch_4.png,image_23.jpg,1,0,1,0
R1-800um-top-to-bottom-center_frame_412_patch_3.png,image_24.jpg,1,0,0,0
R1-900um-top-to-bottom-center_frame_33_patch_5.png,image_25.jpg,0,0,1,1
R1-800um-top-to-bottom-center_frame_540_patch_4.png,image_26.jpg,1,0,0,0
R1-1100um-top-to-bottom-center-1_frame_425_patch_5.png,image_27.jpg,1,0,0,0
R1-900um-top-to-bottom-center_frame_604_patch_4.png,image_28.jpg,1,0,1,0
R1-1100um-top-to-bottom-center-1_frame_425_patch_2.png,image_29.jpg,1,1,0,0
R1-1100um-top-to-bottom-center-1_frame_338_patch_2.png,image_30.jpg,1,0,1,0
R1-1100um-top-to-bottom-center-1_frame_338_patch_0.png,image_31.jpg,1,0,1,0
R1-800um-top-to-bottom-center_frame_439_patch_4.png,image_32.jpg,1,0,0,0
R7-700um-middle_frame_500_patch_2.png,image_33.jpg,1,0,0,0
R1-1100um-top-to-bottom-center_frame_128_patch_0.png,image_34.jpg,1,0,0,0
R1-1100um-top-to-bottom-center_frame_86_patch_4.png,image_35.jpg,1,0,0,0
R1-1100um-top-to-bottom-center_frame_281_patch_7.png,image_36.jpg,1,0,1,0
R1-1100um-top-to-bottom-center_frame_183_patch_4.png,image_37.jpg,1,0,0,0
R1-600um-top-to-bottom-center_frame_603_patch_3.png,image_38.jpg,1,0,1,0
R1-1100um-top-to-bottom-center-1_frame_205_patch_8.png,image_39.jpg,1,0,0,0
R1-1100um-top-to-bottom-center-1_frame_329_patch_6.png,image_40.jpg,1,0,0,0
R1-700um-top-to-bottom-center_frame_485_patch_6.png,image_41.jpg,1,0,0,0
R1-600um-top-to-bottom-center_frame_36_patch_4.png,image_42.jpg,0,0,1,0
R1-1000um-top-to-bottom-center_frame_180_patch_7.png,image_43.jpg,1,0,0,0
R1-1100um-top-to-bottom-center_frame_386_patch_0.png,image_44.jpg,1,0,0,0
R1-600um-top-to-bottom-center_frame_387_patch_4.png,image_45.jpg,1,0,0,0
R1-800um-top-to-bottom-center_frame_454_patch_6.png,image_46.jpg,1,0,0,0
R1-600um-top-to-bottom-center_frame_594_patch_8.png,image_47.jpg,1,0,0,0
R1-900um-top-to-bottom-center_frame_179_patch_4.png,image_48.jpg,1,0,0,0
R1-1100um-top-to-bottom-center_frame_43_patch_2.png,image_49.jpg,1,0,0,0
R1-900um-top-to-bottom-center_frame_263_patch_7.png,image_50.jpg,1,0,0,0
R1-1000um-top-to-bottom-center_frame_395_patch_8.png,image_51.jpg,1,0,0,0
R1-700um-top-to-bottom-center_frame_41_patch_1.png,image_52.jpg,0,0,1,0
R1-800um-top-to-bottom-center_frame_479_patch_6.png,image_53.jpg,1,0,0,0
R1-1100um-top-to-bottom-center_frame_327_patch_3.png,image_54.jpg,1,0,0,0
R1-1100um-top-to-bottom-center_frame_286_patch_4.png,image_55.jpg,1,0,0,0
R1-800um-top-to-bottom-center_frame_473_patch_1.png,image_56.jpg,1,0,0,0
R1-600um-top-to-bottom-center_frame_45_patch_7.png,image_57.jpg,0,0,0,0
R1-1000um-top-to-bottom-center_frame_458_patch_1.png,image_58.jpg,1,1,0,0
R1-600um-top-to-bottom-center_frame_631_patch_2.png,image_59.jpg,1,0,0,0
R1-1000um-top-to-bottom-center_frame_395_patch_7.png,image_60.jpg,1,0,0,0
R1-600um-top-to-bottom-center_frame_182_patch_1.png,image_61.jpg,0,0,1,0
R1-1000um-top-to-bottom-center_frame_260_patch_8.png,image_62.jpg,1,0,1,0
R1-600um-top-to-bottom-center_frame_356_patch_2.png,image_63.jpg,1,0,1,0
R1-1100um-top-to-bottom-center_frame_223_patch_0.png,image_64.jpg,1,0,0,0
R1-900um-top-to-bottom-center_frame_392_patch_4.png,image_65.jpg,1,0,0,0
R1-700um-top-to-bottom-center_frame_556_patch_0.png,image_66.jpg,1,0,0,0
R1-1100um-top-to-bottom-center_frame_232_patch_5.png,image_67.jpg,1,0,1,0
R1-900um-top-to-bottom-center_frame_405_patch_8.png,image_68.jpg,1,0,0,0
R7-700um-middle_frame_581_patch_5.png,image_69.jpg,0,1,0,0
R1-600um-top-to-bottom-center_frame_596_patch_4.png,image_70.jpg,1,0,1,0
R1-1100um-top-to-bottom-center-1_frame_241_patch_7.png,image_71.jpg,1,0,1,0
R1-600um-top-to-bottom-center_frame_387_patch_3.png,image_72.jpg,1,0,0,0
R7-700um-middle_frame_512_patch_8.png,image_73.jpg,1,0,0,0
R1-900um-top-to-bottom-center_frame_194_patch_5.png,image_74.jpg,1,0,0,0
R1-1100um-top-to-bottom-center_frame_167_patch_4.png,image_75.jpg,1,0,1,0
R1-1100um-top-to-bottom-center-1_frame_241_patch_3.png,image_76.jpg,1,0,0,0
R1-800um-top-to-bottom-center_frame_638_patch_0.png,image_77.jpg,1,0,1,0
R1-1100um-top-to-bottom-center_frame_124_patch_4.png,image_78.jpg,1,0,0,0
R1-800um-top-to-bottom-center_frame_439_patch_3.png,image_79.jpg,1,0,0,0
R1-800um-top-to-bottom-center_frame_119_patch_6.png,image_80.jpg,0,0,1,0
R1-1100um-top-to-bottom-center_frame_372_patch_7.png,image_81.jpg,1,0,0,0
R1-1000um-top-to-bottom-center_frame_134_patch_5.png,image_82.jpg,1,0,1,0
R1-1100um-top-to-bottom-center_frame_277_patch_5.png,image_83.jpg,1,0,0,0
R1-900um-top-to-bottom-center_frame_418_patch_2.png,image_84.jpg,1,0,0,0
R1-900um-top-to-bottom-center_frame_405_patch_2.png,image_85.jpg,1,0,0,0
R1-600um-top-to-bottom-center_frame_622_patch_3.png,image_86.jpg,1,0,0,0
R1-600um-top-to-bottom-center_frame_526_patch_1.png,image_87.jpg,1,0,0,0
R1-900um-top-to-bottom-center_frame_486_patch_8.png,image_88.jpg,1,0,0,0
R1-1100um-top-to-bottom-center_frame_97_patch_0.png,image_89.jpg,0,0,1,0
R1-1100um-top-to-bottom-center_frame_220_patch_8.png,image_90.jpg,1,0,0,0
R1-1100um-top-to-bottom-center-1_frame_96_patch_6.png,image_91.jpg,1,0,0,0
R1-900um-top-to-bottom-center_frame_207_patch_0.png,image_92.jpg,1,0,1,0
R1-600um-top-to-bottom-center_frame_308_patch_5.png,image_93.jpg,0,0,1,0
R1-900um-top-to-bottom-center_frame_565_patch_6.png,image_94.jpg,1,0,0,0
R1-600um-top-to-bottom-center_frame_143_patch_2.png,image_95.jpg,0,0,1,0
R1-1100um-top-to-bottom-center_frame_254_patch_5.png,image_96.jpg,1,0,0,0
R1-700um-top-to-bottom-center_frame_387_patch_8.png,image_97.jpg,1,0,0,0
R1-700um-top-to-bottom-center_frame_347_patch_3.png,image_98.jpg,1,0,0,0
R1-1100um-top-to-bottom-center-1_frame_521_patch_4.png,image_99.jpg,1,1,0,0
R1-1100um-top-to-bottom-center_frame_128_patch_8.png,image_100.jpg,1,0,0,0
R1-700um-top-to-bottom-center_frame_556_patch_6.png,image_101.jpg,1,0,0,0
R1-600um-top-to-bottom-center_frame_87_patch_6.png,image_102.jpg,0,0,0,1
R1-1000um-top-to-bottom-center_frame_260_patch_5.png,image_103.jpg,1,0,0,0
R1-600um-top-to-bottom-center_frame_412_patch_1.png,image_104.jpg,1,0,0,0
R1-1100um-top-to-bottom-center_frame_205_patch_8.png,image_105.jpg,1,0,0,0
R1-1000um-top-to-bottom-center_frame_550_patch_0.png,image_106.jpg,1,0,0,0
R1-1000um-top-to-bottom-center_frame_550_patch_8.png,image_107.jpg,1,0,0,0
R1-800um-top-to-bottom-center_frame_499_patch_0.png,image_108.jpg,1,0,0,0
R1-1100um-top-to-bottom-center_frame_218_patch_7.png,image_109.jpg,1,0,0,0
R1-600um-top-to-bottom-center_frame_408_patch_8.png,image_110.jpg,1,0,0,0
R1-900um-top-to-bottom-center_frame_604_patch_8.png,image_111.jpg,1,0,0,0
R1-1100um-top-to-bottom-center_frame_52_patch_4.png,image_112.jpg,1,0,0,0
R1-700um-top-to-bottom-center_frame_289_patch_0.png,image_113.jpg,1,0,0,0
R1-900um-top-to-bottom-center_frame_593_patch_7.png,image_114.jpg,1,0,0,0
R7-700um-middle_frame_260_patch_1.png,image_115.jpg,0,0,1,0
R7-700um-middle_frame_221_patch_8.png,image_116.jpg,1,0,0,0
R1-700um-top-to-bottom-center_frame_312_patch_8.png,image_117.jpg,1,0,1,0
R1-1100um-top-to-bottom-center_frame_145_patch_1.png,image_118.jpg,1,0,0,0
R1-700um-top-to-bottom-center_frame_334_patch_0.png,image_119.jpg,1,0,0,0
R1-1100um-top-to-bottom-center_frame_297_patch_0.png,image_120.jpg,1,0,0,0
R1-1100um-top-to-bottom-center-1_frame_284_patch_5.png,image_121.jpg,1,0,0,0
R1-1000um-top-to-bottom-center_frame_225_patch_7.png,image_122.jpg,1,0,0,0
R1-1100um-top-to-bottom-center_frame_124_patch_7.png,image_123.jpg,1,0,0,0
R1-1100um-top-to-bottom-center-1_frame_402_patch_5.png,image_124.jpg,1,1,0,0
R1-600um-top-to-bottom-center_frame_372_patch_6.png,image_125.jpg,1,0,0,0
R1-1100um-top-to-bottom-center-1_frame_161_patch_0.png,image_126.jpg,1,0,0,0
R1-900um-top-to-bottom-center_frame_316_patch_1.png,image_127.jpg,1,0,0,0
R1-1100um-top-to-bottom-center_frame_167_patch_5.png,image_128.jpg,1,0,0,0
R1-900um-top-to-bottom-center_frame_376_patch_1.png,image_129.jpg,1,0,0,0
R1-1100um-top-to-bottom-center_frame_297_patch_3.png,image_130.jpg,1,0,1,0
R1-1100um-top-to-bottom-center_frame_239_patch_2.png,image_131.jpg,1,0,0,0
R7-700um-middle_frame_520_patch_4.png,image_132.jpg,1,0,0,0
R1-700um-top-to-bottom-center_frame_580_patch_5.png,image_133.jpg,1,0,0,0
R1-1000um-top-to-bottom-center_frame_338_patch_0.png,image_134.jpg,1,0,0,0
R1-1100um-top-to-bottom-center_frame_83_patch_2.png,image_135.jpg,1,0,0,0
R1-1100um-top-to-bottom-center-1_frame_235_patch_1.png,image_136.jpg,1,0,0,0
R1-800um-top-to-bottom-center_frame_499_patch_7.png,image_137.jpg,1,0,0,0
R1-700um-top-to-bottom-center_frame_312_patch_2.png,image_138.jpg,1,0,0,0
R1-900um-top-to-bottom-center_frame_611_patch_8.png,image_139.jpg,1,0,0,0
R1-900um-top-to-bottom-center_frame_557_patch_4.png,image_140.jpg,1,0,0,0
R1-700um-top-to-bottom-center_frame_673_patch_5.png,image_141.jpg,1,0,0,0
R1-600um-top-to-bottom-center_frame_356_patch_3.png,image_142.jpg,1,0,0,0
R1-1100um-top-to-bottom-center_frame_167_patch_8.png,image_143.jpg,1,0,0,0
R1-1000um-top-to-bottom-center_frame_434_patch_5.png,image_144.jpg,1,0,0,0
R1-1100um-top-to-bottom-center_frame_308_patch_5.png,image_145.jpg,1,0,0,0
R1-900um-top-to-bottom-center_frame_179_patch_6.png,image_146.jpg,0,0,0,1
R7-700um-middle_frame_208_patch_8.png,image_147.jpg,1,0,0,0
R1-800um-top-to-bottom-center_frame_473_patch_3.png,image_148.jpg,1,0,0,0
R1-1100um-top-to-bottom-center_frame_239_patch_6.png,image_149.jpg,1,0,0,0
R1-1000um-top-to-bottom-center_frame_156_patch_3.png,image_150.jpg,1,0,1,0
R1-800um-top-to-bottom-center_frame_439_patch_2.png,image_151.jpg,1,0,0,0
R1-1100um-top-to-bottom-center-1_frame_169_patch_7.png,image_152.jpg,1,0,0,0
R7-700um-middle_frame_122_patch_2.png,image_153.jpg,1,0,0,0
R1-1100um-top-to-bottom-center_frame_161_patch_4.png,image_154.jpg,1,0,1,0
R1-1100um-top-to-bottom-center-1_frame_372_patch_4.png,image_155.jpg,1,1,0,0
R1-700um-top-to-bottom-center_frame_505_patch_0.png,image_156.jpg,1,0,0,0
R1-900um-top-to-bottom-center_frame_405_patch_4.png,image_157.jpg,1,0,0,0
R1-1100um-top-to-bottom-center_frame_52_patch_6.png,image_158.jpg,1,0,0,0
R1-900um-top-to-bottom-center_frame_376_patch_8.png,image_159.jpg,1,0,0,0
R1-600um-top-to-bottom-center_frame_51_patch_3.png,image_160.jpg,0,0,1,0
R1-600um-top-to-bottom-center_frame_61_patch_3.png,image_161.jpg,0,0,0,1
R1-600um-top-to-bottom-center_frame_203_patch_6.png,image_162.jpg,0,0,1,0
R1-1100um-top-to-bottom-center-1_frame_96_patch_1.png,image_163.jpg,1,0,1,0
R1-600um-top-to-bottom-center_frame_526_patch_7.png,image_164.jpg,1,0,0,0
R1-1100um-top-to-bottom-center-1_frame_387_patch_7.png,image_165.jpg,1,1,0,0
R1-800um-top-to-bottom-center_frame_304_patch_1.png,image_166.jpg,1,0,0,0
R1-1100um-top-to-bottom-center-1_frame_342_patch_4.png,image_167.jpg,1,0,0,0
R1-700um-top-to-bottom-center_frame_347_patch_0.png,image_168.jpg,1,0,0,0
R1-800um-top-to-bottom-center_frame_98_patch_6.png,image_169.jpg,0,0,1,0
R1-700um-top-to-bottom-center_frame_580_patch_3.png,image_170.jpg,1,0,0,0
R1-900um-top-to-bottom-center_frame_210_patch_2.png,image_171.jpg,1,0,0,0
R1-1000um-top-to-bottom-center_frame_434_patch_0.png,image_172.jpg,1,0,0,0
R1-1100um-top-to-bottom-center_frame_147_patch_3.png,image_173.jpg,1,0,0,0
R7-700um-middle_frame_520_patch_5.png,image_174.jpg,1,0,0,0
R7-700um-middle_frame_489_patch_4.png,image_175.jpg,1,0,0,0
R1-1100um-top-to-bottom-center-1_frame_161_patch_5.png,image_176.jpg,1,0,1,0
R7-700um-middle_frame_238_patch_5.png,image_177.jpg,0,0,1,0
R1-1000um-top-to-bottom-center_frame_338_patch_5.png,image_178.jpg,1,0,0,0
R1-900um-top-to-bottom-center_frame_303_patch_1.png,image_179.jpg,1,0,0,0
R1-900um-top-to-bottom-center_frame_611_patch_3.png,image_180.jpg,1,0,0,0
R1-1100um-top-to-bottom-center-1_frame_488_patch_0.png,image_181.jpg,1,1,0,0
R1-800um-top-to-bottom-center_frame_573_patch_6.png,image_182.jpg,1,0,0,0
R1-800um-top-to-bottom-center_frame_499_patch_8.png,image_183.jpg,1,0,0,0
R1-800um-top-to-bottom-center_frame_479_patch_5.png,image_184.jpg,1,0,1,0
R1-1100um-top-to-bottom-center-1_frame_96_patch_7.png,image_185.jpg,1,0,0,0
R1-800um-top-to-bottom-center_frame_255_patch_2.png,image_186.jpg,0,0,1,0
R1-900um-top-to-bottom-center_frame_376_patch_7.png,image_187.jpg,1,0,0,0
R1-800um-top-to-bottom-center_frame_318_patch_3.png,image_188.jpg,1,0,0,0
R1-1100um-top-to-bottom-center-1_frame_225_patch_2.png,image_189.jpg,1,0,0,0
R1-1100um-top-to-bottom-center-1_frame_468_patch_4.png,image_190.jpg,1,1,0,0
R1-800um-top-to-bottom-center_frame_304_patch_0.png,image_191.jpg,1,0,0,0
R1-1100um-top-to-bottom-center_frame_191_patch_5.png,image_192.jpg,1,0,0,0
R7-700um-middle_frame_520_patch_7.png,image_193.jpg,1,0,0,0
R7-700um-middle_frame_221_patch_7.png,image_194.jpg,1,0,0,0
R1-1100um-top-to-bottom-center_frame_277_patch_7.png,image_195.jpg,1,0,1,0
R1-600um-top-to-bottom-center_frame_299_patch_2.png,image_196.jpg,0,0,1,0
R1-800um-top-to-bottom-center_frame_72_patch_1.png,image_197.jpg,0,0,1,0
R1-1000um-top-to-bottom-center_frame_551_patch_1.png,image_198.jpg,1,0,0,0
R7-700um-middle_frame_1_patch_3.png,image_199.jpg,1,1,0,0
R1-1100um-top-to-bottom-center_frame_286_patch_5.png,image_200.jpg,1,0,1,0
R1-600um-top-to-bottom-center_frame_611_patch_5.png,image_201.jpg,1,0,0,0
R1-1100um-top-to-bottom-center-1_frame_161_patch_8.png,image_202.jpg,1,0,1,0
R1-1100um-top-to-bottom-center_frame_342_patch_2.png,image_203.jpg,1,0,1,0
R1-1000um-top-to-bottom-center_frame_595_patch_4.png,image_204.jpg,0,0,1,0
R1-800um-top-to-bottom-center_frame_112_patch_6.png,image_205.jpg,0,0,1,0
R1-1100um-top-to-bottom-center_frame_147_patch_7.png,image_206.jpg,1,0,0,0
R1-1100um-top-to-bottom-center-1_frame_241_patch_1.png,image_207.jpg,1,0,0,0
R1-1100um-top-to-bottom-center_frame_179_patch_2.png,image_208.jpg,1,0,0,0
R1-600um-top-to-bottom-center_frame_622_patch_4.png,image_209.jpg,1,0,0,0
R7-700um-middle_frame_97_patch_1.png,image_210.jpg,1,0,0,0
R1-900um-top-to-bottom-center_frame_221_patch_4.png,image_211.jpg,1,0,0,0
R1-1100um-top-to-bottom-center_frame_342_patch_1.png,image_212.jpg,1,0,0,0
R1-900um-top-to-bottom-center_frame_564_patch_7.png,image_213.jpg,1,0,0,0
R1-1100um-top-to-bottom-center_frame_264_patch_5.png,image_214.jpg,1,0,0,0
R1-800um-top-to-bottom-center_frame_573_patch_0.png,image_215.jpg,1,0,1,0
R1-800um-top-to-bottom-center_frame_499_patch_1.png,image_216.jpg,1,0,0,0
R1-1100um-top-to-bottom-center_frame_144_patch_5.png,image_217.jpg,1,0,0,0
R1-800um-top-to-bottom-center_frame_501_patch_8.png,image_218.jpg,1,0,0,0
R1-800um-top-to-bottom-center_frame_80_patch_4.png,image_219.jpg,0,0,1,0
R1-700um-top-to-bottom-center_frame_505_patch_4.png,image_220.jpg,1,0,0,0
R1-1000um-top-to-bottom-center_frame_180_patch_2.png,image_221.jpg,1,0,0,0
R1-1100um-top-to-bottom-center_frame_308_patch_7.png,image_222.jpg,1,0,1,0
R1-1100um-top-to-bottom-center-1_frame_235_patch_2.png,image_223.jpg,1,0,0,0
R1-700um-top-to-bottom-center_frame_306_patch_1.png,image_224.jpg,1,0,0,0
R1-900um-top-to-bottom-center_frame_593_patch_3.png,image_225.jpg,1,0,1,0
R1-1100um-top-to-bottom-center-1_frame_402_patch_3.png,image_226.jpg,1,0,0,0
R1-600um-top-to-bottom-center_frame_594_patch_3.png,image_227.jpg,1,0,0,0
R1-700um-top-to-bottom-center_frame_373_patch_2.png,image_228.jpg,1,0,0,1
R1-800um-top-to-bottom-center_frame_526_patch_7.png,image_229.jpg,1,0,0,0
R1-900um-top-to-bottom-center_frame_493_patch_0.png,image_230.jpg,1,0,0,0
R1-600um-top-to-bottom-center_frame_53_patch_3.png,image_231.jpg,0,0,1,0
R1-600um-top-to-bottom-center_frame_586_patch_7.png,image_232.jpg,1,0,1,0
R1-900um-top-to-bottom-center_frame_37_patch_2.png,image_233.jpg,1,0,1,1
R1-800um-top-to-bottom-center_frame_318_patch_0.png,image_234.jpg,1,0,0,0
R1-1000um-top-to-bottom-center_frame_461_patch_3.png,image_235.jpg,1,0,0,0
R1-1000um-top-to-bottom-center_frame_170_patch_6.png,image_236.jpg,1,0,1,0
R1-700um-top-to-bottom-center_frame_648_patch_8.png,image_237.jpg,1,0,1,0
R1-700um-top-to-bottom-center_frame_44_patch_5.png,image_238.jpg,1,0,1,0
R1-900um-top-to-bottom-center_frame_263_patch_8.png,image_239.jpg,1,0,0,0
R1-800um-top-to-bottom-center_frame_49_patch_2.png,image_240.jpg,0,0,1,0
R1-800um-top-to-bottom-center_frame_413_patch_2.png,image_241.jpg,1,0,0,0
R1-1000um-top-to-bottom-center_frame_85_patch_4.png,image_242.jpg,0,0,1,0
R1-1100um-top-to-bottom-center_frame_384_patch_8.png,image_243.jpg,1,0,0,0
R1-1100um-top-to-bottom-center-1_frame_250_patch_2.png,image_244.jpg,1,0,0,0
R1-600um-top-to-bottom-center_frame_555_patch_0.png,image_245.jpg,0,0,0,1
R1-1100um-top-to-bottom-center_frame_97_patch_4.png,image_246.jpg,1,0,1,0
R1-1100um-top-to-bottom-center-1_frame_502_patch_3.png,image_247.jpg,1,1,0,0
R1-900um-top-to-bottom-center_frame_109_patch_5.png,image_248.jpg,1,0,0,1
R1-1100um-top-to-bottom-center_frame_232_patch_3.png,image_249.jpg,1,0,0,0
R1-1000um-top-to-bottom-center_frame_338_patch_4.png,image_250.jpg,1,0,0,0
R1-600um-top-to-bottom-center_frame_63_patch_6.png,image_251.jpg,0,0,1,0
R1-600um-top-to-bottom-center_frame_407_patch_7.png,image_252.jpg,1,0,0,0
R1-800um-top-to-bottom-center_frame_49_patch_0.png,image_253.jpg,0,0,1,0
R1-700um-top-to-bottom-center_frame_597_patch_6.png,image_254.jpg,1,0,0,1
R1-1100um-top-to-bottom-center_frame_183_patch_5.png,image_255.jpg,1,0,0,0
R1-1100um-top-to-bottom-center-1_frame_284_patch_8.png,image_256.jpg,1,0,1,0
R1-1100um-top-to-bottom-center_frame_297_patch_8.png,image_257.jpg,1,0,0,0
R1-700um-top-to-bottom-center_frame_334_patch_5.png,image_258.jpg,1,0,1,0
R1-1100um-top-to-bottom-center_frame_232_patch_7.png,image_259.jpg,1,0,0,0
R1-800um-top-to-bottom-center_frame_367_patch_5.png,image_260.jpg,1,0,1,0
R1-1100um-top-to-bottom-center_frame_384_patch_4.png,image_261.jpg,1,0,1,0
R1-1100um-top-to-bottom-center-1_frame_280_patch_8.png,image_262.jpg,1,0,1,0
R1-800um-top-to-bottom-center_frame_608_patch_3.png,image_263.jpg,1,0,0,0
R7-700um-middle_frame_221_patch_0.png,image_264.jpg,1,0,0,0
R1-900um-top-to-bottom-center_frame_392_patch_0.png,image_265.jpg,1,0,0,0
R1-900um-top-to-bottom-center_frame_152_patch_1.png,image_266.jpg,1,0,1,0
R1-1100um-top-to-bottom-center_frame_297_patch_6.png,image_267.jpg,1,0,0,0
R1-1100um-top-to-bottom-center_frame_356_patch_4.png,image_268.jpg,1,0,0,0
R1-1100um-top-to-bottom-center-1_frame_342_patch_6.png,image_269.jpg,1,0,0,0
R1-900um-top-to-bottom-center_frame_263_patch_6.png,image_270.jpg,1,0,0,0
R1-1100um-top-to-bottom-center-1_frame_402_patch_6.png,image_271.jpg,1,0,0,0
R1-700um-top-to-bottom-center_frame_570_patch_8.png,image_272.jpg,1,0,0,0
R1-1100um-top-to-bottom-center-1_frame_481_patch_6.png,image_273.jpg,1,1,0,0
R1-600um-top-to-bottom-center_frame_611_patch_4.png,image_274.jpg,1,0,1,0
R1-800um-top-to-bottom-center_frame_641_patch_5.png,image_275.jpg,1,0,0,0
R7-700um-middle_frame_500_patch_3.png,image_276.jpg,1,0,0,0
R1-900um-top-to-bottom-center_frame_251_patch_3.png,image_277.jpg,1,0,0,0
R1-1100um-top-to-bottom-center-1_frame_338_patch_7.png,image_278.jpg,1,0,0,0
R7-700um-middle_frame_251_patch_1.png,image_279.jpg,0,0,1,0
R1-1100um-top-to-bottom-center_frame_191_patch_8.png,image_280.jpg,1,0,0,0
R1-1100um-top-to-bottom-center-1_frame_284_patch_7.png,image_281.jpg,1,0,0,0
R1-1000um-top-to-bottom-center_frame_287_patch_2.png,image_282.jpg,1,0,0,0
R7-700um-middle_frame_1_patch_1.png,image_283.jpg,1,1,1,0
R1-1100um-top-to-bottom-center_frame_167_patch_6.png,image_284.jpg,1,0,0,0
R1-800um-top-to-bottom-center_frame_638_patch_4.png,image_285.jpg,1,1,0,0
R1-700um-top-to-bottom-center_frame_254_patch_6.png,image_286.jpg,0,0,0,0
R1-1100um-top-to-bottom-center-1_frame_425_patch_8.png,image_287.jpg,1,1,0,0
R1-1000um-top-to-bottom-center_frame_458_patch_8.png,image_288.jpg,1,0,0,0
R1-900um-top-to-bottom-center_frame_392_patch_1.png,image_289.jpg,1,0,0,0
R1-800um-top-to-bottom-center_frame_501_patch_3.png,image_290.jpg,1,0,0,0
R1-900um-top-to-bottom-center_frame_392_patch_7.png,image_291.jpg,1,0,0,0
R1-1100um-top-to-bottom-center_frame_43_patch_1.png,image_292.jpg,1,0,0,0
R1-1100um-top-to-bottom-center_frame_262_patch_2.png,image_293.jpg,1,0,0,0
R1-1100um-top-to-bottom-center_frame_98_patch_4.png,image_294.jpg,1,0,1,0
R1-600um-top-to-bottom-center_frame_586_patch_5.png,image_295.jpg,1,0,0,0
R1-700um-top-to-bottom-center_frame_64_patch_1.png,image_296.jpg,0,0,1,0
R1-900um-top-to-bottom-center_frame_434_patch_6.png,image_297.jpg,1,0,0,0
R1-1100um-top-to-bottom-center-1_frame_447_patch_1.png,image_298.jpg,1,0,0,0
R1-1100um-top-to-bottom-center_frame_177_patch_2.png,image_299.jpg,1,0,0,0
R1-900um-top-to-bottom-center_frame_207_patch_6.png,image_300.jpg,1,0,0,0
R1-1100um-top-to-bottom-center-1_frame_280_patch_1.png,image_301.jpg,1,0,0,0
R1-800um-top-to-bottom-center_frame_627_patch_8.png,image_302.jpg,1,1,1,0
R1-1100um-top-to-bottom-center-1_frame_447_patch_2.png,image_303.jpg,1,1,0,0
R1-700um-top-to-bottom-center_frame_228_patch_5.png,image_304.jpg,0,0,0,1
R1-1100um-top-to-bottom-center-1_frame_241_patch_4.png,image_305.jpg,1,0,0,0
R1-1100um-top-to-bottom-center_frame_177_patch_8.png,image_306.jpg,1,0,0,0
R1-900um-top-to-bottom-center_frame_251_patch_1.png,image_307.jpg,1,0,0,0
R1-600um-top-to-bottom-center_frame_372_patch_2.png,image_308.jpg,1,0,0,0
R1-700um-top-to-bottom-center_frame_597_patch_5.png,image_309.jpg,1,0,0,0
R1-1100um-top-to-bottom-center_frame_345_patch_6.png,image_310.jpg,1,0,1,0
R1-900um-top-to-bottom-center_frame_362_patch_5.png,image_311.jpg,1,0,0,0
R1-800um-top-to-bottom-center_frame_540_patch_8.png,image_312.jpg,1,0,0,0
R1-1000um-top-to-bottom-center_frame_8_patch_6.png,image_313.jpg,1,0,1,0
R1-900um-top-to-bottom-center_frame_290_patch_4.png,image_314.jpg,1,0,0,0
R1-800um-top-to-bottom-center_frame_540_patch_7.png,image_315.jpg,1,0,0,0
R1-600um-top-to-bottom-center_frame_36_patch_7.png,image_316.jpg,0,0,1,0
R1-800um-top-to-bottom-center_frame_641_patch_7.png,image_317.jpg,1,1,1,0
R1-600um-top-to-bottom-center_frame_394_patch_4.png,image_318.jpg,1,0,0,0
R1-900um-top-to-bottom-center_frame_316_patch_2.png,image_319.jpg,1,0,0,0
R1-1100um-top-to-bottom-center_frame_83_patch_5.png,image_320.jpg,1,0,0,0
R1-1000um-top-to-bottom-center_frame_384_patch_3.png,image_321.jpg,1,0,1,0
R1-900um-top-to-bottom-center_frame_275_patch_7.png,image_322.jpg,1,0,0,0
R1-700um-top-to-bottom-center_frame_590_patch_0.png,image_323.jpg,1,0,0,0
R1-900um-top-to-bottom-center_frame_263_patch_2.png,image_324.jpg,1,0,0,0
R1-1100um-top-to-bottom-center-1_frame_280_patch_0.png,image_325.jpg,1,0,0,0
R1-1000um-top-to-bottom-center_frame_8_patch_5.png,image_326.jpg,1,0,0,0
R1-900um-top-to-bottom-center_frame_332_patch_8.png,image_327.jpg,1,0,0,0
R1-600um-top-to-bottom-center_frame_569_patch_6.png,image_328.jpg,1,0,0,1
R1-1000um-top-to-bottom-center_frame_451_patch_7.png,image_329.jpg,1,0,1,0
R1-1000um-top-to-bottom-center_frame_245_patch_3.png,image_330.jpg,1,0,0,0
R1-1000um-top-to-bottom-center_frame_287_patch_5.png,image_331.jpg,1,0,0,0
R1-900um-top-to-bottom-center_frame_486_patch_5.png,image_332.jpg,1,0,0,0
R1-1000um-top-to-bottom-center_frame_287_patch_0.png,image_333.jpg,1,0,0,0
R1-1000um-top-to-bottom-center_frame_260_patch_0.png,image_334.jpg,1,0,0,0
R1-1100um-top-to-bottom-center_frame_297_patch_2.png,image_335.jpg,1,0,0,0
R1-1100um-top-to-bottom-center-1_frame_205_patch_0.png,image_336.jpg,1,0,0,0
R1-600um-top-to-bottom-center_frame_70_patch_6.png,image_337.jpg,0,0,0,0
R1-900um-top-to-bottom-center_frame_565_patch_3.png,image_338.jpg,1,0,0,0
R1-700um-top-to-bottom-center_frame_580_patch_6.png,image_339.jpg,1,0,1,0
R1-600um-top-to-bottom-center_frame_182_patch_3.png,image_340.jpg,0,0,1,0
R7-700um-middle_frame_97_patch_6.png,image_341.jpg,1,1,0,0
R1-600um-top-to-bottom-center_frame_203_patch_8.png,image_342.jpg,0,0,1,0
R1-1100um-top-to-bottom-center_frame_52_patch_3.png,image_343.jpg,1,0,0,0
R1-1100um-top-to-bottom-center-1_frame_235_patch_3.png,image_344.jpg,1,0,0,0
R1-700um-top-to-bottom-center_frame_648_patch_2.png,image_345.jpg,1,0,0,0
R1-900um-top-to-bottom-center_frame_376_patch_3.png,image_346.jpg,1,0,0,0
R1-600um-top-to-bottom-center_frame_631_patch_6.png,image_347.jpg,1,0,0,0
R1-700um-top-to-bottom-center_frame_41_patch_6.png,image_348.jpg,0,0,1,0
R1-600um-top-to-bottom-center_frame_622_patch_6.png,image_349.jpg,1,0,1,0
R1-800um-top-to-bottom-center_frame_367_patch_1.png,image_350.jpg,1,0,0,0
R1-800um-top-to-bottom-center_frame_573_patch_3.png,image_351.jpg,1,0,0,0
R1-800um-top-to-bottom-center_frame_318_patch_4.png,image_352.jpg,1,0,1,0
R1-1100um-top-to-bottom-center_frame_287_patch_3.png,image_353.jpg,1,0,0,0
R7-700um-middle_frame_558_patch_0.png,image_354.jpg,0,1,0,0
R1-600um-top-to-bottom-center_frame_412_patch_3.png,image_355.jpg,1,0,0,0
R1-1000um-top-to-bottom-center_frame_225_patch_8.png,image_356.jpg,1,0,0,0
R1-1100um-top-to-bottom-center-1_frame_235_patch_4.png,image_357.jpg,1,0,0,0
R1-800um-top-to-bottom-center_frame_413_patch_1.png,image_358.jpg,1,0,1,0
R1-600um-top-to-bottom-center_frame_418_patch_6.png,image_359.jpg,1,0,0,0
R1-700um-top-to-bottom-center_frame_254_patch_7.png,image_360.jpg,0,0,1,0
R1-1100um-top-to-bottom-center_frame_361_patch_2.png,image_361.jpg,1,0,0,0
R1-900um-top-to-bottom-center_frame_512_patch_2.png,image_362.jpg,1,0,1,0
R1-1000um-top-to-bottom-center_frame_209_patch_4.png,image_363.jpg,1,0,0,0
R1-1100um-top-to-bottom-center_frame_370_patch_5.png,image_364.jpg,1,0,1,0
R1-800um-top-to-bottom-center_frame_413_patch_5.png,image_365.jpg,1,0,0,0
R7-700um-middle_frame_97_patch_2.png,image_366.jpg,1,0,0,0
R1-1000um-top-to-bottom-center_frame_434_patch_1.png,image_367.jpg,1,1,0,0
R1-1000um-top-to-bottom-center_frame_384_patch_0.png,image_368.jpg,1,0,0,0
R1-900um-top-to-bottom-center_frame_109_patch_8.png,image_369.jpg,1,0,0,1
R1-700um-top-to-bottom-center_frame_228_patch_1.png,image_370.jpg,1,0,1,0
R7-700um-middle_frame_574_patch_1.png,image_371.jpg,0,1,0,0
R1-800um-top-to-bottom-center_frame_479_patch_8.png,image_372.jpg,1,0,1,0
R1-900um-top-to-bottom-center_frame_194_patch_6.png,image_373.jpg,1,0,0,0
R1-900um-top-to-bottom-center_frame_486_patch_4.png,image_374.jpg,1,0,0,0
R1-700um-top-to-bottom-center_frame_41_patch_4.png,image_375.jpg,1,0,0,0
R1-1100um-top-to-bottom-center-1_frame_96_patch_3.png,image_376.jpg,1,0,0,0
R1-900um-top-to-bottom-center_frame_303_patch_6.png,image_377.jpg,1,0,0,1
R1-900um-top-to-bottom-center_frame_434_patch_2.png,image_378.jpg,1,0,0,0
R1-900um-top-to-bottom-center_frame_565_patch_8.png,image_379.jpg,1,1,0,0
R1-1100um-top-to-bottom-center-1_frame_329_patch_2.png,image_380.jpg,1,0,0,0
R1-700um-top-to-bottom-center_frame_580_patch_4.png,image_381.jpg,1,0,0,0
R1-900um-top-to-bottom-center_frame_192_patch_8.png,image_382.jpg,1,0,0,0
R1-1000um-top-to-bottom-center_frame_173_patch_7.png,image_383.jpg,1,0,0,0
R1-900um-top-to-bottom-center_frame_593_patch_1.png,image_384.jpg,1,0,0,0
R1-900um-top-to-bottom-center_frame_234_patch_7.png,image_385.jpg,1,0,0,0
R1-700um-top-to-bottom-center_frame_329_patch_8.png,image_386.jpg,1,0,0,0
R1-900um-top-to-bottom-center_frame_275_patch_5.png,image_387.jpg,1,0,0,0
R1-900um-top-to-bottom-center_frame_434_patch_1.png,image_388.jpg,1,0,0,0
R1-1100um-top-to-bottom-center_frame_128_patch_4.png,image_389.jpg,1,0,0,0
R1-1100um-top-to-bottom-center_frame_132_patch_1.png,image_390.jpg,1,0,0,0
R1-1100um-top-to-bottom-center_frame_254_patch_1.png,image_391.jpg,1,0,0,0
R1-800um-top-to-bottom-center_frame_473_patch_4.png,image_392.jpg,1,0,0,0
R1-800um-top-to-bottom-center_frame_641_patch_6.png,image_393.jpg,1,1,0,0
R1-1100um-top-to-bottom-center_frame_220_patch_7.png,image_394.jpg,1,0,0,0
R1-1100um-top-to-bottom-center-1_frame_169_patch_2.png,image_395.jpg,1,0,0,0
R1-600um-top-to-bottom-center_frame_586_patch_3.png,image_396.jpg,1,0,0,0
R1-1100um-top-to-bottom-center_frame_147_patch_0.png,image_397.jpg,1,0,0,0
R1-700um-top-to-bottom-center_frame_260_patch_0.png,image_398.jpg,1,0,1,0
R1-1100um-top-to-bottom-center-1_frame_174_patch_0.png,image_399.jpg,1,0,0,0
R1-900um-top-to-bottom-center_frame_316_patch_5.png,image_400.jpg,1,0,0,0
R1-1100um-top-to-bottom-center_frame_330_patch_0.png,image_401.jpg,1,0,0,0
R1-600um-top-to-bottom-center_frame_553_patch_0.png,image_402.jpg,1,0,0,1
R1-800um-top-to-bottom-center_frame_561_patch_5.png,image_403.jpg,1,1,0,0
R1-1000um-top-to-bottom-center_frame_245_patch_7.png,image_404.jpg,1,0,0,0
R1-600um-top-to-bottom-center_frame_594_patch_0.png,image_405.jpg,1,0,1,0
R1-600um-top-to-bottom-center_frame_659_patch_8.png,image_406.jpg,1,0,0,0
R1-900um-top-to-bottom-center_frame_493_patch_2.png,image_407.jpg,1,0,1,0
R1-1100um-top-to-bottom-center_frame_83_patch_4.png,image_408.jpg,1,0,0,0
R7-700um-middle_frame_566_patch_7.png,image_409.jpg,1,0,0,0
R1-600um-top-to-bottom-center_frame_586_patch_6.png,image_410.jpg,1,0,0,1
R1-1100um-top-to-bottom-center-1_frame_468_patch_7.png,image_411.jpg,1,0,0,0
R1-800um-top-to-bottom-center_frame_255_patch_0.png,image_412.jpg,0,0,1,0
R1-800um-top-to-bottom-center_frame_573_patch_5.png,image_413.jpg,1,0,0,0
R1-1100um-top-to-bottom-center-1_frame_205_patch_1.png,image_414.jpg,1,0,0,0
R1-1000um-top-to-bottom-center_frame_395_patch_6.png,image_415.jpg,1,0,0,0
R1-1100um-top-to-bottom-center_frame_327_patch_0.png,image_416.jpg,1,0,0,0
R1-1100um-top-to-bottom-center-1_frame_338_patch_5.png,image_417.jpg,1,0,0,0
R1-1100um-top-to-bottom-center-1_frame_493_patch_6.png,image_418.jpg,1,0,0,0
R1-700um-top-to-bottom-center_frame_570_patch_1.png,image_419.jpg,1,0,0,0
R7-700um-middle_frame_1_patch_8.png,image_420.jpg,1,1,0,0
R1-1100um-top-to-bottom-center_frame_175_patch_2.png,image_421.jpg,1,0,0,0
R1-1100um-top-to-bottom-center_frame_52_patch_7.png,image_422.jpg,1,0,1,0
R1-900um-top-to-bottom-center_frame_316_patch_8.png,image_423.jpg,1,0,0,0
R1-900um-top-to-bottom-center_frame_221_patch_6.png,image_424.jpg,1,0,0,0
R1-1100um-top-to-bottom-center_frame_254_patch_3.png,image_425.jpg,1,0,0,0
R1-800um-top-to-bottom-center_frame_339_patch_1.png,image_426.jpg,1,0,0,0
R1-1100um-top-to-bottom-center-1_frame_225_patch_6.png,image_427.jpg,1,0,0,0
R1-1100um-top-to-bottom-center_frame_345_patch_8.png,image_428.jpg,1,0,0,0
R1-1100um-top-to-bottom-center_frame_223_patch_7.png,image_429.jpg,1,0,0,0
R1-900um-top-to-bottom-center_frame_288_patch_5.png,image_430.jpg,1,0,0,0
R1-600um-top-to-bottom-center_frame_525_patch_2.png,image_431.jpg,1,0,1,0
R1-900um-top-to-bottom-center_frame_192_patch_3.png,image_432.jpg,1,0,0,0
R1-1100um-top-to-bottom-center_frame_161_patch_7.png,image_433.jpg,1,0,0,0
R1-700um-top-to-bottom-center_frame_485_patch_3.png,image_434.jpg,1,0,0,0
R1-800um-top-to-bottom-center_frame_170_patch_1.png,image_435.jpg,0,0,1,0
R1-600um-top-to-bottom-center_frame_418_patch_5.png,image_436.jpg,1,0,0,0
R1-600um-top-to-bottom-center_frame_45_patch_0.png,image_437.jpg,0,0,1,1
R1-1100um-top-to-bottom-center-1_frame_96_patch_8.png,image_438.jpg,1,0,0,0
R1-1100um-top-to-bottom-center_frame_177_patch_1.png,image_439.jpg,1,0,1,0
R1-1100um-top-to-bottom-center-1_frame_284_patch_3.png,image_440.jpg,1,0,0,0
R1-1100um-top-to-bottom-center_frame_345_patch_0.png,image_441.jpg,1,0,0,0
R1-800um-top-to-bottom-center_frame_339_patch_5.png,image_442.jpg,1,0,0,0
R1-900um-top-to-bottom-center_frame_362_patch_8.png,image_443.jpg,1,0,0,0
R1-1100um-top-to-bottom-center-1_frame_481_patch_7.png,image_444.jpg,1,1,0,0
R1-600um-top-to-bottom-center_frame_403_patch_7.png,image_445.jpg,1,0,0,0
R1-700um-top-to-bottom-center_frame_218_patch_2.png,image_446.jpg,0,0,0,1
R1-600um-top-to-bottom-center_frame_274_patch_7.png,image_447.jpg,0,0,0,0
R1-700um-top-to-bottom-center_frame_597_patch_7.png,image_448.jpg,1,0,0,0
R1-1000um-top-to-bottom-center_frame_487_patch_1.png,image_449.jpg,1,1,0,0
R1-900um-top-to-bottom-center_frame_405_patch_1.png,image_450.jpg,1,0,0,0
R1-1100um-top-to-bottom-center_frame_132_patch_5.png,image_451.jpg,1,0,1,0
R1-700um-top-to-bottom-center_frame_661_patch_5.png,image_452.jpg,1,0,0,0
R1-700um-top-to-bottom-center_frame_590_patch_8.png,image_453.jpg,1,0,0,0
R1-1100um-top-to-bottom-center_frame_109_patch_8.png,image_454.jpg,1,0,0,0
R1-900um-top-to-bottom-center_frame_512_patch_8.png,image_455.jpg,1,0,0,0
R1-1100um-top-to-bottom-center-1_frame_342_patch_1.png,image_456.jpg,1,0,0,0
R1-700um-top-to-bottom-center_frame_44_patch_3.png,image_457.jpg,1,0,0,1
R1-700um-top-to-bottom-center_frame_387_patch_0.png,image_458.jpg,1,0,0,0
R7-700um-middle_frame_566_patch_6.png,image_459.jpg,1,0,0,0
R7-700um-middle_frame_553_patch_5.png,image_460.jpg,0,1,0,0
R1-900um-top-to-bottom-center_frame_207_patch_3.png,image_461.jpg,1,0,0,0
R1-1100um-top-to-bottom-center_frame_232_patch_6.png,image_462.jpg,1,0,0,0
R1-700um-top-to-bottom-center_frame_485_patch_4.png,image_463.jpg,1,0,0,0
R1-1100um-top-to-bottom-center_frame_330_patch_6.png,image_464.jpg,1,0,0,0
R1-1000um-top-to-bottom-center_frame_384_patch_8.png,image_465.jpg,1,0,0,0
R1-900um-top-to-bottom-center_frame_486_patch_3.png,image_466.jpg,1,0,0,0
R1-1100um-top-to-bottom-center_frame_161_patch_0.png,image_467.jpg,1,0,0,0
R1-700um-top-to-bottom-center_frame_387_patch_4.png,image_468.jpg,1,0,0,0
R1-800um-top-to-bottom-center_frame_253_patch_0.png,image_469.jpg,0,0,0,0
R1-700um-top-to-bottom-center_frame_618_patch_2.png,image_470.jpg,1,0,0,0
R1-1000um-top-to-bottom-center_frame_395_patch_0.png,image_471.jpg,1,0,0,0
R1-700um-top-to-bottom-center_frame_452_patch_3.png,image_472.jpg,1,0,1,0
R1-700um-top-to-bottom-center_frame_570_patch_3.png,image_473.jpg,1,0,0,0
R1-1100um-top-to-bottom-center_frame_254_patch_0.png,image_474.jpg,1,0,0,0
R1-600um-top-to-bottom-center_frame_403_patch_6.png,image_475.jpg,1,0,1,0
R1-600um-top-to-bottom-center_frame_477_patch_3.png,image_476.jpg,1,0,0,0
R1-1100um-top-to-bottom-center_frame_372_patch_0.png,image_477.jpg,1,0,0,0
R1-600um-top-to-bottom-center_frame_622_patch_1.png,image_478.jpg,1,0,0,0
R1-700um-top-to-bottom-center_frame_485_patch_0.png,image_479.jpg,1,0,0,0
R1-1100um-top-to-bottom-center_frame_239_patch_1.png,image_480.jpg,1,0,1,0
R1-600um-top-to-bottom-center_frame_659_patch_5.png,image_481.jpg,1,0,0,0
R1-600um-top-to-bottom-center_frame_372_patch_3.png,image_482.jpg,1,0,0,0
R1-800um-top-to-bottom-center_frame_540_patch_2.png,image_483.jpg,1,1,0,0
R1-700um-top-to-bottom-center_frame_306_patch_2.png,image_484.jpg,1,0,0,0
R1-1000um-top-to-bottom-center_frame_222_patch_2.png,image_485.jpg,1,0,0,0
R1-800um-top-to-bottom-center_frame_492_patch_2.png,image_486.jpg,1,0,0,0
R1-600um-top-to-bottom-center_frame_622_patch_2.png,image_487.jpg,1,0,0,0
R1-900um-top-to-bottom-center_frame_347_patch_8.png,image_488.jpg,1,0,0,0
R1-1100um-top-to-bottom-center-1_frame_205_patch_4.png,image_489.jpg,1,0,0,0
R1-700um-top-to-bottom-center_frame_228_patch_3.png,image_490.jpg,0,0,1,0
R1-1000um-top-to-bottom-center_frame_451_patch_4.png,image_491.jpg,1,0,1,0
R1-800um-top-to-bottom-center_frame_641_patch_1.png,image_492.jpg,1,0,0,0
R1-1100um-top-to-bottom-center_frame_77_patch_3.png,image_493.jpg,1,0,0,0
R1-1100um-top-to-bottom-center_frame_161_patch_1.png,image_494.jpg,1,0,0,0
R7-700um-middle_frame_97_patch_7.png,image_495.jpg,1,1,0,0
R1-600um-top-to-bottom-center_frame_412_patch_7.png,image_496.jpg,1,0,0,0
R1-700um-top-to-bottom-center_frame_426_patch_5.png,image_497.jpg,1,0,0,0
R1-1100um-top-to-bottom-center_frame_386_patch_2.png,image_498.jpg,1,0,0,0
R1-700um-top-to-bottom-center_frame_6_patch_2.png,image_499.jpg,1,0,1,0
R1-900um-top-to-bottom-center_frame_234_patch_8.png,image_500.jpg,1,0,1,0
R1-900um-top-to-bottom-center_frame_194_patch_1.png,image_501.jpg,1,0,0,0
R1-1100um-top-to-bottom-center_frame_161_patch_3.png,image_502.jpg,1,0,0,0
R1-600um-top-to-bottom-center_frame_45_patch_6.png,image_503.jpg,0,0,1,0
R1-600um-top-to-bottom-center_frame_201_patch_0.png,image_504.jpg,0,0,0,0
R1-600um-top-to-bottom-center_frame_596_patch_5.png,image_505.jpg,1,0,0,0
R1-1100um-top-to-bottom-center_frame_372_patch_3.png,image_506.jpg,1,1,0,0
R1-1000um-top-to-bottom-center_frame_134_patch_0.png,image_507.jpg,1,0,0,0
R1-600um-top-to-bottom-center_frame_464_patch_0.png,image_508.jpg,1,0,0,0
R1-700um-top-to-bottom-center_frame_306_patch_8.png,image_509.jpg,1,0,0,0
R1-1100um-top-to-bottom-center-1_frame_220_patch_2.png,image_510.jpg,1,0,0,0
R1-1100um-top-to-bottom-center-1_frame_280_patch_2.png,image_511.jpg,1,0,0,0
R1-800um-top-to-bottom-center_frame_501_patch_6.png,image_512.jpg,1,0,0,0
R1-1000um-top-to-bottom-center_frame_458_patch_2.png,image_513.jpg,1,0,0,0
R1-700um-top-to-bottom-center_frame_387_patch_3.png,image_514.jpg,1,0,0,0
R1-800um-top-to-bottom-center_frame_554_patch_2.png,image_515.jpg,1,1,1,0
R7-700um-middle_frame_212_patch_4.png,image_516.jpg,1,0,0,0
R1-1100um-top-to-bottom-center-1_frame_425_patch_0.png,image_517.jpg,1,1,0,0
R1-1000um-top-to-bottom-center_frame_487_patch_8.png,image_518.jpg,1,0,0,0
R1-700um-top-to-bottom-center_frame_260_patch_8.png,image_519.jpg,0,0,0,0
R1-600um-top-to-bottom-center_frame_459_patch_0.png,image_520.jpg,1,0,0,0
R1-600um-top-to-bottom-center_frame_586_patch_4.png,image_521.jpg,1,0,0,0
R1-800um-top-to-bottom-center_frame_638_patch_7.png,image_522.jpg,1,1,1,0
R1-700um-top-to-bottom-center_frame_556_patch_8.png,image_523.jpg,1,0,0,0
R1-1000um-top-to-bottom-center_frame_209_patch_7.png,image_524.jpg,1,0,0,0
R1-1100um-top-to-bottom-center_frame_253_patch_6.png,image_525.jpg,1,0,0,0
R1-1000um-top-to-bottom-center_frame_8_patch_7.png,image_526.jpg,1,0,1,0
R1-900um-top-to-bottom-center_frame_221_patch_5.png,image_527.jpg,1,0,1,0
R7-700um-middle_frame_122_patch_1.png,image_528.jpg,1,0,0,0
R1-800um-top-to-bottom-center_frame_561_patch_8.png,image_529.jpg,1,1,0,0
R1-600um-top-to-bottom-center_frame_457_patch_8.png,image_530.jpg,1,0,0,0
R1-1100um-top-to-bottom-center-1_frame_174_patch_6.png,image_531.jpg,1,0,0,0
R1-600um-top-to-bottom-center_frame_603_patch_4.png,image_532.jpg,1,0,0,0
R1-800um-top-to-bottom-center_frame_573_patch_7.png,image_533.jpg,1,1,0,0
R1-800um-top-to-bottom-center_frame_631_patch_4.png,image_534.jpg,1,1,0,0
R1-1100um-top-to-bottom-center_frame_264_patch_0.png,image_535.jpg,1,0,0,0
R1-600um-top-to-bottom-center_frame_631_patch_0.png,image_536.jpg,1,0,0,0
R1-1000um-top-to-bottom-center_frame_594_patch_5.png,image_537.jpg,1,0,0,0
R1-600um-top-to-bottom-center_frame_611_patch_8.png,image_538.jpg,1,0,1,0
R1-1100um-top-to-bottom-center-1_frame_488_patch_1.png,image_539.jpg,1,1,0,0
R1-1100um-top-to-bottom-center_frame_308_patch_4.png,image_540.jpg,1,0,0,0
R1-1100um-top-to-bottom-center_frame_123_patch_5.png,image_541.jpg,0,0,1,0
R1-800um-top-to-bottom-center_frame_304_patch_6.png,image_542.jpg,0,0,1,0
R1-1100um-top-to-bottom-center_frame_147_patch_1.png,image_543.jpg,1,0,0,0
R1-900um-top-to-bottom-center_frame_166_patch_4.png,image_544.jpg,1,0,0,0
R1-800um-top-to-bottom-center_frame_492_patch_7.png,image_545.jpg,1,0,0,0
R1-900um-top-to-bottom-center_frame_604_patch_5.png,image_546.jpg,1,0,0,0
R1-1100um-top-to-bottom-center_frame_147_patch_2.png,image_547.jpg,1,0,0,0
R1-1100um-top-to-bottom-center_frame_98_patch_2.png,image_548.jpg,1,0,0,0
R1-1000um-top-to-bottom-center_frame_569_patch_5.png,image_549.jpg,1,0,0,0
R1-600um-top-to-bottom-center_frame_376_patch_5.png,image_550.jpg,1,0,0,0
R1-1100um-top-to-bottom-center-1_frame_120_patch_4.png,image_551.jpg,1,0,0,0
R1-1000um-top-to-bottom-center_frame_245_patch_0.png,image_552.jpg,1,0,0,0
R1-900um-top-to-bottom-center_frame_234_patch_1.png,image_553.jpg,1,0,0,0
R1-1000um-top-to-bottom-center_frame_8_patch_1.png,image_554.jpg,1,0,0,0
R1-1000um-top-to-bottom-center_frame_209_patch_2.png,image_555.jpg,1,0,0,0
R1-900um-top-to-bottom-center_frame_192_patch_5.png,image_556.jpg,1,0,0,0
R1-1100um-top-to-bottom-center_frame_308_patch_0.png,image_557.jpg,1,0,0,0
R1-900um-top-to-bottom-center_frame_210_patch_7.png,image_558.jpg,1,0,0,0
R1-1100um-top-to-bottom-center-1_frame_342_patch_5.png,image_559.jpg,1,0,0,0
R1-900um-top-to-bottom-center_frame_234_patch_5.png,image_560.jpg,1,0,0,0
R1-700um-top-to-bottom-center_frame_386_patch_6.png,image_561.jpg,1,0,1,0
R1-600um-top-to-bottom-center_frame_631_patch_1.png,image_562.jpg,1,0,0,0
R1-1100um-top-to-bottom-center-1_frame_372_patch_1.png,image_563.jpg,1,1,0,0
R1-600um-top-to-bottom-center_frame_526_patch_8.png,image_564.jpg,1,0,0,0
R1-600um-top-to-bottom-center_frame_603_patch_1.png,image_565.jpg,1,0,1,0
R1-1100um-top-to-bottom-center-1_frame_284_patch_4.png,image_566.jpg,1,0,0,0
R1-700um-top-to-bottom-center_frame_648_patch_5.png,image_567.jpg,1,0,0,0
R1-900um-top-to-bottom-center_frame_288_patch_2.png,image_568.jpg,1,0,0,0
R7-700um-middle_frame_520_patch_3.png,image_569.jpg,1,0,1,0
R1-900um-top-to-bottom-center_frame_564_patch_4.png,image_570.jpg,1,0,0,0
R1-1000um-top-to-bottom-center_frame_180_patch_5.png,image_571.jpg,1,0,0,0
R1-800um-top-to-bottom-center_frame_638_patch_2.png,image_572.jpg,1,0,0,0
R7-700um-middle_frame_581_patch_7.png,image_573.jpg,1,1,0,0
R1-1100um-top-to-bottom-center_frame_145_patch_0.png,image_574.jpg,1,0,0,0
R1-1100um-top-to-bottom-center-1_frame_235_patch_8.png,image_575.jpg,1,0,0,0
R1-1100um-top-to-bottom-center-1_frame_397_patch_0.png,image_576.jpg,1,0,0,0
R1-900um-top-to-bottom-center_frame_347_patch_5.png,image_577.jpg,1,0,0,0
R1-600um-top-to-bottom-center_frame_119_patch_4.png,image_578.jpg,0,0,1,0
R7-700um-middle_frame_1_patch_7.png,image_579.jpg,1,1,0,0
R7-700um-middle_frame_97_patch_8.png,image_580.jpg,1,0,0,0
R1-800um-top-to-bottom-center_frame_358_patch_7.png,image_581.jpg,1,0,0,0
R1-1100um-top-to-bottom-center_frame_253_patch_7.png,image_582.jpg,1,0,0,0
R1-700um-top-to-bottom-center_frame_306_patch_6.png,image_583.jpg,1,0,0,0
R1-600um-top-to-bottom-center_frame_412_patch_8.png,image_584.jpg,1,0,0,0
R1-900um-top-to-bottom-center_frame_37_patch_1.png,image_585.jpg,0,0,1,0
R1-1100um-top-to-bottom-center_frame_327_patch_6.png,image_586.jpg,1,0,0,0
R1-700um-top-to-bottom-center_frame_254_patch_4.png,image_587.jpg,0,0,0,0
R1-1100um-top-to-bottom-center_frame_193_patch_2.png,image_588.jpg,1,0,0,0
R7-700um-middle_frame_581_patch_3.png,image_589.jpg,0,1,0,0
R7-700um-middle_frame_253_patch_1.png,image_590.jpg,0,0,1,0
R1-1100um-top-to-bottom-center-1_frame_402_patch_0.png,image_591.jpg,1,0,0,0
R1-700um-top-to-bottom-center_frame_452_patch_1.png,image_592.jpg,1,0,0,0
R1-700um-top-to-bottom-center_frame_260_patch_2.png,image_593.jpg,1,0,0,1
R1-800um-top-to-bottom-center_frame_439_patch_7.png,image_594.jpg,1,0,0,0
R1-1100um-top-to-bottom-center-1_frame_220_patch_1.png,image_595.jpg,1,0,0,0
R1-1000um-top-to-bottom-center_frame_156_patch_2.png,image_596.jpg,1,0,0,0
R1-900um-top-to-bottom-center_frame_332_patch_0.png,image_597.jpg,1,0,0,0
R1-900um-top-to-bottom-center_frame_486_patch_0.png,image_598.jpg,1,0,0,0
R1-700um-top-to-bottom-center_frame_347_patch_8.png,image_599.jpg,1,0,1,0
R1-800um-top-to-bottom-center_frame_627_patch_3.png,image_600.jpg,1,1,0,0
R1-1100um-top-to-bottom-center-1_frame_397_patch_5.png,image_601.jpg,1,1,0,0
R1-1000um-top-to-bottom-center_frame_487_patch_0.png,image_602.jpg,1,1,0,0
R1-800um-top-to-bottom-center_frame_513_patch_6.png,image_603.jpg,1,0,0,0
R1-900um-top-to-bottom-center_frame_486_patch_7.png,image_604.jpg,1,0,0,0
R1-1100um-top-to-bottom-center-1_frame_250_patch_5.png,image_605.jpg,1,0,0,0
R1-900um-top-to-bottom-center_frame_611_patch_6.png,image_606.jpg,1,0,1,0
R1-600um-top-to-bottom-center_frame_143_patch_4.png,image_607.jpg,0,0,1,0
R1-900um-top-to-bottom-center_frame_418_patch_3.png,image_608.jpg,1,0,0,0
R7-700um-middle_frame_500_patch_5.png,image_609.jpg,1,0,0,0
R1-900um-top-to-bottom-center_frame_290_patch_1.png,image_610.jpg,1,0,0,1
R1-1000um-top-to-bottom-center_frame_550_patch_7.png,image_611.jpg,1,1,1,0
R1-600um-top-to-bottom-center_frame_203_patch_3.png,image_612.jpg,0,0,1,0
R1-900um-top-to-bottom-center_frame_418_patch_8.png,image_613.jpg,1,0,0,0
R1-700um-top-to-bottom-center_frame_329_patch_6.png,image_614.jpg,1,0,0,0
R1-1100um-top-to-bottom-center-1_frame_174_patch_7.png,image_615.jpg,1,0,0,0
R7-700um-middle_frame_120_patch_4.png,image_616.jpg,1,0,0,0
R1-600um-top-to-bottom-center_frame_376_patch_8.png,image_617.jpg,1,0,0,0
R1-1000um-top-to-bottom-center_frame_595_patch_6.png,image_618.jpg,1,0,1,0
R1-1100um-top-to-bottom-center-1_frame_493_patch_4.png,image_619.jpg,1,1,0,0
R1-1100um-top-to-bottom-center-1_frame_45_patch_0.png,image_620.jpg,1,0,0,0
R1-1100um-top-to-bottom-center-1_frame_241_patch_6.png,image_621.jpg,1,0,0,0
R1-900um-top-to-bottom-center_frame_434_patch_5.png,image_622.jpg,1,0,0,0
R1-1100um-top-to-bottom-center_frame_183_patch_2.png,image_623.jpg,1,0,0,0
R1-900um-top-to-bottom-center_frame_418_patch_6.png,image_624.jpg,1,0,0,0
R1-600um-top-to-bottom-center_frame_152_patch_5.png,image_625.jpg,0,0,1,0
R1-1100um-top-to-bottom-center_frame_330_patch_4.png,image_626.jpg,1,0,0,0
R1-800um-top-to-bottom-center_frame_631_patch_6.png,image_627.jpg,1,1,0,0
R1-700um-top-to-bottom-center_frame_77_patch_0.png,image_628.jpg,0,0,0,1
R1-800um-top-to-bottom-center_frame_316_patch_0.png,image_629.jpg,1,0,0,0
R1-1100um-top-to-bottom-center-1_frame_447_patch_4.png,image_630.jpg,1,1,0,0
R1-1000um-top-to-bottom-center_frame_225_patch_3.png,image_631.jpg,1,0,0,0
R1-700um-top-to-bottom-center_frame_572_patch_6.png,image_632.jpg,1,0,1,0
R1-900um-top-to-bottom-center_frame_565_patch_1.png,image_633.jpg,1,0,0,0
R1-900um-top-to-bottom-center_frame_275_patch_0.png,image_634.jpg,1,0,0,0
R1-900um-top-to-bottom-center_frame_210_patch_3.png,image_635.jpg,1,0,0,0
R1-1100um-top-to-bottom-center-1_frame_190_patch_1.png,image_636.jpg,1,0,0,0
R1-800um-top-to-bottom-center_frame_408_patch_1.png,image_637.jpg,1,0,0,0
R1-600um-top-to-bottom-center_frame_271_patch_7.png,image_638.jpg,0,0,0,0
R1-1000um-top-to-bottom-center_frame_551_patch_2.png,image_639.jpg,1,1,0,0
R1-1000um-top-to-bottom-center_frame_180_patch_1.png,image_640.jpg,1,0,0,0
R1-900um-top-to-bottom-center_frame_593_patch_6.png,image_641.jpg,1,0,0,0
R1-1000um-top-to-bottom-center_frame_487_patch_3.png,image_642.jpg,1,1,0,0
R1-1100um-top-to-bottom-center_frame_356_patch_6.png,image_643.jpg,1,0,0,0
R1-1100um-top-to-bottom-center_frame_287_patch_1.png,image_644.jpg,1,0,0,0
R1-900um-top-to-bottom-center_frame_192_patch_2.png,image_645.jpg,1,0,0,0
R1-1000um-top-to-bottom-center_frame_256_patch_1.png,image_646.jpg,1,0,0,0
R1-1100um-top-to-bottom-center_frame_144_patch_8.png,image_647.jpg,0,0,1,0
R1-600um-top-to-bottom-center_frame_356_patch_5.png,image_648.jpg,1,0,0,0
R1-700um-top-to-bottom-center_frame_306_patch_3.png,image_649.jpg,1,0,0,0
R1-1100um-top-to-bottom-center-1_frame_488_patch_4.png,image_650.jpg,1,1,0,0
R1-600um-top-to-bottom-center_frame_631_patch_7.png,image_651.jpg,1,0,1,0
R1-600um-top-to-bottom-center_frame_622_patch_0.png,image_652.jpg,1,0,0,0
R1-800um-top-to-bottom-center_frame_554_patch_7.png,image_653.jpg,1,0,0,0
R1-600um-top-to-bottom-center_frame_174_patch_0.png,image_654.jpg,0,0,1,0
R1-600um-top-to-bottom-center_frame_127_patch_7.png,image_655.jpg,0,0,0,0
R1-800um-top-to-bottom-center_frame_201_patch_5.png,image_656.jpg,0,0,0,1
R1-1100um-top-to-bottom-center_frame_345_patch_3.png,image_657.jpg,1,0,0,0
R1-800um-top-to-bottom-center_frame_573_patch_8.png,image_658.jpg,1,1,1,0
R1-1100um-top-to-bottom-center_frame_245_patch_3.png,image_659.jpg,1,0,1,0
R1-1100um-top-to-bottom-center_frame_264_patch_6.png,image_660.jpg,1,0,0,0
R1-700um-top-to-bottom-center_frame_505_patch_6.png,image_661.jpg,1,0,0,0
R1-600um-top-to-bottom-center_frame_659_patch_4.png,image_662.jpg,1,0,0,0
R1-1100um-top-to-bottom-center-1_frame_372_patch_8.png,image_663.jpg,1,0,0,0
R1-1000um-top-to-bottom-center_frame_134_patch_1.png,image_664.jpg,1,0,0,0
R1-600um-top-to-bottom-center_frame_279_patch_0.png,image_665.jpg,0,0,0,0
R1-1100um-top-to-bottom-center_frame_281_patch_8.png,image_666.jpg,1,0,0,0
R1-700um-top-to-bottom-center_frame_572_patch_1.png,image_667.jpg,1,0,0,0
R1-800um-top-to-bottom-center_frame_540_patch_1.png,image_668.jpg,1,0,0,0
R1-800um-top-to-bottom-center_frame_501_patch_1.png,image_669.jpg,1,0,0,0
R1-600um-top-to-bottom-center_frame_165_patch_7.png,image_670.jpg,0,0,0,1
R7-700um-middle_frame_503_patch_7.png,image_671.jpg,1,0,0,0
R1-1100um-top-to-bottom-center_frame_372_patch_4.png,image_672.jpg,1,0,1,0
R1-800um-top-to-bottom-center_frame_623_patch_3.png,image_673.jpg,1,1,0,0
R1-1100um-top-to-bottom-center_frame_86_patch_5.png,image_674.jpg,1,0,0,0
R1-1000um-top-to-bottom-center_frame_384_patch_4.png,image_675.jpg,1,0,0,0
R1-900um-top-to-bottom-center_frame_33_patch_2.png,image_676.jpg,0,0,1,1
R1-1100um-top-to-bottom-center_frame_220_patch_0.png,image_677.jpg,1,0,0,0
R1-1000um-top-to-bottom-center_frame_222_patch_7.png,image_678.jpg,1,0,0,0
R7-700um-middle_frame_512_patch_3.png,image_679.jpg,1,0,1,0
R1-1000um-top-to-bottom-center_frame_156_patch_0.png,image_680.jpg,1,0,1,0
R7-700um-middle_frame_520_patch_0.png,image_681.jpg,1,0,0,0
R1-1100um-top-to-bottom-center_frame_287_patch_2.png,image_682.jpg,1,0,0,0
R1-1100um-top-to-bottom-center_frame_43_patch_6.png,image_683.jpg,1,0,0,0
R1-700um-top-to-bottom-center_frame_364_patch_5.png,image_684.jpg,1,0,1,0
R1-900um-top-to-bottom-center_frame_565_patch_0.png,image_685.jpg,1,0,0,0
R1-1100um-top-to-bottom-center_frame_98_patch_0.png,image_686.jpg,1,0,1,0
R1-1100um-top-to-bottom-center-1_frame_521_patch_6.png,image_687.jpg,1,1,0,0
R1-900um-top-to-bottom-center_frame_275_patch_8.png,image_688.jpg,1,0,0,0
R1-800um-top-to-bottom-center_frame_473_patch_7.png,image_689.jpg,1,0,0,0
R1-1100um-top-to-bottom-center_frame_109_patch_5.png,image_690.jpg,1,0,0,0
R1-800um-top-to-bottom-center_frame_573_patch_2.png,image_691.jpg,1,0,0,0
R1-1100um-top-to-bottom-center_frame_286_patch_1.png,image_692.jpg,1,0,0,0
R7-700um-middle_frame_503_patch_3.png,image_693.jpg,1,0,0,0
R1-1100um-top-to-bottom-center_frame_144_patch_2.png,image_694.jpg,1,0,0,0
R1-800um-top-to-bottom-center_frame_358_patch_2.png,image_695.jpg,1,0,1,0
R1-1100um-top-to-bottom-center_frame_52_patch_2.png,image_696.jpg,1,0,1,0
R1-900um-top-to-bottom-center_frame_275_patch_2.png,image_697.jpg,1,0,0,0
R1-700um-top-to-bottom-center_frame_329_patch_3.png,image_698.jpg,1,0,0,0
R1-700um-top-to-bottom-center_frame_556_patch_3.png,image_699.jpg,1,0,1,0
R1-1100um-top-to-bottom-center_frame_179_patch_8.png,image_700.jpg,1,0,0,0
R1-1100um-top-to-bottom-center_frame_297_patch_1.png,image_701.jpg,1,0,0,0
R1-600um-top-to-bottom-center_frame_511_patch_2.png,image_702.jpg,1,0,0,0
R1-600um-top-to-bottom-center_frame_525_patch_7.png,image_703.jpg,1,0,0,0
R1-800um-top-to-bottom-center_frame_513_patch_3.png,image_704.jpg,1,0,0,0
R1-1100um-top-to-bottom-center-1_frame_470_patch_8.png,image_705.jpg,1,0,0,0
R1-1100um-top-to-bottom-center_frame_193_patch_5.png,image_706.jpg,1,0,0,0
R1-1000um-top-to-bottom-center_frame_570_patch_3.png,image_707.jpg,1,0,0,0
R1-1100um-top-to-bottom-center-1_frame_267_patch_5.png,image_708.jpg,1,0,1,0
R1-600um-top-to-bottom-center_frame_58_patch_4.png,image_709.jpg,0,0,1,0
R1-1100um-top-to-bottom-center_frame_232_patch_2.png,image_710.jpg,1,0,0,0
R1-900um-top-to-bottom-center_frame_376_patch_4.png,image_711.jpg,1,0,0,0
R1-800um-top-to-bottom-center_frame_513_patch_1.png,image_712.jpg,1,0,0,0
R1-700um-top-to-bottom-center_frame_217_patch_8.png,image_713.jpg,0,0,1,0
R1-1100um-top-to-bottom-center_frame_384_patch_3.png,image_714.jpg,1,0,0,0
R1-800um-top-to-bottom-center_frame_479_patch_0.png,image_715.jpg,1,0,0,0
R1-600um-top-to-bottom-center_frame_41_patch_0.png,image_716.jpg,0,0,1,0
R1-900um-top-to-bottom-center_frame_234_patch_2.png,image_717.jpg,1,0,0,0
R1-1000um-top-to-bottom-center_frame_173_patch_4.png,image_718.jpg,1,0,0,0
R1-800um-top-to-bottom-center_frame_318_patch_1.png,image_719.jpg,1,0,0,0
R1-600um-top-to-bottom-center_frame_611_patch_1.png,image_720.jpg,1,0,0,0
R1-1100um-top-to-bottom-center-1_frame_425_patch_1.png,image_721.jpg,1,1,1,0
R1-600um-top-to-bottom-center_frame_376_patch_6.png,image_722.jpg,1,0,0,0
R1-900um-top-to-bottom-center_frame_486_patch_1.png,image_723.jpg,1,0,1,0
R1-700um-top-to-bottom-center_frame_334_patch_7.png,image_724.jpg,1,0,0,0
R1-900um-top-to-bottom-center_frame_332_patch_5.png,image_725.jpg,1,0,0,0
R7-700um-middle_frame_512_patch_5.png,image_726.jpg,1,0,0,0
R1-1100um-top-to-bottom-center_frame_218_patch_4.png,image_727.jpg,1,0,0,0
R1-600um-top-to-bottom-center_frame_51_patch_2.png,image_728.jpg,0,0,1,0
R1-1000um-top-to-bottom-center_frame_434_patch_2.png,image_729.jpg,1,0,0,0
R1-1100um-top-to-bottom-center_frame_277_patch_2.png,image_730.jpg,1,0,1,0
R1-1100um-top-to-bottom-center-1_frame_481_patch_0.png,image_731.jpg,1,1,0,0
R1-800um-top-to-bottom-center_frame_367_patch_3.png,image_732.jpg,1,0,0,0
R1-1100um-top-to-bottom-center-1_frame_493_patch_5.png,image_733.jpg,1,0,0,0
R1-1000um-top-to-bottom-center_frame_550_patch_2.png,image_734.jpg,1,1,0,0
R1-1000um-top-to-bottom-center_frame_209_patch_0.png,image_735.jpg,1,0,0,0
R1-1100um-top-to-bottom-center-1_frame_329_patch_1.png,image_736.jpg,1,0,0,0
R1-1100um-top-to-bottom-center_frame_86_patch_2.png,image_737.jpg,1,0,0,0
R1-800um-top-to-bottom-center_frame_631_patch_0.png,image_738.jpg,1,1,0,0
R1-600um-top-to-bottom-center_frame_356_patch_8.png,image_739.jpg,0,0,0,0
R1-800um-top-to-bottom-center_frame_72_patch_7.png,image_740.jpg,0,0,1,0
R1-900um-top-to-bottom-center_frame_179_patch_5.png,image_741.jpg,1,0,0,0
R1-1100um-top-to-bottom-center-1_frame_174_patch_3.png,image_742.jpg,1,0,0,0
R7-700um-middle_frame_1_patch_4.png,image_743.jpg,1,1,0,0
R1-1000um-top-to-bottom-center_frame_570_patch_8.png,image_744.jpg,1,0,0,0
R1-600um-top-to-bottom-center_frame_114_patch_7.png,image_745.jpg,0,0,1,0
R1-1100um-top-to-bottom-center-1_frame_284_patch_2.png,image_746.jpg,1,0,0,0
R1-600um-top-to-bottom-center_frame_222_patch_6.png,image_747.jpg,0,0,1,0
R1-1100um-top-to-bottom-center-1_frame_169_patch_6.png,image_748.jpg,1,0,0,0
R1-1100um-top-to-bottom-center_frame_191_patch_7.png,image_749.jpg,1,0,0,0
R1-700um-top-to-bottom-center_frame_127_patch_7.png,image_750.jpg,0,0,1,1
R1-800um-top-to-bottom-center_frame_269_patch_5.png,image_751.jpg,0,0,1,0
R1-900um-top-to-bottom-center_frame_444_patch_8.png,image_752.jpg,1,0,0,0
R1-1100um-top-to-bottom-center-1_frame_502_patch_5.png,image_753.jpg,1,1,0,0
R1-900um-top-to-bottom-center_frame_126_patch_2.png,image_754.jpg,1,0,1,0
R1-600um-top-to-bottom-center_frame_143_patch_1.png,image_755.jpg,0,0,0,1
R1-700um-top-to-bottom-center_frame_225_patch_1.png,image_756.jpg,0,0,1,0
R1-700um-top-to-bottom-center_frame_452_patch_7.png,image_757.jpg,1,0,0,0
R1-600um-top-to-bottom-center_frame_611_patch_3.png,image_758.jpg,1,0,1,0
R1-600um-top-to-bottom-center_frame_114_patch_4.png,image_759.jpg,0,0,0,0
R1-1100um-top-to-bottom-center_frame_193_patch_1.png,image_760.jpg,1,0,1,0
R1-900um-top-to-bottom-center_frame_564_patch_5.png,image_761.jpg,1,0,0,0
R1-600um-top-to-bottom-center_frame_199_patch_3.png,image_762.jpg,0,0,1,0
R1-900um-top-to-bottom-center_frame_192_patch_7.png,image_763.jpg,1,0,0,0
R1-600um-top-to-bottom-center_frame_459_patch_8.png,image_764.jpg,1,0,0,0
R1-800um-top-to-bottom-center_frame_318_patch_2.png,image_765.jpg,1,0,0,0
R7-700um-middle_frame_489_patch_2.png,image_766.jpg,1,0,0,0
R1-900um-top-to-bottom-center_frame_347_patch_2.png,image_767.jpg,1,0,0,0
R1-700um-top-to-bottom-center_frame_77_patch_5.png,image_768.jpg,1,0,1,0
R1-1100um-top-to-bottom-center_frame_330_patch_8.png,image_769.jpg,1,0,1,0
R1-900um-top-to-bottom-center_frame_179_patch_3.png,image_770.jpg,0,0,0,1
R1-700um-top-to-bottom-center_frame_618_patch_6.png,image_771.jpg,1,0,0,0
R1-900um-top-to-bottom-center_frame_290_patch_5.png,image_772.jpg,1,0,0,0
R1-1100um-top-to-bottom-center-1_frame_220_patch_6.png,image_773.jpg,1,0,0,0
R1-600um-top-to-bottom-center_frame_79_patch_6.png,image_774.jpg,0,0,0,1
R7-700um-middle_frame_100_patch_2.png,image_775.jpg,1,0,0,0
R1-1000um-top-to-bottom-center_frame_122_patch_1.png,image_776.jpg,1,0,1,0
R1-800um-top-to-bottom-center_frame_627_patch_7.png,image_777.jpg,1,1,0,0
R1-1100um-top-to-bottom-center-1_frame_481_patch_3.png,image_778.jpg,1,1,0,0
R1-1000um-top-to-bottom-center_frame_222_patch_8.png,image_779.jpg,1,0,0,0
R1-900um-top-to-bottom-center_frame_303_patch_2.png,image_780.jpg,1,0,0,0
R1-1100um-top-to-bottom-center_frame_342_patch_5.png,image_781.jpg,1,0,0,0
R1-700um-top-to-bottom-center_frame_73_patch_0.png,image_782.jpg,0,0,0,1
R1-600um-top-to-bottom-center_frame_53_patch_0.png,image_783.jpg,0,0,0,1
R1-1100um-top-to-bottom-center_frame_327_patch_7.png,image_784.jpg,1,0,0,0
R1-600um-top-to-bottom-center_frame_459_patch_6.png,image_785.jpg,1,0,0,1
R1-1100um-top-to-bottom-center_frame_327_patch_1.png,image_786.jpg,1,0,1,0
R7-700um-middle_frame_241_patch_5.png,image_787.jpg,0,0,1,0
R1-600um-top-to-bottom-center_frame_526_patch_4.png,image_788.jpg,1,0,0,0
R1-700um-top-to-bottom-center_frame_570_patch_5.png,image_789.jpg,1,0,0,0
R1-800um-top-to-bottom-center_frame_561_patch_1.png,image_790.jpg,1,1,0,0
R1-1100um-top-to-bottom-center-1_frame_372_patch_7.png,image_791.jpg,1,1,0,0
R1-700um-top-to-bottom-center_frame_570_patch_2.png,image_792.jpg,1,0,0,0
R1-1100um-top-to-bottom-center-1_frame_262_patch_4.png,image_793.jpg,1,0,0,0
R1-800um-top-to-bottom-center_frame_479_patch_3.png,image_794.jpg,1,0,1,0
R1-900um-top-to-bottom-center_frame_565_patch_5.png,image_795.jpg,1,0,0,0
R1-700um-top-to-bottom-center_frame_621_patch_2.png,image_796.jpg,1,0,1,0
R1-1000um-top-to-bottom-center_frame_570_patch_7.png,image_797.jpg,1,0,1,0
R1-900um-top-to-bottom-center_frame_604_patch_3.png,image_798.jpg,1,0,0,0
R1-800um-top-to-bottom-center_frame_172_patch_1.png,image_799.jpg,0,0,1,0
R1-1100um-top-to-bottom-center-1_frame_521_patch_8.png,image_800.jpg,1,1,0,0
R1-1100um-top-to-bottom-center_frame_262_patch_1.png,image_801.jpg,1,0,0,0
R1-1000um-top-to-bottom-center_frame_173_patch_2.png,image_802.jpg,1,0,0,0
R1-1100um-top-to-bottom-center_frame_145_patch_5.png,image_803.jpg,1,0,0,0
R1-1000um-top-to-bottom-center_frame_260_patch_6.png,image_804.jpg,1,0,0,0
R7-700um-middle_frame_566_patch_5.png,image_805.jpg,1,1,0,0
R7-700um-middle_frame_574_patch_0.png,image_806.jpg,0,1,0,0
R1-1100um-top-to-bottom-center-1_frame_493_patch_7.png,image_807.jpg,1,1,0,0
R1-1100um-top-to-bottom-center-1_frame_470_patch_4.png,image_808.jpg,1,1,0,0
R1-800um-top-to-bottom-center_frame_638_patch_5.png,image_809.jpg,1,1,0,0
R1-1100um-top-to-bottom-center_frame_239_patch_4.png,image_810.jpg,1,0,1,0
R1-800um-top-to-bottom-center_frame_181_patch_2.png,image_811.jpg,0,0,0,1
R1-1100um-top-to-bottom-center-1_frame_338_patch_1.png,image_812.jpg,1,0,0,0
R1-1100um-top-to-bottom-center_frame_370_patch_3.png,image_813.jpg,1,1,0,0
R1-1000um-top-to-bottom-center_frame_458_patch_6.png,image_814.jpg,1,0,1,0
R1-900um-top-to-bottom-center_frame_564_patch_2.png,image_815.jpg,1,0,0,0
R1-800um-top-to-bottom-center_frame_367_patch_8.png,image_816.jpg,1,0,0,0
R7-700um-middle_frame_212_patch_8.png,image_817.jpg,1,0,0,0
R1-900um-top-to-bottom-center_frame_207_patch_7.png,image_818.jpg,1,0,0,0
R1-600um-top-to-bottom-center_frame_274_patch_5.png,image_819.jpg,0,0,1,0
R1-1000um-top-to-bottom-center_frame_551_patch_7.png,image_820.jpg,1,1,1,0
R1-1100um-top-to-bottom-center-1_frame_169_patch_4.png,image_821.jpg,1,0,1,0
R1-1000um-top-to-bottom-center_frame_549_patch_7.png,image_822.jpg,1,1,1,0
R1-1100um-top-to-bottom-center-1_frame_329_patch_7.png,image_823.jpg,1,0,0,0
R1-1100um-top-to-bottom-center_frame_98_patch_8.png,image_824.jpg,1,0,0,0
R1-1000um-top-to-bottom-center_frame_461_patch_6.png,image_825.jpg,1,0,1,0
R1-1100um-top-to-bottom-center_frame_245_patch_2.png,image_826.jpg,1,0,0,0
R1-600um-top-to-bottom-center_frame_464_patch_2.png,image_827.jpg,1,0,1,0
R1-1000um-top-to-bottom-center_frame_222_patch_6.png,image_828.jpg,1,0,0,0
R1-1100um-top-to-bottom-center-1_frame_241_patch_8.png,image_829.jpg,1,0,1,0
R1-900um-top-to-bottom-center_frame_362_patch_0.png,image_830.jpg,1,0,0,0
R1-1000um-top-to-bottom-center_frame_170_patch_5.png,image_831.jpg,1,0,0,0
R1-700um-top-to-bottom-center_frame_452_patch_8.png,image_832.jpg,1,0,0,0
R1-600um-top-to-bottom-center_frame_222_patch_0.png,image_833.jpg,0,0,1,0
R1-800um-top-to-bottom-center_frame_367_patch_6.png,image_834.jpg,1,0,0,1
R1-1100um-top-to-bottom-center_frame_177_patch_5.png,image_835.jpg,1,0,0,0
R1-600um-top-to-bottom-center_frame_0_patch_4.png,image_836.jpg,0,0,1,0
R1-1000um-top-to-bottom-center_frame_570_patch_4.png,image_837.jpg,1,0,0,0
R1-700um-top-to-bottom-center_frame_347_patch_6.png,image_838.jpg,1,0,0,0
R1-800um-top-to-bottom-center_frame_6_patch_5.png,image_839.jpg,0,0,0,1
R1-1100um-top-to-bottom-center-1_frame_149_patch_8.png,image_840.jpg,1,0,0,0
R1-900um-top-to-bottom-center_frame_392_patch_6.png,image_841.jpg,1,0,0,0
R1-900um-top-to-bottom-center_frame_263_patch_3.png,image_842.jpg,1,0,0,0
R1-600um-top-to-bottom-center_frame_52_patch_6.png,image_843.jpg,0,0,0,0
R1-1100um-top-to-bottom-center_frame_370_patch_7.png,image_844.jpg,1,0,0,0
R1-600um-top-to-bottom-center_frame_511_patch_6.png,image_845.jpg,1,0,0,0
R1-900um-top-to-bottom-center_frame_179_patch_2.png,image_846.jpg,1,0,0,0
R1-1100um-top-to-bottom-center_frame_386_patch_7.png,image_847.jpg,1,0,0,0
R1-800um-top-to-bottom-center_frame_651_patch_8.png,image_848.jpg,1,0,0,0
R1-1100um-top-to-bottom-center_frame_144_patch_7.png,image_849.jpg,1,0,0,0
R1-700um-top-to-bottom-center_frame_505_patch_5.png,image_850.jpg,1,0,0,0
R1-900um-top-to-bottom-center_frame_166_patch_3.png,image_851.jpg,0,0,0,1
R1-900um-top-to-bottom-center_frame_192_patch_6.png,image_852.jpg,1,0,0,0
R1-1100um-top-to-bottom-center-1_frame_56_patch_4.png,image_853.jpg,0,0,1,0
R1-700um-top-to-bottom-center_frame_544_patch_0.png,image_854.jpg,1,0,1,0
R1-1100um-top-to-bottom-center-1_frame_169_patch_8.png,image_855.jpg,1,0,0,0
R1-1000um-top-to-bottom-center_frame_209_patch_6.png,image_856.jpg,1,0,0,0
R1-1100um-top-to-bottom-center_frame_147_patch_8.png,image_857.jpg,0,0,1,0
R1-1100um-top-to-bottom-center-1_frame_267_patch_1.png,image_858.jpg,1,0,0,0
R1-800um-top-to-bottom-center_frame_473_patch_0.png,image_859.jpg,1,0,1,0
R1-900um-top-to-bottom-center_frame_234_patch_3.png,image_860.jpg,1,0,0,0
R1-600um-top-to-bottom-center_frame_87_patch_4.png,image_861.jpg,0,0,1,0
R1-1100um-top-to-bottom-center-1_frame_235_patch_5.png,image_862.jpg,1,0,1,0
R1-1000um-top-to-bottom-center_frame_225_patch_6.png,image_863.jpg,1,0,0,0
R1-1100um-top-to-bottom-center_frame_277_patch_6.png,image_864.jpg,1,0,0,0
R1-800um-top-to-bottom-center_frame_358_patch_4.png,image_865.jpg,1,0,0,0
R1-1100um-top-to-bottom-center-1_frame_372_patch_0.png,image_866.jpg,1,1,0,0
R1-1100um-top-to-bottom-center_frame_342_patch_3.png,image_867.jpg,1,0,0,0
R1-1100um-top-to-bottom-center_frame_302_patch_5.png,image_868.jpg,1,0,0,0
R1-1000um-top-to-bottom-center_frame_180_patch_0.png,image_869.jpg,1,0,0,0
R1-700um-top-to-bottom-center_frame_580_patch_2.png,image_870.jpg,1,0,0,0
R1-800um-top-to-bottom-center_frame_454_patch_2.png,image_871.jpg,1,0,1,0
R1-900um-top-to-bottom-center_frame_332_patch_4.png,image_872.jpg,1,0,0,0
R7-700um-middle_frame_566_patch_1.png,image_873.jpg,0,1,0,0
R1-600um-top-to-bottom-center_frame_41_patch_7.png,image_874.jpg,0,0,1,0
R1-800um-top-to-bottom-center_frame_70_patch_6.png,image_875.jpg,0,0,1,0
R1-1100um-top-to-bottom-center-1_frame_470_patch_5.png,image_876.jpg,1,1,0,0
R1-700um-top-to-bottom-center_frame_590_patch_2.png,image_877.jpg,1,0,1,0
R1-800um-top-to-bottom-center_frame_573_patch_1.png,image_878.jpg,1,0,0,0
R1-1100um-top-to-bottom-center-1_frame_289_patch_2.png,image_879.jpg,1,0,0,0
R1-1000um-top-to-bottom-center_frame_260_patch_2.png,image_880.jpg,1,0,0,0
R1-600um-top-to-bottom-center_frame_631_patch_3.png,image_881.jpg,1,0,0,0
R7-700um-middle_frame_122_patch_8.png,image_882.jpg,1,0,0,0
R1-800um-top-to-bottom-center_frame_554_patch_6.png,image_883.jpg,1,0,0,0
R1-600um-top-to-bottom-center_frame_201_patch_3.png,image_884.jpg,0,0,1,0
R1-1100um-top-to-bottom-center_frame_302_patch_0.png,image_885.jpg,1,0,0,0
R1-800um-top-to-bottom-center_frame_412_patch_5.png,image_886.jpg,1,0,0,0
R7-700um-middle_frame_489_patch_5.png,image_887.jpg,1,0,0,0
R1-800um-top-to-bottom-center_frame_540_patch_3.png,image_888.jpg,1,0,0,0
R1-1100um-top-to-bottom-center_frame_43_patch_7.png,image_889.jpg,1,0,0,0
R7-700um-middle_frame_503_patch_1.png,image_890.jpg,1,0,0,0
R1-900um-top-to-bottom-center_frame_486_patch_2.png,image_891.jpg,1,0,0,0
R1-700um-top-to-bottom-center_frame_621_patch_4.png,image_892.jpg,1,0,0,0
R1-900um-top-to-bottom-center_frame_290_patch_0.png,image_893.jpg,1,0,0,0
R1-600um-top-to-bottom-center_frame_75_patch_7.png,image_894.jpg,0,0,1,0
R1-1100um-top-to-bottom-center_frame_132_patch_8.png,image_895.jpg,1,0,0,0
R1-800um-top-to-bottom-center_frame_70_patch_7.png,image_896.jpg,0,0,1,0
R1-700um-top-to-bottom-center_frame_570_patch_7.png,image_897.jpg,1,0,1,0
R1-600um-top-to-bottom-center_frame_603_patch_2.png,image_898.jpg,1,0,0,0
R1-900um-top-to-bottom-center_frame_593_patch_8.png,image_899.jpg,1,0,0,0
R1-1100um-top-to-bottom-center_frame_145_patch_8.png,image_900.jpg,1,0,1,0
R1-600um-top-to-bottom-center_frame_596_patch_1.png,image_901.jpg,1,0,0,0
R1-600um-top-to-bottom-center_frame_659_patch_6.png,image_902.jpg,1,0,0,0
R1-1100um-top-to-bottom-center_frame_167_patch_7.png,image_903.jpg,1,0,0,0
R1-700um-top-to-bottom-center_frame_556_patch_2.png,image_904.jpg,1,0,0,0
R1-1100um-top-to-bottom-center-1_frame_284_patch_0.png,image_905.jpg,1,0,1,0
R1-700um-top-to-bottom-center_frame_334_patch_6.png,image_906.jpg,1,0,0,0
R1-700um-top-to-bottom-center_frame_580_patch_0.png,image_907.jpg,1,0,0,0
R1-1100um-top-to-bottom-center_frame_345_patch_5.png,image_908.jpg,1,0,0,0
R1-1100um-top-to-bottom-center_frame_287_patch_8.png,image_909.jpg,1,0,0,0
R1-700um-top-to-bottom-center_frame_618_patch_4.png,image_910.jpg,1,0,0,0
R1-600um-top-to-bottom-center_frame_199_patch_0.png,image_911.jpg,0,0,0,0
R1-600um-top-to-bottom-center_frame_394_patch_0.png,image_912.jpg,1,0,0,0
R1-900um-top-to-bottom-center_frame_221_patch_2.png,image_913.jpg,1,0,0,0
R1-700um-top-to-bottom-center_frame_334_patch_4.png,image_914.jpg,1,0,1,0
R1-800um-top-to-bottom-center_frame_339_patch_7.png,image_915.jpg,1,0,0,0
R1-800um-top-to-bottom-center_frame_408_patch_2.png,image_916.jpg,1,0,0,0
R1-900um-top-to-bottom-center_frame_444_patch_5.png,image_917.jpg,1,0,0,0
R1-1000um-top-to-bottom-center_frame_256_patch_3.png,image_918.jpg,1,0,0,0
R1-700um-top-to-bottom-center_frame_263_patch_0.png,image_919.jpg,1,0,1,0
R1-800um-top-to-bottom-center_frame_454_patch_3.png,image_920.jpg,1,0,0,0
R1-1100um-top-to-bottom-center_frame_372_patch_2.png,image_921.jpg,1,0,1,0
R1-600um-top-to-bottom-center_frame_372_patch_5.png,image_922.jpg,1,0,1,0
R1-1100um-top-to-bottom-center-1_frame_262_patch_2.png,image_923.jpg,1,0,0,0
R1-600um-top-to-bottom-center_frame_143_patch_8.png,image_924.jpg,0,0,0,0
R1-800um-top-to-bottom-center_frame_631_patch_2.png,image_925.jpg,1,1,0,0
R1-1100um-top-to-bottom-center_frame_342_patch_6.png,image_926.jpg,1,0,1,0
R1-900um-top-to-bottom-center_frame_557_patch_5.png,image_927.jpg,1,1,0,0
R1-600um-top-to-bottom-center_frame_432_patch_1.png,image_928.jpg,1,0,0,1
R1-1100um-top-to-bottom-center-1_frame_225_patch_1.png,image_929.jpg,1,0,1,0
R1-800um-top-to-bottom-center_frame_89_patch_3.png,image_930.jpg,0,0,1,0
R1-700um-top-to-bottom-center_frame_580_patch_1.png,image_931.jpg,1,0,0,0
R1-1100um-top-to-bottom-center-1_frame_225_patch_8.png,image_932.jpg,1,0,0,0
R1-700um-top-to-bottom-center_frame_289_patch_2.png,image_933.jpg,1,0,1,0
R1-1100um-top-to-bottom-center-1_frame_372_patch_5.png,image_934.jpg,1,0,0,0
R1-1000um-top-to-bottom-center_frame_156_patch_7.png,image_935.jpg,1,0,0,0
R1-900um-top-to-bottom-center_frame_33_patch_4.png,image_936.jpg,1,0,0,0
R1-600um-top-to-bottom-center_frame_41_patch_6.png,image_937.jpg,0,0,1,0
R1-800um-top-to-bottom-center_frame_623_patch_4.png,image_938.jpg,1,1,0,0
R1-900um-top-to-bottom-center_frame_316_patch_4.png,image_939.jpg,1,0,0,0
R1-600um-top-to-bottom-center_frame_152_patch_3.png,image_940.jpg,0,0,1,0
R1-600um-top-to-bottom-center_frame_182_patch_5.png,image_941.jpg,0,0,1,0
R1-1000um-top-to-bottom-center_frame_134_patch_7.png,image_942.jpg,1,0,0,0
R1-900um-top-to-bottom-center_frame_192_patch_4.png,image_943.jpg,1,0,0,0
R1-900um-top-to-bottom-center_frame_512_patch_0.png,image_944.jpg,1,0,0,0
R1-600um-top-to-bottom-center_frame_36_patch_2.png,image_945.jpg,0,0,1,0
R1-800um-top-to-bottom-center_frame_201_patch_7.png,image_946.jpg,0,0,1,0
R1-1100um-top-to-bottom-center_frame_223_patch_2.png,image_947.jpg,1,0,0,0
R1-800um-top-to-bottom-center_frame_623_patch_7.png,image_948.jpg,1,0,1,0
R1-1100um-top-to-bottom-center_frame_97_patch_7.png,image_949.jpg,1,0,0,0
R1-1100um-top-to-bottom-center-1_frame_425_patch_4.png,image_950.jpg,1,1,0,0
R1-1100um-top-to-bottom-center-1_frame_96_patch_2.png,image_951.jpg,1,0,0,0
R1-600um-top-to-bottom-center_frame_567_patch_1.png,image_952.jpg,1,0,0,0
R1-1100um-top-to-bottom-center_frame_330_patch_7.png,image_953.jpg,1,0,0,0
R1-800um-top-to-bottom-center_frame_540_patch_0.png,image_954.jpg,1,0,0,0
R7-700um-middle_frame_100_patch_7.png,image_955.jpg,1,1,0,0
R1-700um-top-to-bottom-center_frame_505_patch_8.png,image_956.jpg,1,0,1,0
R1-1100um-top-to-bottom-center-1_frame_402_patch_8.png,image_957.jpg,1,1,0,0
R1-900um-top-to-bottom-center_frame_434_patch_8.png,image_958.jpg,1,0,0,0
R1-1000um-top-to-bottom-center_frame_156_patch_4.png,image_959.jpg,1,0,0,0
R1-1100um-top-to-bottom-center-1_frame_397_patch_1.png,image_960.jpg,1,1,0,0
R1-600um-top-to-bottom-center_frame_526_patch_5.png,image_961.jpg,1,0,0,0
R1-1100um-top-to-bottom-center_frame_86_patch_1.png,image_962.jpg,1,0,1,0
R1-1100um-top-to-bottom-center_frame_220_patch_2.png,image_963.jpg,1,0,0,0
R1-1100um-top-to-bottom-center_frame_327_patch_2.png,image_964.jpg,1,0,0,0
R1-700um-top-to-bottom-center_frame_306_patch_7.png,image_965.jpg,1,0,0,0
R1-1100um-top-to-bottom-center-1_frame_56_patch_5.png,image_966.jpg,1,1,0,0
R1-1100um-top-to-bottom-center_frame_262_patch_5.png,image_967.jpg,1,0,0,0
R1-1000um-top-to-bottom-center_frame_434_patch_7.png,image_968.jpg,1,0,0,0
R1-900um-top-to-bottom-center_frame_347_patch_7.png,image_969.jpg,1,0,0,0
R1-700um-top-to-bottom-center_frame_317_patch_2.png,image_970.jpg,1,0,1,0
R1-600um-top-to-bottom-center_frame_70_patch_7.png,image_971.jpg,0,0,1,0
R1-600um-top-to-bottom-center_frame_104_patch_1.png,image_972.jpg,0,0,1,0
R1-900um-top-to-bottom-center_frame_234_patch_4.png,image_973.jpg,1,0,0,0
R1-1100um-top-to-bottom-center_frame_356_patch_0.png,image_974.jpg,1,1,0,0
R1-1000um-top-to-bottom-center_frame_551_patch_4.png,image_975.jpg,1,1,0,0
R1-800um-top-to-bottom-center_frame_454_patch_8.png,image_976.jpg,1,0,1,0
R1-1100um-top-to-bottom-center-1_frame_225_patch_5.png,image_977.jpg,1,0,0,0
R1-900um-top-to-bottom-center_frame_362_patch_2.png,image_978.jpg,1,0,0,0
R1-700um-top-to-bottom-center_frame_44_patch_6.png,image_979.jpg,0,0,1,0
R7-700um-middle_frame_566_patch_4.png,image_980.jpg,1,1,0,0
R1-900um-top-to-bottom-center_frame_207_patch_5.png,image_981.jpg,1,0,1,0
R7-700um-middle_frame_503_patch_5.png,image_982.jpg,1,0,0,0
R1-1100um-top-to-bottom-center_frame_264_patch_2.png,image_983.jpg,1,0,0,0
R1-1100um-top-to-bottom-center_frame_308_patch_3.png,image_984.jpg,1,0,0,0
R1-1100um-top-to-bottom-center_frame_281_patch_5.png,image_985.jpg,1,0,0,0
R1-900um-top-to-bottom-center_frame_33_patch_8.png,image_986.jpg,0,0,1,0
R1-1100um-top-to-bottom-center-1_frame_481_patch_8.png,image_987.jpg,1,1,0,0
R1-800um-top-to-bottom-center_frame_492_patch_3.png,image_988.jpg,1,0,1,0
R1-700um-top-to-bottom-center_frame_77_patch_6.png,image_989.jpg,0,0,1,0
R1-600um-top-to-bottom-center_frame_274_patch_0.png,image_990.jpg,0,0,0,0
R1-700um-top-to-bottom-center_frame_505_patch_2.png,image_991.jpg,1,0,0,0
R1-900um-top-to-bottom-center_frame_332_patch_2.png,image_992.jpg,1,0,0,0
R1-900um-top-to-bottom-center_frame_316_patch_0.png,image_993.jpg,1,0,0,0
R1-800um-top-to-bottom-center_frame_623_patch_2.png,image_994.jpg,1,1,1,0
R1-900um-top-to-bottom-center_frame_288_patch_4.png,image_995.jpg,1,0,0,0
R1-1100um-top-to-bottom-center_frame_193_patch_7.png,image_996.jpg,1,0,0,0
R1-1100um-top-to-bottom-center-1_frame_493_patch_2.png,image_997.jpg,1,1,0,0
R1-1000um-top-to-bottom-center_frame_434_patch_6.png,image_998.jpg,1,0,0,0
R1-1000um-top-to-bottom-center_frame_287_patch_1.png,image_999.jpg,1,0,0,0
R7-700um-middle_frame_574_patch_2.png,image_1000.jpg,0,1,0,0
R1-1100um-top-to-bottom-center-1_frame_521_patch_5.png,image_1001.jpg,1,1,1,0
R1-1000um-top-to-bottom-center_frame_173_patch_5.png,image_1002.jpg,1,0,0,0
R7-700um-middle_frame_512_patch_4.png,image_1003.jpg,1,0,0,0
R1-800um-top-to-bottom-center_frame_408_patch_6.png,image_1004.jpg,1,0,0,0
R1-800um-top-to-bottom-center_frame_492_patch_1.png,image_1005.jpg,1,0,0,0
R1-600um-top-to-bottom-center_frame_0_patch_0.png,image_1006.jpg,0,0,1,0
R1-600um-top-to-bottom-center_frame_408_patch_7.png,image_1007.jpg,1,0,0,0
R1-1100um-top-to-bottom-center-1_frame_342_patch_0.png,image_1008.jpg,1,0,1,0
R1-800um-top-to-bottom-center_frame_608_patch_2.png,image_1009.jpg,1,0,0,0
R1-1100um-top-to-bottom-center_frame_239_patch_7.png,image_1010.jpg,1,0,0,0
R1-1100um-top-to-bottom-center_frame_124_patch_5.png,image_1011.jpg,1,0,1,0
R7-700um-middle_frame_221_patch_6.png,image_1012.jpg,1,0,0,0
R1-600um-top-to-bottom-center_frame_58_patch_0.png,image_1013.jpg,0,0,0,1
R1-1100um-top-to-bottom-center_frame_205_patch_3.png,image_1014.jpg,1,0,1,0
R1-800um-top-to-bottom-center_frame_80_patch_0.png,image_1015.jpg,0,0,1,0
R1-900um-top-to-bottom-center_frame_210_patch_8.png,image_1016.jpg,1,0,1,0
R1-1100um-top-to-bottom-center-1_frame_289_patch_7.png,image_1017.jpg,1,0,0,0
R1-1100um-top-to-bottom-center-1_frame_225_patch_7.png,image_1018.jpg,1,0,0,0
R1-600um-top-to-bottom-center_frame_372_patch_4.png,image_1019.jpg,1,0,1,0
R1-1000um-top-to-bottom-center_frame_287_patch_6.png,image_1020.jpg,1,0,0,0
R1-1100um-top-to-bottom-center_frame_191_patch_2.png,image_1021.jpg,1,0,0,0
R1-900um-top-to-bottom-center_frame_362_patch_7.png,image_1022.jpg,1,0,0,0
R1-1100um-top-to-bottom-center-1_frame_488_patch_5.png,image_1023.jpg,1,0,0,0
R1-800um-top-to-bottom-center_frame_316_patch_3.png,image_1024.jpg,1,0,0,0
R1-1000um-top-to-bottom-center_frame_458_patch_3.png,image_1025.jpg,1,0,0,0
R1-700um-top-to-bottom-center_frame_270_patch_1.png,image_1026.jpg,1,0,0,0
R7-700um-middle_frame_566_patch_3.png,image_1027.jpg,1,1,0,0
R1-1100um-top-to-bottom-center_frame_109_patch_4.png,image_1028.jpg,1,0,1,0
R1-800um-top-to-bottom-center_frame_499_patch_2.png,image_1029.jpg,1,0,0,0
R1-1000um-top-to-bottom-center_frame_594_patch_6.png,image_1030.jpg,1,0,0,0
R1-900um-top-to-bottom-center_frame_418_patch_5.png,image_1031.jpg,1,0,0,0
R1-1000um-top-to-bottom-center_frame_245_patch_1.png,image_1032.jpg,1,0,0,0
R1-1100um-top-to-bottom-center-1_frame_205_patch_7.png,image_1033.jpg,1,0,1,0
R1-1100um-top-to-bottom-center_frame_253_patch_1.png,image_1034.jpg,1,0,0,0
R1-700um-top-to-bottom-center_frame_426_patch_0.png,image_1035.jpg,1,0,0,0
R1-900um-top-to-bottom-center_frame_275_patch_1.png,image_1036.jpg,1,0,0,0
R1-600um-top-to-bottom-center_frame_408_patch_3.png,image_1037.jpg,1,0,0,0
R1-1100um-top-to-bottom-center-1_frame_372_patch_2.png,image_1038.jpg,1,0,0,0
R1-1100um-top-to-bottom-center-1_frame_280_patch_4.png,image_1039.jpg,1,0,0,0
R1-1100um-top-to-bottom-center_frame_179_patch_1.png,image_1040.jpg,0,0,1,0
R1-1100um-top-to-bottom-center_frame_97_patch_1.png,image_1041.jpg,1,0,1,0
R1-1100um-top-to-bottom-center_frame_175_patch_1.png,image_1042.jpg,1,0,1,0
R1-800um-top-to-bottom-center_frame_641_patch_2.png,image_1043.jpg,1,0,0,0
R1-1100um-top-to-bottom-center_frame_232_patch_4.png,image_1044.jpg,1,0,0,0
R1-1000um-top-to-bottom-center_frame_338_patch_2.png,image_1045.jpg,1,0,0,0
R1-800um-top-to-bottom-center_frame_413_patch_0.png,image_1046.jpg,1,0,0,0
R1-900um-top-to-bottom-center_frame_444_patch_1.png,image_1047.jpg,1,0,0,0
R1-800um-top-to-bottom-center_frame_492_patch_6.png,image_1048.jpg,1,0,1,0
R1-1100um-top-to-bottom-center-1_frame_174_patch_8.png,image_1049.jpg,1,0,0,0
R1-600um-top-to-bottom-center_frame_586_patch_2.png,image_1050.jpg,1,0,0,0
R1-1000um-top-to-bottom-center_frame_585_patch_2.png,image_1051.jpg,1,0,0,0
R1-700um-top-to-bottom-center_frame_184_patch_0.png,image_1052.jpg,0,0,1,0
R1-700um-top-to-bottom-center_frame_321_patch_1.png,image_1053.jpg,1,0,1,0
R1-600um-top-to-bottom-center_frame_622_patch_8.png,image_1054.jpg,1,0,0,0
R1-600um-top-to-bottom-center_frame_143_patch_0.png,image_1055.jpg,0,0,1,0
R1-600um-top-to-bottom-center_frame_486_patch_8.png,image_1056.jpg,0,0,1,0
R1-700um-top-to-bottom-center_frame_6_patch_1.png,image_1057.jpg,1,0,0,0
R1-1000um-top-to-bottom-center_frame_384_patch_1.png,image_1058.jpg,1,0,0,0
R1-700um-top-to-bottom-center_frame_347_patch_2.png,image_1059.jpg,1,0,0,0
R1-1100um-top-to-bottom-center_frame_145_patch_2.png,image_1060.jpg,1,0,0,0
R1-600um-top-to-bottom-center_frame_596_patch_7.png,image_1061.jpg,1,0,0,0
R1-1000um-top-to-bottom-center_frame_173_patch_0.png,image_1062.jpg,1,0,0,0
R1-1100um-top-to-bottom-center-1_frame_468_patch_1.png,image_1063.jpg,1,1,0,0
R1-1100um-top-to-bottom-center_frame_330_patch_5.png,image_1064.jpg,1,0,0,0
R1-800um-top-to-bottom-center_frame_651_patch_5.png,image_1065.jpg,1,0,0,0
R1-600um-top-to-bottom-center_frame_594_patch_4.png,image_1066.jpg,1,0,1,0
R1-600um-top-to-bottom-center_frame_53_patch_6.png,image_1067.jpg,0,0,1,0
R1-800um-top-to-bottom-center_frame_526_patch_1.png,image_1068.jpg,1,0,0,0
R1-700um-top-to-bottom-center_frame_597_patch_1.png,image_1069.jpg,1,0,0,0
R1-700um-top-to-bottom-center_frame_570_patch_6.png,image_1070.jpg,1,0,1,0
R1-1100um-top-to-bottom-center_frame_262_patch_6.png,image_1071.jpg,1,0,0,0
R1-800um-top-to-bottom-center_frame_412_patch_0.png,image_1072.jpg,1,0,0,0
R1-1100um-top-to-bottom-center_frame_277_patch_1.png,image_1073.jpg,1,0,0,0
R1-1000um-top-to-bottom-center_frame_287_patch_7.png,image_1074.jpg,1,0,0,0
R1-800um-top-to-bottom-center_frame_392_patch_7.png,image_1075.jpg,1,0,1,0
R1-1100um-top-to-bottom-center-1_frame_447_patch_6.png,image_1076.jpg,1,1,0,0
R1-800um-top-to-bottom-center_frame_413_patch_6.png,image_1077.jpg,1,0,1,0
R1-1000um-top-to-bottom-center_frame_338_patch_7.png,image_1078.jpg,1,0,0,0
R1-1000um-top-to-bottom-center_frame_222_patch_4.png,image_1079.jpg,1,0,0,0
R1-600um-top-to-bottom-center_frame_596_patch_3.png,image_1080.jpg,1,0,0,0
R1-600um-top-to-bottom-center_frame_659_patch_7.png,image_1081.jpg,1,0,0,0
R1-1100um-top-to-bottom-center_frame_175_patch_7.png,image_1082.jpg,1,0,1,0
R1-800um-top-to-bottom-center_frame_304_patch_3.png,image_1083.jpg,1,0,0,0
R1-600um-top-to-bottom-center_frame_372_patch_8.png,image_1084.jpg,1,0,0,0
R1-700um-top-to-bottom-center_frame_661_patch_8.png,image_1085.jpg,1,0,0,0
R7-700um-middle_frame_520_patch_1.png,image_1086.jpg,1,0,0,0
R1-600um-top-to-bottom-center_frame_408_patch_1.png,image_1087.jpg,1,0,1,0
R1-1000um-top-to-bottom-center_frame_225_patch_1.png,image_1088.jpg,1,0,0,0
R1-900um-top-to-bottom-center_frame_290_patch_7.png,image_1089.jpg,1,0,0,0
R1-800um-top-to-bottom-center_frame_6_patch_4.png,image_1090.jpg,0,0,1,0
R1-1100um-top-to-bottom-center_frame_327_patch_4.png,image_1091.jpg,1,0,0,0
R1-1000um-top-to-bottom-center_frame_461_patch_7.png,image_1092.jpg,1,0,0,0
R1-600um-top-to-bottom-center_frame_418_patch_3.png,image_1093.jpg,1,0,0,0
R1-1000um-top-to-bottom-center_frame_461_patch_4.png,image_1094.jpg,1,0,1,0
R1-700um-top-to-bottom-center_frame_143_patch_2.png,image_1095.jpg,0,0,0,0
R1-900um-top-to-bottom-center_frame_362_patch_3.png,image_1096.jpg,1,0,0,0
R1-800um-top-to-bottom-center_frame_316_patch_4.png,image_1097.jpg,1,0,1,0
R1-600um-top-to-bottom-center_frame_75_patch_6.png,image_1098.jpg,0,0,0,1
R1-900um-top-to-bottom-center_frame_512_patch_4.png,image_1099.jpg,1,0,0,0
R1-1000um-top-to-bottom-center_frame_550_patch_4.png,image_1100.jpg,1,1,0,0
R1-900um-top-to-bottom-center_frame_486_patch_6.png,image_1101.jpg,1,0,0,0
R1-900um-top-to-bottom-center_frame_493_patch_7.png,image_1102.jpg,1,0,0,0
R1-1100um-top-to-bottom-center_frame_98_patch_5.png,image_1103.jpg,1,0,0,0
R1-600um-top-to-bottom-center_frame_61_patch_0.png,image_1104.jpg,0,0,0,1
R1-1100um-top-to-bottom-center_frame_239_patch_5.png,image_1105.jpg,1,0,0,0
R1-1100um-top-to-bottom-center_frame_245_patch_4.png,image_1106.jpg,1,0,0,0
R1-1100um-top-to-bottom-center_frame_262_patch_4.png,image_1107.jpg,1,0,1,0
R1-1100um-top-to-bottom-center_frame_220_patch_3.png,image_1108.jpg,1,0,0,0
R1-700um-top-to-bottom-center_frame_572_patch_8.png,image_1109.jpg,1,0,0,0
R1-600um-top-to-bottom-center_frame_36_patch_3.png,image_1110.jpg,0,0,1,0
R1-600um-top-to-bottom-center_frame_376_patch_2.png,image_1111.jpg,1,0,0,0
R1-1100um-top-to-bottom-center_frame_342_patch_0.png,image_1112.jpg,1,0,0,0
R7-700um-middle_frame_100_patch_1.png,image_1113.jpg,1,0,0,0
R1-800um-top-to-bottom-center_frame_473_patch_6.png,image_1114.jpg,1,0,0,0
R1-700um-top-to-bottom-center_frame_321_patch_4.png,image_1115.jpg,1,0,0,0
R1-1100um-top-to-bottom-center_frame_356_patch_7.png,image_1116.jpg,1,0,0,0
R7-700um-middle_frame_1_patch_2.png,image_1117.jpg,1,0,0,0
R1-1100um-top-to-bottom-center_frame_277_patch_0.png,image_1118.jpg,1,0,0,0
R1-600um-top-to-bottom-center_frame_457_patch_2.png,image_1119.jpg,1,0,1,0
R1-900um-top-to-bottom-center_frame_194_patch_7.png,image_1120.jpg,1,0,0,0
R1-700um-top-to-bottom-center_frame_321_patch_3.png,image_1121.jpg,1,0,0,0
R1-1100um-top-to-bottom-center_frame_370_patch_6.png,image_1122.jpg,1,1,0,0
R1-600um-top-to-bottom-center_frame_594_patch_2.png,image_1123.jpg,1,0,0,0
R1-1100um-top-to-bottom-center_frame_281_patch_6.png,image_1124.jpg,1,0,0,0
R1-1100um-top-to-bottom-center-1_frame_372_patch_6.png,image_1125.jpg,1,0,0,0
R1-700um-top-to-bottom-center_frame_452_patch_5.png,image_1126.jpg,1,0,0,0
R1-800um-top-to-bottom-center_frame_561_patch_3.png,image_1127.jpg,1,0,0,0
R1-1100um-top-to-bottom-center_frame_361_patch_6.png,image_1128.jpg,1,0,0,0
R7-700um-middle_frame_122_patch_4.png,image_1129.jpg,1,0,0,0
R1-700um-top-to-bottom-center_frame_556_patch_4.png,image_1130.jpg,1,0,1,0
R1-1000um-top-to-bottom-center_frame_170_patch_4.png,image_1131.jpg,1,0,0,0
R1-700um-top-to-bottom-center_frame_364_patch_6.png,image_1132.jpg,1,0,0,0
R1-600um-top-to-bottom-center_frame_201_patch_4.png,image_1133.jpg,0,0,0,0
R1-1000um-top-to-bottom-center_frame_585_patch_5.png,image_1134.jpg,1,0,1,0
R1-1000um-top-to-bottom-center_frame_570_patch_5.png,image_1135.jpg,1,0,1,0
R1-1100um-top-to-bottom-center_frame_370_patch_0.png,image_1136.jpg,1,0,0,0
R1-800um-top-to-bottom-center_frame_367_patch_2.png,image_1137.jpg,1,0,1,0
R1-800um-top-to-bottom-center_frame_554_patch_0.png,image_1138.jpg,1,0,0,0
R7-700um-middle_frame_512_patch_6.png,image_1139.jpg,1,0,0,0
R1-1100um-top-to-bottom-center_frame_281_patch_1.png,image_1140.jpg,1,0,0,0
R1-1100um-top-to-bottom-center_frame_361_patch_7.png,image_1141.jpg,1,0,0,0
R1-1100um-top-to-bottom-center-1_frame_387_patch_5.png,image_1142.jpg,1,1,0,0
R1-700um-top-to-bottom-center_frame_648_patch_0.png,image_1143.jpg,1,0,0,0
R1-1100um-top-to-bottom-center_frame_245_patch_8.png,image_1144.jpg,1,0,1,0
R1-600um-top-to-bottom-center_frame_387_patch_8.png,image_1145.jpg,1,0,0,0
R1-1100um-top-to-bottom-center_frame_254_patch_7.png,image_1146.jpg,1,0,0,0
R1-1100um-top-to-bottom-center-1_frame_250_patch_3.png,image_1147.jpg,1,0,0,0
R1-1100um-top-to-bottom-center_frame_297_patch_7.png,image_1148.jpg,1,0,0,0
R1-1100um-top-to-bottom-center-1_frame_338_patch_4.png,image_1149.jpg,1,0,0,0
R1-1100um-top-to-bottom-center-1_frame_502_patch_7.png,image_1150.jpg,1,1,0,0
R1-900um-top-to-bottom-center_frame_207_patch_4.png,image_1151.jpg,1,0,0,0
R1-700um-top-to-bottom-center_frame_279_patch_0.png,image_1152.jpg,1,0,0,0
R1-1100um-top-to-bottom-center_frame_223_patch_6.png,image_1153.jpg,1,0,0,0
R1-900um-top-to-bottom-center_frame_392_patch_3.png,image_1154.jpg,1,0,0,0
R1-800um-top-to-bottom-center_frame_641_patch_3.png,image_1155.jpg,1,1,0,0
R1-800um-top-to-bottom-center_frame_561_patch_4.png,image_1156.jpg,1,0,0,0
R1-1100um-top-to-bottom-center_frame_218_patch_1.png,image_1157.jpg,1,0,1,0
R1-600um-top-to-bottom-center_frame_174_patch_2.png,image_1158.jpg,0,0,1,0
R1-1100um-top-to-bottom-center-1_frame_488_patch_7.png,image_1159.jpg,1,1,0,0
R1-1100um-top-to-bottom-center_frame_77_patch_7.png,image_1160.jpg,1,0,0,0
R1-1100um-top-to-bottom-center-1_frame_468_patch_8.png,image_1161.jpg,1,0,0,0
R1-600um-top-to-bottom-center_frame_165_patch_6.png,image_1162.jpg,0,0,0,0
R1-1100um-top-to-bottom-center-1_frame_493_patch_1.png,image_1163.jpg,1,1,0,0
R1-800um-top-to-bottom-center_frame_339_patch_3.png,image_1164.jpg,1,0,0,0
R7-700um-middle_frame_122_patch_7.png,image_1165.jpg,1,1,1,0
R1-1100um-top-to-bottom-center-1_frame_96_patch_4.png,image_1166.jpg,1,0,0,0
R1-1100um-top-to-bottom-center_frame_297_patch_4.png,image_1167.jpg,1,0,0,0
R1-1100um-top-to-bottom-center-1_frame_267_patch_7.png,image_1168.jpg,1,0,0,0
R1-600um-top-to-bottom-center_frame_603_patch_5.png,image_1169.jpg,1,0,1,0
R1-1100um-top-to-bottom-center_frame_302_patch_4.png,image_1170.jpg,1,0,0,0
R1-1100um-top-to-bottom-center_frame_223_patch_3.png,image_1171.jpg,1,0,0,0
R1-600um-top-to-bottom-center_frame_201_patch_8.png,image_1172.jpg,0,0,1,0
R1-1100um-top-to-bottom-center_frame_370_patch_1.png,image_1173.jpg,1,0,0,0
R1-600um-top-to-bottom-center_frame_279_patch_8.png,image_1174.jpg,0,0,1,0
R1-1100um-top-to-bottom-center-1_frame_481_patch_2.png,image_1175.jpg,1,1,1,0
R1-700um-top-to-bottom-center_frame_321_patch_8.png,image_1176.jpg,1,0,0,0
R1-1100um-top-to-bottom-center-1_frame_267_patch_2.png,image_1177.jpg,1,0,0,0
R1-1000um-top-to-bottom-center_frame_434_patch_8.png,image_1178.jpg,1,1,0,0
R1-1100um-top-to-bottom-center_frame_128_patch_5.png,image_1179.jpg,1,0,1,0
R1-600um-top-to-bottom-center_frame_387_patch_0.png,image_1180.jpg,1,0,0,0
R1-1100um-top-to-bottom-center-1_frame_470_patch_0.png,image_1181.jpg,1,1,0,0
R1-700um-top-to-bottom-center_frame_6_patch_0.png,image_1182.jpg,1,0,1,0
R1-1100um-top-to-bottom-center_frame_132_patch_3.png,image_1183.jpg,1,0,1,1
R1-600um-top-to-bottom-center_frame_174_patch_7.png,image_1184.jpg,0,0,0,1
R7-700um-middle_frame_574_patch_3.png,image_1185.jpg,0,1,0,0
R1-1100um-top-to-bottom-center-1_frame_425_patch_7.png,image_1186.jpg,1,1,0,0
R1-900um-top-to-bottom-center_frame_434_patch_0.png,image_1187.jpg,1,0,0,0
R1-600um-top-to-bottom-center_frame_394_patch_6.png,image_1188.jpg,1,0,0,0
R1-1000um-top-to-bottom-center_frame_260_patch_7.png,image_1189.jpg,1,0,0,0
R1-700um-top-to-bottom-center_frame_218_patch_8.png,image_1190.jpg,0,0,1,0
R1-800um-top-to-bottom-center_frame_304_patch_4.png,image_1191.jpg,1,0,0,0
R7-700um-middle_frame_500_patch_4.png,image_1192.jpg,1,0,0,0
R1-1100um-top-to-bottom-center-1_frame_329_patch_5.png,image_1193.jpg,1,0,0,0
R1-1000um-top-to-bottom-center_frame_395_patch_5.png,image_1194.jpg,1,0,0,0
R1-800um-top-to-bottom-center_frame_479_patch_7.png,image_1195.jpg,1,0,0,0
R1-900um-top-to-bottom-center_frame_221_patch_0.png,image_1196.jpg,1,0,0,0
R1-1100um-top-to-bottom-center-1_frame_387_patch_1.png,image_1197.jpg,1,0,0,0
R1-800um-top-to-bottom-center_frame_513_patch_2.png,image_1198.jpg,1,0,0,0
R1-1100um-top-to-bottom-center_frame_264_patch_1.png,image_1199.jpg,1,0,0,0
R1-600um-top-to-bottom-center_frame_387_patch_5.png,image_1200.jpg,1,0,0,0
R1-800um-top-to-bottom-center_frame_651_patch_7.png,image_1201.jpg,1,0,0,0
R1-1000um-top-to-bottom-center_frame_222_patch_5.png,image_1202.jpg,1,0,0,0
R1-800um-top-to-bottom-center_frame_60_patch_3.png,image_1203.jpg,0,0,1,0
R1-800um-top-to-bottom-center_frame_358_patch_5.png,image_1204.jpg,1,0,0,0
R1-700um-top-to-bottom-center_frame_218_patch_0.png,image_1205.jpg,0,0,0,0
R1-1100um-top-to-bottom-center_frame_254_patch_8.png,image_1206.jpg,1,0,0,0
R1-1100um-top-to-bottom-center_frame_277_patch_8.png,image_1207.jpg,1,0,0,0
R1-900um-top-to-bottom-center_frame_192_patch_1.png,image_1208.jpg,1,0,0,0
R1-900um-top-to-bottom-center_frame_251_patch_8.png,image_1209.jpg,1,0,0,0
R1-1000um-top-to-bottom-center_frame_260_patch_3.png,image_1210.jpg,1,0,0,0
R1-800um-top-to-bottom-center_frame_316_patch_1.png,image_1211.jpg,1,0,0,0
R1-1100um-top-to-bottom-center_frame_98_patch_7.png,image_1212.jpg,1,0,0,0
R1-600um-top-to-bottom-center_frame_594_patch_5.png,image_1213.jpg,1,0,0,0
R1-800um-top-to-bottom-center_frame_627_patch_5.png,image_1214.jpg,1,1,0,0
R1-700um-top-to-bottom-center_frame_556_patch_7.png,image_1215.jpg,1,0,0,0
R1-1100um-top-to-bottom-center_frame_147_patch_6.png,image_1216.jpg,1,0,0,0
R1-800um-top-to-bottom-center_frame_513_patch_4.png,image_1217.jpg,1,0,0,0
R1-600um-top-to-bottom-center_frame_596_patch_8.png,image_1218.jpg,1,0,0,0
R1-900um-top-to-bottom-center_frame_275_patch_3.png,image_1219.jpg,1,0,1,0
R1-800um-top-to-bottom-center_frame_631_patch_3.png,image_1220.jpg,1,1,0,0
R1-900um-top-to-bottom-center_frame_512_patch_5.png,image_1221.jpg,1,0,0,0
R1-1000um-top-to-bottom-center_frame_551_patch_3.png,image_1222.jpg,1,0,1,1
R1-800um-top-to-bottom-center_frame_526_patch_4.png,image_1223.jpg,1,0,0,0
R1-1100um-top-to-bottom-center-1_frame_315_patch_4.png,image_1224.jpg,1,0,0,0
R1-900um-top-to-bottom-center_frame_166_patch_5.png,image_1225.jpg,0,0,1,1
R1-1000um-top-to-bottom-center_frame_156_patch_1.png,image_1226.jpg,1,0,0,0
R1-1000um-top-to-bottom-center_frame_487_patch_6.png,image_1227.jpg,1,0,0,0
R1-700um-top-to-bottom-center_frame_321_patch_0.png,image_1228.jpg,1,0,0,0
R1-1100um-top-to-bottom-center_frame_123_patch_0.png,image_1229.jpg,0,0,0,1
R1-1100um-top-to-bottom-center_frame_254_patch_4.png,image_1230.jpg,1,0,1,0
R1-900um-top-to-bottom-center_frame_493_patch_4.png,image_1231.jpg,1,0,0,0
R1-700um-top-to-bottom-center_frame_587_patch_6.png,image_1232.jpg,1,0,0,1
R1-900um-top-to-bottom-center_frame_362_patch_4.png,image_1233.jpg,1,0,0,0
R1-1100um-top-to-bottom-center_frame_327_patch_5.png,image_1234.jpg,1,0,0,0
R1-600um-top-to-bottom-center_frame_237_patch_3.png,image_1235.jpg,0,0,1,0
R1-600um-top-to-bottom-center_frame_165_patch_2.png,image_1236.jpg,0,0,1,0
R1-900um-top-to-bottom-center_frame_33_patch_1.png,image_1237.jpg,0,0,1,0
R1-1100um-top-to-bottom-center_frame_297_patch_5.png,image_1238.jpg,1,0,0,0
R1-600um-top-to-bottom-center_frame_165_patch_0.png,image_1239.jpg,0,0,1,0
R1-1100um-top-to-bottom-center_frame_253_patch_3.png,image_1240.jpg,1,0,0,0
R7-700um-middle_frame_520_patch_6.png,image_1241.jpg,1,0,0,0
R1-1000um-top-to-bottom-center_frame_225_patch_5.png,image_1242.jpg,1,0,0,0
R1-1000um-top-to-bottom-center_frame_180_patch_8.png,image_1243.jpg,1,0,0,0
R1-700um-top-to-bottom-center_frame_6_patch_8.png,image_1244.jpg,0,0,1,0
R1-700um-top-to-bottom-center_frame_77_patch_1.png,image_1245.jpg,1,0,0,0
R1-900um-top-to-bottom-center_frame_362_patch_6.png,image_1246.jpg,1,0,0,0
R1-1100um-top-to-bottom-center_frame_308_patch_6.png,image_1247.jpg,1,0,0,0
R1-600um-top-to-bottom-center_frame_477_patch_5.png,image_1248.jpg,0,0,1,0
R1-1000um-top-to-bottom-center_frame_550_patch_6.png,image_1249.jpg,1,1,1,0
R7-700um-middle_frame_354_patch_5.png,image_1250.jpg,0,0,1,0
R1-1100um-top-to-bottom-center_frame_287_patch_7.png,image_1251.jpg,1,0,0,0
R1-1000um-top-to-bottom-center_frame_173_patch_6.png,image_1252.jpg,1,0,1,0
R1-1100um-top-to-bottom-center-1_frame_235_patch_7.png,image_1253.jpg,1,0,1,0
R1-1100um-top-to-bottom-center_frame_286_patch_3.png,image_1254.jpg,1,0,0,0
R1-1100um-top-to-bottom-center-1_frame_205_patch_3.png,image_1255.jpg,1,0,1,0
R1-1000um-top-to-bottom-center_frame_594_patch_7.png,image_1256.jpg,1,0,1,0
R1-1100um-top-to-bottom-center_frame_0_patch_6.png,image_1257.jpg,1,0,1,1
R1-1000um-top-to-bottom-center_frame_570_patch_6.png,image_1258.jpg,1,1,0,0
R1-700um-top-to-bottom-center_frame_597_patch_0.png,image_1259.jpg,1,0,0,0
R7-700um-middle_frame_512_patch_2.png,image_1260.jpg,1,0,0,0
R1-1100um-top-to-bottom-center_frame_86_patch_6.png,image_1261.jpg,1,0,0,0
R1-800um-top-to-bottom-center_frame_499_patch_4.png,image_1262.jpg,1,0,1,0
R1-700um-top-to-bottom-center_frame_618_patch_1.png,image_1263.jpg,1,0,1,0
R1-1100um-top-to-bottom-center-1_frame_493_patch_0.png,image_1264.jpg,1,1,0,0
R1-1100um-top-to-bottom-center_frame_254_patch_2.png,image_1265.jpg,1,0,0,0
R1-700um-top-to-bottom-center_frame_334_patch_8.png,image_1266.jpg,1,0,0,0
R1-1100um-top-to-bottom-center_frame_302_patch_1.png,image_1267.jpg,1,0,0,0
R1-1100um-top-to-bottom-center-1_frame_235_patch_6.png,image_1268.jpg,1,0,0,0
R1-1100um-top-to-bottom-center-1_frame_250_patch_8.png,image_1269.jpg,1,0,0,0
R1-700um-top-to-bottom-center_frame_580_patch_8.png,image_1270.jpg,1,0,0,0
R1-600um-top-to-bottom-center_frame_63_patch_3.png,image_1271.jpg,0,0,0,1
R1-800um-top-to-bottom-center_frame_623_patch_6.png,image_1272.jpg,1,1,0,0
R1-1100um-top-to-bottom-center-1_frame_56_patch_1.png,image_1273.jpg,0,0,1,0
R1-800um-top-to-bottom-center_frame_439_patch_8.png,image_1274.jpg,1,0,0,0
R1-600um-top-to-bottom-center_frame_412_patch_6.png,image_1275.jpg,1,0,0,0
R1-700um-top-to-bottom-center_frame_198_patch_2.png,image_1276.jpg,0,0,1,0
R1-700um-top-to-bottom-center_frame_673_patch_6.png,image_1277.jpg,1,0,0,0
R1-1100um-top-to-bottom-center-1_frame_250_patch_0.png,image_1278.jpg,1,0,1,0
R1-800um-top-to-bottom-center_frame_408_patch_5.png,image_1279.jpg,1,0,0,0
R1-800um-top-to-bottom-center_frame_513_patch_8.png,image_1280.jpg,1,0,0,0
R1-800um-top-to-bottom-center_frame_479_patch_2.png,image_1281.jpg,1,0,0,0
R1-1100um-top-to-bottom-center-1_frame_267_patch_8.png,image_1282.jpg,1,0,0,0
R1-1000um-top-to-bottom-center_frame_338_patch_6.png,image_1283.jpg,1,0,0,0
R1-900um-top-to-bottom-center_frame_611_patch_4.png,image_1284.jpg,1,0,1,0
R1-1100um-top-to-bottom-center-1_frame_280_patch_3.png,image_1285.jpg,1,0,0,0
R1-1000um-top-to-bottom-center_frame_156_patch_5.png,image_1286.jpg,1,0,0,0
R1-900um-top-to-bottom-center_frame_565_patch_2.png,image_1287.jpg,1,0,0,0
R1-600um-top-to-bottom-center_frame_569_patch_0.png,image_1288.jpg,1,0,0,1
R1-1100um-top-to-bottom-center-1_frame_468_patch_6.png,image_1289.jpg,1,0,0,0
R1-800um-top-to-bottom-center_frame_412_patch_7.png,image_1290.jpg,1,0,0,0
R1-600um-top-to-bottom-center_frame_203_patch_0.png,image_1291.jpg,0,0,1,0
R1-1100um-top-to-bottom-center-1_frame_241_patch_5.png,image_1292.jpg,1,0,0,0
R1-1100um-top-to-bottom-center-1_frame_262_patch_5.png,image_1293.jpg,1,0,0,0
R1-800um-top-to-bottom-center_frame_638_patch_8.png,image_1294.jpg,1,1,0,0
R1-700um-top-to-bottom-center_frame_426_patch_7.png,image_1295.jpg,1,0,0,0
R1-600um-top-to-bottom-center_frame_418_patch_7.png,image_1296.jpg,1,0,0,0
R1-1100um-top-to-bottom-center-1_frame_96_patch_5.png,image_1297.jpg,1,0,1,0
R1-1100um-top-to-bottom-center_frame_330_patch_3.png,image_1298.jpg,1,0,0,0
R1-600um-top-to-bottom-center_frame_0_patch_3.png,image_1299.jpg,0,0,1,0
R1-1100um-top-to-bottom-center_frame_223_patch_5.png,image_1300.jpg,1,0,0,0
R1-900um-top-to-bottom-center_frame_593_patch_5.png,image_1301.jpg,1,0,0,0
R1-1100um-top-to-bottom-center_frame_345_patch_4.png,image_1302.jpg,1,0,0,0
R1-600um-top-to-bottom-center_frame_376_patch_4.png,image_1303.jpg,1,0,1,0
R7-700um-middle_frame_503_patch_2.png,image_1304.jpg,1,0,0,0
R1-800um-top-to-bottom-center_frame_358_patch_0.png,image_1305.jpg,1,0,0,0
R1-700um-top-to-bottom-center_frame_44_patch_1.png,image_1306.jpg,1,0,1,0
R1-700um-top-to-bottom-center_frame_387_patch_6.png,image_1307.jpg,1,0,1,0
R1-1100um-top-to-bottom-center-1_frame_120_patch_1.png,image_1308.jpg,1,0,0,0
R1-900um-top-to-bottom-center_frame_210_patch_5.png,image_1309.jpg,1,0,1,0
R1-900um-top-to-bottom-center_frame_166_patch_1.png,image_1310.jpg,1,0,0,0
R1-600um-top-to-bottom-center_frame_631_patch_4.png,image_1311.jpg,1,0,0,0
R1-800um-top-to-bottom-center_frame_623_patch_0.png,image_1312.jpg,1,1,0,0
R1-600um-top-to-bottom-center_frame_79_patch_0.png,image_1313.jpg,0,0,0,0
R1-600um-top-to-bottom-center_frame_394_patch_1.png,image_1314.jpg,1,0,0,0
R1-900um-top-to-bottom-center_frame_564_patch_0.png,image_1315.jpg,1,0,0,0
R1-700um-top-to-bottom-center_frame_621_patch_5.png,image_1316.jpg,1,0,0,0
R1-800um-top-to-bottom-center_frame_339_patch_4.png,image_1317.jpg,1,0,0,0
R1-1100um-top-to-bottom-center_frame_386_patch_1.png,image_1318.jpg,1,0,0,0
R1-700um-top-to-bottom-center_frame_329_patch_1.png,image_1319.jpg,1,0,1,0
R1-1100um-top-to-bottom-center-1_frame_174_patch_4.png,image_1320.jpg,1,0,1,0
R1-1100um-top-to-bottom-center_frame_167_patch_2.png,image_1321.jpg,1,0,0,0
R1-900um-top-to-bottom-center_frame_179_patch_8.png,image_1322.jpg,1,0,1,0
R1-1100um-top-to-bottom-center_frame_223_patch_4.png,image_1323.jpg,1,0,0,0
R1-800um-top-to-bottom-center_frame_608_patch_1.png,image_1324.jpg,1,1,1,0
R1-600um-top-to-bottom-center_frame_201_patch_6.png,image_1325.jpg,0,0,1,0
R1-1100um-top-to-bottom-center_frame_77_patch_0.png,image_1326.jpg,1,0,0,0
R1-1000um-top-to-bottom-center_frame_570_patch_1.png,image_1327.jpg,1,0,0,0
R1-1100um-top-to-bottom-center_frame_43_patch_3.png,image_1328.jpg,1,0,0,0
R1-800um-top-to-bottom-center_frame_561_patch_2.png,image_1329.jpg,1,1,0,0
R1-900um-top-to-bottom-center_frame_37_patch_8.png,image_1330.jpg,0,0,1,0
R1-1100um-top-to-bottom-center_frame_43_patch_8.png,image_1331.jpg,1,0,0,0
R1-600um-top-to-bottom-center_frame_408_patch_6.png,image_1332.jpg,1,0,1,0
R1-800um-top-to-bottom-center_frame_181_patch_4.png,image_1333.jpg,0,0,1,0
R1-800um-top-to-bottom-center_frame_304_patch_2.png,image_1334.jpg,1,0,0,0
R1-1100um-top-to-bottom-center-1_frame_447_patch_0.png,image_1335.jpg,1,0,0,0
R1-1100um-top-to-bottom-center_frame_128_patch_3.png,image_1336.jpg,1,0,1,1
R1-600um-top-to-bottom-center_frame_511_patch_1.png,image_1337.jpg,1,0,0,0
R1-900um-top-to-bottom-center_frame_179_patch_1.png,image_1338.jpg,1,0,0,0
R1-900um-top-to-bottom-center_frame_37_patch_4.png,image_1339.jpg,1,0,0,0
R1-800um-top-to-bottom-center_frame_255_patch_1.png,image_1340.jpg,0,0,1,0
R1-900um-top-to-bottom-center_frame_434_patch_3.png,image_1341.jpg,1,0,0,0
R1-900um-top-to-bottom-center_frame_593_patch_2.png,image_1342.jpg,1,0,0,0
R1-1100um-top-to-bottom-center-1_frame_225_patch_4.png,image_1343.jpg,1,0,0,0
R1-600um-top-to-bottom-center_frame_394_patch_5.png,image_1344.jpg,1,0,1,0
R1-1100um-top-to-bottom-center_frame_356_patch_5.png,image_1345.jpg,1,0,0,0
R1-1000um-top-to-bottom-center_frame_209_patch_1.png,image_1346.jpg,1,0,0,0
R1-800um-top-to-bottom-center_frame_367_patch_0.png,image_1347.jpg,1,0,0,0
R1-1000um-top-to-bottom-center_frame_395_patch_3.png,image_1348.jpg,1,0,1,0
R1-700um-top-to-bottom-center_frame_306_patch_4.png,image_1349.jpg,1,0,0,0
R1-800um-top-to-bottom-center_frame_105_patch_6.png,image_1350.jpg,0,0,1,0
R1-700um-top-to-bottom-center_frame_312_patch_5.png,image_1351.jpg,1,0,1,0
R1-1100um-top-to-bottom-center_frame_232_patch_1.png,image_1352.jpg,1,0,1,0
R1-600um-top-to-bottom-center_frame_372_patch_0.png,image_1353.jpg,1,0,0,0
R1-900um-top-to-bottom-center_frame_611_patch_7.png,image_1354.jpg,1,0,0,0
R1-700um-top-to-bottom-center_frame_452_patch_0.png,image_1355.jpg,1,0,0,0
R7-700um-middle_frame_581_patch_6.png,image_1356.jpg,1,1,0,0
R1-700um-top-to-bottom-center_frame_279_patch_1.png,image_1357.jpg,1,0,0,0
R1-700um-top-to-bottom-center_frame_572_patch_3.png,image_1358.jpg,1,0,0,0
R1-1000um-top-to-bottom-center_frame_245_patch_8.png,image_1359.jpg,1,0,0,0
R1-700um-top-to-bottom-center_frame_621_patch_0.png,image_1360.jpg,1,0,0,0
R1-600um-top-to-bottom-center_frame_412_patch_4.png,image_1361.jpg,1,0,0,0
R1-600um-top-to-bottom-center_frame_569_patch_3.png,image_1362.jpg,1,0,0,0
R1-1100um-top-to-bottom-center_frame_245_patch_7.png,image_1363.jpg,1,0,0,0
R1-1100um-top-to-bottom-center_frame_372_patch_1.png,image_1364.jpg,1,0,0,0
R1-700um-top-to-bottom-center_frame_621_patch_8.png,image_1365.jpg,1,0,0,0
R1-900um-top-to-bottom-center_frame_332_patch_6.png,image_1366.jpg,1,0,0,0
R1-1000um-top-to-bottom-center_frame_173_patch_8.png,image_1367.jpg,1,0,0,0
R1-1000um-top-to-bottom-center_frame_225_patch_2.png,image_1368.jpg,1,0,1,0
R7-700um-middle_frame_574_patch_4.png,image_1369.jpg,0,1,0,0
R1-600um-top-to-bottom-center_frame_631_patch_5.png,image_1370.jpg,1,0,0,0
R1-1100um-top-to-bottom-center-1_frame_425_patch_3.png,image_1371.jpg,1,1,0,0
R1-600um-top-to-bottom-center_frame_52_patch_2.png,image_1372.jpg,0,0,1,0
R1-800um-top-to-bottom-center_frame_70_patch_1.png,image_1373.jpg,0,0,1,0
R1-1100um-top-to-bottom-center_frame_254_patch_6.png,image_1374.jpg,1,0,0,0
R1-1100um-top-to-bottom-center_frame_361_patch_8.png,image_1375.jpg,1,0,1,0
R1-700um-top-to-bottom-center_frame_570_patch_0.png,image_1376.jpg,1,0,0,0
R1-700um-top-to-bottom-center_frame_572_patch_5.png,image_1377.jpg,1,0,0,0
R1-700um-top-to-bottom-center_frame_452_patch_4.png,image_1378.jpg,1,0,0,0
R1-700um-top-to-bottom-center_frame_597_patch_8.png,image_1379.jpg,1,0,0,0
R1-1100um-top-to-bottom-center_frame_264_patch_3.png,image_1380.jpg,1,0,0,0
R1-1100um-top-to-bottom-center_frame_205_patch_5.png,image_1381.jpg,1,0,0,0
R1-800um-top-to-bottom-center_frame_454_patch_0.png,image_1382.jpg,1,0,0,0
R1-700um-top-to-bottom-center_frame_127_patch_5.png,image_1383.jpg,0,0,0,0
R1-800um-top-to-bottom-center_frame_454_patch_5.png,image_1384.jpg,1,0,0,0
R1-1100um-top-to-bottom-center_frame_124_patch_3.png,image_1385.jpg,0,0,1,1
R1-1100um-top-to-bottom-center_frame_109_patch_2.png,image_1386.jpg,1,0,0,0
R1-1000um-top-to-bottom-center_frame_245_patch_5.png,image_1387.jpg,1,0,1,0
R1-600um-top-to-bottom-center_frame_376_patch_1.png,image_1388.jpg,1,0,1,0
R1-1100um-top-to-bottom-center_frame_245_patch_6.png,image_1389.jpg,1,0,0,0
R1-700um-top-to-bottom-center_frame_218_patch_1.png,image_1390.jpg,0,0,0,0
R1-700um-top-to-bottom-center_frame_661_patch_4.png,image_1391.jpg,1,0,1,0
R1-700um-top-to-bottom-center_frame_217_patch_2.png,image_1392.jpg,0,0,0,1
R1-1100um-top-to-bottom-center_frame_253_patch_4.png,image_1393.jpg,1,0,1,0
R1-700um-top-to-bottom-center_frame_217_patch_1.png,image_1394.jpg,0,0,0,0
R1-1100um-top-to-bottom-center_frame_147_patch_4.png,image_1395.jpg,1,0,0,0
R1-800um-top-to-bottom-center_frame_318_patch_7.png,image_1396.jpg,1,0,0,0
R1-1000um-top-to-bottom-center_frame_225_patch_4.png,image_1397.jpg,1,0,0,0
R7-700um-middle_frame_500_patch_0.png,image_1398.jpg,1,0,0,0
R1-1100um-top-to-bottom-center-1_frame_470_patch_2.png,image_1399.jpg,1,1,0,0
R1-1000um-top-to-bottom-center_frame_434_patch_4.png,image_1400.jpg,1,0,0,0
R1-1100um-top-to-bottom-center-1_frame_447_patch_8.png,image_1401.jpg,1,1,0,0
R1-1100um-top-to-bottom-center_frame_132_patch_7.png,image_1402.jpg,1,0,0,0
R7-700um-middle_frame_221_patch_5.png,image_1403.jpg,1,0,0,0
R1-600um-top-to-bottom-center_frame_432_patch_7.png,image_1404.jpg,1,0,0,0
R1-1100um-top-to-bottom-center_frame_253_patch_8.png,image_1405.jpg,1,0,0,0
R1-600um-top-to-bottom-center_frame_140_patch_8.png,image_1406.jpg,0,0,0,0
R1-900um-top-to-bottom-center_frame_288_patch_6.png,image_1407.jpg,1,0,0,0
R1-1100um-top-to-bottom-center-1_frame_289_patch_8.png,image_1408.jpg,1,0,0,0
R7-700um-middle_frame_503_patch_0.png,image_1409.jpg,1,0,1,0
R1-600um-top-to-bottom-center_frame_459_patch_4.png,image_1410.jpg,1,0,0,0
R1-900um-top-to-bottom-center_frame_303_patch_5.png,image_1411.jpg,1,0,0,0
R1-700um-top-to-bottom-center_frame_289_patch_4.png,image_1412.jpg,1,0,0,0
R1-800um-top-to-bottom-center_frame_89_patch_8.png,image_1413.jpg,0,0,0,0
R1-1100um-top-to-bottom-center_frame_109_patch_1.png,image_1414.jpg,1,0,1,0
R1-700um-top-to-bottom-center_frame_673_patch_7.png,image_1415.jpg,1,0,0,0
R1-800um-top-to-bottom-center_frame_72_patch_6.png,image_1416.jpg,0,0,1,0
R1-800um-top-to-bottom-center_frame_439_patch_5.png,image_1417.jpg,1,0,0,0
R1-1100um-top-to-bottom-center-1_frame_190_patch_5.png,image_1418.jpg,1,0,0,0
R1-700um-top-to-bottom-center_frame_260_patch_1.png,image_1419.jpg,1,0,0,0
R1-1000um-top-to-bottom-center_frame_461_patch_8.png,image_1420.jpg,1,0,0,0
R1-900um-top-to-bottom-center_frame_192_patch_0.png,image_1421.jpg,1,0,0,0
R1-600um-top-to-bottom-center_frame_412_patch_5.png,image_1422.jpg,1,0,0,0
R1-900um-top-to-bottom-center_frame_557_patch_0.png,image_1423.jpg,1,0,0,0
R1-800um-top-to-bottom-center_frame_408_patch_8.png,image_1424.jpg,1,0,0,0
R1-700um-top-to-bottom-center_frame_189_patch_0.png,image_1425.jpg,0,0,1,0
R1-700um-top-to-bottom-center_frame_661_patch_7.png,image_1426.jpg,1,0,0,0
R1-600um-top-to-bottom-center_frame_457_patch_7.png,image_1427.jpg,1,0,0,1
R1-700um-top-to-bottom-center_frame_254_patch_1.png,image_1428.jpg,1,0,0,0
R1-1000um-top-to-bottom-center_frame_245_patch_4.png,image_1429.jpg,1,0,0,0
R1-1100um-top-to-bottom-center-1_frame_220_patch_4.png,image_1430.jpg,1,0,0,0
R1-1000um-top-to-bottom-center_frame_594_patch_8.png,image_1431.jpg,1,0,1,0
R1-900um-top-to-bottom-center_frame_234_patch_0.png,image_1432.jpg,1,0,0,0
R1-1000um-top-to-bottom-center_frame_96_patch_7.png,image_1433.jpg,0,0,1,0
R1-1100um-top-to-bottom-center_frame_384_patch_5.png,image_1434.jpg,1,0,1,0
R1-800um-top-to-bottom-center_frame_60_patch_4.png,image_1435.jpg,0,0,1,0
R7-700um-middle_frame_120_patch_3.png,image_1436.jpg,1,0,0,0
R1-600um-top-to-bottom-center_frame_569_patch_2.png,image_1437.jpg,1,0,0,0
R1-600um-top-to-bottom-center_frame_387_patch_6.png,image_1438.jpg,1,0,0,0
R1-700um-top-to-bottom-center_frame_242_patch_8.png,image_1439.jpg,0,0,0,1
R1-800um-top-to-bottom-center_frame_454_patch_7.png,image_1440.jpg,1,0,0,0
R1-1100um-top-to-bottom-center_frame_239_patch_0.png,image_1441.jpg,1,0,0,0
R1-1100um-top-to-bottom-center-1_frame_169_patch_0.png,image_1442.jpg,1,0,0,0
R1-1100um-top-to-bottom-center-1_frame_470_patch_1.png,image_1443.jpg,1,1,0,0
R1-700um-top-to-bottom-center_frame_334_patch_1.png,image_1444.jpg,1,0,0,0
R1-800um-top-to-bottom-center_frame_554_patch_4.png,image_1445.jpg,1,0,0,0
R7-700um-middle_frame_503_patch_4.png,image_1446.jpg,1,0,0,0
R1-600um-top-to-bottom-center_frame_140_patch_1.png,image_1447.jpg,0,0,0,1
R1-1100um-top-to-bottom-center-1_frame_397_patch_8.png,image_1448.jpg,1,1,0,0
R1-600um-top-to-bottom-center_frame_356_patch_0.png,image_1449.jpg,1,0,0,0
R1-600um-top-to-bottom-center_frame_603_patch_0.png,image_1450.jpg,1,0,0,0
R1-700um-top-to-bottom-center_frame_648_patch_6.png,image_1451.jpg,1,0,1,0
R1-800um-top-to-bottom-center_frame_499_patch_5.png,image_1452.jpg,1,0,0,0
R1-800um-top-to-bottom-center_frame_627_patch_6.png,image_1453.jpg,1,1,0,0
R1-900um-top-to-bottom-center_frame_347_patch_0.png,image_1454.jpg,1,0,0,0
R1-1100um-top-to-bottom-center_frame_43_patch_4.png,image_1455.jpg,1,0,1,0
R1-900um-top-to-bottom-center_frame_444_patch_0.png,image_1456.jpg,1,0,0,0
R1-900um-top-to-bottom-center_frame_288_patch_8.png,image_1457.jpg,1,0,0,0
R1-800um-top-to-bottom-center_frame_513_patch_7.png,image_1458.jpg,1,0,0,0
R1-1100um-top-to-bottom-center-1_frame_161_patch_1.png,image_1459.jpg,1,0,1,0
R1-1100um-top-to-bottom-center_frame_345_patch_2.png,image_1460.jpg,1,0,1,0
R1-900um-top-to-bottom-center_frame_376_patch_5.png,image_1461.jpg,1,0,0,0
R1-700um-top-to-bottom-center_frame_321_patch_7.png,image_1462.jpg,1,0,0,0
R1-1100um-top-to-bottom-center-1_frame_329_patch_4.png,image_1463.jpg,1,0,0,0
R1-1100um-top-to-bottom-center-1_frame_468_patch_5.png,image_1464.jpg,1,1,0,0
R1-900um-top-to-bottom-center_frame_10_patch_2.png,image_1465.jpg,0,0,1,1
R1-1100um-top-to-bottom-center_frame_264_patch_8.png,image_1466.jpg,1,0,0,0
R1-1000um-top-to-bottom-center_frame_8_patch_3.png,image_1467.jpg,1,0,0,0
R1-900um-top-to-bottom-center_frame_303_patch_7.png,image_1468.jpg,1,0,0,0
R1-1000um-top-to-bottom-center_frame_487_patch_5.png,image_1469.jpg,1,0,1,0
R1-700um-top-to-bottom-center_frame_321_patch_6.png,image_1470.jpg,1,0,0,0
R1-700um-top-to-bottom-center_frame_590_patch_1.png,image_1471.jpg,1,0,0,0
R1-1100um-top-to-bottom-center-1_frame_161_patch_2.png,image_1472.jpg,1,0,1,0
R1-800um-top-to-bottom-center_frame_540_patch_6.png,image_1473.jpg,1,0,0,0
R1-600um-top-to-bottom-center_frame_596_patch_6.png,image_1474.jpg,1,0,0,0
R1-600um-top-to-bottom-center_frame_432_patch_4.png,image_1475.jpg,0,0,0,0
R1-1100um-top-to-bottom-center_frame_109_patch_0.png,image_1476.jpg,1,0,1,0
R1-1100um-top-to-bottom-center_frame_361_patch_1.png,image_1477.jpg,1,0,0,0
R1-1100um-top-to-bottom-center_frame_145_patch_4.png,image_1478.jpg,1,0,0,0
R1-600um-top-to-bottom-center_frame_622_patch_5.png,image_1479.jpg,1,0,0,0
R1-900um-top-to-bottom-center_frame_332_patch_3.png,image_1480.jpg,1,0,0,0
R1-600um-top-to-bottom-center_frame_611_patch_2.png,image_1481.jpg,1,0,0,0
R1-700um-top-to-bottom-center_frame_587_patch_0.png,image_1482.jpg,1,0,0,0
R1-800um-top-to-bottom-center_frame_554_patch_5.png,image_1483.jpg,1,1,0,0
R1-1100um-top-to-bottom-center-1_frame_120_patch_7.png,image_1484.jpg,1,0,1,0
R7-700um-middle_frame_221_patch_4.png,image_1485.jpg,1,0,0,0
R1-1100um-top-to-bottom-center_frame_264_patch_7.png,image_1486.jpg,1,0,1,0
R1-600um-top-to-bottom-center_frame_553_patch_1.png,image_1487.jpg,1,0,1,0
R1-700um-top-to-bottom-center_frame_621_patch_6.png,image_1488.jpg,1,0,0,0
R1-900um-top-to-bottom-center_frame_221_patch_3.png,image_1489.jpg,1,0,0,0
R1-1000um-top-to-bottom-center_frame_487_patch_7.png,image_1490.jpg,1,0,0,0
R1-900um-top-to-bottom-center_frame_263_patch_4.png,image_1491.jpg,1,0,0,0
R1-1000um-top-to-bottom-center_frame_569_patch_7.png,image_1492.jpg,1,0,1,0
R1-1100um-top-to-bottom-center_frame_132_patch_4.png,image_1493.jpg,1,0,0,0
R1-600um-top-to-bottom-center_frame_63_patch_0.png,image_1494.jpg,0,0,0,1
R1-700um-top-to-bottom-center_frame_426_patch_8.png,image_1495.jpg,1,0,0,0
R1-800um-top-to-bottom-center_frame_80_patch_5.png,image_1496.jpg,0,0,1,0
R1-1000um-top-to-bottom-center_frame_170_patch_2.png,image_1497.jpg,1,0,0,0
R1-800um-top-to-bottom-center_frame_627_patch_1.png,image_1498.jpg,1,1,0,0
R1-600um-top-to-bottom-center_frame_140_patch_4.png,image_1499.jpg,0,0,1,0
R1-800um-top-to-bottom-center_frame_554_patch_1.png,image_1500.jpg,1,1,0,0
R1-1100um-top-to-bottom-center-1_frame_56_patch_2.png,image_1501.jpg,1,1,1,0
R1-800um-top-to-bottom-center_frame_318_patch_8.png,image_1502.jpg,1,0,0,0
R1-900um-top-to-bottom-center_frame_444_patch_2.png,image_1503.jpg,1,0,0,0
R1-900um-top-to-bottom-center_frame_221_patch_1.png,image_1504.jpg,1,0,0,0
R7-700um-middle_frame_581_patch_4.png,image_1505.jpg,0,1,0,0
R1-1100um-top-to-bottom-center_frame_384_patch_2.png,image_1506.jpg,1,0,0,0
R1-1100um-top-to-bottom-center_frame_161_patch_2.png,image_1507.jpg,1,0,0,0
R1-700um-top-to-bottom-center_frame_44_patch_4.png,image_1508.jpg,1,0,0,0
R1-600um-top-to-bottom-center_frame_356_patch_1.png,image_1509.jpg,1,0,0,0
R1-900um-top-to-bottom-center_frame_347_patch_3.png,image_1510.jpg,1,0,0,0
R1-1100um-top-to-bottom-center_frame_302_patch_8.png,image_1511.jpg,1,0,0,0
R1-1100um-top-to-bottom-center_frame_77_patch_6.png,image_1512.jpg,1,0,0,0
R1-700um-top-to-bottom-center_frame_373_patch_8.png,image_1513.jpg,1,0,1,0
R1-700um-top-to-bottom-center_frame_364_patch_0.png,image_1514.jpg,1,0,1,0
R1-900um-top-to-bottom-center_frame_210_patch_6.png,image_1515.jpg,1,0,0,0
R1-1100um-top-to-bottom-center_frame_342_patch_7.png,image_1516.jpg,1,0,0,0
R1-1000um-top-to-bottom-center_frame_134_patch_4.png,image_1517.jpg,1,0,1,0
R1-1100um-top-to-bottom-center_frame_386_patch_8.png,image_1518.jpg,1,0,0,0
R1-700um-top-to-bottom-center_frame_306_patch_5.png,image_1519.jpg,1,0,0,0
R1-700um-top-to-bottom-center_frame_387_patch_5.png,image_1520.jpg,1,0,0,1
R7-700um-middle_frame_343_patch_7.png,image_1521.jpg,0,0,1,0
R1-800um-top-to-bottom-center_frame_439_patch_1.png,image_1522.jpg,1,0,0,0
R1-900um-top-to-bottom-center_frame_290_patch_8.png,image_1523.jpg,1,0,0,0
R1-1000um-top-to-bottom-center_frame_180_patch_4.png,image_1524.jpg,1,0,0,0
R1-1100um-top-to-bottom-center-1_frame_220_patch_8.png,image_1525.jpg,1,0,0,0
R1-800um-top-to-bottom-center_frame_473_patch_8.png,image_1526.jpg,1,0,0,0
R1-900um-top-to-bottom-center_frame_207_patch_8.png,image_1527.jpg,1,0,0,0
R1-600um-top-to-bottom-center_frame_622_patch_7.png,image_1528.jpg,1,0,1,0
R1-800um-top-to-bottom-center_frame_358_patch_1.png,image_1529.jpg,1,0,0,0
R1-700um-top-to-bottom-center_frame_279_patch_4.png,image_1530.jpg,1,0,1,0
R7-700um-middle_frame_208_patch_7.png,image_1531.jpg,1,0,0,0
R1-800um-top-to-bottom-center_frame_651_patch_6.png,image_1532.jpg,1,1,0,0
R1-600um-top-to-bottom-center_frame_408_patch_4.png,image_1533.jpg,1,0,0,0
R1-900um-top-to-bottom-center_frame_405_patch_6.png,image_1534.jpg,1,0,0,0
R1-600um-top-to-bottom-center_frame_53_patch_2.png,image_1535.jpg,0,0,1,0
R1-700um-top-to-bottom-center_frame_590_patch_7.png,image_1536.jpg,1,0,0,0
R1-600um-top-to-bottom-center_frame_311_patch_8.png,image_1537.jpg,0,0,1,0
R1-1100um-top-to-bottom-center-1_frame_342_patch_8.png,image_1538.jpg,1,0,0,0
R1-900um-top-to-bottom-center_frame_288_patch_1.png,image_1539.jpg,1,0,0,1
R1-1100um-top-to-bottom-center_frame_330_patch_1.png,image_1540.jpg,1,0,1,0
R1-1000um-top-to-bottom-center_frame_461_patch_2.png,image_1541.jpg,1,0,0,0
R7-700um-middle_frame_512_patch_0.png,image_1542.jpg,1,0,0,0
R7-700um-middle_frame_553_patch_0.png,image_1543.jpg,0,1,0,0
R1-600um-top-to-bottom-center_frame_376_patch_7.png,image_1544.jpg,1,0,0,0
R1-1100um-top-to-bottom-center-1_frame_329_patch_8.png,image_1545.jpg,1,0,0,0
R1-700um-top-to-bottom-center_frame_329_patch_7.png,image_1546.jpg,1,0,0,0
R1-600um-top-to-bottom-center_frame_659_patch_3.png,image_1547.jpg,1,0,0,0
R1-1100um-top-to-bottom-center_frame_177_patch_7.png,image_1548.jpg,1,0,1,0
R1-800um-top-to-bottom-center_frame_367_patch_4.png,image_1549.jpg,1,0,0,0
R1-600um-top-to-bottom-center_frame_394_patch_8.png,image_1550.jpg,1,0,0,0
R1-600um-top-to-bottom-center_frame_372_patch_1.png,image_1551.jpg,1,0,0,0
R1-900um-top-to-bottom-center_frame_565_patch_7.png,image_1552.jpg,1,0,0,0
R1-800um-top-to-bottom-center_frame_526_patch_5.png,image_1553.jpg,1,0,0,0
R1-1100um-top-to-bottom-center_frame_175_patch_4.png,image_1554.jpg,1,0,0,0
R1-1100um-top-to-bottom-center_frame_218_patch_6.png,image_1555.jpg,1,0,0,0
R1-800um-top-to-bottom-center_frame_439_patch_0.png,image_1556.jpg,1,0,0,0
R1-900um-top-to-bottom-center_frame_418_patch_4.png,image_1557.jpg,1,0,0,0
R1-900um-top-to-bottom-center_frame_564_patch_3.png,image_1558.jpg,1,0,0,0
R1-800um-top-to-bottom-center_frame_492_patch_5.png,image_1559.jpg,1,0,0,0
R1-800um-top-to-bottom-center_frame_608_patch_5.png,image_1560.jpg,1,0,0,0
R1-1000um-top-to-bottom-center_frame_287_patch_4.png,image_1561.jpg,1,0,0,0
R1-600um-top-to-bottom-center_frame_52_patch_0.png,image_1562.jpg,0,0,0,1
R1-1100um-top-to-bottom-center-1_frame_397_patch_3.png,image_1563.jpg,1,0,0,0
R1-900um-top-to-bottom-center_frame_10_patch_1.png,image_1564.jpg,1,0,0,0
R1-800um-top-to-bottom-center_frame_412_patch_6.png,image_1565.jpg,1,0,1,0
R1-600um-top-to-bottom-center_frame_586_patch_1.png,image_1566.jpg,1,0,1,0
R1-1100um-top-to-bottom-center_frame_109_patch_7.png,image_1567.jpg,1,0,0,0
R1-1100um-top-to-bottom-center-1_frame_402_patch_2.png,image_1568.jpg,1,1,1,0
R1-900um-top-to-bottom-center_frame_332_patch_1.png,image_1569.jpg,1,0,0,0
R1-800um-top-to-bottom-center_frame_641_patch_8.png,image_1570.jpg,1,1,1,0
R1-1100um-top-to-bottom-center_frame_262_patch_0.png,image_1571.jpg,1,0,0,0
R1-800um-top-to-bottom-center_frame_627_patch_2.png,image_1572.jpg,1,1,1,0
R1-1100um-top-to-bottom-center_frame_123_patch_4.png,image_1573.jpg,1,0,0,0
R1-1100um-top-to-bottom-center_frame_308_patch_1.png,image_1574.jpg,1,0,0,0
R7-700um-middle_frame_566_patch_2.png,image_1575.jpg,0,1,0,0
R1-1100um-top-to-bottom-center-1_frame_280_patch_7.png,image_1576.jpg,1,0,0,0
R1-1100um-top-to-bottom-center_frame_330_patch_2.png,image_1577.jpg,1,0,0,0
R1-600um-top-to-bottom-center_frame_594_patch_6.png,image_1578.jpg,1,0,0,0
R1-1000um-top-to-bottom-center_frame_209_patch_5.png,image_1579.jpg,1,0,0,0
R1-900um-top-to-bottom-center_frame_405_patch_7.png,image_1580.jpg,1,0,0,0
R1-1100um-top-to-bottom-center-1_frame_493_patch_3.png,image_1581.jpg,1,1,0,0
R1-800um-top-to-bottom-center_frame_288_patch_3.png,image_1582.jpg,0,0,0,0
R1-600um-top-to-bottom-center_frame_412_patch_0.png,image_1583.jpg,1,0,0,0
R1-800um-top-to-bottom-center_frame_631_patch_7.png,image_1584.jpg,1,1,0,0
R1-600um-top-to-bottom-center_frame_152_patch_4.png,image_1585.jpg,0,0,1,1
R1-1100um-top-to-bottom-center-1_frame_425_patch_6.png,image_1586.jpg,1,1,0,0
R1-800um-top-to-bottom-center_frame_86_patch_0.png,image_1587.jpg,0,0,1,0
R1-1100um-top-to-bottom-center_frame_123_patch_3.png,image_1588.jpg,0,0,1,1
R1-900um-top-to-bottom-center_frame_234_patch_6.png,image_1589.jpg,1,0,0,0
R1-1100um-top-to-bottom-center-1_frame_447_patch_3.png,image_1590.jpg,1,0,0,0
R1-1100um-top-to-bottom-center_frame_281_patch_3.png,image_1591.jpg,1,0,0,0
R1-1100um-top-to-bottom-center_frame_218_patch_0.png,image_1592.jpg,1,0,0,0
R1-1000um-top-to-bottom-center_frame_287_patch_8.png,image_1593.jpg,1,0,0,0
R1-600um-top-to-bottom-center_frame_394_patch_7.png,image_1594.jpg,1,0,0,0
R1-700um-top-to-bottom-center_frame_590_patch_5.png,image_1595.jpg,1,0,0,0
R1-800um-top-to-bottom-center_frame_526_patch_6.png,image_1596.jpg,1,0,0,0
R1-700um-top-to-bottom-center_frame_426_patch_4.png,image_1597.jpg,1,0,0,0
R1-1100um-top-to-bottom-center_frame_372_patch_5.png,image_1598.jpg,1,0,0,0
R1-800um-top-to-bottom-center_frame_269_patch_0.png,image_1599.jpg,0,0,0,1
R1-700um-top-to-bottom-center_frame_312_patch_7.png,image_1600.jpg,1,0,0,0
R1-800um-top-to-bottom-center_frame_412_patch_2.png,image_1601.jpg,1,0,0,0
R7-700um-middle_frame_520_patch_8.png,image_1602.jpg,1,0,0,0
R7-700um-middle_frame_212_patch_2.png,image_1603.jpg,1,0,1,0
R1-1100um-top-to-bottom-center-1_frame_329_patch_0.png,image_1604.jpg,1,0,0,0
R1-1100um-top-to-bottom-center-1_frame_96_patch_0.png,image_1605.jpg,1,0,0,0
R1-1100um-top-to-bottom-center_frame_361_patch_4.png,image_1606.jpg,1,0,0,0
R1-1100um-top-to-bottom-center-1_frame_502_patch_6.png,image_1607.jpg,1,1,0,0
R1-900um-top-to-bottom-center_frame_392_patch_8.png,image_1608.jpg,1,0,0,0
R1-800um-top-to-bottom-center_frame_641_patch_0.png,image_1609.jpg,1,0,1,0
R1-800um-top-to-bottom-center_frame_554_patch_8.png,image_1610.jpg,1,1,0,0
R1-1100um-top-to-bottom-center-1_frame_338_patch_6.png,image_1611.jpg,1,0,0,0
R1-700um-top-to-bottom-center_frame_312_patch_1.png,image_1612.jpg,1,0,0,0
R1-600um-top-to-bottom-center_frame_63_patch_4.png,image_1613.jpg,0,0,1,0
R1-1100um-top-to-bottom-center_frame_302_patch_3.png,image_1614.jpg,1,0,1,0
R1-800um-top-to-bottom-center_frame_473_patch_5.png,image_1615.jpg,1,0,1,0
R1-900um-top-to-bottom-center_frame_126_patch_3.png,image_1616.jpg,1,0,0,0
R7-700um-middle_frame_558_patch_5.png,image_1617.jpg,0,1,0,0
R1-700um-top-to-bottom-center_frame_289_patch_1.png,image_1618.jpg,1,0,0,0
R1-800um-top-to-bottom-center_frame_623_patch_5.png,image_1619.jpg,1,1,1,0
R1-1100um-top-to-bottom-center-1_frame_481_patch_5.png,image_1620.jpg,1,0,0,0
R1-700um-top-to-bottom-center_frame_618_patch_7.png,image_1621.jpg,1,0,0,0
R1-1100um-top-to-bottom-center_frame_0_patch_0.png,image_1622.jpg,1,0,1,0
R7-700um-middle_frame_100_patch_0.png,image_1623.jpg,1,0,0,0
R1-900um-top-to-bottom-center_frame_316_patch_6.png,image_1624.jpg,1,0,0,0
R1-1100um-top-to-bottom-center_frame_287_patch_6.png,image_1625.jpg,1,0,0,0
R1-900um-top-to-bottom-center_frame_493_patch_8.png,image_1626.jpg,1,0,0,0
R1-1100um-top-to-bottom-center-1_frame_174_patch_5.png,image_1627.jpg,1,0,1,0
R7-700um-middle_frame_212_patch_0.png,image_1628.jpg,1,0,0,0
R1-600um-top-to-bottom-center_frame_70_patch_5.png,image_1629.jpg,0,0,1,0
R1-1000um-top-to-bottom-center_frame_338_patch_8.png,image_1630.jpg,1,0,0,0
R1-1000um-top-to-bottom-center_frame_461_patch_5.png,image_1631.jpg,1,0,0,0
R1-900um-top-to-bottom-center_frame_434_patch_7.png,image_1632.jpg,1,0,0,0
R1-700um-top-to-bottom-center_frame_505_patch_1.png,image_1633.jpg,1,0,1,0
R1-1100um-top-to-bottom-center-1_frame_387_patch_4.png,image_1634.jpg,1,1,0,0
R1-1100um-top-to-bottom-center_frame_223_patch_1.png,image_1635.jpg,1,0,1,0
R1-1000um-top-to-bottom-center_frame_384_patch_6.png,image_1636.jpg,1,0,0,0
R1-900um-top-to-bottom-center_frame_316_patch_3.png,image_1637.jpg,1,0,1,0
R1-1100um-top-to-bottom-center_frame_302_patch_6.png,image_1638.jpg,1,0,0,0
R1-700um-top-to-bottom-center_frame_661_patch_6.png,image_1639.jpg,1,0,0,0
R1-900um-top-to-bottom-center_frame_303_patch_8.png,image_1640.jpg,1,0,0,0
R1-1000um-top-to-bottom-center_frame_458_patch_7.png,image_1641.jpg,1,0,1,0
R1-800um-top-to-bottom-center_frame_454_patch_4.png,image_1642.jpg,1,0,0,0
R1-1100um-top-to-bottom-center-1_frame_190_patch_7.png,image_1643.jpg,1,0,0,0
R1-800um-top-to-bottom-center_frame_501_patch_2.png,image_1644.jpg,1,0,0,0
R1-1100um-top-to-bottom-center-1_frame_470_patch_3.png,image_1645.jpg,1,0,0,0
R7-700um-middle_frame_97_patch_0.png,image_1646.jpg,1,0,0,0
R1-800um-top-to-bottom-center_frame_623_patch_8.png,image_1647.jpg,1,0,0,0
R1-900um-top-to-bottom-center_frame_418_patch_7.png,image_1648.jpg,1,0,0,0
R1-1100um-top-to-bottom-center_frame_205_patch_4.png,image_1649.jpg,1,0,0,0
R1-1100um-top-to-bottom-center_frame_220_patch_1.png,image_1650.jpg,1,0,1,0
R1-600um-top-to-bottom-center_frame_58_patch_2.png,image_1651.jpg,0,0,1,0
R1-900um-top-to-bottom-center_frame_221_patch_8.png,image_1652.jpg,1,0,1,0
R1-600um-top-to-bottom-center_frame_526_patch_2.png,image_1653.jpg,1,0,1,0
R1-1000um-top-to-bottom-center_frame_8_patch_4.png,image_1654.jpg,1,0,0,0
R1-800um-top-to-bottom-center_frame_501_patch_0.png,image_1655.jpg,1,0,0,0
R1-1100um-top-to-bottom-center-1_frame_342_patch_3.png,image_1656.jpg,1,0,0,0
R1-1100um-top-to-bottom-center-1_frame_342_patch_7.png,image_1657.jpg,1,0,0,0
R1-1100um-top-to-bottom-center-1_frame_468_patch_2.png,image_1658.jpg,1,1,0,0
R1-600um-top-to-bottom-center_frame_511_patch_4.png,image_1659.jpg,1,0,0,0
R1-1000um-top-to-bottom-center_frame_170_patch_3.png,image_1660.jpg,1,0,1,0
R1-800um-top-to-bottom-center_frame_526_patch_3.png,image_1661.jpg,1,0,0,0
R1-900um-top-to-bottom-center_frame_611_patch_5.png,image_1662.jpg,1,0,0,0
R1-700um-top-to-bottom-center_frame_289_patch_5.png,image_1663.jpg,1,0,1,0
R1-700um-top-to-bottom-center_frame_279_patch_2.png,image_1664.jpg,1,0,1,1
R1-900um-top-to-bottom-center_frame_512_patch_7.png,image_1665.jpg,1,0,1,0
R1-700um-top-to-bottom-center_frame_364_patch_2.png,image_1666.jpg,1,0,0,0
R1-1100um-top-to-bottom-center-1_frame_468_patch_0.png,image_1667.jpg,1,1,0,0
R1-700um-top-to-bottom-center_frame_572_patch_2.png,image_1668.jpg,1,0,0,0
R1-800um-top-to-bottom-center_frame_101_patch_6.png,image_1669.jpg,0,0,1,0
R1-1100um-top-to-bottom-center_frame_144_patch_4.png,image_1670.jpg,1,0,0,0
R1-800um-top-to-bottom-center_frame_316_patch_5.png,image_1671.jpg,1,0,0,0
R1-700um-top-to-bottom-center_frame_289_patch_7.png,image_1672.jpg,1,0,1,0
R1-700um-top-to-bottom-center_frame_228_patch_4.png,image_1673.jpg,0,0,0,0
R1-800um-top-to-bottom-center_frame_6_patch_6.png,image_1674.jpg,0,0,1,0
R7-700um-middle_frame_574_patch_5.png,image_1675.jpg,0,1,0,0
R1-600um-top-to-bottom-center_frame_376_patch_3.png,image_1676.jpg,1,0,0,0
R1-1100um-top-to-bottom-center-1_frame_161_patch_7.png,image_1677.jpg,1,0,0,0
R1-900um-top-to-bottom-center_frame_564_patch_8.png,image_1678.jpg,1,1,0,0
R1-1100um-top-to-bottom-center-1_frame_262_patch_8.png,image_1679.jpg,1,0,0,0
R7-700um-middle_frame_260_patch_8.png,image_1680.jpg,0,0,1,0
R1-600um-top-to-bottom-center_frame_631_patch_8.png,image_1681.jpg,1,0,0,0
R1-1000um-top-to-bottom-center_frame_569_patch_0.png,image_1682.jpg,1,0,0,0
R1-600um-top-to-bottom-center_frame_104_patch_7.png,image_1683.jpg,0,0,1,0
R1-1100um-top-to-bottom-center_frame_245_patch_1.png,image_1684.jpg,1,0,0,0
R1-1000um-top-to-bottom-center_frame_395_patch_1.png,image_1685.jpg,1,0,0,0
R1-1100um-top-to-bottom-center_frame_191_patch_1.png,image_1686.jpg,1,0,1,0
R1-700um-top-to-bottom-center_frame_590_patch_4.png,image_1687.jpg,1,0,0,0
R1-700um-top-to-bottom-center_frame_373_patch_6.png,image_1688.jpg,1,0,0,0
R1-600um-top-to-bottom-center_frame_611_patch_7.png,image_1689.jpg,1,0,0,0
R1-1000um-top-to-bottom-center_frame_170_patch_7.png,image_1690.jpg,1,0,0,0
R1-1000um-top-to-bottom-center_frame_180_patch_6.png,image_1691.jpg,1,0,1,0
R1-1100um-top-to-bottom-center_frame_205_patch_7.png,image_1692.jpg,1,0,1,0
R1-1100um-top-to-bottom-center_frame_308_patch_8.png,image_1693.jpg,1,0,0,0
R7-700um-middle_frame_221_patch_3.png,image_1694.jpg,1,0,0,0
R1-1000um-top-to-bottom-center_frame_225_patch_0.png,image_1695.jpg,1,0,0,0
R1-900um-top-to-bottom-center_frame_444_patch_4.png,image_1696.jpg,1,0,0,0
R7-700um-middle_frame_122_patch_5.png,image_1697.jpg,1,0,0,0
R1-1100um-top-to-bottom-center_frame_161_patch_5.png,image_1698.jpg,1,0,0,0
R1-700um-top-to-bottom-center_frame_597_patch_2.png,image_1699.jpg,1,0,0,0
R1-1100um-top-to-bottom-center_frame_342_patch_8.png,image_1700.jpg,1,0,0,0
R1-800um-top-to-bottom-center_frame_492_patch_4.png,image_1701.jpg,1,0,0,0
R1-900um-top-to-bottom-center_frame_557_patch_8.png,image_1702.jpg,1,1,0,0
R1-900um-top-to-bottom-center_frame_593_patch_0.png,image_1703.jpg,1,1,0,0
R1-700um-top-to-bottom-center_frame_580_patch_7.png,image_1704.jpg,1,0,1,0
R1-1100um-top-to-bottom-center-1_frame_250_patch_6.png,image_1705.jpg,1,0,0,0
R1-900um-top-to-bottom-center_frame_251_patch_6.png,image_1706.jpg,1,0,0,0
R1-600um-top-to-bottom-center_frame_511_patch_5.png,image_1707.jpg,1,0,0,0
R1-800um-top-to-bottom-center_frame_89_patch_7.png,image_1708.jpg,0,0,1,0
R1-1100um-top-to-bottom-center-1_frame_289_patch_1.png,image_1709.jpg,1,0,0,0
R1-900um-top-to-bottom-center_frame_376_patch_6.png,image_1710.jpg,1,0,0,0
R1-800um-top-to-bottom-center_frame_367_patch_7.png,image_1711.jpg,1,0,0,0
R1-900um-top-to-bottom-center_frame_392_patch_2.png,image_1712.jpg,1,0,0,0
R1-1000um-top-to-bottom-center_frame_458_patch_4.png,image_1713.jpg,1,0,1,0
R1-900um-top-to-bottom-center_frame_194_patch_0.png,image_1714.jpg,1,0,0,0
R1-1100um-top-to-bottom-center_frame_175_patch_8.png,image_1715.jpg,1,0,0,0
R1-800um-top-to-bottom-center_frame_513_patch_5.png,image_1716.jpg,1,0,0,0
R1-1100um-top-to-bottom-center_frame_218_patch_8.png,image_1717.jpg,1,0,0,0
R1-1100um-top-to-bottom-center_frame_68_patch_3.png,image_1718.jpg,1,0,0,0
R1-900um-top-to-bottom-center_frame_557_patch_6.png,image_1719.jpg,1,0,0,0
R1-1000um-top-to-bottom-center_frame_395_patch_2.png,image_1720.jpg,1,0,0,0
R1-700um-top-to-bottom-center_frame_225_patch_5.png,image_1721.jpg,0,0,0,1
R1-600um-top-to-bottom-center_frame_594_patch_7.png,image_1722.jpg,1,0,0,0
R1-1100um-top-to-bottom-center-1_frame_174_patch_2.png,image_1723.jpg,1,0,0,0
R1-700um-top-to-bottom-center_frame_312_patch_4.png,image_1724.jpg,1,0,0,0
R7-700um-middle_frame_520_patch_2.png,image_1725.jpg,1,0,0,0
R1-600um-top-to-bottom-center_frame_203_patch_7.png,image_1726.jpg,0,0,0,0
R1-1100um-top-to-bottom-center-1_frame_289_patch_5.png,image_1727.jpg,1,0,0,0
R1-600um-top-to-bottom-center_frame_199_patch_6.png,image_1728.jpg,0,0,1,0
R7-700um-middle_frame_566_patch_0.png,image_1729.jpg,0,1,0,0
R1-700um-top-to-bottom-center_frame_329_patch_4.png,image_1730.jpg,1,0,1,0
R1-1100um-top-to-bottom-center_frame_205_patch_1.png,image_1731.jpg,1,0,0,0
R1-700um-top-to-bottom-center_frame_485_patch_5.png,image_1732.jpg,1,0,0,0
R1-1100um-top-to-bottom-center-1_frame_250_patch_1.png,image_1733.jpg,1,0,0,0
R1-700um-top-to-bottom-center_frame_618_patch_3.png,image_1734.jpg,1,0,0,0
R1-1100um-top-to-bottom-center-1_frame_481_patch_1.png,image_1735.jpg,1,1,0,0
R1-600um-top-to-bottom-center_frame_387_patch_2.png,image_1736.jpg,1,0,0,0
R1-600um-top-to-bottom-center_frame_526_patch_0.png,image_1737.jpg,1,0,0,0
R1-600um-top-to-bottom-center_frame_52_patch_3.png,image_1738.jpg,0,0,1,0
R1-700um-top-to-bottom-center_frame_452_patch_6.png,image_1739.jpg,1,0,0,0
R1-900um-top-to-bottom-center_frame_418_patch_0.png,image_1740.jpg,1,0,0,0
R1-600um-top-to-bottom-center_frame_140_patch_2.png,image_1741.jpg,0,0,0,0
R1-900um-top-to-bottom-center_frame_210_patch_0.png,image_1742.jpg,1,0,1,0
R1-1100um-top-to-bottom-center-1_frame_169_patch_3.png,image_1743.jpg,1,0,0,0
R1-800um-top-to-bottom-center_frame_408_patch_3.png,image_1744.jpg,1,0,0,0
R1-900um-top-to-bottom-center_frame_564_patch_6.png,image_1745.jpg,1,0,0,0
R1-1100um-top-to-bottom-center_frame_302_patch_7.png,image_1746.jpg,1,0,0,0
R1-700um-top-to-bottom-center_frame_587_patch_3.png,image_1747.jpg,1,0,0,0
R1-800um-top-to-bottom-center_frame_561_patch_6.png,image_1748.jpg,1,0,0,0
R7-700um-middle_frame_512_patch_1.png,image_1749.jpg,1,0,0,0
R1-700um-top-to-bottom-center_frame_364_patch_3.png,image_1750.jpg,1,0,0,0
R1-900um-top-to-bottom-center_frame_263_patch_5.png,image_1751.jpg,1,0,0,0
R1-900um-top-to-bottom-center_frame_288_patch_0.png,image_1752.jpg,1,0,0,0
R1-800um-top-to-bottom-center_frame_288_patch_2.png,image_1753.jpg,0,0,0,1
R1-1100um-top-to-bottom-center_frame_386_patch_4.png,image_1754.jpg,1,0,1,0
R1-800um-top-to-bottom-center_frame_526_patch_2.png,image_1755.jpg,1,0,0,0
R1-1100um-top-to-bottom-center_frame_179_patch_7.png,image_1756.jpg,1,0,0,0
R1-900um-top-to-bottom-center_frame_194_patch_2.png,image_1757.jpg,1,0,1,0
R1-700um-top-to-bottom-center_frame_312_patch_0.png,image_1758.jpg,1,0,0,0
R7-700um-middle_frame_122_patch_3.png,image_1759.jpg,1,0,0,0
R1-600um-top-to-bottom-center_frame_459_patch_7.png,image_1760.jpg,1,0,0,1
R1-800um-top-to-bottom-center_frame_358_patch_3.png,image_1761.jpg,1,0,0,1
R1-900um-top-to-bottom-center_frame_444_patch_3.png,image_1762.jpg,1,0,0,0
R1-800um-top-to-bottom-center_frame_513_patch_0.png,image_1763.jpg,1,0,0,0
R1-1100um-top-to-bottom-center-1_frame_205_patch_2.png,image_1764.jpg,1,1,0,0
R1-800um-top-to-bottom-center_frame_413_patch_4.png,image_1765.jpg,1,0,0,0
R7-700um-middle_frame_212_patch_5.png,image_1766.jpg,1,0,0,0
R1-1100um-top-to-bottom-center_frame_167_patch_1.png,image_1767.jpg,1,0,0,0
R1-900um-top-to-bottom-center_frame_444_patch_6.png,image_1768.jpg,1,0,0,0
R1-1100um-top-to-bottom-center_frame_262_patch_7.png,image_1769.jpg,1,0,1,0
R1-1100um-top-to-bottom-center_frame_223_patch_8.png,image_1770.jpg,1,0,0,0
R1-1100um-top-to-bottom-center_frame_132_patch_2.png,image_1771.jpg,1,0,0,0
R1-1000um-top-to-bottom-center_frame_338_patch_3.png,image_1772.jpg,1,0,0,0
R1-800um-top-to-bottom-center_frame_412_patch_1.png,image_1773.jpg,1,0,1,0
R7-700um-middle_frame_581_patch_0.png,image_1774.jpg,0,1,0,0
R1-1100um-top-to-bottom-center_frame_144_patch_6.png,image_1775.jpg,1,0,0,0
R1-1000um-top-to-bottom-center_frame_595_patch_5.png,image_1776.jpg,1,0,0,0
R1-1000um-top-to-bottom-center_frame_134_patch_2.png,image_1777.jpg,1,0,0,0
R1-600um-top-to-bottom-center_frame_408_patch_0.png,image_1778.jpg,1,0,0,0
R1-700um-top-to-bottom-center_frame_648_patch_4.png,image_1779.jpg,1,0,0,0
R1-700um-top-to-bottom-center_frame_312_patch_3.png,image_1780.jpg,1,0,0,0
R1-1100um-top-to-bottom-center-1_frame_205_patch_6.png,image_1781.jpg,1,0,0,0
R1-1100um-top-to-bottom-center-1_frame_45_patch_3.png,image_1782.jpg,1,0,0,0
R1-900um-top-to-bottom-center_frame_251_patch_7.png,image_1783.jpg,1,0,0,0
R1-600um-top-to-bottom-center_frame_594_patch_1.png,image_1784.jpg,1,0,0,0
R1-1100um-top-to-bottom-center_frame_128_patch_1.png,image_1785.jpg,1,0,0,0
R1-600um-top-to-bottom-center_frame_567_patch_0.png,image_1786.jpg,1,0,0,1
R1-1100um-top-to-bottom-center_frame_245_patch_5.png,image_1787.jpg,1,0,0,0
R1-1100um-top-to-bottom-center_frame_220_patch_5.png,image_1788.jpg,1,0,0,0
R1-800um-top-to-bottom-center_frame_638_patch_1.png,image_1789.jpg,1,0,0,0
R1-600um-top-to-bottom-center_frame_63_patch_2.png,image_1790.jpg,0,0,1,0
R1-600um-top-to-bottom-center_frame_569_patch_1.png,image_1791.jpg,1,0,1,0
R7-700um-middle_frame_221_patch_1.png,image_1792.jpg,1,0,0,0
R1-700um-top-to-bottom-center_frame_426_patch_2.png,image_1793.jpg,1,0,0,0
R1-800um-top-to-bottom-center_frame_561_patch_0.png,image_1794.jpg,1,0,0,0
R1-700um-top-to-bottom-center_frame_347_patch_5.png,image_1795.jpg,1,0,0,0
R1-1100um-top-to-bottom-center_frame_144_patch_0.png,image_1796.jpg,1,0,0,0
R1-800um-top-to-bottom-center_frame_501_patch_7.png,image_1797.jpg,1,0,0,0
R1-1000um-top-to-bottom-center_frame_585_patch_0.png,image_1798.jpg,1,0,0,0
R1-700um-top-to-bottom-center_frame_452_patch_2.png,image_1799.jpg,1,0,0,0
R1-1100um-top-to-bottom-center_frame_356_patch_1.png,image_1800.jpg,1,0,0,0
R1-1100um-top-to-bottom-center_frame_83_patch_7.png,image_1801.jpg,1,0,0,0
R1-1100um-top-to-bottom-center_frame_175_patch_5.png,image_1802.jpg,1,0,0,0
R1-800um-top-to-bottom-center_frame_501_patch_4.png,image_1803.jpg,1,0,1,0
R1-1100um-top-to-bottom-center_frame_277_patch_3.png,image_1804.jpg,1,0,0,0
R1-700um-top-to-bottom-center_frame_263_patch_1.png,image_1805.jpg,1,0,0,0
R1-1100um-top-to-bottom-center-1_frame_488_patch_2.png,image_1806.jpg,1,1,0,0
R1-800um-top-to-bottom-center_frame_651_patch_3.png,image_1807.jpg,1,0,1,0
R1-1100um-top-to-bottom-center_frame_361_patch_5.png,image_1808.jpg,1,0,0,0
R1-1100um-top-to-bottom-center_frame_145_patch_7.png,image_1809.jpg,1,0,0,0
R1-1100um-top-to-bottom-center_frame_52_patch_1.png,image_1810.jpg,1,0,0,0
R1-1100um-top-to-bottom-center-1_frame_262_patch_1.png,image_1811.jpg,0,0,1,0
R1-800um-top-to-bottom-center_frame_358_patch_8.png,image_1812.jpg,1,0,0,0
R1-700um-top-to-bottom-center_frame_587_patch_1.png,image_1813.jpg,1,0,0,0
R1-1000um-top-to-bottom-center_frame_260_patch_4.png,image_1814.jpg,1,0,0,0
R1-1000um-top-to-bottom-center_frame_569_patch_8.png,image_1815.jpg,1,0,0,0
R1-800um-top-to-bottom-center_frame_408_patch_4.png,image_1816.jpg,1,0,1,0
R1-900um-top-to-bottom-center_frame_290_patch_2.png,image_1817.jpg,1,0,0,0
R1-800um-top-to-bottom-center_frame_623_patch_1.png,image_1818.jpg,1,1,1,0
R1-900um-top-to-bottom-center_frame_564_patch_1.png,image_1819.jpg,1,0,0,0
R1-700um-top-to-bottom-center_frame_618_patch_8.png,image_1820.jpg,1,0,0,0
R1-1100um-top-to-bottom-center-1_frame_169_patch_5.png,image_1821.jpg,1,0,1,0
R1-1000um-top-to-bottom-center_frame_487_patch_2.png,image_1822.jpg,1,1,1,0
R1-800um-top-to-bottom-center_frame_63_patch_3.png,image_1823.jpg,0,0,1,0
R1-1100um-top-to-bottom-center_frame_281_patch_2.png,image_1824.jpg,1,0,1,0
R7-700um-middle_frame_212_patch_7.png,image_1825.jpg,1,0,0,0
R1-1100um-top-to-bottom-center_frame_370_patch_4.png,image_1826.jpg,1,0,1,0
R1-700um-top-to-bottom-center_frame_51_patch_3.png,image_1827.jpg,0,0,0,1
R1-900um-top-to-bottom-center_frame_263_patch_0.png,image_1828.jpg,1,0,1,0
R1-900um-top-to-bottom-center_frame_288_patch_7.png,image_1829.jpg,1,0,0,0
R1-1000um-top-to-bottom-center_frame_585_patch_8.png,image_1830.jpg,1,0,0,0
R1-1100um-top-to-bottom-center_frame_205_patch_0.png,image_1831.jpg,1,0,0,0
R7-700um-middle_frame_251_patch_8.png,image_1832.jpg,0,0,1,0
R1-900um-top-to-bottom-center_frame_251_patch_4.png,image_1833.jpg,1,0,0,0
R7-700um-middle_frame_553_patch_1.png,image_1834.jpg,0,1,0,0
R1-800um-top-to-bottom-center_frame_492_patch_8.png,image_1835.jpg,1,0,0,0
R1-700um-top-to-bottom-center_frame_347_patch_1.png,image_1836.jpg,1,0,0,0
R1-900um-top-to-bottom-center_frame_512_patch_6.png,image_1837.jpg,1,0,0,0
R1-600um-top-to-bottom-center_frame_569_patch_8.png,image_1838.jpg,1,0,0,0
R1-900um-top-to-bottom-center_frame_166_patch_7.png,image_1839.jpg,1,0,1,0
R1-600um-top-to-bottom-center_frame_51_patch_6.png,image_1840.jpg,0,0,0,0
R1-800um-top-to-bottom-center_frame_638_patch_6.png,image_1841.jpg,1,1,0,0
R1-600um-top-to-bottom-center_frame_412_patch_2.png,image_1842.jpg,1,0,0,0
R1-1100um-top-to-bottom-center-1_frame_289_patch_3.png,image_1843.jpg,1,0,1,0
R1-1100um-top-to-bottom-center-1_frame_267_patch_3.png,image_1844.jpg,1,0,0,0
R1-1100um-top-to-bottom-center_frame_253_patch_5.png,image_1845.jpg,1,0,0,0
R1-800um-top-to-bottom-center_frame_526_patch_0.png,image_1846.jpg,1,0,0,0
R1-800um-top-to-bottom-center_frame_117_patch_6.png,image_1847.jpg,0,0,1,0
R1-1100um-top-to-bottom-center_frame_281_patch_0.png,image_1848.jpg,1,0,0,0
R1-700um-top-to-bottom-center_frame_673_patch_4.png,image_1849.jpg,1,0,1,0
R1-600um-top-to-bottom-center_frame_58_patch_6.png,image_1850.jpg,0,0,1,0
R1-600um-top-to-bottom-center_frame_555_patch_1.png,image_1851.jpg,0,0,1,0
R1-900um-top-to-bottom-center_frame_221_patch_7.png,image_1852.jpg,1,0,0,0
R1-1100um-top-to-bottom-center_frame_220_patch_6.png,image_1853.jpg,1,0,0,0
R1-900um-top-to-bottom-center_frame_565_patch_4.png,image_1854.jpg,1,0,1,0
R1-900um-top-to-bottom-center_frame_557_patch_3.png,image_1855.jpg,1,0,0,0
R1-1100um-top-to-bottom-center-1_frame_397_patch_4.png,image_1856.jpg,1,0,0,0
R1-600um-top-to-bottom-center_frame_87_patch_8.png,image_1857.jpg,0,0,1,0
R1-1100um-top-to-bottom-center-1_frame_250_patch_4.png,image_1858.jpg,1,0,0,0
R1-1100um-top-to-bottom-center-1_frame_225_patch_0.png,image_1859.jpg,1,0,0,0
R1-1100um-top-to-bottom-center_frame_342_patch_4.png,image_1860.jpg,1,0,0,0
R1-600um-top-to-bottom-center_frame_271_patch_5.png,image_1861.jpg,0,0,1,0
R1-1100um-top-to-bottom-center-1_frame_502_patch_0.png,image_1862.jpg,1,1,0,0
R1-900um-top-to-bottom-center_frame_557_patch_7.png,image_1863.jpg,1,0,0,0
R1-900um-top-to-bottom-center_frame_275_patch_6.png,image_1864.jpg,1,0,0,0
R1-700um-top-to-bottom-center_frame_387_patch_1.png,image_1865.jpg,1,0,0,0
R1-600um-top-to-bottom-center_frame_569_patch_4.png,image_1866.jpg,1,0,0,0
R1-700um-top-to-bottom-center_frame_242_patch_4.png,image_1867.jpg,0,0,1,0
R1-1000um-top-to-bottom-center_frame_384_patch_2.png,image_1868.jpg,1,0,0,0
R1-900um-top-to-bottom-center_frame_557_patch_1.png,image_1869.jpg,1,0,0,0
R1-700um-top-to-bottom-center_frame_329_patch_5.png,image_1870.jpg,1,0,1,0
R1-1100um-top-to-bottom-center_frame_193_patch_4.png,image_1871.jpg,1,0,1,0
R1-900um-top-to-bottom-center_frame_376_patch_2.png,image_1872.jpg,1,0,0,0
R1-1000um-top-to-bottom-center_frame_256_patch_2.png,image_1873.jpg,1,0,0,0
R1-600um-top-to-bottom-center_frame_314_patch_8.png,image_1874.jpg,0,0,1,0
R1-700um-top-to-bottom-center_frame_321_patch_2.png,image_1875.jpg,1,0,1,0
R1-1100um-top-to-bottom-center-1_frame_397_patch_2.png,image_1876.jpg,1,1,1,0
R1-800um-top-to-bottom-center_frame_627_patch_0.png,image_1877.jpg,1,1,0,0
R1-1100um-top-to-bottom-center-1_frame_342_patch_2.png,image_1878.jpg,1,0,1,0
R1-900um-top-to-bottom-center_frame_303_patch_0.png,image_1879.jpg,1,0,1,0
R1-800um-top-to-bottom-center_frame_641_patch_4.png,image_1880.jpg,1,0,0,0
R7-700um-middle_frame_221_patch_2.png,image_1881.jpg,1,0,1,0
R1-700um-top-to-bottom-center_frame_41_patch_5.png,image_1882.jpg,0,0,1,0
R1-600um-top-to-bottom-center_frame_591_patch_1.png,image_1883.jpg,1,0,1,0
R1-1100um-top-to-bottom-center-1_frame_338_patch_3.png,image_1884.jpg,1,0,0,0
R1-1100um-top-to-bottom-center-1_frame_387_patch_2.png,image_1885.jpg,1,1,0,0
R1-800um-top-to-bottom-center_frame_608_patch_0.png,image_1886.jpg,1,1,0,0
R1-700um-top-to-bottom-center_frame_306_patch_0.png,image_1887.jpg,1,0,0,0
R1-800um-top-to-bottom-center_frame_253_patch_2.png,image_1888.jpg,0,0,0,0
R1-1100um-top-to-bottom-center_frame_193_patch_8.png,image_1889.jpg,1,0,0,0
R1-1100um-top-to-bottom-center_frame_384_patch_1.png,image_1890.jpg,1,0,0,0
R1-1000um-top-to-bottom-center_frame_433_patch_7.png,image_1891.jpg,1,0,0,0
R1-700um-top-to-bottom-center_frame_289_patch_3.png,image_1892.jpg,1,0,0,0
R1-1100um-top-to-bottom-center-1_frame_161_patch_3.png,image_1893.jpg,1,0,0,0
R1-900um-top-to-bottom-center_frame_179_patch_7.png,image_1894.jpg,1,0,0,0
R1-1100um-top-to-bottom-center-1_frame_329_patch_3.png,image_1895.jpg,1,0,0,0
R1-1000um-top-to-bottom-center_frame_585_patch_1.png,image_1896.jpg,1,0,1,0
R1-600um-top-to-bottom-center_frame_459_patch_2.png,image_1897.jpg,1,0,1,0
R1-1100um-top-to-bottom-center-1_frame_488_patch_3.png,image_1898.jpg,1,1,0,0
R1-800um-top-to-bottom-center_frame_252_patch_7.png,image_1899.jpg,0,0,0,0
R1-700um-top-to-bottom-center_frame_597_patch_4.png,image_1900.jpg,1,0,0,0
R1-1100um-top-to-bottom-center_frame_183_patch_1.png,image_1901.jpg,1,0,1,0
R1-1000um-top-to-bottom-center_frame_550_patch_5.png,image_1902.jpg,1,1,0,0
R1-600um-top-to-bottom-center_frame_387_patch_1.png,image_1903.jpg,1,0,1,0
R1-600um-top-to-bottom-center_frame_61_patch_2.png,image_1904.jpg,0,0,1,0
R1-700um-top-to-bottom-center_frame_572_patch_4.png,image_1905.jpg,1,0,0,0
R1-700um-top-to-bottom-center_frame_312_patch_6.png,image_1906.jpg,1,0,0,0
R1-700um-top-to-bottom-center_frame_621_patch_7.png,image_1907.jpg,1,0,0,0
R1-900um-top-to-bottom-center_frame_290_patch_6.png,image_1908.jpg,1,0,0,0
R1-900um-top-to-bottom-center_frame_405_patch_0.png,image_1909.jpg,1,0,0,0
R1-600um-top-to-bottom-center_frame_408_patch_5.png,image_1910.jpg,1,0,0,0
R1-1100um-top-to-bottom-center_frame_161_patch_8.png,image_1911.jpg,1,0,0,0
R1-1100um-top-to-bottom-center-1_frame_267_patch_4.png,image_1912.jpg,1,0,0,0
R1-1100um-top-to-bottom-center_frame_262_patch_3.png,image_1913.jpg,1,0,0,0
R1-1000um-top-to-bottom-center_frame_122_patch_2.png,image_1914.jpg,1,0,1,0
R1-800um-top-to-bottom-center_frame_130_patch_7.png,image_1915.jpg,0,0,0,0
R1-1100um-top-to-bottom-center-1_frame_241_patch_2.png,image_1916.jpg,1,0,0,0
R1-800um-top-to-bottom-center_frame_255_patch_7.png,image_1917.jpg,0,0,1,0
R1-1000um-top-to-bottom-center_frame_458_patch_5.png,image_1918.jpg,1,0,0,0
R7-700um-middle_frame_120_patch_5.png,image_1919.jpg,1,0,0,0
R1-1100um-top-to-bottom-center-1_frame_402_patch_7.png,image_1920.jpg,1,1,0,0
R1-800um-top-to-bottom-center_frame_412_patch_4.png,image_1921.jpg,1,0,0,0
R1-1100um-top-to-bottom-center_frame_386_patch_3.png,image_1922.jpg,1,0,0,0
R1-700um-top-to-bottom-center_frame_673_patch_3.png,image_1923.jpg,1,0,1,0
R1-800um-top-to-bottom-center_frame_631_patch_8.png,image_1924.jpg,1,1,1,0
R1-1000um-top-to-bottom-center_frame_551_patch_0.png,image_1925.jpg,1,0,0,0
R7-700um-middle_frame_100_patch_4.png,image_1926.jpg,1,1,1,0
R1-900um-top-to-bottom-center_frame_405_patch_3.png,image_1927.jpg,1,0,0,0
R1-800um-top-to-bottom-center_frame_412_patch_8.png,image_1928.jpg,1,0,0,0
R1-1000um-top-to-bottom-center_frame_156_patch_8.png,image_1929.jpg,1,0,0,0
R1-800um-top-to-bottom-center_frame_540_patch_5.png,image_1930.jpg,1,1,0,0
R1-800um-top-to-bottom-center_frame_631_patch_5.png,image_1931.jpg,1,1,1,0
R1-1100um-top-to-bottom-center-1_frame_447_patch_5.png,image_1932.jpg,1,1,0,0
R1-1100um-top-to-bottom-center_frame_384_patch_7.png,image_1933.jpg,1,0,0,0
R1-900um-top-to-bottom-center_frame_557_patch_2.png,image_1934.jpg,1,0,0,0
R1-1100um-top-to-bottom-center_frame_287_patch_5.png,image_1935.jpg,1,0,1,0
R1-900um-top-to-bottom-center_frame_263_patch_1.png,image_1936.jpg,1,0,0,0
R1-1100um-top-to-bottom-center_frame_145_patch_6.png,image_1937.jpg,1,0,0,0
R1-1100um-top-to-bottom-center_frame_345_patch_1.png,image_1938.jpg,1,0,0,0
R1-600um-top-to-bottom-center_frame_356_patch_4.png,image_1939.jpg,1,0,0,0
R1-600um-top-to-bottom-center_frame_79_patch_1.png,image_1940.jpg,0,0,1,0
R1-1000um-top-to-bottom-center_frame_222_patch_1.png,image_1941.jpg,1,0,0,0
R1-700um-top-to-bottom-center_frame_556_patch_5.png,image_1942.jpg,1,0,0,0
R1-700um-top-to-bottom-center_frame_505_patch_7.png,image_1943.jpg,1,0,0,0
R7-700um-middle_frame_97_patch_3.png,image_1944.jpg,1,1,0,0
R1-600um-top-to-bottom-center_frame_432_patch_6.png,image_1945.jpg,1,0,0,0
R7-700um-middle_frame_208_patch_6.png,image_1946.jpg,1,0,0,0
R1-600um-top-to-bottom-center_frame_311_patch_3.png,image_1947.jpg,0,0,1,0
R1-1100um-top-to-bottom-center-1_frame_468_patch_3.png,image_1948.jpg,1,1,0,0
R1-1100um-top-to-bottom-center_frame_124_patch_1.png,image_1949.jpg,1,0,0,0
R1-600um-top-to-bottom-center_frame_0_patch_5.png,image_1950.jpg,0,0,1,0
R1-900um-top-to-bottom-center_frame_604_patch_7.png,image_1951.jpg,1,0,0,0
R7-700um-middle_frame_120_patch_8.png,image_1952.jpg,1,0,0,0
R7-700um-middle_frame_212_patch_1.png,image_1953.jpg,1,0,0,0
R1-1100um-top-to-bottom-center_frame_372_patch_8.png,image_1954.jpg,1,0,0,0
R1-800um-top-to-bottom-center_frame_358_patch_6.png,image_1955.jpg,1,0,0,0
R1-900um-top-to-bottom-center_frame_210_patch_4.png,image_1956.jpg,1,0,0,0
R1-1100um-top-to-bottom-center-1_frame_502_patch_4.png,image_1957.jpg,1,1,0,0
R1-1100um-top-to-bottom-center_frame_52_patch_0.png,image_1958.jpg,1,0,0,0
R7-700um-middle_frame_253_patch_8.png,image_1959.jpg,0,0,1,0
R1-1000um-top-to-bottom-center_frame_170_patch_1.png,image_1960.jpg,1,0,0,0
R1-800um-top-to-bottom-center_frame_108_patch_6.png,image_1961.jpg,0,0,1,0
R1-900um-top-to-bottom-center_frame_194_patch_8.png,image_1962.jpg,1,0,0,0
R1-1100um-top-to-bottom-center_frame_191_patch_4.png,image_1963.jpg,1,0,1,0
R7-700um-middle_frame_97_patch_4.png,image_1964.jpg,1,1,1,0
R1-1100um-top-to-bottom-center-1_frame_220_patch_5.png,image_1965.jpg,1,0,0,0
R1-800um-top-to-bottom-center_frame_573_patch_4.png,image_1966.jpg,1,1,0,0
R1-1100um-top-to-bottom-center_frame_144_patch_1.png,image_1967.jpg,1,0,0,0
R1-600um-top-to-bottom-center_frame_372_patch_7.png,image_1968.jpg,1,0,0,0
R1-1000um-top-to-bottom-center_frame_551_patch_5.png,image_1969.jpg,1,1,0,0
R1-800um-top-to-bottom-center_frame_316_patch_2.png,image_1970.jpg,1,0,1,0
R1-1100um-top-to-bottom-center_frame_128_patch_2.png,image_1971.jpg,1,0,0,0
R1-1100um-top-to-bottom-center_frame_145_patch_3.png,image_1972.jpg,1,0,0,0
R1-1100um-top-to-bottom-center_frame_179_patch_5.png,image_1973.jpg,1,0,0,0
R1-1100um-top-to-bottom-center_frame_43_patch_0.png,image_1974.jpg,1,0,0,0
R1-1000um-top-to-bottom-center_frame_570_patch_0.png,image_1975.jpg,1,0,1,0
R7-700um-middle_frame_122_patch_0.png,image_1976.jpg,1,0,0,0
R1-1000um-top-to-bottom-center_frame_395_patch_4.png,image_1977.jpg,1,0,0,0
R1-1000um-top-to-bottom-center_frame_585_patch_3.png,image_1978.jpg,1,0,0,0
R1-800um-top-to-bottom-center_frame_492_patch_0.png,image_1979.jpg,1,0,0,0
R1-1000um-top-to-bottom-center_frame_551_patch_8.png,image_1980.jpg,1,0,0,0
R1-1000um-top-to-bottom-center_frame_550_patch_3.png,image_1981.jpg,1,0,1,1
R7-700um-middle_frame_1_patch_5.png,image_1982.jpg,1,1,0,0
R1-1000um-top-to-bottom-center_frame_260_patch_1.png,image_1983.jpg,1,0,0,0
R1-700um-top-to-bottom-center_frame_321_patch_5.png,image_1984.jpg,1,0,0,0
R1-600um-top-to-bottom-center_frame_418_patch_4.png,image_1985.jpg,1,0,0,0
R1-700um-top-to-bottom-center_frame_673_patch_8.png,image_1986.jpg,1,0,0,0
R1-700um-top-to-bottom-center_frame_505_patch_3.png,image_1987.jpg,1,0,0,0
R1-1100um-top-to-bottom-center_frame_128_patch_7.png,image_1988.jpg,1,0,0,0
R1-800um-top-to-bottom-center_frame_479_patch_1.png,image_1989.jpg,1,0,0,0
R1-800um-top-to-bottom-center_frame_339_patch_8.png,image_1990.jpg,1,0,0,0
R1-1100um-top-to-bottom-center-1_frame_284_patch_1.png,image_1991.jpg,1,0,0,0
R1-1000um-top-to-bottom-center_frame_256_patch_4.png,image_1992.jpg,1,0,0,0
R1-900um-top-to-bottom-center_frame_332_patch_7.png,image_1993.jpg,1,0,0,0
R1-1100um-top-to-bottom-center_frame_361_patch_3.png,image_1994.jpg,1,0,1,0
R1-800um-top-to-bottom-center_frame_172_patch_8.png,image_1995.jpg,0,0,0,0
R1-1100um-top-to-bottom-center_frame_77_patch_4.png,image_1996.jpg,1,0,0,0
R1-1000um-top-to-bottom-center_frame_170_patch_8.png,image_1997.jpg,1,0,0,0
R1-1100um-top-to-bottom-center_frame_262_patch_8.png,image_1998.jpg,1,0,0,0
R1-900um-top-to-bottom-center_frame_251_patch_5.png,image_1999.jpg,1,0,0,0
R1-700um-top-to-bottom-center_frame_289_patch_6.png,image_2000.jpg,1,0,0,0
R1-700um-top-to-bottom-center_frame_387_patch_2.png,image_2001.jpg,1,0,0,0
R1-700um-top-to-bottom-center_frame_587_patch_7.png,image_2002.jpg,1,0,0,0
R1-700um-top-to-bottom-center_frame_387_patch_7.png,image_2003.jpg,1,0,0,0
R1-900um-top-to-bottom-center_frame_604_patch_6.png,image_2004.jpg,1,0,1,0
R1-900um-top-to-bottom-center_frame_493_patch_3.png,image_2005.jpg,1,0,0,0
R1-600um-top-to-bottom-center_frame_376_patch_0.png,image_2006.jpg,1,0,0,0
R1-700um-top-to-bottom-center_frame_334_patch_2.png,image_2007.jpg,1,0,1,0
R1-1100um-top-to-bottom-center-1_frame_174_patch_1.png,image_2008.jpg,1,0,0,0
R1-700um-top-to-bottom-center_frame_572_patch_7.png,image_2009.jpg,1,0,1,0
R1-700um-top-to-bottom-center_frame_618_patch_5.png,image_2010.jpg,1,0,0,0
R1-1000um-top-to-bottom-center_frame_287_patch_3.png,image_2011.jpg,1,0,0,0
R1-1000um-top-to-bottom-center_frame_595_patch_8.png,image_2012.jpg,1,0,1,0
R1-700um-top-to-bottom-center_frame_648_patch_3.png,image_2013.jpg,1,0,0,0
R1-600um-top-to-bottom-center_frame_611_patch_0.png,image_2014.jpg,1,0,0,0
R1-800um-top-to-bottom-center_frame_339_patch_6.png,image_2015.jpg,1,0,0,0
R1-1100um-top-to-bottom-center-1_frame_387_patch_0.png,image_2016.jpg,1,0,0,0
R1-900um-top-to-bottom-center_frame_275_patch_4.png,image_2017.jpg,1,0,0,0
R1-1000um-top-to-bottom-center_frame_551_patch_6.png,image_2018.jpg,1,1,1,0
R1-1100um-top-to-bottom-center_frame_77_patch_2.png,image_2019.jpg,1,0,0,0
R1-700um-top-to-bottom-center_frame_618_patch_0.png,image_2020.jpg,1,0,0,0
R1-1000um-top-to-bottom-center_frame_134_patch_8.png,image_2021.jpg,1,0,0,0
R1-600um-top-to-bottom-center_frame_314_patch_3.png,image_2022.jpg,0,0,0,0
R7-700um-middle_frame_558_patch_1.png,image_2023.jpg,0,1,0,0
R1-900um-top-to-bottom-center_frame_290_patch_3.png,image_2024.jpg,1,0,0,0
R1-1100um-top-to-bottom-center_frame_281_patch_4.png,image_2025.jpg,1,0,0,0
R1-900um-top-to-bottom-center_frame_347_patch_6.png,image_2026.jpg,1,0,0,0
R1-600um-top-to-bottom-center_frame_586_patch_0.png,image_2027.jpg,1,0,0,0
R1-1100um-top-to-bottom-center-1_frame_220_patch_3.png,image_2028.jpg,1,0,0,0
R1-1100um-top-to-bottom-center-1_frame_502_patch_2.png,image_2029.jpg,1,1,1,0
R1-600um-top-to-bottom-center_frame_457_patch_0.png,image_2030.jpg,1,0,0,0
R1-900um-top-to-bottom-center_frame_316_patch_7.png,image_2031.jpg,1,0,0,0
R1-1000um-top-to-bottom-center_frame_585_patch_7.png,image_2032.jpg,1,0,0,0
R1-900um-top-to-bottom-center_frame_288_patch_3.png,image_2033.jpg,1,0,0,0
R1-600um-top-to-bottom-center_frame_486_patch_6.png,image_2034.jpg,1,0,0,0
R1-1100um-top-to-bottom-center-1_frame_481_patch_4.png,image_2035.jpg,1,1,0,0
R1-1100um-top-to-bottom-center_frame_161_patch_6.png,image_2036.jpg,1,0,0,0
R1-1000um-top-to-bottom-center_frame_434_patch_3.png,image_2037.jpg,1,0,0,0
R1-1100um-top-to-bottom-center-1_frame_470_patch_7.png,image_2038.jpg,1,0,0,0
R1-1100um-top-to-bottom-center_frame_277_patch_4.png,image_2039.jpg,1,0,0,0
R1-1000um-top-to-bottom-center_frame_550_patch_1.png,image_2040.jpg,1,0,0,0
R1-1100um-top-to-bottom-center_frame_232_patch_0.png,image_2041.jpg,1,0,0,0
R1-900um-top-to-bottom-center_frame_593_patch_4.png,image_2042.jpg,1,0,0,0
R1-800um-top-to-bottom-center_frame_318_patch_5.png,image_2043.jpg,1,0,0,0
R1-1100um-top-to-bottom-center_frame_370_patch_2.png,image_2044.jpg,1,0,0,0
R1-1100um-top-to-bottom-center_frame_167_patch_0.png,image_2045.jpg,1,0,0,0
R7-700um-middle_frame_500_patch_1.png,image_2046.jpg,1,0,0,0
R1-1100um-top-to-bottom-center_frame_327_patch_8.png,image_2047.jpg,1,0,1,0
R1-1000um-top-to-bottom-center_frame_222_patch_0.png,image_2048.jpg,1,0,0,0
R1-1100um-top-to-bottom-center_frame_308_patch_2.png,image_2049.jpg,1,0,1,0
R1-900um-top-to-bottom-center_frame_194_patch_4.png,image_2050.jpg,1,0,0,0
R1-1100um-top-to-bottom-center_frame_177_patch_4.png,image_2051.jpg,1,0,0,0
R1-800um-top-to-bottom-center_frame_651_patch_4.png,image_2052.jpg,1,0,0,0
R1-900um-top-to-bottom-center_frame_376_patch_0.png,image_2053.jpg,1,0,0,0
R1-700um-top-to-bottom-center_frame_289_patch_8.png,image_2054.jpg,1,0,0,1
R1-1100um-top-to-bottom-center_frame_167_patch_3.png,image_2055.jpg,1,0,0,0
R1-1100um-top-to-bottom-center_frame_370_patch_8.png,image_2056.jpg,1,0,0,0
R1-1100um-top-to-bottom-center-1_frame_241_patch_0.png,image_2057.jpg,1,0,0,0
R1-800um-top-to-bottom-center_frame_501_patch_5.png,image_2058.jpg,1,0,0,0
R1-1100um-top-to-bottom-center_frame_124_patch_2.png,image_2059.jpg,1,0,0,0
R1-900um-top-to-bottom-center_frame_303_patch_4.png,image_2060.jpg,1,0,0,0
R1-900um-top-to-bottom-center_frame_10_patch_7.png,image_2061.jpg,0,0,1,0
R1-1100um-top-to-bottom-center_frame_287_patch_4.png,image_2062.jpg,1,0,0,0
R1-800um-top-to-bottom-center_frame_339_patch_2.png,image_2063.jpg,1,0,1,0
R1-600um-top-to-bottom-center_frame_569_patch_7.png,image_2064.jpg,1,0,1,0
R1-1100um-top-to-bottom-center-1_frame_402_patch_4.png,image_2065.jpg,1,0,0,0
R1-700um-top-to-bottom-center_frame_198_patch_3.png,image_2066.jpg,0,0,1,0
R1-600um-top-to-bottom-center_frame_407_patch_6.png,image_2067.jpg,1,0,1,0
R1-1000um-top-to-bottom-center_frame_209_patch_8.png,image_2068.jpg,1,0,0,0
R1-1000um-top-to-bottom-center_frame_222_patch_3.png,image_2069.jpg,1,0,0,0
R1-600um-top-to-bottom-center_frame_51_patch_0.png,image_2070.jpg,0,0,0,1
R1-600um-top-to-bottom-center_frame_387_patch_7.png,image_2071.jpg,1,0,0,0
R7-700um-middle_frame_97_patch_5.png,image_2072.jpg,1,0,0,0
R1-800um-top-to-bottom-center_frame_253_patch_1.png,image_2073.jpg,0,0,0,0
R1-1000um-top-to-bottom-center_frame_338_patch_1.png,image_2074.jpg,1,0,0,0
R1-600um-top-to-bottom-center_frame_459_patch_3.png,image_2075.jpg,1,0,0,0
R1-1100um-top-to-bottom-center-1_frame_262_patch_7.png,image_2076.jpg,1,0,0,0
R1-1000um-top-to-bottom-center_frame_134_patch_6.png,image_2077.jpg,1,0,0,0
R1-1100um-top-to-bottom-center-1_frame_235_patch_0.png,image_2078.jpg,1,0,0,0
R1-1000um-top-to-bottom-center_frame_384_patch_7.png,image_2079.jpg,1,0,0,0
R1-1100um-top-to-bottom-center_frame_85_patch_4.png,image_2080.jpg,1,0,0,0
R1-700um-top-to-bottom-center_frame_347_patch_4.png,image_2081.jpg,1,0,1,0
R1-800um-top-to-bottom-center_frame_339_patch_0.png,image_2082.jpg,1,0,0,0
R1-900um-top-to-bottom-center_frame_362_patch_1.png,image_2083.jpg,1,0,0,0
R1-1100um-top-to-bottom-center_frame_287_patch_0.png,image_2084.jpg,1,0,1,0
R1-600um-top-to-bottom-center_frame_525_patch_4.png,image_2085.jpg,1,0,0,0
R1-700um-top-to-bottom-center_frame_373_patch_3.png,image_2086.jpg,1,0,1,0
R1-1100um-top-to-bottom-center_frame_220_patch_4.png,image_2087.jpg,1,0,0,0
R1-1100um-top-to-bottom-center_frame_356_patch_3.png,image_2088.jpg,1,0,1,0
R1-700um-top-to-bottom-center_frame_242_patch_6.png,image_2089.jpg,0,0,1,0
R1-600um-top-to-bottom-center_frame_140_patch_0.png,image_2090.jpg,0,0,1,0
R1-900um-top-to-bottom-center_frame_207_patch_2.png,image_2091.jpg,1,0,0,0
R1-900um-top-to-bottom-center_frame_303_patch_3.png,image_2092.jpg,1,0,0,0
R1-1000um-top-to-bottom-center_frame_67_patch_3.png,image_2093.jpg,1,0,0,0
R1-1100um-top-to-bottom-center-1_frame_402_patch_1.png,image_2094.jpg,1,1,0,0
R1-1100um-top-to-bottom-center-1_frame_250_patch_7.png,image_2095.jpg,1,0,0,0
R1-1100um-top-to-bottom-center_frame_144_patch_3.png,image_2096.jpg,1,0,0,0
R1-1100um-top-to-bottom-center_frame_83_patch_1.png,image_2097.jpg,1,0,1,0
R1-900um-top-to-bottom-center_frame_210_patch_1.png,image_2098.jpg,1,0,0,0
R1-900um-top-to-bottom-center_frame_126_patch_0.png,image_2099.jpg,1,0,0,0
R1-600um-top-to-bottom-center_frame_199_patch_4.png,image_2100.jpg,0,0,0,0
R1-900um-top-to-bottom-center_frame_347_patch_1.png,image_2101.jpg,1,0,0,0
R7-700um-middle_frame_558_patch_2.png,image_2102.jpg,0,1,0,0
R1-1000um-top-to-bottom-center_frame_170_patch_0.png,image_2103.jpg,1,0,0,0
R1-1100um-top-to-bottom-center-1_frame_225_patch_3.png,image_2104.jpg,1,0,0,0
R1-900um-top-to-bottom-center_frame_347_patch_4.png,image_2105.jpg,1,0,0,0
R1-800um-top-to-bottom-center_frame_413_patch_8.png,image_2106.jpg,1,0,0,0
R1-1100um-top-to-bottom-center-1_frame_289_patch_0.png,image_2107.jpg,1,0,0,0
R1-1100um-top-to-bottom-center-1_frame_289_patch_4.png,image_2108.jpg,1,0,0,0
R1-1000um-top-to-bottom-center_frame_570_patch_2.png,image_2109.jpg,1,0,0,0
R1-700um-top-to-bottom-center_frame_426_patch_3.png,image_2110.jpg,1,0,0,0
R1-1000um-top-to-bottom-center_frame_585_patch_6.png,image_2111.jpg,1,0,0,0
R1-1100um-top-to-bottom-center-1_frame_161_patch_4.png,image_2112.jpg,1,0,0,0
R1-700um-top-to-bottom-center_frame_587_patch_4.png,image_2113.jpg,1,0,0,0
R1-600um-top-to-bottom-center_frame_403_patch_0.png,image_2114.jpg,1,0,0,0
R1-800um-top-to-bottom-center_frame_561_patch_7.png,image_2115.jpg,1,0,0,0
R1-700um-top-to-bottom-center_frame_426_patch_6.png,image_2116.jpg,1,0,1,0
R1-1100um-top-to-bottom-center_frame_345_patch_7.png,image_2117.jpg,1,0,0,0
R7-700um-middle_frame_553_patch_2.png,image_2118.jpg,0,1,0,0
R1-900um-top-to-bottom-center_frame_37_patch_3.png,image_2119.jpg,1,0,0,0
R1-800um-top-to-bottom-center_frame_408_patch_7.png,image_2120.jpg,1,0,0,0
R1-1000um-top-to-bottom-center_frame_461_patch_1.png,image_2121.jpg,1,1,0,0
R1-1100um-top-to-bottom-center_frame_132_patch_0.png,image_2122.jpg,1,0,0,0
R1-700um-top-to-bottom-center_frame_217_patch_0.png,image_2123.jpg,0,0,0,0
R1-600um-top-to-bottom-center_frame_70_patch_3.png,image_2124.jpg,0,0,0,1
R1-700um-top-to-bottom-center_frame_373_patch_5.png,image_2125.jpg,1,0,0,0
R1-1100um-top-to-bottom-center-1_frame_280_patch_5.png,image_2126.jpg,1,0,0,0
R1-1100um-top-to-bottom-center_frame_232_patch_8.png,image_2127.jpg,1,0,0,0
R1-1100um-top-to-bottom-center-1_frame_205_patch_5.png,image_2128.jpg,1,0,0,0
R7-700um-middle_frame_208_patch_2.png,image_2129.jpg,1,0,1,0
R1-800um-top-to-bottom-center_frame_63_patch_4.png,image_2130.jpg,0,0,1,0
R1-1100um-top-to-bottom-center-1_frame_190_patch_2.png,image_2131.jpg,1,0,0,0
R1-1100um-top-to-bottom-center_frame_302_patch_2.png,image_2132.jpg,1,0,0,0
R1-1100um-top-to-bottom-center_frame_286_patch_7.png,image_2133.jpg,1,0,0,0
R1-1000um-top-to-bottom-center_frame_8_patch_2.png,image_2134.jpg,1,0,0,0
R1-700um-top-to-bottom-center_frame_590_patch_3.png,image_2135.jpg,1,0,0,0
R1-600um-top-to-bottom-center_frame_36_patch_8.png,image_2136.jpg,0,0,0,0
R7-700um-middle_frame_581_patch_8.png,image_2137.jpg,1,1,0,0
R1-800um-top-to-bottom-center_frame_627_patch_4.png,image_2138.jpg,1,1,0,0
R1-600um-top-to-bottom-center_frame_199_patch_8.png,image_2139.jpg,0,0,1,0
R1-800um-top-to-bottom-center_frame_304_patch_5.png,image_2140.jpg,1,0,0,0
R1-1100um-top-to-bottom-center_frame_239_patch_3.png,image_2141.jpg,1,0,0,0
R1-800um-top-to-bottom-center_frame_63_patch_1.png,image_2142.jpg,0,0,1,0
R1-600um-top-to-bottom-center_frame_237_patch_2.png,image_2143.jpg,0,0,0,1
R1-700um-top-to-bottom-center_frame_648_patch_1.png,image_2144.jpg,1,0,1,0
R1-700um-top-to-bottom-center_frame_621_patch_1.png,image_2145.jpg,1,0,1,0
R7-700um-middle_frame_120_patch_7.png,image_2146.jpg,1,1,1,0
R1-1000um-top-to-bottom-center_frame_595_patch_7.png,image_2147.jpg,1,0,1,0
R1-1100um-top-to-bottom-center-1_frame_267_patch_6.png,image_2148.jpg,1,0,1,0
R1-800um-top-to-bottom-center_frame_46_patch_0.png,image_2149.jpg,0,0,1,0
R1-800um-top-to-bottom-center_frame_253_patch_7.png,image_2150.jpg,0,0,1,0
R1-700um-top-to-bottom-center_frame_127_patch_4.png,image_2151.jpg,0,0,1,0
R1-1100um-top-to-bottom-center-1_frame_447_patch_7.png,image_2152.jpg,1,0,0,0
R1-1100um-top-to-bottom-center_frame_372_patch_6.png,image_2153.jpg,1,1,0,0
R1-900um-top-to-bottom-center_frame_405_patch_5.png,image_2154.jpg,1,0,1,0
R1-1000um-top-to-bottom-center_frame_209_patch_3.png,image_2155.jpg,1,0,0,0
R1-600um-top-to-bottom-center_frame_526_patch_3.png,image_2156.jpg,0,0,0,0
R7-700um-middle_frame_1_patch_0.png,image_2157.jpg,1,1,0,0
R1-800um-top-to-bottom-center_frame_479_patch_4.png,image_2158.jpg,1,0,0,0
R1-600um-top-to-bottom-center_frame_394_patch_3.png,image_2159.jpg,1,0,0,0
R1-800um-top-to-bottom-center_frame_413_patch_7.png,image_2160.jpg,1,0,1,0
R1-1100um-top-to-bottom-center_frame_245_patch_0.png,image_2161.jpg,1,0,0,0
R1-600um-top-to-bottom-center_frame_0_patch_7.png,image_2162.jpg,0,0,1,0
R1-1100um-top-to-bottom-center_frame_356_patch_8.png,image_2163.jpg,1,0,1,0
R1-1100um-top-to-bottom-center-1_frame_372_patch_3.png,image_2164.jpg,1,0,1,0
R1-1100um-top-to-bottom-center_frame_86_patch_7.png,image_2165.jpg,1,0,0,0
R1-700um-top-to-bottom-center_frame_570_patch_4.png,image_2166.jpg,1,0,0,0
R1-700um-top-to-bottom-center_frame_182_patch_0.png,image_2167.jpg,0,0,1,0
R1-800um-top-to-bottom-center_frame_288_patch_7.png,image_2168.jpg,0,0,0,1
R1-1000um-top-to-bottom-center_frame_180_patch_3.png,image_2169.jpg,1,0,0,0
R7-700um-middle_frame_566_patch_8.png,image_2170.jpg,1,1,0,0
R1-1000um-top-to-bottom-center_frame_585_patch_4.png,image_2171.jpg,1,0,0,0
R1-900um-top-to-bottom-center_frame_33_patch_7.png,image_2172.jpg,0,0,0,0
R1-1000um-top-to-bottom-center_frame_461_patch_0.png,image_2173.jpg,1,0,0,0
R1-800um-top-to-bottom-center_frame_499_patch_6.png,image_2174.jpg,1,0,0,0
R1-1100um-top-to-bottom-center-1_frame_338_patch_8.png,image_2175.jpg,1,0,0,0
R7-700um-middle_frame_500_patch_6.png,image_2176.jpg,1,0,0,0
R1-800um-top-to-bottom-center_frame_499_patch_3.png,image_2177.jpg,1,0,0,0
R1-600um-top-to-bottom-center_frame_567_patch_3.png,image_2178.jpg,0,0,0,1
R1-1100um-top-to-bottom-center-1_frame_502_patch_1.png,image_2179.jpg,1,1,0,0
R1-700um-top-to-bottom-center_frame_648_patch_7.png,image_2180.jpg,1,1,0,0
R1-900um-top-to-bottom-center_frame_512_patch_3.png,image_2181.jpg,1,0,0,0
R1-1100um-top-to-bottom-center-1_frame_169_patch_1.png,image_2182.jpg,1,0,0,0
R1-800um-top-to-bottom-center_frame_638_patch_3.png,image_2183.jpg,1,1,0,0
R1-700um-top-to-bottom-center_frame_334_patch_3.png,image_2184.jpg,1,0,0,0
R1-600um-top-to-bottom-center_frame_75_patch_1.png,image_2185.jpg,0,0,1,0
R1-700um-top-to-bottom-center_frame_590_patch_6.png,image_2186.jpg,1,0,0,1
R1-800um-top-to-bottom-center_frame_413_patch_3.png,image_2187.jpg,1,0,0,0
R1-700um-top-to-bottom-center_frame_572_patch_0.png,image_2188.jpg,1,0,0,0
R1-1100um-top-to-bottom-center-1_frame_161_patch_6.png,image_2189.jpg,1,0,0,0
R7-700um-middle_frame_512_patch_7.png,image_2190.jpg,1,0,0,0
R1-1100um-top-to-bottom-center-1_frame_521_patch_7.png,image_2191.jpg,1,1,0,0
R1-800um-top-to-bottom-center_frame_554_patch_3.png,image_2192.jpg,1,0,0,0
R1-1100um-top-to-bottom-center_frame_183_patch_7.png,image_2193.jpg,1,0,0,0
R1-900um-top-to-bottom-center_frame_444_patch_7.png,image_2194.jpg,1,0,0,0
R1-600um-top-to-bottom-center_frame_596_patch_0.png,image_2195.jpg,1,0,1,0
R1-800um-top-to-bottom-center_frame_526_patch_8.png,image_2196.jpg,1,0,0,0
R1-600um-top-to-bottom-center_frame_457_patch_6.png,image_2197.jpg,1,0,0,1
R1-900um-top-to-bottom-center_frame_493_patch_1.png,image_2198.jpg,1,0,0,0
R1-1100um-top-to-bottom-center_frame_218_patch_2.png,image_2199.jpg,1,0,0,0
R1-1000um-top-to-bottom-center_frame_134_patch_3.png,image_2200.jpg,1,0,0,0
R1-600um-top-to-bottom-center_frame_79_patch_5.png,image_2201.jpg,0,0,1,0
R1-1100um-top-to-bottom-center_frame_183_patch_8.png,image_2202.jpg,1,0,0,0
R1-1000um-top-to-bottom-center_frame_99_patch_3.png,image_2203.jpg,0,0,1,0
R1-700um-top-to-bottom-center_frame_426_patch_1.png,image_2204.jpg,1,0,0,0
R1-1100um-top-to-bottom-center_frame_386_patch_5.png,image_2205.jpg,1,0,1,0
R1-900um-top-to-bottom-center_frame_418_patch_1.png,image_2206.jpg,1,0,0,0
R1-1100um-top-to-bottom-center_frame_205_patch_2.png,image_2207.jpg,1,0,0,0
R1-600um-top-to-bottom-center_frame_61_patch_6.png,image_2208.jpg,0,0,1,0
R1-1000um-top-to-bottom-center_frame_384_patch_5.png,image_2209.jpg,1,0,0,0
R1-600um-top-to-bottom-center_frame_586_patch_8.png,image_2210.jpg,1,0,0,0
R1-600um-top-to-bottom-center_frame_596_patch_2.png,image_2211.jpg,1,0,0,0
R1-900um-top-to-bottom-center_frame_207_patch_1.png,image_2212.jpg,1,0,0,0
R1-800um-top-to-bottom-center_frame_454_patch_1.png,image_2213.jpg,1,0,0,0
R1-1000um-top-to-bottom-center_frame_173_patch_3.png,image_2214.jpg,1,0,0,0
R1-700um-top-to-bottom-center_frame_621_patch_3.png,image_2215.jpg,1,0,0,0
R1-900um-top-to-bottom-center_frame_392_patch_5.png,image_2216.jpg,1,0,1,0
R1-1000um-top-to-bottom-center_frame_245_patch_2.png,image_2217.jpg,1,0,0,0
R1-1100um-top-to-bottom-center_frame_239_patch_8.png,image_2218.jpg,1,0,1,0
R1-700um-top-to-bottom-center_frame_270_patch_0.png,image_2219.jpg,1,0,1,0
R1-700um-top-to-bottom-center_frame_347_patch_7.png,image_2220.jpg,1,0,1,0
R1-700um-top-to-bottom-center_frame_556_patch_1.png,image_2221.jpg,1,0,0,0
R1-800um-top-to-bottom-center_frame_98_patch_3.png,image_2222.jpg,0,0,1,0
R1-900um-top-to-bottom-center_frame_434_patch_4.png,image_2223.jpg,1,0,0,0
R1-900um-top-to-bottom-center_frame_251_patch_0.png,image_2224.jpg,1,0,0,0
R1-1100um-top-to-bottom-center_frame_218_patch_3.png,image_2225.jpg,1,0,0,0
R1-900um-top-to-bottom-center_frame_493_patch_5.png,image_2226.jpg,1,0,0,0
R1-800um-top-to-bottom-center_frame_473_patch_2.png,image_2227.jpg,1,0,0,0
