group,cell_id,cycle,discharge_c_rate,cap_dis_mah,cap_chg_mah,retention_pct,coulombic_eff_pct
1,DD001,0,C/10,3.29145,,,
1,DD001,1,C/2,3.05505,3.28706755638093,100.0,92.94150325780399
1,DD001,2,C/2,3.05286,3.06353156294864,99.92831541218638,99.65165813606409
1,DD001,3,C/2,3.05481,3.06175733238214,99.99214415476014,99.7730933046632
1,DD001,4,C/2,3.0524,3.06417428528078,99.91325837547666,99.61574361689087
1,DD001,5,C/2,3.05315,3.06168190269107,99.9378078918512,99.72133281763952
1,DD001,6,C/2,3.05171,3.06299976577969,99.89067282041209,99.63141473578219
1,DD001,7,C/2,3.04893,3.06490674052952,99.79967594638384,99.47872017382298
1,DD001,8,C/2,3.04749,3.06616036866957,99.75254087494476,99.39108309988131
1,DD001,9,C/2,3.04692,3.06633255389525,99.73388324250013,99.36691296348175
1,DD001,10,C/2,3.04626,3.06718268391481,99.71227966809055,99.31785335042042
1,DD001,11,C/2,3.04898,3.06735459573622,99.80131258080883,99.40096277874876
1,DD001,12,C/2,3.05015,3.07011617391142,99.83960982635308,99.34966063886819
1,DD001,13,C/2,3.05127,3.07140706908007,99.87627043747239,99.34436990515552
1,DD001,14,C/2,3.05219,3.07246544340952,99.9063845108918,99.34009206017235
1,DD001,15,C/2,3.05278,3.07333440237159,99.92569679710643,99.33120189082813
1,DD001,16,C/2,3.05324,3.07386653212501,99.94075383381615,99.32897112124284
1,DD001,17,C/2,3.05404,3.07425949040633,99.96693998461564,99.34229721110312
1,DD001,18,C/2,3.05352,3.07467131559085,99.94991898659595,99.31207880713632
1,DD001,19,C/2,3.05339,3.07345755917328,99.94566373709104,99.34706893500498
1,DD001,20,C/2,3.05311,3.07275271989097,99.93649858431122,99.36074517927148
1,DD001,21,C/2,3.05257,3.07151406760346,99.91882293252155,99.38323357189631
1,DD001,22,C/2,3.05179,3.07004475000103,99.89329143549205,99.4053914034633
1,DD001,23,C/2,3.05085,3.06852579504915,99.86252270830265,99.42396459310629
1,DD001,24,C/2,3.04994,3.0669655522235,99.83273596176822,99.44487305339452
1,DD001,25,C/2,3.04813,3.06608015498344,99.77348979558435,99.41455689101066
1,DD001,26,C/2,3.04668,3.06442411915817,99.72602739726027,99.42096398970243
1,DD001,27,C/2,2.98042,2.99610130847993,97.55715945729203,99.47660953801707
1,DD001,28,C/2,3.04338,3.06208186340241,99.61800952521234,99.38924352004001
1,DD001,29,C/2,3.04171,3.06000797659995,99.56334593541841,99.4020284672499
1,DD001,30,C/2,3.03999,3.05761221098735,99.50704571119948,99.42366102136741
1,DD001,31,C/2,3.03819,3.05539512002437,99.44812687190063,99.43689377810382
1,DD001,32,C/2,3.03644,3.05334254117073,99.39084466702673,99.44642499350076
1,DD001,33,C/2,3.03454,3.05142505802062,99.32865255887792,99.44665008317219
1,DD001,34,C/2,3.0326,3.04959806934336,99.26515114318914,99.44261279824917
1,DD001,35,C/2,3.0307,3.04800372005636,99.20295903504034,99.43229334195038
1,DD001,36,C/2,3.02849,3.04627967043126,99.13061979345675,99.41601978951783
1,DD001,37,C/2,3.02663,3.04378555792997,99.06973699284791,99.43637429104443
1,DD001,38,C/2,3.02508,3.04136662604905,99.01900132567388,99.46449645664038
1,DD001,39,C/2,3.02269,3.03961633436273,98.94077020016039,99.44314240677751
1,DD001,40,C/2,3.02063,3.03666243164245,98.87334086185169,99.47203773869003
1,DD001,41,C/2,3.01856,3.03442902515431,98.80558419665799,99.47703422875402
1,DD001,42,C/2,3.01645,3.03225500366539,98.73651822392432,99.47877062957156
1,DD001,43,C/2,3.01439,3.03012234752418,98.66908888561562,99.48080157433134
1,DD001,44,C/2,3.01042,3.02784345699485,98.53914011227312,99.42455885707702
1,DD001,45,C/2,3.01022,3.02406776732325,98.53259357457324,99.54208144827696
1,DD001,46,C/2,3.00826,3.02357734955789,98.46843750511448,99.49340308558239
1,DD001,47,C/2,3.00612,3.02128956149126,98.39838955172583,99.49791103492336
1,DD001,48,C/2,3.00397,3.01901674065167,98.32801427145218,99.50160128464799
1,DD001,49,C/2,3.00187,3.01657448439641,98.25927562560351,99.51254363277052
1,DD001,50,C/2,2.99977,3.0142887533839,98.19053697975482,99.51833568142399
1,DD001,51,C/10,3.23698,3.01812770233464,,
1,DD002,0,C/10,3.3147,,,
1,DD002,1,C/2,3.08104,3.31012904817901,100.0,93.07915054535296
1,DD002,2,C/2,3.07984,3.08869209481569,99.96105211227379,99.71340313168321
1,DD002,3,C/2,3.08103,3.08776407760195,99.99967543426897,99.78191087684458
1,DD002,4,C/2,3.08113,3.0891227221729,100.00292109157947,99.74126239415708
1,DD002,5,C/2,3.0804,3.0893170780808,99.97922779321269,99.71135762838759
1,DD002,6,C/2,3.08007,3.08831364096333,99.96851712408798,99.73306982639373
1,DD002,7,C/2,3.07968,3.08816393778749,99.95585906057696,99.72527566675853
1,DD002,8,C/2,3.07929,3.08782622809882,99.94320099706593,99.7235521862875
1,DD002,9,C/2,3.07948,3.08784144933946,99.94936774595593,99.72921377354889
1,DD002,10,C/2,3.07479,3.08975430538261,99.79714641809261,99.51567976273904
1,DD002,11,C/2,3.07288,3.08944676746867,99.7351543634617,99.4637626502222
1,DD002,12,C/2,3.07223,3.09176903496763,99.71405759094331,99.36803057580804
1,DD002,13,C/2,3.07285,3.09279933662673,99.73418066626853,99.35497475085181
1,DD002,14,C/2,3.07399,3.09415096452662,99.77118115960845,99.34841690797384
1,DD002,15,C/2,3.07518,3.09541792074619,99.80980448160362,99.34619746785884
1,DD002,16,C/2,3.07658,3.09647744828571,99.85524368395087,99.35741665754014
1,DD002,17,C/2,3.07777,3.09752986995341,99.89386700594606,99.362076532495
1,DD002,18,C/2,3.07791,3.09851557716426,99.89841092618079,99.33498552287034
1,DD002,19,C/2,3.07833,3.09831744031966,99.91204268688494,99.35489372200679
1,DD002,20,C/2,3.07847,3.09844470546817,99.91658660711967,99.35533122689205
1,DD002,21,C/2,3.07857,3.09799457232949,99.9198322644302,99.37299527562168
1,DD002,22,C/2,3.0784,3.09716687029899,99.91431464700231,99.39406331383177
1,DD002,23,C/2,3.07806,3.09620304201003,99.90327941214655,99.41402286077944
1,DD002,24,C/2,3.07765,3.09461428787852,99.88997221717344,99.45181252652493
1,DD002,25,C/2,3.07649,3.0934998077666,99.85232259237142,99.45014356477753
1,DD002,26,C/2,3.07542,3.09130119584278,99.81759405914886,99.48626177662217
1,DD002,27,C/2,3.07157,3.08561123921454,99.6926362526939,99.5449446438329
1,DD002,28,C/2,3.07274,3.08817861915513,99.73061044322698,99.50007363371508
1,DD002,29,C/2,3.07111,3.08550455327556,99.67770622906552,99.53347813859881
1,DD002,30,C/2,3.06946,3.08342875351133,99.62415288344195,99.54697336543215
1,DD002,31,C/2,3.06774,3.08145266110962,99.56832757770104,99.5549936144506
1,DD002,32,C/2,3.06601,3.07936725316827,99.51217770622907,99.5662338373402
1,DD002,33,C/2,3.06415,3.07728889275779,99.45180848025343,99.57303674709543
1,DD002,34,C/2,3.06218,3.07546155070532,99.38786903123622,99.56814447241996
1,DD002,35,C/2,3.05991,3.0747154584864,99.31419261028745,99.51847711808468
1,DD002,36,C/2,3.0575,3.07457649334773,99.23597226910394,99.44459038880062
1,DD002,37,C/2,3.05571,3.07407303277453,99.17787500324566,99.40264812908637
1,DD002,38,C/2,3.05449,3.07279152990175,99.13827798405734,99.40440053535505
1,DD002,39,C/2,3.05238,3.0704931546372,99.06979461480539,99.41008972419154
1,DD002,40,C/2,3.05064,3.06645567779183,99.01332017760237,99.48423589141132
1,DD002,41,C/2,3.04853,3.06324931172653,98.94483680835043,99.51948698167719
1,DD002,42,C/2,3.04637,3.06015391546115,98.87473061044324,99.54956790272843
1,DD002,43,C/2,3.04391,3.05720859420787,98.79488744060447,99.56500860840619
1,DD002,44,C/2,3.04046,3.05398665387728,98.68291226339159,99.5570820894025
1,DD002,45,C/2,3.0392,3.05031677162994,98.64201698127906,99.63555353551035
1,DD002,46,C/2,3.03695,3.04855300018305,98.56898969179238,99.61939319466143
1,DD002,47,C/2,3.03463,3.04594193763423,98.49369044218835,99.62862267679941
1,DD002,48,C/2,3.0323,3.04335579370143,98.41806662685329,99.63672358899636
1,DD002,49,C/2,3.03007,3.04079486858778,98.34568846882871,99.64730049045495
1,DD002,50,C/2,3.02784,3.03825073936681,98.27331031080415,99.65734429907586
1,DD002,51,C/10,3.25962,3.03978949801006,,
1,DD056,0,C/10,3.12966376217868,,,
1,DD056,1,C/2,3.12909181520859,3.36374103580804,100.0,93.02415916975954
1,DD056,2,C/2,3.12907434023108,3.13339751804721,99.99944153196704,99.862029066174
1,DD056,3,C/2,3.12867077001101,3.13338288937749,99.98654417248055,99.84961559015164
1,DD056,4,C/2,3.12848763301491,3.1333482577099,99.9806914520455,99.84487441882563
1,DD056,5,C/2,3.12809502152793,3.13292638396265,99.96814431344536,99.84578755314995
1,DD056,6,C/2,3.12739779031157,3.13280893579152,99.94586209043833,99.82727496024003
1,DD056,7,C/2,3.12652631529576,3.13246738862936,99.91801135714968,99.8103388608237
1,DD056,8,C/2,3.12591097593327,3.13177126700065,99.8983462466694,99.81287614682688
1,DD056,9,C/2,3.12487569992966,3.13068719116876,99.86526073608842,99.81437010840644
1,DD056,10,C/2,3.12369499698877,3.12994662855404,99.82752764896226,99.8002639563168
1,DD056,11,C/2,3.12268246322254,3.12885278150048,99.79516893831949,99.80279294972195
1,DD056,12,C/2,3.12158459452589,3.12759883118418,99.76008308077725,99.80770434499706
1,DD056,13,C/2,3.12052361982988,3.12639209684123,99.7261762874114,99.81229235394756
1,DD056,14,C/2,3.11927671731869,3.125505236056,99.6863275841829,99.80071961916885
1,DD056,15,C/2,3.11790183921204,3.12416915825019,99.64238901708917,99.79939245537972
1,DD056,16,C/2,3.11726142285744,2.38350052069309,99.62192249221803,130.78501119651452
1,DD056,17,C/2,3.11600500787145,3.12191988142122,99.58176978784921,99.81053730478575
1,DD056,18,C/2,3.11487279628906,3.12076684160494,99.54558639505495,99.811134710953
1,DD056,19,C/2,3.1130881875603,3.11942821113005,99.4885535933939,99.7967568688669
1,DD056,20,C/2,3.11217710208965,3.11778340590325,99.45943698306557,99.82018302480586
1,DD056,21,C/2,3.11104300933347,3.1208992819947,99.42319347142849,99.68418485280529
1,DD056,22,C/2,3.10893908393389,3.11532043199488,99.35595589823379,99.79516238536966
1,DD056,23,C/2,3.10898288397636,3.11415364115861,99.3573556667627,99.83395947091658
1,DD056,24,C/2,3.10744991091237,3.11295507594768,99.30836467658023,99.8231530844166
1,DD056,25,C/2,3.10634462889002,3.11190183978396,99.27304190282914,99.82142075232277
1,DD056,26,C/2,3.10519055142475,3.11058158997974,99.23615971676925,99.82668711946485
1,DD056,27,C/2,3.10373475809792,3.10911106680907,99.1896352485592,99.8270789111221
1,DD056,28,C/2,3.10254346475866,3.10855547119125,99.1515637118446,99.80659806497562
1,DD056,29,C/2,3.10123011406753,3.10648799296583,99.10959144740843,99.8307452367366
1,DD056,30,C/2,3.09937914560689,3.10524417457433,99.0504379111765,99.81112503115011
1,DD056,31,C/2,3.09870508966379,3.10402668862729,99.02889632713529,99.82855820850389
1,DD056,32,C/2,3.0974279242842,3.10198411460324,98.98808047847969,99.85312012728915
1,DD056,33,C/2,3.09617876710348,3.10127601250952,98.94815972017376,99.83564038204018
1,DD056,34,C/2,3.09485894436789,3.09996789438399,98.90598062114013,99.8351934539272
1,DD056,35,C/2,3.09350565139485,3.09867631365573,98.86273187508345,99.83313319180537
1,DD056,36,C/2,3.09217081986096,3.09737031975497,98.82007312255332,99.83213179706516
1,DD056,37,C/2,3.09162413477434,3.09593313611344,98.80260207603553,99.86081736427585
1,DD056,38,C/2,3.08960794909258,3.09466970999155,98.73816850230783,99.83643615075859
1,DD056,39,C/2,3.08821868356737,3.09398464019722,98.69377013986741,99.81363977846114
1,DD056,40,C/2,3.08689865997426,3.0919738333154,98.65158462179808,99.83585975772317
1,DD056,41,C/2,3.08599032301697,3.09060272645734,98.62255584888466,99.85076039049325
1,DD056,42,C/2,3.08471672667774,3.0893458456366,98.58185406017267,99.85015860346623
1,DD056,43,C/2,3.08354954806009,3.08825357195405,98.54455318545952,99.8476801278017
1,DD056,44,C/2,3.08240023048288,3.08679983606011,98.50782311663818,99.85747033138225
1,DD056,45,C/2,3.08113591528249,3.08554074064053,98.46741793599614,99.8572430012016
1,DD056,46,C/2,3.06952377713587,3.08434997392164,98.09631542982548,99.5193088686068
1,DD056,47,C/2,3.07837461907095,3.08307101880065,98.37917200476078,99.84767137373544
1,DD056,48,C/2,3.07734895887209,3.07144634643463,98.34639379755463,100.19217696719045
1,DD056,49,C/2,3.07612996936639,3.08031279412342,98.30743714247103,99.86420779198106
1,DD056,50,C/2,3.07612996936639,3.07908518822151,98.30743714247103,99.90402282903946
1,DD056,51,C/10,3.32409826787084,3.07960858444181,,
2,DD032,0,C/10,3.264,,,
2,DD032,1,C/2,3.03827312864767,3.26003304094797,100.0,93.19761764635933
2,DD032,2,C/2,3.0385494520943,3.04660337125576,100.00909475333289,99.7356426754645
2,DD032,3,C/2,3.03898475748075,3.04714112351694,100.02342214813966,99.73232726330782
2,DD032,4,C/2,3.03839595856196,3.04757498493057,100.00404275419257,99.69880884263725
2,DD032,5,C/2,3.03767451890819,3.0471638479039,99.98029769826037,99.68858487861631
2,DD032,6,C/2,3.03744174663106,3.04655763578903,99.97263636344044,99.70078067616768
2,DD032,7,C/2,3.03691597326656,3.04622008004043,99.95533135687131,99.6945687924903
2,DD032,8,C/2,3.03624823176198,3.04561851822361,99.93335369139142,99.69233551721719
2,DD032,9,C/2,3.03580519978404,3.04511931079683,99.9187719879309,99.69412984969863
2,DD032,10,C/2,3.03517927408324,3.04453211605274,99.89817062412006,99.6927987088661
2,DD032,11,C/2,3.0345982792739,3.04405670417384,99.87904809020887,99.68928223685941
2,DD032,12,C/2,3.00298909599092,3.04333129762464,98.83868134421296,98.67440650759227
2,DD032,13,C/2,3.03333485185815,3.01153424618501,99.83746435621744,100.72390362821733
2,DD032,14,C/2,3.03256767799907,3.04196597495598,99.81221403056875,99.69104529655213
2,DD032,15,C/2,3.031943305412,3.04116458059733,99.7916637850631,99.69678473686818
2,DD032,16,C/2,3.02673043225063,3.0404048615825,99.62009023190824,99.55024314344924
2,DD032,17,C/2,3.02981498392191,3.03514119176033,99.72161341763488,99.82451531899473
2,DD032,18,C/2,3.02875450110713,3.03822536531622,99.68670928723328,99.68827644199119
2,DD032,19,C/2,3.02769612197154,3.03711464322987,99.6518743961364,99.68988588299341
2,DD032,20,C/2,3.02642321462498,3.03590504872431,99.60997864507446,99.68767685592425
2,DD032,21,C/2,3.02521106087962,3.03459535870115,99.57008250361402,99.69075620594285
2,DD032,22,C/2,3.02436327150437,3.03343867162135,99.54217884455005,99.70082137470314
2,DD032,23,C/2,3.02284103986952,3.03233024324201,99.49207697515268,99.68706563562336
2,DD032,24,C/2,3.02185407519201,3.0307313836133,99.45959257905928,99.70709022682485
2,DD032,25,C/2,3.0205454299124,3.02960781204447,99.41652056992123,99.70087276326522
2,DD032,26,C/2,3.01891024121377,3.0282783942107,99.36270089573814,99.69064426127929
2,DD032,27,C/2,3.01685208223733,3.0265625199032,99.29495981752389,99.67915952166815
2,DD032,28,C/2,3.01630395300858,3.02453488442043,99.27691900270767,99.72786125052654
2,DD032,29,C/2,3.01482069239629,3.02384176400899,99.22809980346241,99.70166852908534
2,DD032,30,C/2,3.0132792880547,3.02224744748291,99.17736689446038,99.70326190743648
2,DD032,31,C/2,3.01147609753999,3.0205453897523,99.11801770370765,99.69974653441463
2,DD032,32,C/2,3.01008814114021,3.01913806385498,99.07233529330507,99.70024813296499
2,DD032,33,C/2,3.00830924703578,3.01741951005977,99.01378578083178,99.69807767883727
2,DD032,34,C/2,3.00631732846862,3.01556289128122,98.94822490191085,99.69340507407982
2,DD032,35,C/2,3.00495282579038,3.01367343831846,98.90331443400808,99.71063180180046
2,DD032,36,C/2,3.00343137799415,3.01223809188528,98.85323836343088,99.7076355313727
2,DD032,37,C/2,3.00212391326539,3.01081912549576,98.81020521027449,99.71120110946757
2,DD032,38,C/2,3.00016987254984,3.00915568887813,98.74589102149649,99.70138413371227
2,DD032,39,C/2,2.99880314451568,3.00740017254209,98.70090730949003,99.71413754295482
2,DD032,40,C/2,2.99720589948025,3.00589723074995,98.64833649153528,99.71085733800913
2,DD032,41,C/2,2.99518576233724,3.00413485964719,98.58184684239998,99.70210733778441
2,DD032,42,C/2,2.99316042518238,3.00218493136636,98.51518604302143,99.6994020558263
2,DD032,43,C/2,2.99209253781808,3.00023907640511,98.480038203473,99.728470352543
2,DD032,44,C/2,2.99055296840422,2.99905658517445,98.42936568824244,99.71645694141728
2,DD032,45,C/2,2.98875956915855,2.99748197886015,98.3703387617703,99.7090087692565
2,DD032,46,C/2,2.98655958158426,2.99565334064799,98.29792961745912,99.69643486646679
2,DD032,47,C/2,2.98494207792143,2.99341852265226,98.24469201852246,99.71683061801463
2,DD032,48,C/2,2.98337423107286,2.99191651403342,98.19308879583036,99.71448792369397
2,DD032,49,C/2,2.98164185173591,2.99025444597724,98.13607024405451,99.7119778802464
2,DD032,50,C/2,2.98021378539058,2.98850578334732,98.08906767763396,99.72253699481043
2,DD032,51,C/10,3.20031073463969,2.99066890267622,,
2,DD033,0,C/10,3.269,,,
2,DD033,1,C/2,3.03699297937505,3.27092083269327,100.0,92.84825695015051
2,DD033,2,C/2,3.03836312660932,3.05226862927124,100.04511525853286,99.54442074565237
2,DD033,3,C/2,3.039904063816,3.05387947823728,100.09585417090918,99.54237177593707
2,DD033,4,C/2,3.03824940778705,3.05551779084241,100.04137080396735,99.43484593324527
2,DD033,5,C/2,3.03866213556541,3.05423128086718,100.05496081820719,99.49024340758669
2,DD033,6,C/2,3.03474409151984,3.05581396632145,99.92595017932267,99.31049877270593
2,DD033,7,C/2,3.03066789757092,3.05701447980926,99.79173209002835,99.1381597171897
2,DD033,8,C/2,3.02993023518151,3.05830964767142,99.76744285411574,99.072055620283
2,DD033,9,C/2,3.03088045960075,3.05932683526613,99.79873118522791,99.07017532950495
2,DD033,10,C/2,3.03204095572438,3.06088729706046,99.83694319729085,99.05758237607171
2,DD033,11,C/2,3.03336601253569,3.06241705871124,99.88057374962696,99.05136871893681
2,DD033,12,C/2,3.03344688280913,3.06389462088872,99.88323658994265,99.00624068882766
2,DD033,13,C/2,3.03543422320657,3.06423251502793,99.94867435719918,99.06017928861063
2,DD033,14,C/2,3.03592232067876,3.06658635224721,99.96474609248156,99.00005973919568
2,DD033,15,C/2,3.03662608039173,3.06753024636126,99.98791900456105,98.99253916057752
2,DD033,16,C/2,3.03686392208536,3.06830595018238,99.9957504910098,98.97526424654129
2,DD033,17,C/2,3.03726198616729,3.06842410515497,100.00885766921645,98.98442594896424
2,DD033,18,C/2,3.0373673562779,3.06837068555889,100.0123272231906,98.98958331772282
2,DD033,19,C/2,3.03741069794264,3.06730329313481,100.01375434748867,99.02544377469698
2,DD033,20,C/2,3.03735108298805,3.06595376546151,100.0117913875808,99.06708696015986
2,DD033,21,C/2,3.03694825591756,3.06408124994636,99.9985273769879,99.1144819012461
2,DD033,22,C/2,3.03679314791752,3.06228327968126,99.99342008826207,99.1676102621573
2,DD033,23,C/2,3.03558674200965,3.06049872064109,99.953696390642,99.18601571490868
2,DD033,24,C/2,3.0344115453018,3.05784136023005,99.91500032793026,99.23377925248263
2,DD033,25,C/2,3.03301736824366,3.05578546275773,99.86909383201116,99.25491842305178
2,DD033,26,C/2,3.03132207343029,3.05323362893413,99.81327233934117,99.28234920196758
2,DD033,27,C/2,3.02960395169503,3.05041090593392,99.75669921760766,99.31789667423446
2,DD033,28,C/2,3.02805201524211,3.04828288314943,99.70559812967431,99.33631921042651
2,DD033,29,C/2,3.02618954210599,3.04658311052708,99.64427190505776,99.33060849872689
2,DD033,30,C/2,3.02334863828043,3.0462899805956,99.55072859281263,99.24690878211521
2,DD033,31,C/2,3.02047336409337,3.0484802837792,99.4560535571248,99.08128257102881
2,DD033,32,C/2,3.01844673756572,3.0499242864233,99.38932220340047,98.96792359739217
2,DD033,33,C/2,3.01692595388558,3.04907456118242,99.33924689237841,98.94562738130047
2,DD033,34,C/2,3.01628120233184,3.04515248421511,99.31801696006976,99.05189372181106
2,DD033,35,C/2,3.01504976236356,3.04054951743857,99.27746895825867,99.16134386469419
2,DD033,36,C/2,3.01320142036927,3.0369462405876,99.21660803408653,99.21813498372181
2,DD033,37,C/2,3.01073819697254,3.03391304640045,99.13550072124589,99.23613995940308
2,DD033,38,C/2,3.00806810663726,3.03019877483714,99.04758183722433,99.26966282266187
2,DD033,39,C/2,3.00551111676825,3.02656716287314,98.96338704697044,99.30429278546387
2,DD033,40,C/2,3.00270683023022,3.02334663615966,98.87104944339103,99.3173192354927
2,DD033,41,C/2,2.99996092688646,3.02023024891263,98.78063424116937,99.32888156346797
2,DD033,42,C/2,2.99772112645109,3.01682029541554,98.70688364475437,99.36691061799492
2,DD033,43,C/2,2.99561657662146,3.01431555754882,98.63758648654813,99.37966080291322
2,DD033,44,C/2,2.99314301997237,3.01184931483311,98.55613892753536,99.37891000161883
2,DD033,45,C/2,2.99053465377138,3.009288347967,98.47025245302903,99.37680634000097
2,DD033,46,C/2,2.98849180288069,3.00642109168743,98.40298687472301,99.40363348114097
2,DD033,47,C/2,2.98624026056561,3.00414108690091,98.3288496498308,99.40412830764328
2,DD033,48,C/2,2.9789873529207,3.00152290526881,98.09003093361491,99.24919605615696
2,DD033,49,C/2,2.98174659699214,2.99443477154097,98.18088541007168,99.57627480586928
2,DD033,50,C/2,2.97951835660875,2.99684012227258,98.10751545503649,99.421999007051
2,DD033,51,C/10,3.20243874272583,3.00081367782246,,
2,DD034,0,C/10,3.282,,,
2,DD034,1,C/2,3.05145968406319,3.28052753022609,100.0,93.01734723905479
2,DD034,2,C/2,3.05303450948424,3.06388074870486,100.05160892110993,99.64599669144417
2,DD034,3,C/2,3.05308180759251,3.06578300288046,100.0531589369439,99.58571121061026
2,DD034,4,C/2,3.05258528394023,3.06587353782691,100.0368872603141,99.566575277071
2,DD034,5,C/2,3.05243711141242,3.06551948157522,100.032031468557,99.5732413301749
2,DD034,6,C/2,3.05208437461012,3.06549223280751,100.02047185975265,99.56261973023788
2,DD034,7,C/2,3.05179245390163,3.06521303993922,100.0109052674095,99.56216465665773
2,DD034,8,C/2,3.05129473948253,3.06488049186944,99.99459456792034,99.55672815227378
2,DD034,9,C/2,3.05124706365678,3.06403232349079,99.99303217383076,99.58273090867907
2,DD034,10,C/2,3.05084680033836,3.06399408539735,99.97991506399279,99.57091023374853
2,DD034,11,C/2,3.05028112051798,3.06331184389422,99.96137705664718,99.5746197566463
2,DD034,12,C/2,3.01740101561287,3.06298384683782,98.88385651535239,98.51181614059085
2,DD034,13,C/2,3.04912658629754,3.0297411013961,99.92354158313692,100.63983965139818
2,DD034,14,C/2,3.04888459087133,3.0615306563067,99.91561110227643,99.58693650807254
2,DD034,15,C/2,3.04784717456055,3.0613635550667,99.88161372337616,99.55848496060588
2,DD034,16,C/2,3.04210673607786,3.06020717042935,99.69349265749183,99.40852258218354
2,DD034,17,C/2,3.0454909569525,3.05431717415786,99.80439764150046,99.71102486408296
2,DD034,18,C/2,3.04474225292947,3.05812900141014,99.77986171114097,99.56225690693567
2,DD034,19,C/2,3.0416345649598,3.0581267807535,99.67801904266658,99.46070856520747
2,DD034,20,C/2,3.03878648143642,3.05680869799976,99.58468392379693,99.4104237999868
2,DD034,21,C/2,3.03731166845705,3.05622413991465,99.53635253056002,99.38118179191765
2,DD034,22,C/2,3.03686410662723,3.05608769462314,99.52168539167704,99.37097394064536
2,DD034,23,C/2,3.03523738769776,3.0558299762214,99.4683758579491,99.32612126054529
2,DD034,24,C/2,3.03529649364948,3.05381898410522,99.47031283099938,99.39346468955273
2,DD034,25,C/2,3.03509560128556,3.05342141450369,99.4637293468731,99.39982692427967
2,DD034,26,C/2,3.03431117036925,3.05277701617933,99.438022603297,99.39511318015651
2,DD034,27,C/2,3.03214239766875,3.05150128277394,99.36694931624598,99.36559472498101
2,DD034,28,C/2,3.03266669726365,3.0490747314583,99.38413124388666,99.46186841452709
2,DD034,29,C/2,3.03192507638785,3.049565365909,99.35982743677188,99.42154742054883
2,DD034,30,C/2,3.0307360959702,3.04817206537613,99.32086311999392,99.42798605091939
2,DD034,31,C/2,3.02973052451444,3.04681331505837,99.28790933525242,99.4393227028548
2,DD034,32,C/2,3.02853743566572,3.04515028326641,99.24881038025225,99.45444900726311
2,DD034,33,C/2,3.02714433537072,3.04348237587841,99.20315680985526,99.4631793948544
2,DD034,34,C/2,3.02556346085813,3.04163250405028,99.1513496527479,99.47169675591142
2,DD034,35,C/2,3.02409441317882,3.0394236201096,99.10320719532064,99.49565414872221
2,DD034,36,C/2,3.02268270080407,3.03765055527994,99.05694368470888,99.50725555150333
2,DD034,37,C/2,3.02103989015784,3.03621830594244,99.00310680608946,99.50008812756009
2,DD034,38,C/2,3.01897824322468,3.03435651175598,98.93554415913964,99.49319506551983
2,DD034,39,C/2,3.01755808083938,3.03218412793501,98.88900373152994,99.51763987678443
2,DD034,40,C/2,3.01582543933603,3.03071415889944,98.83222298779609,99.50873890499736
2,DD034,41,C/2,3.01370279684543,3.02870556189091,98.7626614431463,99.50464762127247
2,DD034,42,C/2,3.01211638169421,3.02656608069134,98.71067271265429,99.52257117102728
2,DD034,43,C/2,3.01045003810637,3.02458202355628,98.65606463126483,99.53276236716854
2,DD034,44,C/2,3.00874024871514,3.0234515704969,98.60003277870064,99.51342624683278
2,DD034,45,C/2,3.00152645357582,3.02211029644444,98.3636280450253,99.31889173956235
2,DD034,46,C/2,3.00437240760525,3.01644530898212,98.45689337781974,99.59976395590796
2,DD034,47,C/2,3.00192414032538,3.02166244807463,98.37666071760613,99.34677323862475
2,DD034,48,C/2,2.9999601559285898,3.02072625012831,98.31229858930904,99.3125463057489
2,DD034,49,C/2,2.99819483128997,3.0189359205978,98.25444677996549,99.3129668912044
2,DD034,50,C/2,2.99709420614818,3.01667940607816,98.21837797173124,99.3507695948559
2,DD034,51,C/10,3.21713183314108,3.02295779551894,,
3,DD020,0,C/10,3.227,,,
3,DD020,1,C/2,3.0171178319627,3.21916331439997,100.0,93.72366473196685
3,DD020,2,C/2,3.0127510440329,3.02399823816152,99.85526624503893,99.62806876053413
3,DD020,3,C/2,3.00804116177777,3.01954297669683,99.69916089823295,99.61908755703016
3,DD020,4,C/2,3.0045586683511,3.01478466714852,99.58373638979059,99.6608050018016
3,DD020,5,C/2,3.00134772742257,3.01121424574666,99.4773122755411,99.67234087252255
3,DD020,6,C/2,2.99775856303466,3.00790473458366,99.35835224189947,99.66268308193595
3,DD020,7,C/2,2.99372591514865,3.00433403834438,99.22469329615699,99.6469060011191
3,DD020,8,C/2,2.99082725757936,3.00047504609773,99.1286195684894,99.67845796515064
3,DD020,9,C/2,2.98742280894007,2.99750490793585,99.01578179320518,99.66365029231187
3,DD020,10,C/2,2.98381837546818,2.99375902368017,98.89631567777192,99.66795429647607
3,DD020,11,C/2,2.98016958331359,2.9899614131404,98.77537932865306,99.67250982625472
3,DD020,12,C/2,2.97657511832885,2.98620617383743,98.65624361089417,99.67748189683087
3,DD020,13,C/2,2.97285432855473,2.9825283664585,98.5329209572443,99.67564305464572
3,DD020,14,C/2,2.96910999592099,2.97890153736534,98.40881799400988,99.67130362244166
3,DD020,15,C/2,2.96534947099321,2.97508848136334,98.28417834991173,99.67264804286873
3,DD020,16,C/2,2.96045406278822,2.97108545113803,98.12192389126483,99.64217157248918
3,DD020,17,C/2,2.9577953851317,2.96640522010721,98.0338041092545,99.7097552648185
3,DD020,18,C/2,2.95402690491669,2.96345948175414,97.90890079341156,99.68170387023929
3,DD020,19,C/2,2.95037998132586,2.95956681530693,97.78802637637041,99.68958855959745
3,DD020,20,C/2,2.94668676663961,2.9558345039675,97.66561767734233,99.69051929952062
3,DD020,21,C/2,2.94295711310724,2.95202299939599,97.54200124138947,99.6928924235819
3,DD020,22,C/2,2.93937356095612,2.94804950151452,97.42322722092675,99.70570573682895
3,DD020,23,C/2,2.93578741109212,2.9443250614169,97.30436710131161,99.7100303075683
3,DD020,24,C/2,2.93086631190637,2.94047068233575,97.14126113529277,99.67337302537732
3,DD020,25,C/2,2.92828369747784,2.93602580214362,97.05566240921154,99.73630665438542
3,DD020,26,C/2,2.92470449790451,2.93314541118705,96.93703265151984,99.71222315639906
3,DD020,27,C/2,2.92005912493493,2.92950461907733,96.78306541429869,99.67757367300636
3,DD020,28,C/2,2.91753174760401,2.92479085743452,96.69929747841812,99.75180755875046
3,DD020,29,C/2,2.91408225392844,2.92228860602741,96.58496672079814,99.71918064211577
3,DD020,30,C/2,2.91050247469531,2.91876176308662,96.46631775073782,99.71702766235447
3,DD020,31,C/2,2.90683368048575,2.91497623608445,96.34471844922253,99.72066476913591
3,DD020,32,C/2,2.90359327868733,2.91162355796362,96.23731787758784,99.7241992614627
3,DD020,33,C/2,2.89995871916598,2.90825300888935,96.11685325791517,99.71480164559212
3,DD020,34,C/2,2.89667803021238,2.90470915671115,96.00811740017554,99.72351357518137
3,DD020,35,C/2,2.8919476557674,2.90100323378889,95.85133285583765,99.6878466760734
3,DD020,36,C/2,2.88983712719003,2.89700433939315,95.78138104437667,99.75259918994041
3,DD020,37,C/2,2.8866516291109,2.89456199681773,95.67580021338017,99.72671624530666
3,DD020,38,C/2,2.8834702342787,2.89127946026555,95.57035538127924,99.72990414471616
3,DD020,39,C/2,2.88030201091832,2.88806245898876,95.46534710726303,99.73129223551635
3,DD020,40,C/2,2.87705206988632,2.88485281991435,95.35763036522627,99.72959625620477
3,DD020,41,C/2,2.87402708194958,2.8815787861369,95.25736951678694,99.73793171216934
3,DD020,42,C/2,2.87075455097854,2.87848526430015,95.14890404896957,99.73143120037858
3,DD020,43,C/2,2.86799015284412,2.87539748323777,95.0572802447835,99.74238934140998
3,DD020,44,C/2,2.86515878497097,2.87242731360031,94.96343678122517,99.74695517637906
3,DD020,45,C/2,2.86143878273421,2.87002125866252,94.84014022988234,99.7009612419279
3,DD020,46,C/2,2.85845403824448,2.86612038787319,94.741213218875,99.73251822703794
3,DD020,47,C/2,2.85578053427974,2.86317296191131,94.65260203052772,99.74180995245796
3,DD020,48,C/2,2.85300567523605,2.86040832021622,94.56063150772302,99.74120320767315
3,DD020,49,C/2,2.8500344822314,2.85738438936401,94.46215365004129,99.742774995203
3,DD020,50,C/2,2.84733153411805,2.85465400753948,94.3725665585225,99.7434899850528
3,DD020,51,C/10,3.08714135688709,2.85556894788714,,
3,DD021,0,C/10,3.215,,,
3,DD021,1,C/2,2.9509274083268,4.45695721904913,100.0,66.20946226978516
3,DD021,2,C/2,2.99367164421227,3.33785843767468,101.44850177489477,89.68839452334032
3,DD021,3,C/2,2.98909210792031,3.42848051957265,101.29331204440402,87.18416484667357
3,DD021,4,C/2,2.97851516799066,3.30234719731289,100.9348843887523,90.19388301794156
3,DD021,5,C/2,2.99512472949286,3.39599278057957,101.49774342267268,88.19585090465661
3,DD021,6,C/2,2.98445503917674,3.25089777421232,101.13617267423567,91.8040260401563
3,DD021,7,C/2,2.9487726983428,3.59001105689427,99.92698193869765,82.13826229531986
3,DD021,8,C/2,2.99160490434997,3.40347898986712,101.37846481443047,87.8984390165655
3,DD021,9,C/2,2.95954013976335,3.95707430579543,100.29186524250807,74.79111866635618
3,DD021,10,C/2,2.93726447592609,3.78312606545766,99.53699530655493,77.64120003150772
3,DD021,11,C/2,2.99783223689265,3.28699975799631,101.58949449022352,91.20269113497196
3,DD021,12,C/2,2.98621997115194,3.25019302319871,101.1959820741626,91.87823461060235
3,DD021,13,C/2,2.99369376404775,3.00082077023669,101.44925136417365,99.76249810519747
3,DD021,14,C/2,2.93025801358415,3.6111445054423,99.2995627515497,81.14485612990573
3,DD021,15,C/2,2.99048125635736,3.01278698709597,101.34038702270169,99.25963133689348
3,DD021,16,C/2,2.98566993240316,3.0260613591891,101.17734255266073,98.66521454816886
3,DD021,17,C/2,2.98425903139472,2.99980162856462,101.12953043080172,99.48187916754559
3,DD021,18,C/2,2.98510203710562,3.03281771049345,101.15809791465516,98.426688382136
3,DD021,19,C/2,2.9823325519818,3.01742356586813,101.06424656758352,98.83705376059014
3,DD021,20,C/2,2.96538796590262,3.14298574493964,100.49003433751082,94.34939279241208
3,DD021,21,C/2,2.96673696575979,3.17613532441631,100.53574877472009,93.40713359891232
3,DD021,22,C/2,2.98263503754549,3.01350279179122,101.0744970929891,98.97568522817322
3,DD021,23,C/2,2.97086487305283,3.08728901952475,100.67563385902925,96.22891975012297
3,DD021,24,C/2,2.97637937872078,3.06691420864284,100.86250750601864,97.04801556995221
3,DD021,25,C/2,2.97896593676414,3.01734588777377,100.95015988391384,98.72802282412682
3,DD021,26,C/2,2.97760203380207,3.00804697309148,100.90394041547755,98.98788351505958
3,DD021,27,C/2,2.97652619207263,2.98504431927282,100.86748266574084,99.7146398415195
3,DD021,28,C/2,2.97516086021304,2.98581935189461,100.82121477532316,99.64302958667587
3,DD021,29,C/2,2.97329667156179,2.99664992250506,100.75804179973622,99.22068805008269
3,DD021,30,C/2,2.97154450335019,3.00441026017982,100.69866493378366,98.90608292531718
3,DD021,31,C/2,2.97025770630227,2.9778302241182,100.6550584037047,99.74570350738607
3,DD021,32,C/2,2.96583857167522,2.97635503615944,100.50530430895535,99.64666632990833
3,DD021,33,C/2,2.96667648111264,2.99680868697572,100.53369909206849,98.99452354119114
3,DD021,34,C/2,2.96533194769163,2.98105654020381,100.48813601189185,99.47251612640984
3,DD021,35,C/2,2.96409684711992,2.99113563718004,100.44628135398924,99.0960359763019
3,DD021,36,C/2,2.95529076258069,3.03755549911768,100.14786382889586,97.29174539984913
3,DD021,37,C/2,2.96171393880016,2.97783898978727,100.365530186982,99.45849822497414
3,DD021,38,C/2,2.95983530722882,2.97853840032875,100.30186777475055,99.3720714462548
3,DD021,39,C/2,2.95759484160045,2.9848036706832,100.22594365604644,99.08842148145301
3,DD021,40,C/2,2.95647517391244,2.98738394319556,100.18800074749335,98.96535665080741
3,DD021,41,C/2,2.95519730863365,3.01117253804549,100.14469689409509,98.14108196376641
3,DD021,42,C/2,2.95309773144768,2.97708272369127,100.0735471538458,99.19434579184782
3,DD021,43,C/2,2.95146780162586,2.96039328276187,100.01831265986195,99.69850353370336
3,DD021,44,C/2,2.9269389735747,3.0768963666465,99.18708827996207,95.12634241772537
3,DD021,45,C/2,2.94176402563823,3.05987964719325,99.68947447969363,96.13986054440524
3,DD021,46,C/2,2.94726171746081,2.95457309669852,99.87577834494856,99.75254024867823
3,DD021,47,C/2,2.94571494937532,2.9521723548949,99.82336200691444,99.78126597151845
3,DD021,48,C/2,2.85397648172133,3.43992630507667,96.7145607739486,82.96620998855147
3,DD021,49,C/2,2.94368825312654,2.97962339057939,99.75468203047514,98.79397048746277
3,DD021,50,C/2,2.87225565030998,3.35702947480003,97.33399887117429,85.5594409245118
3,DD021,51,C/10,3.11079238126075,3.14285468150086,,
3,DD022,0,C/10,3.256,,,
3,DD022,1,C/2,3.02417425864405,3.29,100.0,91.92019023234195
3,DD022,2,C/2,3.02868944157262,3.04,100.14930300116352,99.62794215699408
3,DD022,3,C/2,3.02803454613911,3.03,100.127647654034,99.93513353594422
3,DD022,4,C/2,3.027660071018,3.03,100.11526493104643,99.9227746210561
3,DD022,5,C/2,3.02743092742979,3.03,100.1076878680662,99.91521212639573
3,DD022,6,C/2,3.02752631232559,3.03,100.11084194873887,99.91836014275876
3,DD022,7,C/2,3.02357261526121,3.05,99.98010553191105,99.13352836922002
3,DD022,8,C/2,3.02808053575336,3.04,100.12916838697852,99.60791236030789
3,DD022,9,C/2,3.02699550587985,3.03,100.09328983697733,99.90084177821288
3,DD022,10,C/2,3.02377994511478,3.07,99.98696128279833,98.49446075292444
3,DD022,11,C/2,3.02482494183255,3.06,100.02151606133938,98.85048829518138
3,DD022,12,C/2,3.02162773251427,3.03,99.91579433220487,99.7236875417251
3,DD022,13,C/2,3.02346300933685,3.04,99.97648120622787,99.45602004397533
3,DD022,14,C/2,3.01692639773613,3.09,99.76033587061977,97.63515850278739
3,DD022,15,C/2,3.01843726011547,3.03,99.81029537196206,99.61839142295281
3,DD022,16,C/2,3.01521606468598,3.03,99.70378049702444,99.51208134277162
3,DD022,17,C/2,2.99128417953272,3.13,98.9124277803331,95.56818464960767
3,DD022,18,C/2,3.01387136661542,3.03,99.65931553053926,99.46770186849572
3,DD022,19,C/2,3.01362257425599,3.03,99.65108874404642,99.45949089953764
3,DD022,20,C/2,3.01320137375686,3.03,99.63716095870382,99.44558989296569
3,DD022,21,C/2,3.01224079620712,3.02,99.60539765845766,99.74307272209006
3,DD022,22,C/2,3.01200595603909,3.02,99.59763222736986,99.73529655758576
3,DD022,23,C/2,3.0111637158211,3.02,99.56978197318618,99.7074078086457
3,DD022,24,C/2,3.00882335928526,3.02,99.49239369011515,99.62991255911456
3,DD022,25,C/2,3.00947031191925,3.02,99.51378639366526,99.65133483176324
3,DD022,26,C/2,3.00141989043692,3.05,99.24758409201814,98.40720952252198
3,DD022,27,C/2,3.00058648271209,3.09,99.22002590080453,97.1063586638217
3,DD022,28,C/2,2.99764280766891,3.16,99.1226877585078,94.86211416673765
3,DD022,29,C/2,2.98877088435418,3.14,98.82932095633457,95.18378612592929
3,DD022,30,C/2,2.98955599286218,3.08,98.85528204325793,97.06350626175909
3,DD022,31,C/2,2.99438204519046,3.06,99.01486452480593,97.8556223918451
3,DD022,32,C/2,2.99632458107729,3.04,99.07909812117614,98.56330858806874
3,DD022,33,C/2,2.99934209139314,3.01,99.17887776539557,99.64591665757942
3,DD022,34,C/2,2.99791854108625,3.01,99.13180540166451,99.59862262745017
3,DD022,35,C/2,2.99607325415571,3.0,99.07078752462697,99.86910847185699
3,DD022,36,C/2,2.99393758242084,3.0,99.00016752881272,99.79791941402799
3,DD022,37,C/2,2.99209812089933,3.0,98.93934227986246,99.73660402997767
3,DD022,38,C/2,2.9902086625627,3.0,98.8768637923471,99.67362208542333
3,DD022,39,C/2,2.98825581813918,3.0,98.81228932485607,99.608527271306
3,DD022,40,C/2,2.98619911788761,2.99,98.74428066941265,99.87288019691003
3,DD022,41,C/2,2.98419672506888,2.99,98.67806779120278,99.80591053742073
3,DD022,42,C/2,2.98262688716312,2.99,98.626158153348,99.75340759742876
3,DD022,43,C/2,2.96471894730938,3.06,98.03399849844207,96.88624010814966
3,DD022,44,C/2,2.97850087446623,2.98,98.48972379659435,99.94969377403457
3,DD022,45,C/2,2.97642938243143,2.98,98.42122602306563,99.88018061850437
3,DD022,46,C/2,2.97454046930405,2.98,98.3587655639178,99.81679427194798
3,DD022,47,C/2,2.97272711402727,2.98,98.29880356696617,99.7559434237339
3,DD022,48,C/2,2.97059173546671,2.98,98.22819326551094,99.68428642505738
3,DD022,49,C/2,2.96848361470235,2.98,98.15848429426582,99.61354411752852
3,DD022,50,C/2,2.96575394759495,2.98,98.06822272618331,99.52194455016611
3,DD022,51,C/10,3.18901232759063,2.98,,
4,DD013,0,C/10,3.37,,,
4,DD013,1,C/2,3.13526197551297,3.3620984036892,100.0,93.25312941681527
4,DD013,2,C/2,3.13371637044469,3.14857168976109,99.95070252245742,99.52818862709374
4,DD013,3,C/2,3.13197044836243,3.14772340778541,99.89501588140809,99.49954435691468
4,DD013,4,C/2,3.13182473813057,3.1457775079657,99.89036841548665,99.55646037268056
4,DD013,5,C/2,3.13147465700911,3.14576497753051,99.87920248663622,99.54572828474242
4,DD013,6,C/2,3.12915773498806,3.14557012100423,99.80530365332832,99.47823811313002
4,DD013,7,C/2,3.12690346440553,3.14329176688801,99.7334031040238,99.47862611243674
4,DD013,8,C/2,3.12642162564416,3.14086173912247,99.7180347308182,99.54024994801763
4,DD013,9,C/2,3.12302009343392,3.14074374539288,99.60954197210117,99.43568614965935
4,DD013,10,C/2,3.1212955842638,3.13744604385758,99.55453830148005,99.4852354632393
4,DD013,11,C/2,3.11822536494692,3.1356805468352,99.4566128540738,99.4433367293777
4,DD013,12,C/2,3.11328880640765,3.13430938880194,99.29916002946692,99.3293392646753
4,DD013,13,C/2,3.10970008205725,3.13284968185627,99.18469672852338,99.2610689260615
4,DD013,14,C/2,3.10832282242715,3.13288139054793,99.14076867272273,99.21610284401848
4,DD013,15,C/2,3.10843543038348,3.13376928115455,99.14436033291601,99.19158532431155
4,DD013,16,C/2,3.1104770649345,3.13590292209473,99.20947880043055,99.1892013945621
4,DD013,17,C/2,3.11069169380181,3.13940091484403,99.21632444423915,99.08551912224799
4,DD013,18,C/2,3.11207074915991,3.14111968439719,99.26030977525362,99.07520444440327
4,DD013,19,C/2,3.11200257918165,3.14356998124872,99.25813547598318,98.99581042396484
4,DD013,20,C/2,3.11272660729507,3.15160187163649,99.28122854186012,98.76649190079223
4,DD013,21,C/2,3.1051548979138,3.2103524519103,99.0397268925432,96.72317742141044
4,DD013,22,C/2,3.11229207554452,3.15090848882195,99.26736903812666,98.77443558216864
4,DD013,23,C/2,3.10908212584065,3.18432347310264,99.16498685351368,97.63713241140421
4,DD013,24,C/2,3.11123592986954,3.17795052959106,99.23368299583645,97.90070364216447
4,DD013,25,C/2,3.10641613672581,3.17361625202461,99.07995443403289,97.88253809023288
4,DD013,26,C/2,3.11317521051015,3.16265973590139,99.29553685863183,98.43535095383453
4,DD013,27,C/2,3.11325806660791,3.14991690627481,99.29817957552144,98.83619661223845
4,DD013,28,C/2,3.11248968635744,3.14919872198276,99.27367188664341,98.83433727541309
4,DD013,29,C/2,3.11197875838041,3.14992405999997,99.25737570530289,98.79535820874487
4,DD013,30,C/2,3.10654031215502,3.16690403986188,99.08391504179644,98.09391989946455
4,DD013,31,C/2,3.10989643505235,3.14583913135938,99.19095945861208,98.85745281922607
4,DD013,32,C/2,3.10703669936544,3.14951396125795,99.09974744158623,98.65130739488629
4,DD013,33,C/2,3.10733652273919,3.14161509740627,99.10931038644031,98.90888687492682
4,DD013,34,C/2,3.10308587822953,3.13831263735911,98.97373496904751,98.87752549856782
4,DD013,35,C/2,3.10390331289523,3.13295356007059,98.99980726131797,99.0727520654757
4,DD013,36,C/2,3.10136668256653,3.13268396356467,98.9189007741245,99.00030512613523
4,DD013,37,C/2,3.09816985611167,3.12961997361281,98.816937158968,98.9950819023936
4,DD013,38,C/2,3.09674689418316,3.12571795868524,98.77155141641686,99.07313887929075
4,DD013,39,C/2,3.09468364813506,3.12356173062915,98.70574364455555,99.07547585146418
4,DD013,40,C/2,3.09267314409381,3.12203892317579,98.641618092785,99.05940381255373
4,DD013,41,C/2,3.09037055550091,3.11862024607824,98.5681764279135,99.09416061115954
4,DD013,42,C/2,3.08826750380357,3.11607994241778,98.50109904446786,99.107454265354
4,DD013,43,C/2,3.08595490553657,3.1129166933278,98.42733811842524,99.13387377667318
4,DD013,44,C/2,3.08279379511263,3.11052548700316,98.3265136754081,99.10845636834026
4,DD013,45,C/2,3.08038717202438,3.10678536372237,98.24975380312162,99.1503052638834
4,DD013,46,C/2,3.07818323865175,3.10407407136255,98.17945877228071,99.16590802553127
4,DD013,47,C/2,3.07532628750821,3.10122445459885,98.08833556899329,99.16490510539361
4,DD013,48,C/2,3.07164618957989,3.09819873506934,97.9709578839047,99.14296829351537
4,DD013,49,C/2,3.0710323733886,3.09446655019286,97.95138005608412,99.24270705712429
4,DD013,50,C/2,3.06784750812709,3.09330275167899,97.84979794631516,99.17708528406787
4,DD013,51,C/10,3.29313937224997,3.09869378970885,,
4,DD015,0,C/10,3.46,,,
4,DD015,1,C/2,3.22336796080529,3.46037060778175,100.0,93.15094613150731
4,DD015,2,C/2,3.2233305161394,3.23734345403957,99.99883833721917,99.56714701114939
4,DD015,3,C/2,3.21970503054592,3.23746812769589,99.88636326029452,99.45132750503363
4,DD015,4,C/2,3.21839984725786,3.27324624324188,99.84587196969629,98.32440360705344
4,DD015,5,C/2,3.21851791685382,3.23553115346578,99.84953489609487,99.47417484780709
4,DD015,6,C/2,3.21721078845328,3.23468929375403,99.80898326139372,99.45965427546628
4,DD015,7,C/2,3.21545904602501,3.23255808473392,99.7546381649117,99.47103692305912
4,DD015,8,C/2,3.21512002849605,3.23997826404004,99.74412067100215,99.23276536080853
4,DD015,9,C/2,3.2133300775661,3.23151789441863,99.68859021491662,99.43717418727763
4,DD015,10,C/2,3.20865388177295,3.23154219319201,99.54351848094116,99.29172172137257
4,DD015,11,C/2,3.2060822818362,3.23102990947878,99.46373857470583,99.22787382532758
4,DD015,12,C/2,3.20540684484534,3.23334587253391,99.44278418789449,99.1359097111787
4,DD015,13,C/2,3.2034794295205,3.24695074489627,99.382989111804,98.66116492699803
4,DD015,14,C/2,3.20829600646674,3.29285775789019,99.53241595369134,97.43196464466686
4,DD015,15,C/2,3.20649172892603,3.25026239936209,99.47644103668995,98.65331886912729
4,DD015,16,C/2,3.20046995573997,3.26043733565212,99.28962484755853,98.16075655690662
4,DD015,17,C/2,3.20188180097374,3.27810517737354,99.33342515986968,97.67477331337882
4,DD015,18,C/2,3.19600083175758,3.29476793560973,99.15097719588697,97.00230469088038
4,DD015,19,C/2,3.19405803449054,3.31090794609835,99.09070491885674,96.47075927479321
4,DD015,20,C/2,3.21241032175454,3.25202913093135,99.66005621499035,98.78172034807501
4,DD015,21,C/2,3.20773487402703,3.25540109124703,99.51500768859307,98.535780511097
4,DD015,22,C/2,3.21382847902887,3.25257750921946,99.70405234858644,98.80866697009509
4,DD015,23,C/2,3.21421059178789,3.25320201424775,99.71590680528101,98.80144478304473
4,DD015,24,C/2,3.21317056224604,3.25654425760622,99.68364149910137,98.66810668214094
4,DD015,25,C/2,3.21423477259364,3.25397914706997,99.71665697733843,98.77859160492415
4,DD015,26,C/2,3.21441919995056,3.25449679694719,99.72237855052408,98.76854704437798
4,DD015,27,C/2,3.21428945901652,3.254742894216,99.71835353893317,98.75709275619373
4,DD015,28,C/2,3.21347218421558,3.25360855965594,99.6929988536823,98.7664042952787
4,DD015,29,C/2,3.21241285264988,3.25271861830582,99.6601347320995,98.76085913398394
4,DD015,30,C/2,3.21168315311915,3.25107513447281,99.63749693400747,98.78833986529668
4,DD015,31,C/2,3.21045244007428,3.25715005675178,99.59931596739632,98.56630441140715
4,DD015,32,C/2,3.20827133867727,3.24811941495458,99.53165067371805,98.77319546523302
4,DD015,33,C/2,3.20573879490362,3.25523212749741,99.45308242446929,98.47957593636065
4,DD015,34,C/2,3.20548227762646,3.25624178197529,99.44512437313047,98.44116291886536
4,DD015,35,C/2,3.20263891486174,3.2432713922308,99.35691344594828,98.74717615471853
4,DD015,36,C/2,3.20011616791672,3.23812653141725,99.2786491281386,98.82616188305978
4,DD015,37,C/2,3.19687026478846,3.2353084237471,99.17795000946123,98.81191670393757
4,DD015,38,C/2,3.19320227579024,3.2303944727713,99.06415633021575,98.84867940139974
4,DD015,39,C/2,3.19039382071607,3.22591330177575,98.97702836008266,98.89893255841291
4,DD015,40,C/2,3.18716974273469,3.22255848235144,98.8770063327937,98.90184337039781
4,DD015,41,C/2,3.1837949140652,3.21841769477236,98.77230749882482,98.92422973054748
4,DD015,42,C/2,3.18079689342008,3.21499558841055,98.67929855037168,98.93627552355748
4,DD015,43,C/2,3.17514272628863,3.21106873620928,98.50388676989232,98.88118215858994
4,DD015,44,C/2,3.17402985416922,3.20497153180451,98.46936163553156,99.03457246567588
4,DD015,45,C/2,3.17087165831387,3.20349577250266,98.3713834991924,98.9816089514205
4,DD015,46,C/2,3.16786628842559,3.19963358033456,98.27814655184963,99.00715844138477
4,DD015,47,C/2,3.16472360567894,3.19582125356632,98.18064968568778,99.02692780916088
4,DD015,48,C/2,3.16167523322204,3.19227902383033,98.08607865023771,99.04131843175887
4,DD015,49,C/2,3.15861055671678,3.18859922424332,97.99100180693203,99.05950339263298
4,DD015,50,C/2,3.15525726126558,3.1849220360787,97.88697100771908,99.06858709641624
4,DD015,51,C/10,3.38870567589746,3.19313438518592,,
4,DD057,0,C/10,3.34,,,
4,DD057,1,C/2,3.09273469698396,3.33538069139167,100.0,92.72508847239062
4,DD057,2,C/2,3.09884801838596,3.11558677703655,100.1976671781114,99.46274137591149
4,DD057,3,C/2,3.10043013724479,3.14727838182218,100.24882316185526,98.51146804019712
4,DD057,4,C/2,3.09949406816581,3.19652180100426,100.21855645065325,96.96458404231853
4,DD057,5,C/2,3.09963529222415,3.20098695975541,100.2231227672687,96.83373694408913
4,DD057,6,C/2,3.09656363906396,3.23822516686772,100.12380441438233,95.62533423391349
4,DD057,7,C/2,3.09751253674917,3.12046918550776,100.15448592373181,99.26432060713157
4,DD057,8,C/2,3.09637019105911,3.22237090920997,100.11754949684806,96.08981331755656
4,DD057,9,C/2,3.09653216591212,3.16829147881566,100.12278676641301,97.73507856258338
4,DD057,10,C/2,3.09627739663488,3.18992279871559,100.11454909644772,97.06433641220359
4,DD057,11,C/2,3.09517557930694,3.1356617620557,100.07892310728626,98.70884726029195
4,DD057,12,C/2,3.09417924879285,3.17150071364734,100.04670791226609,97.56199125159371
4,DD057,13,C/2,3.09411003599219,3.20417984694834,100.04446999639416,96.56480546617942
4,DD057,14,C/2,3.06962581330941,3.2500419392776,99.25280096941111,94.4488062203809
4,DD057,15,C/2,3.09147292623268,3.19195513543133,99.95920210186439,96.85201686943286
4,DD057,16,C/2,3.09073988802261,2.56,99.93550015902446,120.73202687588321
4,DD057,17,C/2,3.07831521527945,3.33005388985082,99.53376273372004,92.44040238091621
4,DD057,18,C/2,3.08810048520061,3.18159012119976,99.85015812097076,97.06154367980325
4,DD057,19,C/2,3.08571915737953,3.10047525160747,99.77316063963482,99.52406992378702
4,DD057,20,C/2,3.08263227733347,3.10298053550511,99.67334994300215,99.34423506886975
4,DD057,21,C/2,3.07802673641992,3.12440508795802,99.52443510339303,98.51561016473666
4,DD057,22,C/2,3.07972786820107,3.11401261274478,99.57943923235399,98.89901715865271
4,DD057,23,C/2,3.07976703000048,3.16600443084222,99.58070548385135,97.2761440255218
4,DD057,24,C/2,3.07828920630799,3.16125731418796,99.53292176370455,97.37547122445228
4,DD057,25,C/2,3.0780696295619,3.15091693739686,99.52582200353748,97.68806003832195
4,DD057,26,C/2,3.0728050906578,3.16834557489963,99.35559922596674,96.98453082268792
4,DD057,27,C/2,3.07657069055305,3.09870591620318,99.47735554405385,99.28566226519321
4,DD057,28,C/2,3.07740004019068,3.0847631510392,99.50417160552975,99.76130709270048
4,DD057,29,C/2,3.07658966833757,3.08520385235163,99.47796916877046,99.7207904428262
4,DD057,30,C/2,3.07571065090663,3.08430665961799,99.44954715663351,99.72129850692522
4,DD057,31,C/2,3.06496419486065,3.0831735033648,99.10207292754882,99.4093972173711
4,DD057,32,C/2,3.0730893205895,3.07261167269419,99.3647894721258,100.01554533882542
4,DD057,33,C/2,3.07188146161443,3.08071229780968,99.32573474893059,99.7133508311851
4,DD057,34,C/2,3.07071882775518,3.07945668168879,99.28814232755722,99.71625339023056
4,DD057,35,C/2,3.0696432269954,3.07810933597652,99.25336402081048,99.72495749640309
4,DD057,36,C/2,3.06798540316879,3.076744617898,99.19976020447841,99.71530900945578
4,DD057,37,C/2,3.0667789954855,3.07483986403075,99.1607524071246,99.73784428127314
4,DD057,38,C/2,3.06600191359625,3.07335087562889,99.13562636285033,99.76088112519415
4,DD057,39,C/2,3.06423549484729,3.07244369912023,99.07851125528282,99.73284443665182
4,DD057,40,C/2,3.06297195869154,3.07031406970283,99.0376562748352,99.76086775344125
4,DD057,41,C/2,3.05082253488202,3.0687261466338702,98.64481870550317,99.41657838150567
4,DD057,42,C/2,3.06032957003924,3.05657667224771,98.95221769341155,100.1227810781128
4,DD057,43,C/2,3.058738190018,3.06635452695649,98.90076226069073,99.75161590509074
4,DD057,44,C/2,3.05732341009444,3.06536602325114,98.8550169879087,99.7376295980416
4,DD057,45,C/2,3.05589293528033,3.06437826981305,98.80876423899024,99.72309767967263
4,DD057,46,C/2,3.05264004107382,3.06344046970615,98.70358566645758,99.64744121065405
4,DD057,47,C/2,3.05286019134494,3.05953330046195,98.71070397089328,99.78189127354807
4,DD057,48,C/2,3.05134558444645,3.05904064786791,98.66173090831643,99.74844847430113
4,DD057,49,C/2,3.04946482745488,3.0574374256577,98.60091880589445,99.73923920287248
4,DD057,50,C/2,3.04828950927919,3.05440668270857,98.5629162518171,99.79972629499503
4,DD057,51,C/10,3.291871238413,3.05600710193103,,
5,DD035,0,C/10,3.355,,,
5,DD035,1,C/2,3.11727599121259,3.35515894953675,100.0,92.90993476309059
5,DD035,2,C/2,3.1154615029629,3.13111822995902,99.94179250554636,99.49996372394008
5,DD035,3,C/2,3.11706032434165,3.12975872749976,99.99308155994053,99.59426894327237
5,DD035,4,C/2,3.11745526218937,3.13128809473907,100.00575088562209,99.55823826709076
5,DD035,5,C/2,3.11748183250321,3.13151809948965,100.00660324242064,99.55177436181106
5,DD035,6,C/2,3.11754763286511,3.13165081956273,100.0087140713009,99.5496564748049
5,DD035,7,C/2,3.11734396953145,3.13156703563455,100.00218069619282,99.5458163296122
5,DD035,8,C/2,3.11714650868541,3.13130279429396,99.99584629248277,99.54791067684843
5,DD035,9,C/2,3.11695506536119,3.13108065560286,99.98970492659923,99.54885894694559
5,DD035,10,C/2,3.11671483037153,3.13087424821184,99.98199835873879,99.54774875265602
5,DD035,11,C/2,3.11641541550629,3.13040669724647,99.97239334249755,99.5530522678575
5,DD035,12,C/2,3.11624811568392,3.13021973670488,99.96702648300736,99.55365366663787
5,DD035,13,C/2,3.11557886022183,3.12987961907958,99.94555724306913,99.54308917280483
5,DD035,14,C/2,3.11462633982208,3.12920327632579,99.91500106509726,99.53416460304791
5,DD035,15,C/2,3.11394374568667,3.12820236196573,99.89310392999165,99.54419137161892
5,DD035,16,C/2,3.11290050812145,3.12728772321144,99.85963760977616,99.5399459095751
5,DD035,17,C/2,3.11199423665298,3.12657863254957,99.83056506467508,99.53353497190963
5,DD035,18,C/2,3.11117433864116,3.12547691165429,99.80426331872346,99.54238750061475
5,DD035,19,C/2,3.11015945373131,3.12439145164669,99.77170653155702,99.54448736223885
5,DD035,20,C/2,3.10774877191152,3.12354350920384,99.69437357077375,99.49433272673234
5,DD035,21,C/2,3.10832777168989,3.12102362273216,99.71294747247518,99.59321515704657
5,DD035,22,C/2,3.10737065321339,3.12142784315606,99.68224379146658,99.54965513703957
5,DD035,23,C/2,3.1047683561982,3.1205967397508,99.59876395129439,99.49277702719563
5,DD035,24,C/2,3.10491655695312,3.11736735851309,99.60351812626438,99.60059883459135
5,DD035,25,C/2,3.10426867855906,3.11832668210097,99.58273464748719,99.54918118032333
5,DD035,26,C/2,3.10302331878887,3.11717560800923,99.54278439047754,99.54598999222253
5,DD035,27,C/2,3.09840968068877,3.11580131233574,99.39478215669698,99.44182475377633
5,DD035,28,C/2,3.1007762478733,3.11123739574819,99.47069995131,99.66376246668975
5,DD035,29,C/2,3.09935754380981,3.11346043785896,99.42518893247531,99.54703474379626
5,DD035,30,C/2,3.09818264933195,3.11212790236167,99.3874991520012,99.55190617264999
5,DD035,31,C/2,3.09636465075645,3.11071266522884,99.32917904878849,99.53875474797881
5,DD035,32,C/2,3.09524164004458,3.10923326939138,99.29315366268104,99.54999743877246
5,DD035,33,C/2,3.09362687951531,3.10778512938364,99.24135329165766,99.54442635900192
5,DD035,34,C/2,3.09164192404574,3.1059667782411,99.1776773298511,99.53879564019445
5,DD035,35,C/2,3.09061747981753,3.10419582467919,99.1448138865404,99.56258091858417
5,DD035,36,C/2,3.08937175765256,3.10307502808193,99.10485200416358,99.55839706402973
5,DD035,37,C/2,3.08816677006867,3.10170622850551,99.06619685821926,99.56348353327569
5,DD035,38,C/2,3.08645678109798,3.10048038206866,99.0113416264236,99.54769586507356
5,DD035,39,C/2,3.08522432292196,3.09866025416311,98.97180524339258,99.56639546968408
5,DD035,40,C/2,3.08368430990404,3.09723940526805,98.92240271944985,99.56234912480598
5,DD035,41,C/2,3.08405467807961,3.09587626179046,98.93428386749748,99.61815063939238
5,DD035,42,C/2,3.07738809861746,3.09393648541183,98.72042473276117,99.46513488973038
5,DD035,43,C/2,3.07925649193571,3.08948857519126,98.78036146353243,99.66880980438917
5,DD035,44,C/2,3.07786430897951,3.09125908324673,98.7357012229851,99.56668872111646
5,DD035,45,C/2,3.07584385798248,3.08979051676933,98.67088658986549,99.54862121845619
5,DD035,46,C/2,3.07470965089155,3.08781508621894,98.6345020318691,99.57557577246513
5,DD035,47,C/2,3.07335888831377,3.08669672954967,98.59117052764594,99.56789272142566
5,DD035,48,C/2,3.07168967256777,3.08504995106969,98.5376232719424,99.56693477532552
5,DD035,49,C/2,3.07000432908137,3.0837339283555,98.48355864978026,99.55477354424505
5,DD035,50,C/2,3.06880561489151,3.08177856123061,98.44510474986126,99.57904352693272
5,DD035,51,C/10,3.30062342323983,3.08521876535301,,
5,DD036,0,C/10,3.29,,,
5,DD036,1,C/2,3.06758417697422,3.28897233819557,100.0,93.26877399817809
5,DD036,2,C/2,3.06253552170058,3.08084773224022,99.83541917735997,99.40561130795244
5,DD036,3,C/2,3.06037358323997,3.07621404667029,99.76494226993431,99.48506627984922
5,DD036,4,C/2,3.05795196976827,3.07398511390961,99.68600023177031,99.47842479559218
5,DD036,5,C/2,3.05568330364545,3.07140153239687,99.61204411542803,99.4882392098322
5,DD036,6,C/2,3.05348091538793,3.06919576634604,99.54024858740141,99.48798147285277
5,DD036,7,C/2,3.05094685273263,3.06683105465446,99.45764082477436,99.48206465766273
5,DD036,8,C/2,3.04860753519283,3.06438529185525,99.381381546957,99.48512490565872
5,DD036,9,C/2,3.04630582042243,3.06191121013361,99.30634807965471,99.49033826782654
5,DD036,10,C/2,3.04404224777506,3.0596456207976,99.23255800522544,99.49002678883862
5,DD036,11,C/2,3.04169717196815,3.05723800248841,99.15611101399003,99.49167089681568
5,DD036,12,C/2,3.03989449494335,3.05504525430456,99.09734564942951,99.50407414293251
5,DD036,13,C/2,3.03757066485862,3.05305902780944,99.02159124626844,99.49269362925051
5,DD036,14,C/2,3.03530783494518,3.05052535136613,98.9478253841798,99.50115096030476
5,DD036,15,C/2,3.03327403020567,3.04847191522297,98.88152550055229,99.50145891318837
5,DD036,16,C/2,3.03090725228296,3.0462107521937,98.80437104329319,99.497621761734
5,DD036,17,C/2,3.02884460778322,3.0440150517488,98.73713101398211,99.50163045491959
5,DD036,18,C/2,3.02660330528425,3.04174281294376,98.66406692283853,99.50227522211655
5,DD036,19,C/2,3.02447263001945,3.03950096285134,98.59460916253344,99.50556578150278
5,DD036,20,C/2,3.02166123251968,3.03732820806949,98.50296057727626,99.48418562379308
5,DD036,21,C/2,3.02025263010409,3.03453252461953,98.45704162821649,99.52942028468684
5,DD036,22,C/2,3.0182888238981,3.03291946220628,98.39302362275374,99.51760544615527
5,DD036,23,C/2,3.00939719815439,3.03080146680975,98.1031660269801,99.29377529707051
5,DD036,24,C/2,3.01421965271042,3.02205309027874,98.26037294544801,99.74079086851523
5,DD036,25,C/2,3.01223817409753,3.02671060817083,98.19577883821002,99.52184282057786
5,DD036,26,C/2,3.00989088318069,3.02462774477258,98.11925963673353,99.51277106356777
5,DD036,27,C/2,3.00735239937014,3.0219997960967,98.03650774912099,99.51530781883311
5,DD036,28,C/2,3.00601681680222,3.01995053307917,97.99296916987204,99.53861110887988
5,DD036,29,C/2,3.00392850365181,3.01817130857015,97.92489236969537,99.52809819383356
5,DD036,30,C/2,3.00167611522793,3.01592515923829,97.85146688912381,99.52753986727049
5,DD036,31,C/2,2.99951973546067,3.01403417268313,97.78117118922269,99.51843819973881
5,DD036,32,C/2,2.99751247167342,3.01156644448753,97.71573651257007,99.533333463725
5,DD036,33,C/2,2.99501462497592,3.0095123534856,97.63430935186658,99.51826984551538
5,DD036,34,C/2,2.99258021985636,3.00687451912187,97.55495031951034,99.52461271081958
5,DD036,35,C/2,2.99076397000134,3.00462336931939,97.49574249503877,99.53873089520737
5,DD036,36,C/2,2.98871673817204,3.00267086051574,97.42900490248412,99.53527632591394
5,DD036,37,C/2,2.98706792600333,3.00031695572267,97.37525536951006,99.55841233060163
5,DD036,38,C/2,2.98506125468479,2.9987804056921,97.30984000671081,99.54250898194249
5,DD036,39,C/2,2.98279686378273,2.99652902625822,97.23602325804399,99.54173103763866
5,DD036,40,C/2,2.98070375714242,2.99427252779545,97.16779019516602,99.54684249589599
5,DD036,41,C/2,2.97845926803403,2.99220309367288,97.09462222392541,99.54067871703255
5,DD036,42,C/2,2.97565058249162,2.98967876295928,97.0030620456101,99.53077967300493
5,DD036,43,C/2,2.97413244649695,2.98717167164804,96.9535724177112,99.56349260824719
5,DD036,44,C/2,2.97216734865897,2.98531664969246,96.88951230641155,99.55953412731462
5,DD036,45,C/2,2.97006425729373,2.98339840179147,96.82095375206033,99.55305518398974
5,DD036,46,C/2,2.96789748765296,2.98131260035159,96.75031935327075,99.55002663266347
5,DD036,47,C/2,2.96592824284328,2.97908595376046,96.68612405507938,99.55833060470877
5,DD036,48,C/2,2.96377345620936,2.97696613466894,96.6158802896403,99.5568415002797
5,DD036,49,C/2,2.96134784308393,2.97483030651338,96.53680786699461,99.54678210048048
5,DD036,50,C/2,2.95964969183398,2.97237842663702,96.48144993215139,99.57176600768693
5,DD036,51,C/10,3.18733866843299,2.9752148489099,,
5,DD037,0,C/10,3.32,,,
5,DD037,1,C/2,3.08919802955879,3.31804931306813,100.0,93.10283657907044
5,DD037,2,C/2,3.08983278944459,3.10061635047907,100.02054772402825,99.65221234052986
5,DD037,3,C/2,3.09259034039523,3.10125116163595,100.10981202253726,99.72073138261555
5,DD037,4,C/2,3.09086755105541,3.10416232988063,100.05404384829477,99.57171122472414
5,DD037,5,C/2,3.09064906339142,3.10236081089075,100.04697121449469,99.62248918764651
5,DD037,6,C/2,3.09035058792928,3.10226092966638,100.03730930679941,99.61607543636308
5,DD037,7,C/2,3.08951178240021,3.10189136099892,100.01015644961629,99.60090225098266
5,DD037,8,C/2,3.08982368933737,3.10130772116368,100.02025314572238,99.62970356833854
5,DD037,9,C/2,3.08877393589404,3.10138691708823,99.98627172292962,99.59331158828671
5,DD037,10,C/2,3.08855887055231,3.10032857173376,99.97930987264772,99.62037245701129
5,DD037,11,C/2,3.08788277597155,3.0998868971746,99.95742410895465,99.61275615526517
5,DD037,12,C/2,3.07971896867626,3.09936342137131,99.69315463781115,99.36617782349775
5,DD037,13,C/2,3.08468404519571,3.09090759455138,99.85387843965042,99.79864977631033
5,DD037,14,C/2,3.08339795871827,3.0963595951009,99.81224671306201,99.58139111480662
5,DD037,15,C/2,3.08003459928903,3.09579041735744,99.70337187250281,99.49105669492124
5,DD037,16,C/2,3.07752679886493,3.09477348055505,99.62219221357178,99.44271586277692
5,DD037,17,C/2,3.07678674661404,3.09514396248579,99.5982360850294,99.4069026806428
5,DD037,18,C/2,3.07654111166503,3.09593380573441,99.59028467023955,99.3736075999603
5,DD037,19,C/2,3.04833838726209,3.42411475989423,98.67733819891968,89.02559058377624
5,DD037,20,C/2,3.07726311026599,3.08711004808044,99.6136563865896,99.68103055410762
5,DD037,21,C/2,3.07725076922006,3.09650491130379,99.61325689630726,99.37819759260051
5,DD037,22,C/2,3.07630174178938,3.09584061336657,99.58253606126857,99.36886700520598
5,DD037,23,C/2,3.07087617295602,3.09580122273541,99.4069057267466,99.19487564006559
5,DD037,24,C/2,3.07253850902133,3.09344634078959,99.46071697644325,99.32412495757326
5,DD037,25,C/2,3.07045159121659,3.09720096740073,99.39316165027861,99.13633708417092
5,DD037,26,C/2,3.06820295970916,3.09650836474354,99.32037151232326,99.08589282830101
5,DD037,27,C/2,3.06765581747061,3.09334030932934,99.30266004697482,99.1696842477607
5,DD037,28,C/2,3.06847679605755,3.09246205917945,99.32923583069228,99.22439588059927
5,DD037,29,C/2,3.06808494096219,3.08835212780158,99.31655114387033,99.3437540150638
5,DD037,30,C/2,3.06797331071217,3.08607144694561,99.31293757656412,99.41355420493093
5,DD037,31,C/2,3.0669657217288,3.08465320658471,99.28032105364363,99.42659729728602
5,DD037,32,C/2,3.06571628591881,3.08273114186561,99.23987574071663,99.44805903713994
5,DD037,33,C/2,3.06380102031786,3.0807652250193,99.17787694418033,99.44935094165335
5,DD037,34,C/2,3.06150760844621,3.07806496376377,99.1036372272795,99.46208557933377
5,DD037,35,C/2,3.05977414149906,3.07511883864241,99.04752340969438,99.50100474327931
5,DD037,36,C/2,3.05791980562236,3.07303883621212,98.9874969607922,99.50801042890835
5,DD037,37,C/2,3.05589957578957,3.07076835045951,98.92210038169758,99.51579627725044
5,DD037,38,C/2,3.05292785753872,3.06814874242497,98.82590330328385,99.50390655199396
5,DD037,39,C/2,3.05148901008413,3.06550473618018,98.77932657233872,99.54279222176265
5,DD037,40,C/2,3.0493450496351,3.06350052165815,98.709924726665,99.53793146359942
5,DD037,41,C/2,3.04616122679909,3.06094767766069,98.6068616402087,99.51693225697669
5,DD037,42,C/2,3.04488247257411,3.05764288200642,98.56546726494547,99.58267168780885
5,DD037,43,C/2,3.04295395669467,3.05597335639634,98.50303954548602,99.57396880851663
5,DD037,44,C/2,3.04093722004718,3.05408401414237,98.43775604380717,99.56953397371153
5,DD037,45,C/2,3.03787761681424,3.05099564615188,98.33871405285468,99.57004103384463
5,DD037,46,C/2,3.03656497870014,3.04938402208324,98.29622282692678,99.57961859541906
5,DD037,47,C/2,3.03466037886652,3.04721181318142,98.23456929046212,99.58810102203576
5,DD037,48,C/2,3.03222730453808,3.04521759319819,98.15580857958636,99.57342001802677
5,DD037,49,C/2,3.02763650033162,3.04257649846564,98.00720029476508,99.50896885775742
5,DD037,50,C/2,3.02859578460156,3.03807385013926,98.03825315252173,99.68802385968117
5,DD037,51,C/10,3.2558044216146,3.04357656803812,,
6,DD038,0,C/10,3.33,,,
6,DD038,1,C/2,3.09970963807966,3.33190829890926,100.0,93.03106088166913
6,DD038,2,C/2,3.09703335214608,3.11388882085956,99.91366010865333,99.45870036847279
6,DD038,3,C/2,3.09867041019916,3.11183876183727,99.96647337970843,99.57683052863783
6,DD038,4,C/2,3.09875194245067,3.1131392791837,99.96910369870697,99.53785117070629
6,DD038,5,C/2,3.09841947065697,3.11309344706957,99.95837779749301,99.52863681537049
6,DD038,6,C/2,3.09792478101915,3.11269707731152,99.94241857241778,99.52541812050889
6,DD038,7,C/2,3.09735824615293,3.1121354485144,99.9241415422321,99.52517483233179
6,DD038,8,C/2,3.09663498805873,3.11155168931741,99.90080845047038,99.52060249200126
6,DD038,9,C/2,3.09604812099191,3.11073740355195,99.8818754814074,99.52778776687266
6,DD038,10,C/2,3.09527121998297,3.11004822735259,99.85681181094628,99.52486243654816
6,DD038,11,C/2,3.09434419482111,3.10907617417366,99.82690497223882,99.52616216112925
6,DD038,12,C/2,3.09390028876986,3.10835156869264,99.81258408083026,99.53508219377971
6,DD038,13,C/2,3.09273760561592,3.10723502358021,99.7750746593136,99.5334302730797
6,DD038,14,C/2,3.09202126739779,3.10646668016993,99.75196481027065,99.53498896787299
6,DD038,15,C/2,3.09101172643926,3.10538655615785,99.7193959223294,99.53710014973545
6,DD038,16,C/2,3.0899825204269,3.10441830351815,99.68619261839034,99.53499233415515
6,DD038,17,C/2,3.08869136061052,3.10313225480358,99.64453840018493,99.53463491055832
6,DD038,18,C/2,3.08760498976402,3.10186189877045,99.6094908966009,99.54037576553355
6,DD038,19,C/2,3.08643880344563,3.10081658498912,99.57186845919375,99.53632273469213
6,DD038,20,C/2,3.08455940003083,3.09946992519357,99.51123686352066,99.51893305879364
6,DD038,21,C/2,3.08389185634394,3.09752205756341,99.48970117905884,99.55996435324202
6,DD038,22,C/2,3.08302454715384,3.09682258499357,99.46172084246714,99.55444532384283
6,DD038,23,C/2,3.07256129286467,3.09559029475713,99.1241648933347,99.25607074258299
6,DD038,24,C/2,3.08036616311298,3.08490899436443,99.37595848562565,99.85274018586128
6,DD038,25,C/2,3.07948508344067,3.09306999811044,99.3475338983196,99.56079511042203
6,DD038,26,C/2,3.07785871154056,3.09178622863505,99.2950653741672,99.54953169253753
6,DD038,27,C/2,3.07619188809706,3.09024383726674,99.24129183928436,99.54528024616631
6,DD038,28,C/2,3.07543186980837,3.08854865571038,99.21677282371742,99.5753090734783
6,DD038,29,C/2,3.07414443331036,3.08759453142568,99.1752387238071,99.56438262931144
6,DD038,30,C/2,3.07257799197256,3.08611633603886,99.1247036246947,99.56131452634489
6,DD038,31,C/2,3.07126845256202,3.08495509126918,99.08245646081677,99.55634236796851
6,DD038,32,C/2,3.06987465450856,3.08328281998591,99.03749102159183,99.56513345482165
6,DD038,33,C/2,3.06796803850789,3.0818513675509,98.97598151833876,99.54951334807419
6,DD038,34,C/2,3.06632912646777,3.0801102061919,98.92310843564786,99.55257835591642
6,DD038,35,C/2,3.06523327082408,3.07854205652716,98.8877549422036,99.56769193148223
6,DD038,36,C/2,3.06386203581909,3.07733144845338,98.84351741143152,99.56230218096724
6,DD038,37,C/2,3.06315586811225,3.07587799997254,98.82073567413056,99.58639023197918
6,DD038,38,C/2,3.06140515161865,3.0747531989757,98.76425565832221,99.56588231661985
6,DD038,39,C/2,3.06013390379468,3.07321481288871,98.72324382262146,99.57435747611362
6,DD038,40,C/2,3.05861269659598,3.07166335003401,98.67416802597225,99.57512748140563
6,DD038,41,C/2,3.05692266554037,3.07025289373265,98.61964578831333,99.56582637803253
6,DD038,42,C/2,3.05508911538196,3.06868661889911,98.56049346849973,99.55689501060789
6,DD038,43,C/2,3.05419888203269,3.06690604544649,98.53177357363172,99.5856683176628
6,DD038,44,C/2,3.05274315760771,3.06559837763955,98.48481032239371,99.58066196388916
6,DD038,45,C/2,3.05120635983275,3.06445616417949,98.43523155681902,99.56762950302188
6,DD038,46,C/2,3.04994764077941,3.06270371964472,98.39462391286821,99.5835026815199
6,DD038,47,C/2,3.04834983813994,3.06124250832346,98.34307706409757,99.5788419196302
6,DD038,48,C/2,3.04707836721427,3.05998644834516,98.30205803089362,99.57816541514846
6,DD038,49,C/2,3.04481687387532,3.05830285960906,98.22909979922031,99.55903694457966
6,DD038,50,C/2,3.04418663289626,3.05636656723789,98.20876754063333,99.60148974039336
6,DD038,51,C/10,3.26987107795934,3.0607068043731,,
6,DD039,0,C/10,3.23,,,
6,DD039,1,C/2,3.00720661090208,3.22361843796104,100.0,93.28667982195059
6,DD039,2,C/2,3.00244157897373,3.02129907104692,99.84154624058502,99.37584821529583
6,DD039,3,C/2,2.99979854254113,3.0166699841408,99.7536561560455,99.44072630787039
6,DD039,4,C/2,2.99747868128975,3.01403008552296,99.67651276180814,99.45085471068423
6,DD039,5,C/2,2.99504472790128,3.01149695614571,99.59557541019267,99.45368604106157
6,DD039,6,C/2,2.9928135910856,3.0092884397695,99.52138240969872,99.4525334140066
6,DD039,7,C/2,2.9902186511494,3.00684309187428,99.43509169968259,99.44711312772503
6,DD039,8,C/2,2.98811399607572,3.00425533484519,99.36510465369611,99.46271748002732
6,DD039,9,C/2,2.98577548937983,3.00207152199191,99.287341234069,99.45717373844353
6,DD039,10,C/2,2.98345484053075,2.99954415620406,99.21017164948952,99.46360797389723
6,DD039,11,C/2,2.9812836212288,2.99727586412685,99.13797111314862,99.46644074075881
6,DD039,12,C/2,2.97575415015306,2.99481963784677,98.95409711341433,99.36338444383188
6,DD039,13,C/2,2.97694950584411,2.98951769743622,98.99384681623542,99.57959132996976
6,DD039,14,C/2,2.97465607168694,2.99047154886417,98.91758221410082,99.47113768117148
6,DD039,15,C/2,2.97256118094431,2.98825748589692,98.847919865826,99.47473385320077
6,DD039,16,C/2,2.96925664745026,2.98605389376692,98.73803272065713,99.43747678661386
6,DD039,17,C/2,2.9678044142929,2.98252372731268,98.68974095539912,99.50648127674604
6,DD039,18,C/2,2.9656795092129,2.98116113134024,98.61908052680414,99.48068482563436
6,DD039,19,C/2,2.96331704785664,2.97875100093604,98.54052053203374,99.48186494693412
6,DD039,20,C/2,2.96094229480299,2.97657832012522,98.461551795897,99.47469800419792
6,DD039,21,C/2,2.95893450675758,2.97398218894891,98.39478591296327,99.49402245086584
6,DD039,22,C/2,2.95689339215517,2.97175885823436,98.32691180697367,99.4997754936273
6,DD039,23,C/2,2.94970605442404,2.96987079024063,98.08790801837219,99.32102312723995
6,DD039,24,C/2,2.95233489264448,2.96206665837791,98.17532596334843,99.67145352026753
6,DD039,25,C/2,2.95049121881644,2.96545748197822,98.11401744462688,99.49531351392716
6,DD039,26,C/2,2.94812539850638,2.96320215778695,98.0353457530483,99.49120044877971
6,DD039,27,C/2,2.94568612452043,2.96065307679817,97.95423147320112,99.49447125720229
6,DD039,28,C/2,2.94412865243957,2.95837535897807,97.90244015047611,99.51842802857101
6,DD039,29,C/2,2.94182784838868,2.95647117035461,97.82593047393614,99.50470269716266
6,DD039,30,C/2,2.93977610181497,2.95442263433564,97.75770281820168,99.50425059873116
6,DD039,31,C/2,2.93751676618675,2.95222950062484,97.68257210985497,99.50163988148701
6,DD039,32,C/2,2.93549728392541,2.94986264111106,97.61541735387583,99.51301606436024
6,DD039,33,C/2,2.93304597401638,2.94780433575565,97.53390283804099,99.49934391641068
6,DD039,34,C/2,2.93064093340152,2.94512170155876,97.45392693594829,99.5083134204751
6,DD039,35,C/2,2.92868294411136,2.94269617775825,97.38881703352051,99.52379611076378
6,DD039,36,C/2,2.92660749953733,2.94080769431735,97.31980133747535,99.51713283369533
6,DD039,37,C/2,2.92507979454166,2.93885875788352,97.26899987308207,99.53114577878578
6,DD039,38,C/2,2.92295114932318,2.93709037133875,97.19821507197253,99.5185976518276
6,DD039,39,C/2,2.92088035913805,2.93496348310104,97.12935415042419,99.52016016403346
6,DD039,40,C/2,2.91876870956281,2.93269149306816,97.05913451311743,99.52525577483146
6,DD039,41,C/2,2.91666830093443,2.93069844960691,96.98928867609496,99.5212694545779
6,DD039,42,C/2,2.91402470256354,2.92841320299722,96.9013799051676,99.50865880474268
6,DD039,43,C/2,2.91238926385084,2.92561904748547,96.84699592281099,99.54779540945357
6,DD039,44,C/2,2.91062151694152,2.92400720082633,96.78821223621922,99.54221440080494
6,DD039,45,C/2,2.90869576470255,2.92263596676342,96.7241743270184,99.52302639742344
6,DD039,46,C/2,2.90642938688589,2.92002420592332,96.64880944159805,99.53442786502069
6,DD039,47,C/2,2.90461123744924,2.91806047886256,96.58834969699457,99.53910340410208
6,DD039,48,C/2,2.90252944837907,2.91601356683974,96.51912302455301,99.53758382285979
6,DD039,49,C/2,2.90031065610918,2.91401560440543,96.44534052281715,99.52968857560232
6,DD039,50,C/2,2.8986064725093,2.91157283212781,96.38867053567022,99.55466133371516
6,DD039,51,C/10,3.12128044286259,2.91526000812137,,
6,DD040,0,C/10,3.28,,,
6,DD040,1,C/2,3.05308279237528,3.27489497273032,100.0,93.22689178730784
6,DD040,2,C/2,3.05230393105943,3.05971739123737,99.9744893483467,99.75770768244246
6,DD040,3,C/2,3.05236547678205,3.05933920383164,99.97650520336293,99.77205119847919
6,DD040,4,C/2,3.05225327471938,3.0595547589622,99.972830161764,99.76135468007453
6,DD040,5,C/2,3.0518964647699,3.05932495770619,99.96114328742271,99.75718522749347
6,DD040,6,C/2,3.05158825963596,3.05912459801086,99.95104840448309,99.75364395488172
6,DD040,7,C/2,3.05086642668379,3.05900549026104,99.92740564726823,99.73393105690191
6,DD040,8,C/2,3.050344547009,3.05809592448464,99.91031211557319,99.74652928923587
6,DD040,9,C/2,3.04945615106225,3.05730941454649,99.88121379079247,99.74313154413241
6,DD040,10,C/2,3.04904642126454,3.05649509777947,99.86779359142109,99.7563000666894
6,DD040,11,C/2,3.04862071587542,3.05616008351787,99.85385013105432,99.75330586630227
6,DD040,12,C/2,3.00903106214874,3.05726828194101,98.55713934988746,98.4222117477487
6,DD040,13,C/2,3.04154427457743,3.02028077121088,99.62206993447195,100.70402406190948
6,DD040,14,C/2,3.04000366378777,3.05572536891392,99.57160910866311,99.48550006207732
6,DD040,15,C/2,3.03981256571591,3.05609319831108,99.56534992459063,99.46727303329077
6,DD040,16,C/2,3.03338807013246,3.05619870270776,99.35492341406511,99.25362730652655
6,DD040,17,C/2,3.03987380449235,3.04995860587647,99.56735572595943,99.6693462867106
6,DD040,18,C/2,3.03943620647318,3.05673866915609,99.55302273701255,99.43395675732769
6,DD040,19,C/2,3.03901044882701,3.05696560367349,99.53907756502987,99.41264779607256
6,DD040,20,C/2,3.03802711290591,3.05757663053079,99.5068695972815,99.36062051790715
6,DD040,21,C/2,3.03729076561643,3.0579232894514,99.48275144066552,99.32527660500367
6,DD040,22,C/2,3.03669097297622,3.05873444958562,99.46310596489566,99.27932689245429
6,DD040,23,C/2,3.03536953016427,3.0595590541356,99.41982371866081,99.20937875218871
6,DD040,24,C/2,3.03521798049151,3.05857126812162,99.41485989412455,99.2364641663409
6,DD040,25,C/2,3.03487955090939,3.05802482134326,99.40377504627943,99.2431300664295
6,DD040,26,C/2,3.03453017233093,3.05662735508058,99.39233157742454,99.27707305527706
6,DD040,27,C/2,3.03413025167207,3.05455990262187,99.37923266442228,99.33117530508194
6,DD040,28,C/2,3.03425516108493,3.05208079884483,99.38332391976499,99.41595131535684
6,DD040,29,C/2,3.03351931946238,3.05053763406266,99.35922232565206,99.44212081141858
6,DD040,30,C/2,3.03221338243166,3.04806015660462,99.31644795235364,99.4801029717664
6,DD040,31,C/2,3.03064252143111,3.04536083805067,99.2649963178132,99.51669712056254
6,DD040,32,C/2,3.02881569077266,3.04267008977239,99.20516070958757,99.54466312183172
6,DD040,33,C/2,3.02638399340093,3.03978778161571,99.12551343052252,99.55905513220875
6,DD040,34,C/2,3.02374024813036,3.03661452744264,99.03892078137548,99.57603182109774
6,DD040,35,C/2,3.02172444705625,3.03348288615328,98.972895677859,99.61237826161134
6,DD040,36,C/2,3.01968420663701,3.03085589093361,98.9060700934256,99.63140166676949
6,DD040,37,C/2,3.01747969277607,3.02854233926943,98.8338639329361,99.63472042804497
6,DD040,38,C/2,3.00951373650961,3.02583790592932,98.57294875938253,99.46050747174124
6,DD040,39,C/2,3.01272900599327,3.01754884260886,98.67826098647608,99.84027312010556
6,DD040,40,C/2,3.01037269911435,3.02055939444451,98.60108303097466,99.66275467554468
6,DD040,41,C/2,3.00748291257983,3.01787413017,98.5064316005668,99.65567756831578
6,DD040,42,C/2,3.00517048810647,3.01475488334831,98.43069095969277,99.68208376426294
6,DD040,43,C/2,3.00345006016128,3.01237781528579,98.37434044245535,99.7036309629155
6,DD040,44,C/2,3.00122569564223,3.01038107754642,98.30148409789092,99.69587299187874
6,DD040,45,C/2,2.99204538045346,3.00809220827789,98.00079408019154,99.46654468302962
6,DD040,46,C/2,2.99663218991345,2.99866978390531,98.15102942498615,99.93205007090822
6,DD040,47,C/2,2.99453768918441,3.00320102829297,98.08242661034024,99.71152983010651
6,DD040,48,C/2,2.99233464776403,3.00099837249162,98.01026867784387,99.71130525071239
6,DD040,49,C/2,2.98980122150533,2.99872099071218,97.92728939326545,99.70254754495411
6,DD040,50,C/2,2.98827678768151,2.99620663027951,97.87735842422566,99.73533725885721
6,DD040,51,C/10,3.20709764780955,2.99859791753939,,
7,DD004,0,C/10,3.34377,,,
7,DD004,1,C/2,3.10091,3.33180248188112,100.0,93.07004292310992
7,DD004,2,C/2,3.09659,3.10407811198769,99.86068605667369,99.75876534940369
7,DD004,3,C/2,3.09682,3.10029695464625,99.8681032342119,99.88785091566666
7,DD004,4,C/2,3.09783,3.13304889865572,99.90067431818403,98.8758905527829
7,DD004,5,C/2,3.08791,3.40811692442956,99.58076822610137,90.60457925799727
7,DD004,6,C/2,3.0981,3.11589531986511,99.90938143964192,99.42888582451221
7,DD004,7,C/2,3.09651,3.39212981448101,99.85810616883431,91.28512673014434
7,DD004,8,C/2,3.09473,3.19221282309951,99.8007036644082,96.94623045198917
7,DD004,9,C/2,3.07169,3.25683038672987,99.05769596666785,94.31531996617834
7,DD004,10,C/2,3.08822,3.33075452267198,99.59076529147896,92.71833090607305
7,DD004,11,C/2,3.0883,3.10135854511741,99.59334517931833,99.57894113410497
7,DD004,12,C/2,3.08916,3.10265480447644,99.62107897359164,99.56505620744629
7,DD004,13,C/2,3.09048,3.10442757999628,99.66364712294134,99.55071974987747
7,DD004,14,C/2,3.09212,3.10625530597672,99.71653482364854,99.54494062514686
7,DD004,15,C/2,3.09307,3.1080754747325,99.74717099174114,99.51721009175971
7,DD004,16,C/2,3.0931,3.14203665215415,99.74813844968091,98.4425180998255
7,DD004,17,C/2,3.09693,3.37894983857544,99.87165057999104,91.65362458608325
7,DD004,18,C/2,3.09612,3.19239282349655,99.84552921561736,96.9843052274781
7,DD004,19,C/2,3.09694,3.12774109659367,99.87197306597096,99.01522870204269
7,DD004,20,C/2,3.09728,3.20764252139545,99.88293758928832,96.55938837762264
7,DD004,21,C/2,3.09645,3.12734814779046,99.85617125295478,99.01200165986349
7,DD004,22,C/2,3.09464,3.13895743642013,99.7978012905889,98.58814790204126
7,DD004,23,C/2,3.08862,3.22486328840422,99.60366473067585,95.77522281660386
7,DD004,24,C/2,3.09236,3.11152549739408,99.72427448716668,99.38404819725466
7,DD004,25,C/2,3.09239,3.19035746862271,99.72524194510645,96.92926358296134
7,DD004,26,C/2,3.08935,3.10393867524939,99.62720620721015,99.52999473328133
7,DD004,27,C/2,3.08777,3.10231606053474,99.57625342238246,99.53112254680354
7,DD004,28,C/2,3.08654,3.13452542984508,99.53658764685204,98.46913253954837
7,DD004,29,C/2,3.08442,3.09917845780318,99.46822061910859,99.5237945150909
7,DD004,30,C/2,3.08305,3.12208919081858,99.42404003985928,98.74958118001926
7,DD004,31,C/2,3.08096,3.09529391716904,99.35664047005558,99.53691256621762
7,DD004,32,C/2,3.07902,3.09348183452867,99.2940781899507,99.53250624046824
7,DD004,33,C/2,3.07716,3.09162737233795,99.2340957976852,99.53204669917871
7,DD004,34,C/2,3.07537,3.08977397387979,99.17637080727916,99.53381787789148
7,DD004,35,C/2,3.07303,3.08788431052602,99.10090908797741,99.51894860583397
7,DD004,36,C/2,3.07113,3.08526875469374,99.03963675179223,99.54173344956642
7,DD004,37,C/2,3.06828,3.08295982636709,98.94772824751445,99.52383984242869
7,DD004,38,C/2,3.06688,3.08030289916852,98.90258021032535,99.56423444031613
7,DD004,39,C/2,3.06473,3.07832917294308,98.83324572464213,99.55822876050392
7,DD004,40,C/2,3.06252,3.07598410436743,98.76197632307935,99.5622830316869
7,DD004,41,C/2,3.06042,3.07363560452416,98.69425426729575,99.57003346445144
7,DD004,42,C/2,3.05834,3.07128196336264,98.62717718347194,99.5786136370081
7,DD004,43,C/2,3.05552,3.06898534912122,98.53623613713395,99.56124426840044
7,DD004,44,C/2,3.05391,3.06646627698416,98.4843158943665,99.59052942866506
7,DD004,45,C/2,3.05164,3.06429701469157,98.4111115769242,99.58695209273492
7,DD004,46,C/2,3.04952,3.06177472103153,98.34274454918072,99.59975105459746
7,DD004,47,C/2,3.04724,3.05957488694671,98.26921774575851,99.59684311048129
7,DD004,48,C/2,3.04512,3.05711979007749,98.20085071801503,99.60748054046041
7,DD004,49,C/2,3.04278,3.05472635405217,98.12538899871329,99.60892228410827
7,DD004,50,C/2,3.04054,3.05218018551902,98.05315213921075,99.61862718412739
7,DD004,51,C/10,3.2826,3.05617673551033,,
7,DD005,0,C/10,3.30064,,,
7,DD005,1,C/2,3.05692,3.28909861427262,100.0,92.94096524606739
7,DD005,2,C/2,3.05479,3.06354343432342,99.93032202347462,99.7142709247942
7,DD005,3,C/2,3.05699,3.06164257950048,100.00228988655249,99.84803649088133
7,DD005,4,C/2,3.0546,3.06396081810493,99.92410661711789,99.694486363872
7,DD005,5,C/2,3.05599,3.06257222721856,99.96957722151708,99.78507520051085
7,DD005,6,C/2,3.05389,3.06296221754277,99.90088062494276,99.70380902869745
7,DD005,7,C/2,3.05186,3.06083125832649,99.8344739149209,99.70690124448758
7,DD005,8,C/2,3.05053,3.05907932208275,99.79096607042383,99.72052630276586
7,DD005,9,C/2,3.04997,3.05782061686052,99.772646978004,99.74326103966882
7,DD005,10,C/2,3.04515,3.05860457322723,99.61497193253341,99.56010746387417
7,DD005,11,C/2,3.0409,3.05753732639127,99.47594310613297,99.4558586007221
7,DD005,12,C/2,3.03713,3.0593500274035,99.35261635894953,99.27370104092475
7,DD005,13,C/2,3.03675,3.05883255978337,99.34018554623609,99.27807229222988
7,DD005,14,C/2,3.03823,3.0597958703309,99.38860029048847,99.29518597825391
7,DD005,15,C/2,3.04047,3.06173127326143,99.46187666016776,99.30558003417518
7,DD005,16,C/2,3.04281,3.06418003122587,99.53842429635057,99.30258565070929
7,DD005,17,C/2,3.04222,3.06644941124438,99.5191238239797,99.20985452570869
7,DD005,18,C/2,3.04618,3.06618042566762,99.64866597751987,99.34770878125136
7,DD005,19,C/2,3.04706,3.06967121638933,99.67745312275102,99.26339940679621
7,DD005,20,C/2,3.0476,3.07076108777834,99.69511796187012,99.2457541594323
7,DD005,21,C/2,3.04777,3.0715000993447,99.70067911492613,99.22741010655469
7,DD005,22,C/2,3.04814,3.07326007976019,99.71278280098925,99.18262434326255
7,DD005,23,C/2,3.04825,3.07188239113953,99.71638119414312,99.23068698177721
7,DD005,24,C/2,3.04473,3.07102262366504,99.60123261321854,99.14384793317927
7,DD005,25,C/2,3.04792,3.06745325358091,99.70558601468144,99.3632094129517
7,DD005,26,C/2,3.04788,3.06908713537252,99.70427750808004,99.30900836512268
7,DD005,27,C/2,3.03588,3.06781110599873,99.3117255276553,98.95915671156243
7,DD005,28,C/2,3.04621,3.05443447477504,99.64964735747091,99.73073657847429
7,DD005,29,C/2,3.04506,3.06370582797158,99.61202779268021,99.39139626914098
7,DD005,30,C/2,3.04381,3.06174883483336,99.57113696138597,99.41409841887517
7,DD005,31,C/2,3.04237,3.05967592815133,99.524030723735,99.43438689071276
7,DD005,32,C/2,3.04108,3.05769760350161,99.48183138583934,99.45653214750276
7,DD005,33,C/2,3.03947,3.05587520381038,99.42916399513237,99.46315858088956
7,DD005,34,C/2,3.0377,3.05408980510015,99.37126257801971,99.46334894695042
7,DD005,35,C/2,3.03604,3.05305882555919,99.31695955406094,99.44256476761227
7,DD005,36,C/2,3.03376,3.05326575323072,99.24237467778025,99.36115114742041
7,DD005,37,C/2,3.03188,3.05347924605138,99.18087486751371,99.29263491542277
7,DD005,38,C/2,3.02889,3.05294971528124,99.08306399905788,99.21191904469269
7,DD005,39,C/2,3.02925,3.04987090362797,99.09484055847064,99.32387618100687
7,DD005,40,C/2,3.02802,3.04806312169251,99.0546039804771,99.34243088504742
7,DD005,41,C/2,3.02612,3.045185678349,98.99244991690985,99.37390752608107
7,DD005,42,C/2,3.02394,3.04219773920659,98.92113630713267,99.39985034597548
7,DD005,43,C/2,3.02161,3.03919705827778,98.8449157976002,99.4213255033964
7,DD005,44,C/2,3.01667,3.03626729867631,98.68331523232536,99.35455950519068
7,DD005,45,C/2,3.01749,3.03130226111869,98.71013961765438,99.5443456333651
7,DD005,46,C/2,3.01544,3.03118817649269,98.64307865433182,99.48046193189788
7,DD005,47,C/2,3.01324,3.02868136289478,98.57111079125394,99.4901621846406
7,DD005,48,C/2,3.01118,3.02632244805969,98.50372270128102,99.49964194762528
7,DD005,49,C/2,3.00916,3.02401708668055,98.43764311790953,99.5086969995643
7,DD005,50,C/2,3.00697,3.02214068863602,98.36600238148202,99.49801514227761
7,DD005,51,C/10,3.2383,3.03179339824838,,
7,DD006,0,C/10,3.25188,,,
7,DD006,1,C/2,3.10041,3.40420240867052,100.0,91.07595929381993
7,DD006,2,C/2,3.09866,3.10809942815,99.94355585229052,99.69629581137247
7,DD006,3,C/2,3.0993,3.10613824247851,99.96419828345283,99.779847452216
7,DD006,4,C/2,3.09067,3.10948919418378,99.68584800074828,99.39478181114181
7,DD006,5,C/2,3.08489,3.10768274721394,99.4994210443135,99.26656775906827
7,DD006,6,C/2,3.08392,3.10887580103647,99.46813485958307,99.1972724986907
7,DD006,7,C/2,3.08649,3.11045187695933,99.55102712221931,99.2296335739245
7,DD006,8,C/2,3.0905,3.11916346670473,99.68036485497079,99.08105275626956
7,DD006,9,C/2,3.09466,3.12466627748876,99.81454065752594,99.03969656840042
7,DD006,10,C/2,3.09626,3.12211459743944,99.86614673543176,99.17188826250502
7,DD006,11,C/2,3.10144,3.12287086012528,100.03322141265187,99.31374491340893
7,DD006,12,C/2,3.10346,3.12741792719544,100.09837408600796,99.23393905921219
7,DD006,13,C/2,3.10492,3.12903850411672,100.14546463209703,99.22920398438725
7,DD006,14,C/2,3.10599,3.13009698189182,100.17997619669656,99.22983274859267
7,DD006,15,C/2,3.10662,3.13078007057436,100.20029608987198,99.22830508596128
7,DD006,16,C/2,3.10426,3.13144208462315,100.1241771249609,99.13196272233081
7,DD006,17,C/2,3.10715,3.12881035100986,100.21739060317829,99.30771288189874
7,DD006,18,C/2,3.10686,3.13165213689953,100.20803700155787,99.208336819808
7,DD006,19,C/2,3.10675,3.13088957536803,100.20448908370183,99.22898668934396
7,DD006,20,C/2,3.10578,3.13024553798235,100.17320289897143,99.2184147318322
7,DD006,21,C/2,3.10488,3.1293217742555,100.1441744801494,99.21894339992201
7,DD006,22,C/2,3.10366,3.12827056830675,100.10482484574621,99.21328517564672
7,DD006,23,C/2,3.09785,3.12691827070067,99.91743027535068,99.07038597800778
7,DD006,24,C/2,3.10057,3.12073436192907,100.00516060779057,99.35385843232727
7,DD006,25,C/2,3.09918,3.12345456002813,99.9603278276099,99.2228297367031
7,DD006,26,C/2,3.09775,3.12186353242736,99.91420489548156,99.2275917195967
7,DD006,27,C/2,3.09622,3.11991786949575,99.86485658348411,99.24043290602455
7,DD006,28,C/2,3.0944,3.11839230995938,99.80615466986623,99.23061925586609
7,DD006,29,C/2,3.09265,3.11656305702659,99.74971052215675,99.23271063061998
7,DD006,30,C/2,3.09083,3.1142059848089,99.69100860853887,99.24937576631321
7,DD006,31,C/2,3.08908,3.11227921237015,99.63456446082937,99.25459090309309
7,DD006,32,C/2,3.0872,3.11032515867247,99.57392731929004,99.2565035006713
7,DD006,33,C/2,3.08534,3.1081788413184,99.51393525372451,99.26520182768144
7,DD006,34,C/2,3.08343,3.10601141892136,99.45233049822441,99.27297695096041
7,DD006,35,C/2,3.08123,3.10374312995707,99.38137214110392,99.27464583844665
7,DD006,36,C/2,3.07943,3.10140326518052,99.32331530345986,99.29150570558771
7,DD006,37,C/2,3.07715,3.0993430039378,99.24977664244406,99.28394489059123
7,DD006,38,C/2,3.07493,3.09717872547058,99.17817320934972,99.28164541207742
7,DD006,39,C/2,3.07289,3.09476798410103,99.1123754600198,99.29306545067594
7,DD006,40,C/2,3.07074,3.09246980056656,99.04302979283383,99.29733184257518
7,DD006,41,C/2,3.06878,3.08987551115714,98.9798123473992,99.31726986796177
7,DD006,42,C/2,3.06679,3.08782563272268,98.91562728800385,99.31875580992143
7,DD006,43,C/2,3.06454,3.08572955896148,98.84305624094878,99.31330472886252
7,DD006,44,C/2,3.06229,3.08347248138479,98.7704851938937,99.31303160600037
7,DD006,45,C/2,3.06022,3.08084169329071,98.70371983060305,99.33064742224119
7,DD006,46,C/2,3.05834,3.07862135211656,98.6430826890637,99.34121966306066
7,DD006,47,C/2,3.05567,3.0763316708439,98.55696504655836,99.32836660494958
7,DD006,48,C/2,3.05361,3.07388753066793,98.49052222125461,99.34032945364388
7,DD006,49,C/2,3.05147,3.07159680299555,98.42149909205557,99.34474463002691
7,DD006,50,C/2,3.04956,3.06935095667201,98.35989433655548,99.35520711214241
7,DD006,51,C/10,3.28064,3.07736816636614,,
8,DD041,0,C/10,3.31,,,
8,DD041,1,C/2,3.06945624611073,3.32046048033691,100.0,92.44067996855931
8,DD041,2,C/2,3.06981907137201,3.09829524951273,100.0118205060502,99.08090818183973
8,DD041,3,C/2,3.07190217953807,3.08645791082201,100.07968621251528,99.5284001368396
8,DD041,4,C/2,3.07243905878841,3.11689196443991,100.09717723396317,98.57380665872748
8,DD041,5,C/2,3.07243722888039,3.08374174824277,100.09711761727951,99.63341549697469
8,DD041,6,C/2,3.07253856812092,3.08365182027015,100.10041915450319,99.63960742661743
8,DD041,7,C/2,3.07175580007778,3.10044823822454,100.07491730725803,99.07457128962777
8,DD041,8,C/2,2.95486501358714,3.3183552377706,96.26672533062535,89.0460725830045
8,DD041,9,C/2,3.02790881164226,3.32695049304632,98.64642362890449,91.01153798263339
8,DD041,10,C/2,3.07250208347843,3.08359572949295,100.09923051913702,99.64023669158655
8,DD041,11,C/2,3.0720452377204,3.08286422467298,100.08434691365775,99.64906054356877
8,DD041,12,C/2,3.06961757257885,3.09755473627154,100.00525586472602,99.09808974913169
8,DD041,13,C/2,3.07171709748585,3.10775495659951,100.07365641318341,98.84038929655212
8,DD041,14,C/2,3.07005940351724,3.08082174192391,100.0196503014915,99.65066663026245
8,DD041,15,C/2,3.06911825921561,3.0820072316485,99.98898870457761,99.5817994097958
8,DD041,16,C/2,3.06803519319805,3.07933351120252,99.95370343152861,99.63309209725524
8,DD041,17,C/2,3.06711080937968,3.07802115264021,99.92358787540881,99.64554034168442
8,DD041,18,C/2,3.06648600309557,3.07698531495097,99.90323227382947,99.6587792666938
8,DD041,19,C/2,3.06475008960214,3.07633410701517,99.84667784352511,99.62344735616934
8,DD041,20,C/2,3.06385695254941,3.0745102675701,99.81758027766595,99.65349554584154
8,DD041,21,C/2,3.06347824972166,3.07363059954016,99.80524249542098,99.66969518653222
8,DD041,22,C/2,3.06182857953535,3.07297113704346,99.75149779101609,99.63740116612907
8,DD041,23,C/2,3.06059285777535,3.07143858030361,99.71123913733545,99.64688460326666
8,DD041,24,C/2,3.05976285435391,3.07004826323391,99.68419840585437,99.66497566168012
8,DD041,25,C/2,3.05846181899156,3.06907666821257,99.64181189638715,99.6541354169822
8,DD041,26,C/2,3.0568804924396,3.067834696159,99.59029376336395,99.64293370392103
8,DD041,27,C/2,3.0558241009901,3.06621327216856,99.55587752267513,99.66117258467439
8,DD041,28,C/2,3.05470267157561,3.06516363336138,99.51934240620585,99.65871441015702
8,DD041,29,C/2,3.05321713186806,3.06362159314041,99.47094491855857,99.66038686711029
8,DD041,30,C/2,3.05192747264458,3.06252889952695,99.42892903300509,99.65383422556413
8,DD041,31,C/2,3.05045567671471,3.06098884197257,99.38097930471902,99.65589011258623
8,DD041,32,C/2,3.04908128648235,3.05961080809167,99.33620296252155,99.65585421578872
8,DD041,33,C/2,3.04736186109278,3.05812142473406,99.28018569914637,99.6481642764654
8,DD041,34,C/2,3.0458766449054,3.05648801330222,99.2317987514822,99.65282479922584
8,DD041,35,C/2,3.04481586010694,3.05501473000814,99.19723937961287,99.66615971435357
8,DD041,36,C/2,3.04366506527304,3.0539477730821,99.15974756537514,99.66329785009118
8,DD041,37,C/2,3.04202035949766,3.05247200337831,99.10616459681307,99.65760066368888
8,DD041,38,C/2,3.04008824983391,3.0508828725611,99.04321827965353,99.64618036227237
8,DD041,39,C/2,3.03930737331052,3.04916749625978,99.01777805634428,99.67662901558032
8,DD041,40,C/2,3.03773504126025,3.04815705712124,98.96655295573365,99.65808796378646
8,DD041,41,C/2,3.03202950774656,3.04645759248702,98.78067203558959,99.52639797855576
8,DD041,42,C/2,3.03430670053985,3.04084826636534,98.85486083682028,99.78487694049566
8,DD041,43,C/2,3.03344590607047,3.04331725258856,98.82681696193298,99.67563859766203
8,DD041,44,C/2,3.03209451868123,3.04218800236481,98.78279003074759,99.66821630761366
8,DD041,45,C/2,3.03025698463876,3.04081051184032,98.72292489845265,99.65293703239756
8,DD041,46,C/2,3.02915552463372,3.03897286016715,98.68704036657715,99.6769521813732
8,DD041,47,C/2,3.02793320028722,3.03789486585119,98.64721818803824,99.67208655980994
8,DD041,48,C/2,3.02622208291669,3.03655675839544,98.59147159211598,99.65965808311745
8,DD041,49,C/2,3.02500560273475,3.03478823208863,98.55183981096641,99.6776503463918
8,DD041,50,C/2,3.02381336892088,3.03361073298087,98.51299795370325,99.67703951092093
8,DD041,51,C/10,3.26183199938113,3.03628034591505,,
8,DD042,0,C/10,3.335,,,
8,DD042,1,C/2,3.09964141323228,3.33354913232365,100.0,92.98322269129645
8,DD042,2,C/2,3.09958693418569,3.10778403508362,99.99824240809413,99.73623968701192
8,DD042,3,C/2,3.10065312555564,3.10786496699535,100.03263965693068,99.76794868772299
8,DD042,4,C/2,3.10143539458208,3.10887347353167,100.05787706094458,99.76074681028622
8,DD042,5,C/2,3.10208874690062,3.1096264647501,100.07895538038345,99.75760053707654
8,DD042,6,C/2,3.10234968640413,3.1102405648347,100.08737375750268,99.74629363015238
8,DD042,7,C/2,3.10211728747063,3.11050909133905,100.07987615044051,99.73021124124709
8,DD042,8,C/2,3.10204315786984,3.1101549929764,100.07748459635708,99.73918228754263
8,DD042,9,C/2,3.10174794245978,3.10998618920904,100.06796041692137,99.7351034297887
8,DD042,10,C/2,3.10149875258829,3.10998597230663,100.05992110403743,99.7270978134977
8,DD042,11,C/2,3.10087291528966,3.10926070469199,100.0397304685672,99.73023203266061
8,DD042,12,C/2,3.08111622243755,3.10887023775113,99.40234406742513,99.10726362983692
8,DD042,13,C/2,3.10015440603269,3.08879862252029,100.01655006925058,100.36764402281216
8,DD042,14,C/2,3.09976688217613,3.10790087048228,100.00404785351347,99.738280317001
8,DD042,15,C/2,3.09893517394748,3.10717223911859,99.97721545202664,99.73490155880619
8,DD042,16,C/2,3.09252783396965,3.10657008347466,99.77050315458224,99.54798220778254
8,DD042,17,C/2,3.0972498888833,3.09996053222356,99.92284512851161,99.9125587789882
8,DD042,18,C/2,3.09614865943835,3.10452751996598,99.88731748843529,99.7301083506671
8,DD042,19,C/2,3.09541535717964,3.10368572636837,99.86365984030931,99.73353071419358
8,DD042,20,C/2,3.09428510529259,3.10285947456304,99.82719588411665,99.72366233982744
8,DD042,21,C/2,3.09339869132578,3.10151070628421,99.7985985772467,99.73844955808168
8,DD042,22,C/2,3.09261146341304,3.10050263933619,99.77320119065291,99.74548720510559
8,DD042,23,C/2,3.09058081611109,3.09975412790516,99.70768886095951,99.70406324451709
8,DD042,24,C/2,3.09037005648281,3.09738265835127,99.7008893767553,99.77359588265426
8,DD042,25,C/2,3.08932631956524,3.09740381192783,99.66721654888835,99.73921732996244
8,DD042,26,C/2,3.08784996898995,3.09626518218875,99.61958682730226,99.72821406747688
8,DD042,27,C/2,3.08243424860139,3.09479591134808,99.44486595909342,99.60056614068274
8,DD042,28,C/2,3.08559029389242,3.08927236695705,99.54668564951172,99.88081099277572
8,DD042,29,C/2,3.08454482510348,3.09246661331887,99.51295694836334,99.7438359340317
8,DD042,30,C/2,3.08317746099855,3.0912422393039,99.46884332608778,99.73910882159898
8,DD042,31,C/2,3.08160772848592,3.08972090866718,99.4182009354574,99.73741381758782
8,DD042,32,C/2,3.080366018318,3.08837559355093,99.37814113490697,99.74065410795063
8,DD042,33,C/2,3.07880317377328,3.08709644399103,99.3277209624945,99.7313569443581
8,DD042,34,C/2,3.07666909817424,3.0852261676038,99.25887185014462,99.72264369077986
8,DD042,35,C/2,3.07594490329802,3.08369285126279,99.2355080225377,99.74874449763708
8,DD042,36,C/2,3.07456640332361,3.08244047281853,99.19103513710891,99.74455080108261
8,DD042,37,C/2,3.07358223641322,3.08116996057813,99.15928414468156,99.75373886341907
8,DD042,38,C/2,3.07181260448038,3.0800751139859,99.10219263966795,99.73174324652013
8,DD042,39,C/2,3.07049830668462,3.07815717759133,99.05979103185133,99.75118649033045
8,DD042,40,C/2,3.06936378262606,3.07706110721153,99.02318924773151,99.74984817274411
8,DD042,41,C/2,3.06697165380021,3.07554415042521,98.94601487473345,99.72126894605579
8,DD042,42,C/2,3.06569430683016,3.05073013023039,98.90480536693047,100.49051131896218
8,DD042,43,C/2,3.06479155866404,3.07207519625123,98.87568108944902,99.76290822581173
8,DD042,44,C/2,3.06360900002035,3.07127055800447,98.83752962332647,99.75054109237782
8,DD042,45,C/2,3.06187038665188,3.07003072222248,98.78143883291929,99.73419368374618
8,DD042,46,C/2,3.06055068667153,3.06809893106499,98.73886294092365,99.75397649935493
8,DD042,47,C/2,3.05942573205808,3.06701930913559,98.70256988429306,99.75241182685444
8,DD042,48,C/2,3.05793991957511,3.06568397905997,98.6546349045684,99.74739537611327
8,DD042,49,C/2,3.05608688524213,3.06414029898369,98.5948526883072,99.73717216067975
8,DD042,50,C/2,3.05527792184545,3.06239939822554,98.56875407595719,99.76745435673033
8,DD042,51,C/10,3.28586108781073,3.06522552757536,,
8,DD043,0,C/10,3.36,,,
8,DD043,1,C/2,3.12927909907301,3.35732878665069,100.0,93.20740677873303
8,DD043,2,C/2,3.12858661329448,3.13318172869733,99.97787075691858,99.85334028470922
8,DD043,3,C/2,3.12914755465514,3.13284852153137,99.99579633475616,99.88186575728784
8,DD043,4,C/2,3.12994285445511,3.13365617822917,100.02121112758195,99.88150187631119
8,DD043,5,C/2,3.13007174438072,3.1342591088525,100.02532996522888,99.86640018178608
8,DD043,6,C/2,3.12992022838095,3.13445895584656,100.02048808328186,99.85519901426227
8,DD043,7,C/2,3.12978408581574,3.1345144570683,100.01613747852916,99.84908759179933
8,DD043,8,C/2,3.12965616559399,3.13437215953114,100.01204962897336,99.84953943893326
8,DD043,9,C/2,3.12915197800782,3.13395665708058,99.99593768848462,99.8466896770284
8,DD043,10,C/2,3.12885313442852,3.13387542183987,99.98638777076113,99.83974195731108
8,DD043,11,C/2,3.12827195865538,3.13324953219603,99.96781557714273,99.84113702118192
8,DD043,12,C/2,3.07844231299791,3.13271507303464,98.37544736453327,98.26754879484919
8,DD043,13,C/2,3.12704766172965,3.08261441147481,99.9286916483729,101.44141447238553
8,DD043,14,C/2,3.12688071722719,3.13100458275004,99.92335672946109,99.86828938080863
8,DD043,15,C/2,3.12763007380214,3.13106091660781,99.94730334947245,99.89042554913345
8,DD043,16,C/2,3.11885037871354,3.13236103365008,99.6667372890274,99.56867504124209
8,DD043,17,C/2,3.11994260107921,3.12537541740709,99.70164061120128,99.82617076023503
8,DD043,18,C/2,3.11798595757848,3.12885805009911,99.63911363809397,99.65252202731646
8,DD043,19,C/2,3.11694420547432,3.12827562247174,99.60582315580785,99.63777434072556
8,DD043,20,C/2,3.11620507308575,3.12831540097454,99.58220326237013,99.61288021389987
8,DD043,21,C/2,3.11596518009914,3.12764919693241,99.57453718404938,99.62642815425946
8,DD043,22,C/2,3.116078243759,3.12755844873345,99.57815027371893,99.63293395910478
8,DD043,23,C/2,3.11487837455107,3.12735600536332,99.53980696300928,99.60101661624546
8,DD043,24,C/2,3.11504626414067,3.12604538646931,99.5451720833544,99.64814578904554
8,DD043,25,C/2,3.11433535660525,3.12653272087263,99.52245415015277,99.60987568798014
8,DD043,26,C/2,3.11341389821383,3.12620191793236,99.49300780285529,99.59094069883407
8,DD043,27,C/2,3.10926277635501,3.12548114244537,99.36035354839619,99.4810921790534
8,DD043,28,C/2,3.11209383818593,3.1216671534302,99.45082364522325,99.69332684191681
8,DD043,29,C/2,3.11142195470081,3.12450069949011,99.42935277401462,99.58141328656338
8,DD043,30,C/2,3.11059074674824,3.12382364450102,99.4027904915766,99.5763878099817
8,DD043,31,C/2,3.10980083281225,3.12302032011533,99.37754781072324,99.57670825201062
8,DD043,32,C/2,3.1090573485336,3.12197960510228,99.3537888472332,99.58608773268215
8,DD043,33,C/2,3.10778967338363,3.12067889400868,99.31327871343449,99.586973826439
8,DD043,34,C/2,3.10609746801455,3.11911838339638,99.25920218924136,99.5825450085145
8,DD043,35,C/2,3.10554124690943,3.11745403878358,99.24142745303185,99.61786792280029
8,DD043,36,C/2,3.10446811223248,3.11600329991607,99.20713410165683,99.629808232748
8,DD043,37,C/2,3.10352082515537,3.11450801495892,99.17686236663036,99.6472255087873
8,DD043,38,C/2,3.10188097988294,3.11309641964357,99.12445907435402,99.63973362052454
8,DD043,39,C/2,3.10053618590706,3.11084426777138,99.08148451269608,99.66864037614765
8,DD043,40,C/2,3.09906263088676,3.10922386372004,99.03439523194972,99.67319069714323
8,DD043,41,C/2,3.09662180646088,3.10707361932641,98.95639565605369,99.66361231994897
8,DD043,42,C/2,3.09500358430332,3.10471215293959,98.9046833572677,99.68729569254664
8,DD043,43,C/2,3.09383344475368,3.10252890563429,98.86729009471127,99.71972989954038
8,DD043,44,C/2,3.09224836058596,3.10101312220826,98.81663676154614,99.71735812533232
8,DD043,45,C/2,3.08312472101873,3.09910542173867,98.5250795281267,99.48434472064605
8,DD043,46,C/2,3.08841139944076,3.08972110760815,98.69402190286074,99.95761079651606
8,DD043,47,C/2,3.08686686379545,3.09479568426181,98.64466434808821,99.74380148884526
8,DD043,48,C/2,3.08492100365592,3.09287601642286,98.58248197068039,99.74279561402722
8,DD043,49,C/2,3.08261462429431,3.09077354129772,98.50877875378634,99.73602346162235
8,DD043,50,C/2,3.08122791559649,3.08819555861615,98.46446475513308,99.77437818015702
8,DD043,51,C/10,3.30813971446294,3.0911977990457,,
9,DD023,0,C/10,3.41,,,
9,DD023,1,C/2,3.16792968285083,3.4020151221168,100.0,93.11921226498497
9,DD023,2,C/2,3.16880181845684,3.17375703911911,100.027530144079,99.84386893510772
9,DD023,3,C/2,3.16720424985845,3.17459692217525,99.97710072302718,99.7671303633806
9,DD023,4,C/2,3.16746214787701,3.17340000312556,99.98524162400602,99.81288664389295
9,DD023,5,C/2,3.16653331323232,3.17349747456649,99.95592169781831,99.78055248538928
9,DD023,6,C/2,3.16600675943732,3.17295535711184,99.93930031263258,99.78100550141856
9,DD023,7,C/2,3.1649938042689,3.17229901382516,99.90732500794373,99.7697187584013
9,DD023,8,C/2,3.16496328042195,3.17110622993522,99.90636148128735,99.80628370455456
9,DD023,9,C/2,3.16544818921619,3.1711664494441,99.92166828550289,99.8196795936425
9,DD023,10,C/2,3.16005514481577,3.17312787999209,99.75142951948435,99.58801738629101
9,DD023,11,C/2,3.15546111569033,3.17106911113003,99.60641275505586,99.50780021208247
9,DD023,12,C/2,3.15137281326817,3.1699440350601,99.47735994039614,99.4141466982846
9,DD023,13,C/2,3.15183918871992,3.16758452230871,99.49208171450226,99.50292301664254
9,DD023,14,C/2,3.15151011957605,3.16997601790098,99.4816942003585,99.41747514111614
9,DD023,15,C/2,3.15138832543843,3.17089816764433,99.47784960310373,99.38472189346925
9,DD023,16,C/2,3.15030912251472,3.17141612630053,99.44378309810673,99.33446123292464
9,DD023,17,C/2,3.15097686525801,3.17159196803,99.46486130406898,99.3500077254643
9,DD023,18,C/2,3.15075645192742,3.17332876527637,99.45790365814067,99.28868658060445
9,DD023,19,C/2,3.15044990432156,3.17430720575162,99.44822706691077,99.24842493546836
9,DD023,20,C/2,3.15014643031928,3.17545571733517,99.43864749814942,99.20297150176827
9,DD023,21,C/2,3.14995686478455,3.17656313882871,99.43266360476454,99.16241948038311
9,DD023,22,C/2,3.1496615775207,3.17742180585032,99.4233424615129,99.12632851330889
9,DD023,23,C/2,3.14955791869064,3.1784072391285,99.42007032985475,99.09233404446404
9,DD023,24,C/2,3.14760420727915,3.17776852892584,99.35839877754519,99.05077033232229
9,DD023,25,C/2,3.14997769133216,3.17855492377061,99.43332102300594,99.10093633352889
9,DD023,26,C/2,3.15008646153668,3.17953261525653,99.43675450213614,99.07388420617052
9,DD023,27,C/2,3.15048716628975,3.17923368360895,99.44940329150919,99.09580357469765
9,DD023,28,C/2,3.15071412993643,3.17858462677696,99.45656770705504,99.12317902107296
9,DD023,29,C/2,3.15063767131898,3.17784042390643,99.45415418702449,99.14398619947032
9,DD023,30,C/2,3.15029230796608,3.17652597540869,99.44325232405797,99.17413968449496
9,DD023,31,C/2,3.14956356981972,3.17476852394347,99.42024871541396,99.2060852961827
9,DD023,32,C/2,3.14863056567278,3.17310321985255,99.39079717322883,99.22874698728182
9,DD023,33,C/2,3.14779258041633,3.18702424459273,99.36434503128307,98.76901896046249
9,DD023,34,C/2,3.14588586710221,3.16852264883908,99.30415703770346,99.28557298635172
9,DD023,35,C/2,3.14232099235269,3.16571008787946,99.19162692793438,99.26117380058523
9,DD023,36,C/2,3.14242680981742,3.16165857993962,99.1949671998256,99.39171894637127
9,DD023,37,C/2,3.14063912685758,3.16080961034727,99.13853656092861,99.36185705638013
9,DD023,38,C/2,3.1378214949531,3.15827261076255,99.04959418573219,99.3524588175271
9,DD023,39,C/2,3.13671139315465,3.15857814218127,99.01455231581761,99.30770276870469
9,DD023,40,C/2,3.13459660814596,3.15309399390025,98.94779625680096,99.41335761667513
9,DD023,41,C/2,3.13244629410869,3.14998055993813,98.87991867577665,99.44335320501838
9,DD023,42,C/2,3.1303282340916,3.14742625128471,98.81305923667496,99.45676194363152
9,DD023,43,C/2,3.1227803668799,3.14459053139621,98.57480056406112,99.30642275048044
9,DD023,44,C/2,3.12577938369227,3.13634199780012,98.66946860005336,99.66321867592059
9,DD023,45,C/2,3.12317638568063,3.13885102643998,98.58730143498872,99.50062489021253
9,DD023,46,C/2,3.12069766111135,3.13574326832628,98.50905712979791,99.52019008166569
9,DD023,47,C/2,3.1186583357791,3.13322042692185,98.44468305788308,99.53523566303772
9,DD023,48,C/2,3.11609019679592,3.13134453515006,98.36361626536294,99.51285020913838
9,DD023,49,C/2,3.11179399260103,3.12728623633037,98.22800074907964,99.50461062536063
9,DD023,50,C/2,3.11083435656805,3.1221152769408,98.19770853526649,99.63867700670541
9,DD023,51,C/10,3.34217061888694,3.12910182787989,,
9,DD024,0,C/10,3.44,,,
9,DD024,1,C/2,3.20246142488539,3.43499397139836,100.0,93.23048167044358
9,DD024,2,C/2,3.16638778981003,3.58214944343581,98.87356535210566,88.39351455904075
9,DD024,3,C/2,3.20119784992674,3.20650407135559,99.96054363219395,99.83451692838155
9,DD024,4,C/2,3.20222390613668,3.20421449901043,99.99258324403647,99.93787579219915
9,DD024,5,C/2,3.20145201447957,3.20555991250996,99.96848016972271,99.8718508422083
9,DD024,6,C/2,3.20048273478799,3.20494912248276,99.93821346037069,99.86064091740371
9,DD024,7,C/2,3.19685059468666,3.20393244217361,99.82479632213116,99.77896389468981
9,DD024,8,C/2,3.19887697007477,3.20030972465373,99.88807188174802,99.95523075257614
9,DD024,9,C/2,3.19775830810156,3.20249885456685,99.85314056408976,99.85197351566481
9,DD024,10,C/2,3.19710521304786,3.20119573852049,99.8327470302715,99.87221882675252
9,DD024,11,C/2,3.19615366478774,3.20068162416004,99.80303400226357,99.85853140349478
9,DD024,12,C/2,3.1886559051807,3.20283110329578,99.56890910231077,99.55741662117326
9,DD024,13,C/2,3.18650203440917,3.23578762411069,99.501652374258,98.47685956475387
9,DD024,14,C/2,3.1826805491370598,3.23073454316031,99.38232274728999,98.51259850101322
9,DD024,15,C/2,3.18377858567039,3.19883091857514,99.41661001535192,99.52944268428371
9,DD024,16,C/2,3.1835644300833,3.20226178316557,99.4099227970321,99.4161204065026
9,DD024,17,C/2,3.1834712810111,3.22750016558697,99.40701412586196,98.63582084223185
9,DD024,18,C/2,3.18347281271563,3.20114036757727,99.40706195483871,99.44808559347832
9,DD024,19,C/2,3.18322173474649,3.20248376978984,99.39922179891398,99.39852825406781
9,DD024,20,C/2,3.18261557549549,3.20339655910148,99.38029388158485,99.35128282675628
9,DD024,21,C/2,3.18215864616824,3.20513541713733,99.36602581503767,99.28312635883536
9,DD024,22,C/2,3.18177032278716,3.20544094499061,99.35390003647052,99.26154864152335
9,DD024,23,C/2,3.18190070894373,3.2081338609935,99.35797147213427,99.18229247324342
9,DD024,24,C/2,3.17925458838853,3.21607772147399,99.2753437616289,98.85502975131512
9,DD024,25,C/2,3.18132393070903,3.2042379536367,99.33996100586548,99.28488385509375
9,DD024,26,C/2,3.18305016653418,3.25040954818048,99.39386441315511,97.92766478661107
9,DD024,27,C/2,3.1808491126485,3.2054054092306,99.32513434607058,99.23390980400217
9,DD024,28,C/2,3.18067931888163,3.20457722349604,99.31983236911154,99.2542571781641
9,DD024,29,C/2,3.17978733381178,3.20392860524802,99.29197926015857,99.24651031871632
9,DD024,30,C/2,3.17870696667214,3.20262700935692,99.25824373625048,99.25311181680246
9,DD024,31,C/2,3.17757130432632,3.20097622958742,99.22278156527801,99.26881914820977
9,DD024,32,C/2,3.17599151002188,3.19931891751594,99.17345093814964,99.2708633276181
9,DD024,33,C/2,3.17460502766761,3.19745655327694,99.13015666632809,99.28532177909
9,DD024,34,C/2,3.17336031370262,3.19628636657624,99.09128925155402,99.28272844656976
9,DD024,35,C/2,3.1705662759359,3.19357177831151,99.004042680994,99.27963095954671
9,DD024,36,C/2,3.16884903189109,3.19049630710569,98.9504200508675,99.32150759220788
9,DD024,37,C/2,3.16673141756395,3.18939751995693,98.88429546586283,99.2893296539189
9,DD024,38,C/2,3.1642623984552,3.1861586002296,98.80719792178114,99.3127711290699
9,DD024,39,C/2,3.16227294112702,3.18305164862644,98.74507516480676,99.34720796917051
9,DD024,40,C/2,3.16022304924051,3.18087431744032,98.6810652794548,99.35076755197206
9,DD024,41,C/2,3.15785067080418,3.17834857804939,98.6069854351858,99.35507680350814
9,DD024,42,C/2,3.15539250113149,3.17610612918151,98.53022667538971,99.34782947396793
9,DD024,43,C/2,3.14872790035724,3.17273530115955,98.32211797742191,99.24332166022371
9,DD024,44,C/2,3.15017850564777,3.16590071524131,98.36741455084065,99.50338905077312
9,DD024,45,C/2,3.1477558774264,3.16726290147042,98.29176560773256,99.38410467804981
9,DD024,46,C/2,3.1455431669865,3.16484062896817,98.222671553306,99.39025485817398
9,DD024,47,C/2,3.14323649692542,3.16246080954058,98.15064351752216,99.39210906401863
9,DD024,48,C/2,3.14064092377424,3.15933331277689,98.06959419930055,99.40834387663199
9,DD024,49,C/2,3.13839036317196,3.15634169880111,97.999318236418,99.43126133536275
9,DD024,50,C/2,3.13524499865015,3.15404282846755,97.9011011432356,99.40400841587388
9,DD024,51,C/10,3.3679477325375,3.16115125477943,,
9,DD025,0,C/10,3.35,,,
9,DD025,1,C/2,3.11354650600658,3.33972281801277,100.0,93.22769210707219
9,DD025,2,C/2,3.11288420566579,3.11341041271934,99.97872842626528,99.98309869295096
9,DD025,3,C/2,3.11205883551683,3.11251569344366,99.952219422871,99.98532190768412
9,DD025,4,C/2,3.11164436406075,3.11200509576504,99.93890754667835,99.98840838323882
9,DD025,5,C/2,3.11128883574889,3.11168301711239,99.92748878960586,99.98733221342495
9,DD025,6,C/2,3.11125836984607,3.11132086791144,99.92651029441521,99.99799126904541
9,DD025,7,C/2,3.11023883698304,3.11137195106773,99.89376522826433,99.96358152922537
9,DD025,8,C/2,3.11005800721148,3.11023763341765,99.8879573891583,99.99422467903287
9,DD025,9,C/2,3.10993174169752,3.10986499805743,99.883902029339,100.00214619091605
9,DD025,10,C/2,3.11056712195303,3.10979174605209,99.90430899144104,100.02493337060028
9,DD025,11,C/2,3.10719183409849,3.12401164883234,99.79590245734789,99.4615956460938
9,DD025,12,C/2,3.10092411513984,3.10987829163424,99.59459764476331,99.712073089211
9,DD025,13,C/2,3.09980771565172,3.11495767840228,99.55874144393361,99.51363824762039
9,DD025,14,C/2,3.0979264751223,3.12681443746371,99.49832029635188,99.07612162732488
9,DD025,15,C/2,3.09856928584085,3.10860732697234,99.51896590794978,99.67708880293779
9,DD025,16,C/2,3.09558506827838,3.11096520863348,99.42311965812782,99.5056151604519
9,DD025,17,C/2,3.09734737550437,3.10587396580324,99.47972093973996,99.72546888918382
9,DD025,18,C/2,3.09685783134274,3.10797491633369,99.46399789976978,99.64230454587889
9,DD025,19,C/2,3.09626240578512,3.10794359641579,99.44487419127623,99.62415049474703
9,DD025,20,C/2,3.09566137824455,3.10803636075325,99.42557055988962,99.60183919773381
9,DD025,21,C/2,3.09564296738035,3.10803782426835,99.42497924499631,99.60119993420872
9,DD025,22,C/2,3.09475965190602,3.10848629302956,99.39660917014353,99.55841397292566
9,DD025,23,C/2,3.09446838804874,3.10804761749065,99.38725444052193,99.56309454959786
9,DD025,24,C/2,3.09175655667133,3.10797970833593,99.30015661262122,99.4780161652572
9,DD025,25,C/2,3.0934446297788,3.10504617703228,99.35437366395523,99.62636474332345
9,DD025,26,C/2,3.09285668512317,3.10668493433679,99.33549022494137,99.55488729929506
9,DD025,27,C/2,3.09247015292916,3.10591427172647,99.32307569401131,99.56714456288464
9,DD025,28,C/2,3.09146524366676,3.1050328124037,99.29080030450095,99.56304588206794
9,DD025,29,C/2,3.0906248880493,3.10788021516405,99.26381000209695,99.4447878965683
9,DD025,30,C/2,3.08961051512075,3.10288666445488,99.23123066125225,99.57213553797453
9,DD025,31,C/2,3.08839317978249,3.10156562745073,99.19213263153242,99.57529682584642
9,DD025,32,C/2,3.08704836057139,3.10014681217568,99.1489401110897,99.57748931267233
9,DD025,33,C/2,3.08549510093708,3.09852395890417,99.09905296049428,99.57951404798246
9,DD025,34,C/2,3.08403118512206,3.09679092395934,99.05203532924335,99.5879689927221
9,DD025,35,C/2,3.08046308296075,3.09471900218474,98.9374360401553,99.53934689340372
9,DD025,36,C/2,3.08037278481205,3.09134467176006,98.93453586993057,99.6450772038382
9,DD025,37,C/2,3.07860930200914,3.09080950344665,98.87789683147369,99.60527488271585
9,DD025,38,C/2,3.07657979817165,3.08869463502924,98.81271380518598,99.60776838473461
9,DD025,39,C/2,3.07464590407053,3.08658249815449,98.75060154518314,99.61327474347122
9,DD025,40,C/2,3.07249605595105,3.08433636755074,98.68155333551832,99.61611477515041
9,DD025,41,C/2,3.07033358083479,3.08196799290112,98.6120995755668,99.62250055506324
9,DD025,42,C/2,3.06797628688209,3.07960576292778,98.5363886797073,99.62237127278804
9,DD025,43,C/2,3.06474738844964,3.07697200255129,98.43268383938387,99.6027063589947
9,DD025,44,C/2,3.06339780923684,3.07345211299,98.3893384385621,99.67286610028296
9,DD025,45,C/2,3.06039500307891,3.07209059226991,98.29289516552487,99.61929543287465
9,DD025,46,C/2,3.0575349288898,3.06884703277661,98.20103611721477,99.6313891254275
9,DD025,47,C/2,3.05494722003711,3.06577370781814,98.11792482121524,99.64685952673477
9,DD025,48,C/2,3.05217794995427,3.06307032392366,98.02898219333099,99.64439686923552
9,DD025,49,C/2,3.0494933595856,3.05997163142796,97.94275928439127,99.65756964101428
9,DD025,50,C/2,3.04656782527638,3.05718020643197,97.84879780658531,99.65287027787035
9,DD025,51,C/10,3.2817729366065,3.06210579412645,,
10,DD027,0,C/10,5.02,,,
10,DD027,1,C/2,4.60735452033308,4.97704475833128,100.0,92.57209336164075
10,DD027,2,C/2,4.5965377020702,4.60702417078776,99.76522713381088,99.77238086172734
10,DD027,3,C/2,4.58730422507603,4.59770625717892,99.56481978609278,99.7737560531048
10,DD027,4,C/2,4.57072788218962,4.58918130330491,99.20503972546892,99.597892959644
10,DD027,5,C/2,4.54179565397606,4.57469467582718,98.57708222652074,99.28084770279952
10,DD027,6,C/2,4.52154503952317,4.55137509318309,98.13755419880938,99.34459250118502
10,DD027,7,C/2,4.51717974222183,4.53960774658964,98.0428079125821,99.50594840744427
10,DD027,8,C/2,4.51785608469155,4.54247729374421,98.05748753983316,99.457978379186
10,DD027,9,C/2,4.51553692489464,4.55103047239652,98.00715150021054,99.2200986629916
10,DD027,10,C/2,4.51152582060164,4.55671542557423,97.920092771057,99.00828555764166
10,DD027,11,C/2,4.50623338321778,4.56032493621374,97.80522343854734,98.81386625399395
10,DD027,12,C/2,4.49852174464636,4.56069534532153,97.63784672513432,98.6367517238583
10,DD027,13,C/2,4.49648122484074,4.55446275166653,97.59355840747578,98.72692938800358
10,DD027,14,C/2,4.49115475473735,4.55429022163623,97.4779504142145,98.61371445765708
10,DD027,15,C/2,4.48604027411977,4.5494360123524,97.36694353173976,98.60651434462422
10,DD027,16,C/2,4.47851560676574,4.54177370963246,97.2036249218776,98.60719386497485
10,DD027,17,C/2,4.47180073722084,4.53699218394956,97.05788251123249,98.56311309154671
10,DD027,18,C/2,4.45997563658263,4.5279941848336,96.80122545161133,98.49782165182994
10,DD027,19,C/2,4.44578506401419,4.51647549146482,96.49322717394864,98.43483203696734
10,DD027,20,C/2,4.42829427569535,4.50120530857109,96.11359959717655,98.38018868553043
10,DD027,21,C/2,4.41026494284046,4.48357435933464,95.72228321864904,98.36493363065223
10,DD027,22,C/2,4.39052741118126,4.465151287459,95.29389136010865,98.32874920750542
10,DD027,23,C/2,4.36705016652266,4.4450860238088,94.784331165533,98.24444663459462
10,DD027,24,C/2,4.34383675379329,4.42077221358691,94.28049729238678,98.25968278670489
10,DD027,25,C/2,4.31656857759793,4.39776313963333,93.68865709265785,98.15373044301403
10,DD027,26,C/2,4.28751208725876,4.36918928830004,93.05800255520174,98.13060969319872
10,DD027,27,C/2,4.25639811418718,4.33978123120994,92.38269152944348,98.07863317111233
10,DD027,28,C/2,4.21886728532883,4.30597990239491,91.56810631155501,97.97693860536533
10,DD027,29,C/2,4.18021536340077,4.26883125855884,90.72918840850497,97.92411810655673
10,DD027,30,C/2,4.14104128316243,4.22878236376472,89.87893735737664,97.92514551341966
10,DD027,31,C/2,4.10238947701109,4.18841865210018,89.04002196719422,97.94602253893716
10,DD027,32,C/2,4.06153701269825,4.14949586735978,88.15334254774537,97.88025202402487
10,DD027,33,C/2,4.02331419242593,4.10767570447408,87.32373805120325,97.94624702343802
10,DD027,34,C/2,3.97908570557779,4.06739229031175,86.36378398964901,97.8289139962157
10,DD027,35,C/2,3.92810946257816,4.01845320405825,85.2573737324252,97.75177818696875
10,DD027,36,C/2,3.89288345189822,3.97306927300557,84.49281327751595,97.98176634743923
10,DD027,37,C/2,3.84691377753549,3.9344940422012,83.49506773482204,97.77403997245064
10,DD027,38,C/2,3.80245515068305,3.88710577974251,82.5301186158377,97.82227101972339
10,DD027,39,C/2,3.75614468966961,3.83996040069353,81.52497649341008,97.81727668314542
10,DD027,40,C/2,3.71212091807444,3.79549689073355,80.56946565957072,97.80329229454338
10,DD027,41,C/2,3.67264727235966,3.75002551593156,79.71271271076733,97.93659421134157
10,DD027,42,C/2,3.63248894844757,3.71045656740418,78.84109921250354,97.89870552207661
10,DD027,43,C/2,3.59683044661945,3.6715198026969,78.06715178408767,97.96571011212885
10,DD027,44,C/2,3.54805451763272,3.63296339768954,77.00849808658137,97.66282038209303
10,DD027,45,C/2,3.50039455189943,3.57876809848306,75.97406573450259,97.81004120896097
10,DD027,46,C/2,3.46591129935397,3.539039761951,75.22562642093817,97.93366371908984
10,DD027,47,C/2,3.42869951459725,3.50103907116342,74.41796587316617,97.93376894414003
10,DD027,48,C/2,3.38872592716773,3.46305079662929,73.55036197480955,97.85377478338167
10,DD027,49,C/2,3.34539616557174,3.42334981078646,72.6099142318636,97.72288403104176
10,DD027,50,C/2,3.29909274239553,3.37488399935947,71.6049248616759,97.75425593951303
10,DD027,51,C/10,4.65560159911165,3.6084999900615,,
10,DD028,0,C/10,4.95,,,
10,DD028,1,C/2,4.49192148300885,5.08718222870488,100.0,88.29881221204899
10,DD028,2,C/2,4.50302624245921,4.57418344242469,100.24721624125365,98.44437371475944
10,DD028,3,C/2,4.45061619871086,4.55240626720234,99.0804540004933,97.76403812584078
10,DD028,4,C/2,4.40695213093545,4.64897395603969,98.10839632004242,94.79408085756602
10,DD028,5,C/2,4.40333559948735,4.58788465742901,98.02788441746844,95.97746953723377
10,DD028,6,C/2,4.41277340146396,4.6055899586418,98.23799053825239,95.81342327672823
10,DD028,7,C/2,4.4008537348322,4.49852745801521,97.97263268022107,97.8287623206794
10,DD028,8,C/2,4.37564829096317,4.44737729129609,97.41150435319283,98.38716178918978
10,DD028,9,C/2,4.35537873323732,4.42926955728423,96.96025965084168,98.3317605060773
10,DD028,10,C/2,4.33619354175037,4.43386729145678,96.5331553134324,97.79709803460719
10,DD028,11,C/2,4.31975658992913,4.42348621401343,96.16723280380232,97.65502549198214
10,DD028,12,C/2,4.30286783467994,4.41451829923585,95.79125216137405,97.47083470975222
10,DD028,13,C/2,4.28725843885766,4.39275100899466,95.44375285887455,97.59848509690188
10,DD028,14,C/2,4.27453376188966,4.36494881257443,95.16047370949198,97.92861143241119
10,DD028,15,C/2,4.26064390856742,4.354755698242,94.85125518519723,97.83887326417478
10,DD028,16,C/2,4.23671049523751,4.33863899422784,94.31844504102082,97.65068033717633
10,DD028,17,C/2,4.22454334141082,4.30981391984514,94.04757757655794,98.02147888469896
10,DD028,18,C/2,4.21193961054961,4.28736931320541,93.76699095212817,98.24065301714337
10,DD028,19,C/2,4.19050867512424,4.26798084749425,93.2898914412299,98.18480506032509
10,DD028,20,C/2,4.1748666687556,4.25,92.94166615662046,98.23215691189647
10,DD028,21,C/2,4.15610743695325,4.23144899198918,92.52404461373933,98.21948568496126
10,DD028,22,C/2,4.13190225362248,4.20936541727117,91.98518427474345,98.15974247968931
10,DD028,23,C/2,4.11021709198263,4.18844999506289,91.50242513209422,98.13217531133292
10,DD028,24,C/2,4.08628818831934,4.16341664956069,90.96971538296341,98.14747195072373
10,DD028,25,C/2,4.05400748844716,4.1363697914315,90.25107637748914,98.00882640727738
10,DD028,26,C/2,4.01964086864405,4.10399014693556,89.48600023060844,97.94470076019813
10,DD028,27,C/2,3.98834029957374,4.07220692512379,88.78918108119305,97.940511690783
10,DD028,28,C/2,3.95324486465877,4.03986626491617,88.00787991536185,97.85583495647727
10,DD028,29,C/2,3.91135351011567,4.02975483893712,87.07528670994724,97.06182302512775
10,DD028,30,C/2,3.86708050904936,3.95143693568347,86.08967284216756,97.86517087309863
10,DD028,31,C/2,3.8175869802259,3.912505622049,84.98783860462188,97.57396791232237
10,DD028,32,C/2,3.77238084847026,3.86127616004642,83.98145120611912,97.69777379572118
10,DD028,33,C/2,3.72363379411167,3.81240914672373,82.89623512335854,97.67141066985555
10,DD028,34,C/2,3.67340433301316,3.76597780772922,81.77801742323825,97.54184757737914
10,DD028,35,C/2,3.61320118605574,3.70979410040329,80.43776365466407,97.39627289996903
10,DD028,36,C/2,3.56119587814251,3.65352674382441,79.2800117191072,97.47282907295074
10,DD028,37,C/2,3.50612107572582,3.60260445201199,78.05392612021558,97.3218437502267
10,DD028,38,C/2,3.45518484846472,3.54301454968871,76.91997425899602,97.52104599085807
10,DD028,39,C/2,3.40825034633662,3.50854481666806,75.87510955453415,97.141422567699
10,DD028,40,C/2,3.35509513852516,3.48886362605431,74.6917583313989,96.16584361365727
10,DD028,41,C/2,3.3087567782398,3.45797411101422,73.66016504864363,95.68483372101781
10,DD028,42,C/2,3.25275791068421,3.38478931594034,72.41350773801585,96.09927257113638
10,DD028,43,C/2,3.20449208464437,3.2923785340149,71.33900485050077,97.33060920964769
10,DD028,44,C/2,3.14180028086132,3.23073811017874,69.94334813610386,97.2471359087506
10,DD028,45,C/2,3.08546251712362,3.17299954628262,68.68914625499791,97.2411899881437
10,DD028,46,C/2,3.03109067882405,3.11395374053789,67.47871017535499,97.33897582885973
10,DD028,47,C/2,2.97247090945826,3.05956339025288,66.17370585621173,97.1534343405965
10,DD028,48,C/2,2.91312198974741,2.9984009232199,64.85246905509347,97.15585288104464
10,DD028,49,C/2,2.86770770920051,2.94110470415878,63.84144780909252,97.50444127832358
10,DD028,50,C/2,2.81766848388897,2.9000311163207,62.72746517380341,97.15993969967384
10,DD028,51,C/10,4.51571756100545,3.26739335249432,,
10,DD059,0,C/10,4.93,,,
10,DD059,1,C/2,4.54319212824477,4.9073053832809,100.0,92.58017941421258
10,DD059,2,C/2,4.53118420931021,4.55676334819148,99.73569423005671,99.43865553405527
10,DD059,3,C/2,4.51377113685382,4.54899311971337,99.3524158661915,99.22571914415713
10,DD059,4,C/2,4.4991875379916,4.54370524326326,99.03141691984374,99.02023342430356
10,DD059,5,C/2,4.50737851265655,4.54261446801852,99.21170809912334,99.2243243266616
10,DD059,6,C/2,4.51980459081371,4.55858537739163,99.48521795312901,99.14928024008822
10,DD059,7,C/2,4.52929540723204,4.57427818597107,99.69411989146718,99.01661471143167
10,DD059,8,C/2,4.53654715843213,4.58596028714513,99.85373786480814,98.92251293907822
10,DD059,9,C/2,4.54285208175712,4.59214175262657,99.99251525187465,98.9266517994298
10,DD059,10,C/2,4.54804069943414,4.596932556285,100.10672168494101,98.93642431660186
10,DD059,11,C/2,4.55087984665553,4.59914594620091,100.16921402823723,98.95054211999404
10,DD059,12,C/2,4.55329474755419,4.60025081146865,100.22236830458067,98.97927165628893
10,DD059,13,C/2,4.55144991707616,4.60255942754337,100.18176182292736,98.88954154157462
10,DD059,14,C/2,4.55030035476339,4.60053495602397,100.15645885795648,98.90807043657387
10,DD059,15,C/2,4.54812963469677,4.59920998513887,100.10867923505377,98.88936685632636
10,DD059,16,C/2,4.54204983321454,4.59729925834548,99.97485699486208,98.79821995423409
10,DD059,17,C/2,4.54122249226888,4.59083598528526,99.95664643008062,98.91929284393076
10,DD059,18,C/2,4.53722642044345,4.59198357404301,99.8686890707476,98.80754900977685
10,DD059,19,C/2,4.53277820073617,4.58737826729738,99.77077950448415,98.80977622991233
10,DD059,20,C/2,4.52827902071515,4.58343629255388,99.67174825302003,98.79659564749844
10,DD059,21,C/2,4.5232624944218,4.57901525197427,99.56132971575056,98.78242909262136
10,DD059,22,C/2,4.5185912733625,4.57427436933447,99.4585116766397,98.78269007330947
10,DD059,23,C/2,4.51245977584932,4.56803231475722,99.32355155740854,98.78344689619706
10,DD059,24,C/2,4.50672911326156,4.56381987249034,99.19741419790456,98.74905756967075
10,DD059,25,C/2,4.50093743657138,4.55759729401754,99.06993385970418,98.75680421522688
10,DD059,26,C/2,4.49437404685749,4.55097408063097,98.92546738043984,98.75630946758473
10,DD059,27,C/2,4.48729561661428,4.54441183150741,98.76966436697704,98.74315495578261
10,DD059,28,C/2,4.47944919371684,4.53713155293237,98.59695710133755,98.72866019989547
10,DD059,29,C/2,4.47308250102493,4.5290226487665,98.45682011148126,98.76485166712942
10,DD059,30,C/2,4.46528589922031,4.52225369904361,98.2852094557014,98.74027855103867
10,DD059,31,C/2,4.45842089196509,4.51483586176639,98.13410408614106,98.75045358173378
10,DD059,32,C/2,4.45091978015303,4.50754559963383,97.96899744745356,98.74375492761736
10,DD059,33,C/2,4.43921284961249,4.49481344402625,97.7113167196728,98.7630055149974
10,DD059,34,C/2,4.43536301093194,4.49038296268328,97.62657809159198,98.77471582694449
10,DD059,35,C/2,4.42493498083273,4.48261243005491,97.39704718458104,98.71330724834773
10,DD059,36,C/2,4.41748653590904,4.4729062436781,97.23309979443253,98.76099107046143
10,DD059,37,C/2,4.40935730132195,4.46497536720936,97.05416757326249,98.7543477552896
10,DD059,38,C/2,4.40139432271149,4.45719809551921,96.87889480500438,98.74800779297158
10,DD059,39,C/2,4.39151233998695,4.44844865607386,96.66138292248671,98.72008602349113
10,DD059,40,C/2,4.38203663163993,4.43818914333634,96.45281352723462,98.73478777305561
10,DD059,41,C/2,4.37326950420393,4.42913449001979,96.25984067492016,98.73869294459806
10,DD059,42,C/2,4.36398652492297,4.42074012150874,96.05551343057475,98.71619694834264
10,DD059,43,C/2,4.35199370645655,4.40974309027521,95.79154003636454,98.69041387136555
10,DD059,44,C/2,4.34299405416727,4.39697731229367,95.59344908983972,98.77226434679419
10,DD059,45,C/2,4.33150975754075,4.38797831503012,95.34066874724486,98.71310764467663
10,DD059,46,C/2,4.32139486554053,4.37628044511904,95.1180303090125,98.74583952589863
10,DD059,47,C/2,4.30544515546904,4.36573866592072,94.76696194955811,98.61893908303914
10,DD059,48,C/2,4.29834345742742,4.34960702279252,94.61064678961871,98.8214207606234
10,DD059,49,C/2,4.28654627014186,4.34249622918261,94.35097942463501,98.71157149971133
10,DD059,50,C/2,4.27408589291267,4.33009085247206,94.0767146152794,98.70661005813731
10,DD059,51,C/10,4.79895887779224,4.44130540648072,,
11,DD053,0,C/10,4.97,,,
11,DD053,1,C/2,4.5135783930042,5.69866905499087,100.0,79.20407992549114
11,DD053,2,C/2,4.56196364487436,5.0625594973207,101.07199316500528,90.11180307685717
11,DD053,3,C/2,4.62609993865489,4.78168147270813,102.49295649378978,96.74630075338067
11,DD053,4,C/2,4.61386960719174,4.77727978142706,102.22198897316122,96.57943051879397
11,DD053,5,C/2,4.5706001642353,4.62785400470372,101.26333844825828,98.76284255272037
11,DD053,6,C/2,4.59924935534027,4.62139179882637,101.89807188169935,99.52087067165081
11,DD053,7,C/2,4.52706555888295,4.8409990961568,100.29881315232399,93.51510853362734
11,DD053,8,C/2,4.59601287252531,4.67715004074499,101.8263664069484,98.26524341719094
11,DD053,9,C/2,4.57705206611328,5.05446977809015,101.4062827225392,90.5545441374216
11,DD053,10,C/2,4.60420493949797,5.11227437089144,102.00786468302483,90.06177300877386
11,DD053,11,C/2,4.61875151760843,4.64620386576425,102.33014950548423,99.40914456298175
11,DD053,12,C/2,4.6170797117669,4.69447349360663,102.29311002824548,98.35138526300912
11,DD053,13,C/2,4.6208966085928,4.72648582391341,102.3776747902493,97.76601011291758
11,DD053,14,C/2,4.62039174953898,4.71492629758555,102.36648945103812,97.99499415091641
11,DD053,15,C/2,4.61993463941666,4.67373395378076,102.3563620070786,98.84890079546399
11,DD053,16,C/2,4.62158043790645,4.67721706169861,102.39282528181293,98.81047590782637
11,DD053,17,C/2,4.62409604161672,4.68087449826204,102.44855941316575,98.78701177170203
11,DD053,18,C/2,4.62688015694803,4.68434403258616,102.51024251887242,98.77327806757171
11,DD053,19,C/2,4.62856412679062,4.68747072590304,102.54755149405716,98.74331803744604
11,DD053,20,C/2,4.62938098726855,4.68901420399205,102.56564934030696,98.72823552821121
11,DD053,21,C/2,4.63010445155368,4.68993826479409,102.58167795933464,98.72420893704371
11,DD053,22,C/2,4.62921358936667,4.69033448555479,102.56194057782841,98.69687553464772
11,DD053,23,C/2,4.62764663652354,4.68919393903014,102.5272241575806,98.6874651953651
11,DD053,24,C/2,4.62789916345675,4.68795612754326,102.53281898525881,98.71890942550301
11,DD053,25,C/2,4.62685609842512,4.68801691984876,102.50970949339208,98.69537967824542
11,DD053,26,C/2,4.62135397282587,4.68699432743332,102.38780786412653,98.59952135586654
11,DD053,27,C/2,4.62245228138473,4.68145972666188,102.41214129678747,98.73955029579575
11,DD053,28,C/2,4.62050050411594,4.68275514035034,102.36889894894622,98.6705553809986
11,DD053,29,C/2,4.61747045179751,4.68064325606915,102.30176701825621,98.65033926288385
11,DD053,30,C/2,4.61439841531236,4.67726999680702,102.2337049128121,98.65580602493378
11,DD053,31,C/2,4.6115170834536,4.6805678780076,102.16986793895504,98.5247346827626
11,DD053,32,C/2,4.60790037841717,4.67112043122998,102.08973850014802,98.6465762605876
11,DD053,33,C/2,4.60387233226921,4.66747966152528,102.00049564675693,98.63722321533837
11,DD053,34,C/2,4.59948442986382,4.66,101.90328004478152,98.70138261510341
11,DD053,35,C/2,4.59554905660377,4.65886055783872,101.81609039352502,98.64105180979443
11,DD053,36,C/2,4.59093132287514,4.65434638192974,101.71378279351109,98.63750881754729
11,DD053,37,C/2,4.58546495759275,4.64946394878516,101.59267344730227,98.62351892825986
11,DD053,38,C/2,4.58057624651114,4.64383590313931,101.48436224373067,98.63777149004328
11,DD053,39,C/2,4.57526062772287,4.63846739686917,101.36659274189796,98.63733505620925
11,DD053,40,C/2,4.5693239455774,4.63289947694988,101.23506335149963,98.627737733383
11,DD053,41,C/2,4.5626573514643,4.62645712543359,101.08736249128121,98.62097989369542
11,DD053,42,C/2,4.55621400332185,4.6196527579795,100.94460772817713,98.62676356901345
11,DD053,43,C/2,4.54975993607746,4.61250845096723,100.80161547940187,98.6396010856823
11,DD053,44,C/2,4.54078786946164,4.60549631115092,100.60283602251405,98.59497354209999
11,DD053,45,C/2,4.53235060292906,4.5962131464826,100.41590525942688,98.6105399919842
11,DD053,46,C/2,4.52374786783218,4.58730810350145,100.2253084790494,98.61443281691162
11,DD053,47,C/2,4.51015966418743,4.57788807867893,99.92425679762053,98.52053144752625
11,DD053,48,C/2,4.50029653035269,4.56275390613315,99.7057354166686,98.63114739332083
11,DD053,49,C/2,4.48996822516574,4.55323876581408,99.4769079922251,98.6104277877238
11,DD053,50,C/2,4.47960978861981,4.54226694338626,99.24741299637027,98.62057524255192
11,DD053,51,C/10,4.83145566204364,4.56152215739428,,
11,DD055,0,C/10,4.99,,,
11,DD055,1,C/2,4.64853750127646,4.98828890527266,100.0,93.18901911160195
11,DD055,2,C/2,4.64565336138804,4.6544125557143,99.9379559724402,99.81180881107097
11,DD055,3,C/2,4.63628061639468,4.65297719623622,99.73632814883362,99.64116351451183
11,DD055,4,C/2,4.62509545821983,4.65215966079091,99.49571143504397,99.41824433070985
11,DD055,5,C/2,4.61990210727664,4.64844520911485,99.3839913307797,99.38596454181624
11,DD055,6,C/2,4.62172043090223,4.64861260395845,99.42310736727701,99.42150109403995
11,DD055,7,C/2,4.62740419978473,4.6555301681264,99.54537741201558,99.39585896072094
11,DD055,8,C/2,4.6320255985252,4.66599264848485,99.64479359913251,99.27202950114633
11,DD055,9,C/2,4.62292823762509,4.67494576965671,99.44908987731438,98.88731261078479
11,DD055,10,C/2,4.63763262581096,4.66976308914964,99.76541276772522,99.3119466078839
11,DD055,11,C/2,4.64004042757127,4.68735625628228,99.81720974171218,98.99056469950209
11,DD055,12,C/2,4.64250625101937,4.69211193335306,99.87025488650067,98.94278561470205
11,DD055,13,C/2,4.64473442380467,4.69603583373415,99.91818765642431,98.90755923195998
11,DD055,14,C/2,4.64832040117992,4.69945238103664,99.99532971183991,98.9119587621943
11,DD055,15,C/2,4.65110748539196,4.70313490345561,100.05528586388289,98.89377151343409
11,DD055,16,C/2,4.65171641755143,4.70536813234279,100.06838529912037,98.85977646631771
11,DD055,17,C/2,4.65391754311164,4.70615670210335,100.11573622529029,98.88998258455011
11,DD055,18,C/2,4.65606663531211,4.70817474439126,100.1619678024235,98.8932418207029
11,DD055,19,C/2,4.65736711130737,4.70913404417232,100.18994382703133,98.90071226727953
11,DD055,20,C/2,4.65716015425153,4.70977231038492,100.18549173740563,98.88291508238348
11,DD055,21,C/2,4.65651139287696,4.70891942987731,100.17153549042708,98.88704748975256
11,DD055,22,C/2,4.65577583348698,4.70835925695278,100.15571203219362,98.88319007543551
11,DD055,23,C/2,4.65363250082506,4.70748641668214,100.10960435507299,98.85599423789657
11,DD055,24,C/2,4.65110542740305,4.70507354279413,100.0552415921327,98.85298040720888
11,DD055,25,C/2,4.65044741201201,4.70303765686798,100.0410862714354,98.88178133595909
11,DD055,26,C/2,4.64817163432796,4.70176908472684,99.99212941815789,98.86005779031163
11,DD055,27,C/2,4.64520854411787,4.69953761097362,99.92838700004731,98.84394867425064
11,DD055,28,C/2,4.64242165285706,4.69671555198002,99.86843499879863,98.84400282448293
11,DD055,29,C/2,4.63952025762265,4.69375078111921,99.80601977178128,98.84462286078963
11,DD055,30,C/2,4.63647976119438,4.69141627828999,99.74061218009388,98.82899930773922
11,DD055,31,C/2,4.63021585700432,4.6880912407521,99.60586218209257,98.76548085829286
11,DD055,32,C/2,4.62963757731954,4.68195095902273,99.59342214725105,98.88265848657866
11,DD055,33,C/2,4.62592209576024,4.68140264208379,99.51349417940568,98.8148734350512
11,DD055,34,C/2,4.62200880858143,4.67783401456082,99.4293109889348,98.8066013927467
11,DD055,35,C/2,4.61789145171933,4.67,99.34073782240726,98.88418526165589
11,DD055,36,C/2,4.61462129709124,4.67011919618741,99.27038979085559,98.81163848791104
11,DD055,37,C/2,4.6104657352172,4.666619285003,99.18099475267638,98.79669743005907
11,DD055,38,C/2,4.60654997599628,4.66245704861403,99.09675838328398,98.80090964839302
11,DD055,39,C/2,4.60209670652522,4.65877273287743,99.00095901692765,98.78345586698744
11,DD055,40,C/2,4.59820621115631,4.65406699946451,98.91726612711355,98.79974249802103
11,DD055,41,C/2,4.59442206410143,4.64998193929428,98.83586101735932,98.80515933355899
11,DD055,42,C/2,4.58910826172377,4.64584635240013,98.72154974470206,98.77873510287209
11,DD055,43,C/2,4.58524377634074,4.64078702909598,98.63841638540424,98.80315014658065
11,DD055,44,C/2,4.58099724660303,4.63650918746319,98.54706443360125,98.80272121512753
11,DD055,45,C/2,4.57611752775814,4.63175331480697,98.44209122765099,98.79881800114504
11,DD055,46,C/2,4.57016086313579,4.6272161366498,98.31395061093629,98.76696329220275
11,DD055,47,C/2,4.56535557349549,4.62087727789806,98.21057853662299,98.79845966331688
11,DD055,48,C/2,4.55792196913308,4.61561766052436,98.05066578211971,98.74998980342914
11,DD055,49,C/2,4.5560832555392,4.60702314157061,98.011111113724,98.89429932374847
11,DD055,50,C/2,4.5505234205895,4.6050405988356,97.89150715337792,98.81614120275326
11,DD055,51,C/10,4.86830547205703,4.62681390150966,,
11,DD058,0,C/10,4.99,,,
11,DD058,1,C/2,4.63971548075927,4.98878459321662,100.0,93.00292273729382
11,DD058,2,C/2,4.61858991327377,4.6468544473282,99.54467967759861,99.39174909877626
11,DD058,3,C/2,4.63972589235636,4.62574341714533,100.00022440162834,100.30227520098076
11,DD058,4,C/2,4.63920981567515,4.64750231796047,99.98910137731036,99.82157077677458
11,DD058,5,C/2,4.64200773277361,4.64695536814728,100.04940501252383,99.893529526718
11,DD058,6,C/2,4.64097873282074,4.64990367444338,100.02722692946816,99.80806179552292
11,DD058,7,C/2,4.62573444735871,4.65239467930653,99.69866614755712,99.42695678708424
11,DD058,8,C/2,4.61190363806048,4.64438202609807,99.40057008206375,99.30069516557671
11,DD058,9,C/2,4.60436044947584,4.63586189429356,99.23799139343681,99.32048353604976
11,DD058,10,C/2,4.60373773764014,4.63259746280407,99.2245700567561,99.37702929305536
11,DD058,11,C/2,4.60745064650284,4.6367547575233,99.3045945513204,99.36800386147416
11,DD058,12,C/2,4.61226843048413,4.64457331593282,99.40843246985807,99.30445956493205
11,DD058,13,C/2,4.61587919905239,4.65302426314943,99.48625552998394,99.20170061456122
11,DD058,14,C/2,4.61819045206176,4.66024035723367,99.53607007182285,99.09768806008815
11,DD058,15,C/2,4.61942644130892,4.66518180366527,99.56270940460706,99.01921587878094
11,DD058,16,C/2,1.10923062835084,4.66892591709274,23.907298474459882,23.757726039087355
11,DD058,17,C/2,4.6216136347674,4.66981486415096,99.60985008527058,98.96781284085608
11,DD058,18,C/2,4.62318255423241,4.67496325218778,99.64366507826995,98.8923827811665
11,DD058,19,C/2,4.62367112030386,4.67671779648922,99.6541951651573,98.8657285195788
11,DD058,20,C/2,4.61137594301766,4.67804205857748,99.38919664666652,98.57491414730691
11,DD058,21,C/2,4.62479778744989,4.66540768390599,99.67847827369495,99.12955310216105
11,DD058,22,C/2,4.62429538818266,4.67859517125794,99.66765003930614,98.839399839318
11,DD058,23,C/2,4.62362871555381,4.67759339036684,99.65328121363967,98.84631539534483
11,DD058,24,C/2,4.62266028493152,4.67661279878554,99.63240858413673,98.84633352865923
11,DD058,25,C/2,4.62071438557518,4.67478183603106,99.59046852629461,98.84342302267129
11,DD058,26,C/2,4.61931433905098,4.67273662349604,99.56029325951359,98.85672382696609
11,DD058,27,C/2,4.61760007481521,4.67045863366324,99.52334564402123,98.86823622701544
11,DD058,28,C/2,4.61459220965425,4.668292787653,99.45851698861266,98.8496741648086
11,DD058,29,C/2,4.61212319146103,4.66490394591616,99.40530212654924,98.86855645760215
11,DD058,30,C/2,4.60953130319039,4.66190724025821,99.34943904008654,98.87651267242032
11,DD058,31,C/2,4.60083953052361,4.65831089083066,99.1621048661954,98.76626181347888
11,DD058,32,C/2,4.60296728127002,4.64927095974511,99.20796437536647,99.00406582287843
11,DD058,33,C/2,4.59977130759623,4.65124405105085,99.13908140857586,98.89335534988771
11,DD058,34,C/2,4.59607691051006,4.64757470806859,99.05945589917792,98.89194255513257
11,DD058,35,C/2,4.59266925398124,4.6444692458752,98.98601052212945,98.8846951254987
11,DD058,36,C/2,4.58869362348715,4.6399790442236,98.90032357622562,98.89470576811557
11,DD058,37,C/2,4.58503381760954,4.63603252751323,98.82144361272813,98.89994926478558
11,DD058,38,C/2,4.58139928335547,4.63173674986558,98.74310832968885,98.9132053648867
11,DD058,39,C/2,4.57716066096994,4.62825206154525,98.65175310751827,98.8960972761226
11,DD058,40,C/2,4.57274529216183,4.62352487679459,98.5565884616166,98.90171274112481
11,DD058,41,C/2,4.56664599971479,4.61859733003332,98.42513013249419,98.875170823386
11,DD058,42,C/2,4.56301053505792,4.61204518100557,98.3467747964408,98.9368134087325
11,DD058,43,C/2,4.55889572604576,4.60855004587237,98.2580881295703,98.92256090674152
11,DD058,44,C/2,4.55447303282142,4.60367570079244,98.16276562019056,98.93123079971618
11,DD058,45,C/2,4.55022512211229,4.59928030414766,98.07121020635654,98.93341612618975
11,DD058,46,C/2,4.5363555842781,4.59440585644586,97.772279422956,98.73650099748335
11,DD058,47,C/2,4.54174842926727,4.57944578901119,97.88851165770258,99.17681393162512
11,DD058,48,C/2,4.53717376375873,4.58484945825848,97.78991368272953,98.96014700299757
11,DD058,49,C/2,4.53292404978433,4.57970042441696,97.69831940303666,98.97861496827962
11,DD058,50,C/2,4.52890812930822,4.57509052260682,97.61176408530729,98.99056875333066
11,DD058,51,C/10,4.87034234856812,4.59455832241941,,
12,DD007,0,C/10,4.88833,,,
12,DD007,1,C/2,4.53824,4.88605879696039,100.0,92.88140377727817
12,DD007,2,C/2,4.52593,4.55165192064886,99.72874947116061,99.43488823184894
12,DD007,3,C/2,4.5266,4.55171943346001,99.74351290368072,99.44813308844664
12,DD007,4,C/2,4.52309,4.56025441545295,99.66617014525454,99.18503635834408
12,DD007,5,C/2,4.53266,4.56301892035372,99.8770448455789,99.33467467736543
12,DD007,6,C/2,4.53489,4.57877309280166,99.92618283739951,99.04159712848298
12,DD007,7,C/2,4.53378,4.58583546971697,99.90172401635876,98.86486399128962
12,DD007,8,C/2,4.53464,4.59019168931183,99.92067409392186,98.7897740863158
12,DD007,9,C/2,4.53541,4.5947591131145,99.93764102383302,98.70833025946662
12,DD007,10,C/2,4.5351,4.59826577068708,99.93081018192073,98.62631318333646
12,DD007,11,C/2,4.53844,4.59936442599076,100.0044069947821,98.67537293530212
12,DD007,12,C/2,4.53863,4.6039721193423,100.00859363982512,98.58074467767119
12,DD007,13,C/2,4.53936,4.60502376693238,100.02467917077986,98.57408408173926
12,DD007,14,C/2,4.53818,4.60591949699612,99.99867790156536,98.52929481202834
12,DD007,15,C/2,4.53457,4.60513779262959,99.91913164574814,98.46762907414993
12,DD007,16,C/2,4.53199,4.60190506245075,99.86228141305882,98.48073653189368
12,DD007,17,C/2,4.52272,4.59931072237014,99.65801720490762,98.33473476802475
12,DD007,18,C/2,4.51655,4.59037552151393,99.52206141587926,98.39173241561767
12,DD007,19,C/2,4.51457,4.58487555037944,99.47843216753631,98.46657669097209
12,DD007,20,C/2,4.50964,4.5831609000154,99.3697997461571,98.39584728489123
12,DD007,21,C/2,4.49583,4.57870453120491,99.06549675645184,98.19000045449314
12,DD007,22,C/2,4.49,4.56523583193192,98.9370328585531,98.3519836717815
12,DD007,23,C/2,4.48204,4.55930892842852,98.76163446622478,98.30524911469087
12,DD007,24,C/2,4.46653,4.54993100785899,98.41987202087152,98.16698302205168
12,DD007,25,C/2,4.45054,4.53647813239089,98.06753278804118,98.10562004526632
12,DD007,26,C/2,4.44532,4.52015122315614,97.95251022422788,98.34449735281444
12,DD007,27,C/2,4.41587,4.5157923503851,97.303580242561,97.78726870874436
12,DD007,28,C/2,4.40174,4.48401929130382,96.99222606120435,98.16505492152119
12,DD007,29,C/2,4.38421,4.47207597925324,96.60595296855169,98.03523062530992
12,DD007,30,C/2,4.36595,4.45466595840982,96.20359434494429,98.00847113480336
12,DD007,31,C/2,4.33709,4.43624496233914,95.56766499788463,97.76488982955401
12,DD007,32,C/2,4.32651,4.40802815889561,95.33453497391059,98.15068878970061
12,DD007,33,C/2,4.31624,4.39747242115186,95.10823579184881,98.15274745644494
12,DD007,34,C/2,4.28987,4.38723543846631,94.52717352982654,97.78071088657263
12,DD007,35,C/2,4.27037,4.36072675280982,94.09749153857001,97.92794279642494
12,DD007,36,C/2,4.24266,4.34176156906807,93.48690241150754,97.71748016348715
12,DD007,37,C/2,4.2384,4.31371550298317,93.39303342264843,98.25404566130787
12,DD007,38,C/2,4.20823,4.30983993872523,92.7282382597659,97.64237326281578
12,DD007,39,C/2,4.18211,4.27939472795711,92.15268474122126,97.72667084619344
12,DD007,40,C/2,4.14907,4.25346084063252,91.42464920321535,97.54574346529083
12,DD007,41,C/2,4.13251,4.22058004198369,91.05975003525596,97.91331899626059
12,DD007,42,C/2,4.10925,4.203720865658,90.54721654209563,97.75268461734049
12,DD007,43,C/2,4.09156,4.18040262700738,90.15741785361728,97.87478300694258
12,DD007,44,C/2,4.05151,4.16231198191716,89.2749171484981,97.33797028193634
12,DD007,45,C/2,4.05681,4.12125406379787,89.3917025102242,98.43629966024267
12,DD007,46,C/2,4.03741,4.12735157702424,88.96422401635877,97.82084042646335
12,DD007,47,C/2,4.03152,4.10793886934934,88.8344380200254,98.13972720189375
12,DD007,48,C/2,3.98935,4.10229214894516,87.90522317021576,97.24685261691562
12,DD007,49,C/2,3.97169,4.06011498116964,87.51608553095474,97.82210647777846
12,DD007,50,C/2,3.9488,4.04170484719758,87.0117049781413,97.70134508307805
12,DD007,51,C/10,4.58237,4.0527891824427,,
12,DD008,0,C/10,4.87398,,,
12,DD008,1,C/2,4.52862,4.88833922902907,100.0,92.64127933485258
12,DD008,2,C/2,4.52547,4.56412947489018,99.93044238642236,99.15297155563033
12,DD008,3,C/2,4.52675,4.57536884187316,99.95870706749517,98.93737874358442
12,DD008,4,C/2,4.52436,4.58171904145615,99.90593160830451,98.74808907012506
12,DD008,5,C/2,4.53507,4.57853729651534,100.1424274944685,99.05062919224395
12,DD008,6,C/2,4.53982,4.58696389613592,100.24731595938718,98.9722200304294
12,DD008,7,C/2,4.54351,4.59032513565265,100.32879773529244,98.98013464691117
12,DD008,8,C/2,4.54663,4.59353204167073,100.39769289540743,98.97895472927473
12,DD008,9,C/2,4.54897,4.5964921269979,100.44936426549367,98.96612186674324
12,DD008,10,C/2,4.54885,4.59884294746491,100.4467144516431,98.91292335841847
12,DD008,11,C/2,4.5517,4.59885404532643,100.50964753059431,98.97465662398332
12,DD008,12,C/2,4.55219,4.60172467877593,100.5204676038175,98.9235627458463
12,DD008,13,C/2,4.55242,4.60257578205553,100.52554641369775,98.91026711062364
12,DD008,14,C/2,4.55221,4.60282158771532,100.52090923945924,98.90042256144798
12,DD008,15,C/2,4.55148,4.60269630313277,100.5047895385349,98.88725434485194
12,DD008,16,C/2,4.55037,4.60194494854123,100.48027876041708,98.8792793238959
12,DD008,17,C/2,4.54546,4.60059475216476,100.3718572103643,98.80157338051093
12,DD008,18,C/2,4.54755,4.59600694113787,100.41800813492851,98.94567302098389
12,DD008,19,C/2,4.54586,4.59755704381736,100.38068992319957,98.87555405349717
12,DD008,20,C/2,4.54417,4.59548930280667,100.34337171147061,98.88326793024353
12,DD008,21,C/2,4.54166,4.59331391483222,100.28794643842937,98.87545428442361
12,DD008,22,C/2,4.53929,4.59038151165411,100.23561261488048,98.88698768230051
12,DD008,23,C/2,4.53638,4.58719384892832,100.171354629004,98.892267242201
12,DD008,24,C/2,4.52895,4.58327209217913,100.00728698808909,98.81477487946167
12,DD008,25,C/2,4.53079,4.57636700130542,100.04791746713127,99.00407897154186
12,DD008,26,C/2,4.52779,4.57752314922792,99.98167212086685,98.91353582261385
12,DD008,27,C/2,4.52108,4.5740801771575,99.83350336305541,98.84129321951598
12,DD008,28,C/2,4.52171,4.56585341196882,99.84741488577093,99.03318376684842
12,DD008,29,C/2,4.51842,4.56681833255958,99.77476582270096,98.94021769566528
12,DD008,30,C/2,4.51533,4.56306491441521,99.70653311604859,98.95388482718248
12,DD008,31,C/2,4.51196,4.55919019069064,99.63211751041156,98.9640662329227
12,DD008,32,C/2,4.50841,4.55515189190216,99.55372718399865,98.97386754577263
12,DD008,33,C/2,4.50481,4.55122059366564,99.47423276848134,98.98026051010945
12,DD008,34,C/2,4.50075,4.54664369639084,99.38458073320349,98.99060275105194
12,DD008,35,C/2,4.49761,4.54281682985651,99.31524393744672,99.00487227309277
12,DD008,36,C/2,4.49362,4.53881379565846,99.22713762691504,99.00428178609818
12,DD008,37,C/2,4.48992,4.53437009303665,99.14543503318892,99.01970743180156
12,DD008,38,C/2,4.48582,4.52998935669536,99.05489972662754,99.0249567224683
12,DD008,39,C/2,4.48203,4.52591909726873,98.97120977251348,99.03027216515612
12,DD008,40,C/2,4.47811,4.52153821392714,98.88464918672797,99.03952566864584
12,DD008,41,C/2,4.47425,4.51726073706446,98.79941350786773,99.04785799253175
12,DD008,42,C/2,4.47048,4.51284093081901,98.71616518939544,99.06132452997137
12,DD008,43,C/2,4.4665,4.50847364881908,98.62827969668464,99.06900534219439
12,DD008,44,C/2,4.45953,4.50383289466445,98.4743696755303,99.0163290756872
12,DD008,45,C/2,4.45832,4.49677157535435,98.44765071920362,99.14490708033529
12,DD008,46,C/2,4.45425,4.49507237129512,98.3577778661049,99.09184173416638
12,DD008,47,C/2,4.45029,4.49037475693705,98.27033400903586,99.10731822828096
12,DD008,48,C/2,4.44601,4.48610729496787,98.17582398169861,99.10618956856321
12,DD008,49,C/2,4.44183,4.48138807636503,98.0835221325702,99.11728072438851
12,DD008,50,C/2,4.43754,4.47676088252815,97.98879128741206,99.12390043700525
12,DD008,51,C/10,4.76324,4.4893796227475,,
12,DD009,0,C/10,4.84352,,,
12,DD009,1,C/2,4.49351,4.84728686373934,100.0,92.70154885229081
12,DD009,2,C/2,4.48119,4.51500835134807,99.72582680354556,99.25097920720407
12,DD009,3,C/2,4.48325,4.51882788306521,99.77167069840726,99.21267452565426
12,DD009,4,C/2,4.48771,4.52855249833961,99.87092495621464,99.09811140856631
12,DD009,5,C/2,4.49164,4.53829436163668,99.95838442553818,98.97198467267657
12,DD009,6,C/2,4.49208,4.54662629601157,99.96817632541153,98.8002907549402
12,DD009,7,C/2,4.49747,4.5501540062027,100.08812709886037,98.8421489441702
12,DD009,8,C/2,4.50082,4.55739712610948,100.16267906380536,98.75856493204536
12,DD009,9,C/2,4.50439,4.56154876181224,100.24212697868704,98.74694397019815
12,DD009,10,C/2,4.50871,4.56648916608346,100.33826563198924,98.73471360640464
12,DD009,11,C/2,4.51199,4.57095493328183,100.41125979468165,98.7100084305689
12,DD009,12,C/2,4.51481,4.5746825120334,100.47401697114282,98.6912203879524
12,DD009,13,C/2,4.51376,4.57770338370271,100.45064993735411,98.60315581104801
12,DD009,14,C/2,4.51853,4.57737332984694,100.55680303370862,98.714473878212
12,DD009,15,C/2,4.51949,4.58255099196325,100.5781671788869,98.62388891964663
12,DD009,16,C/2,4.51979,4.58370426599001,100.58484347425511,98.60561977210794
12,DD009,17,C/2,4.51954,4.58497800881928,100.57927989478159,98.5727737691782
12,DD009,18,C/2,4.52007,4.59023539049382,100.59107468326542,98.47142064567909
12,DD009,19,C/2,4.51942,4.59143513811618,100.57660937663431,98.43153314922516
12,DD009,20,C/2,4.51202,4.58185670178798,100.41192742421849,98.47579908466523
12,DD009,21,C/2,4.51457,4.57696403232523,100.46867593484828,98.63678124004109
12,DD009,22,C/2,4.51291,4.58004705552814,100.43173376714418,98.53414048558507
12,DD009,23,C/2,4.50879,4.57813620983873,100.34004597742079,98.48527421072139
12,DD009,24,C/2,4.508,4.57214833084342,100.32246506628448,98.59697616521584
12,DD009,25,C/2,4.50519,4.57281867719696,100.25993043300228,98.52107240695547
12,DD009,26,C/2,4.50217,4.56956982667233,100.19272239296228,98.52502906774897
12,DD009,27,C/2,4.49922,4.56692572002774,100.12707215517491,98.51747709119016
12,DD009,28,C/2,4.49599,4.56349498531799,100.05519070837721,98.52076126882636
12,DD009,29,C/2,4.49215,4.56007525655185,99.96973412766413,98.5104356237486
12,DD009,30,C/2,4.48818,4.55596775479936,99.88138448562482,98.51211074248822
12,DD009,31,C/2,4.48423,4.55188783828999,99.79347992994342,98.5136312516126
12,DD009,32,C/2,4.47923,4.5476606931113,99.68220834047328,98.49525508323526
12,DD009,33,C/2,4.4745,4.54236444785517,99.5769454168345,98.50596647111364
12,DD009,34,C/2,4.46958,4.53745354805029,99.46745417279588,98.5041489167541
12,DD009,35,C/2,4.46377,4.53291868545286,99.33815658583158,98.47452182023972
12,DD009,36,C/2,4.45644,4.52580042970656,99.17503243566833,98.4674439188416
12,DD009,37,C/2,4.44988,4.51906413882535,99.02904411028352,98.46906048022296
12,DD009,38,C/2,4.44337,4.51270493573491,98.88416850079336,98.46356150640683
12,DD009,39,C/2,4.43676,4.50611352677975,98.73706745951382,98.46090147601512
12,DD009,40,C/2,4.42915,4.49866965591132,98.56771210034027,98.45466190610438
12,DD009,41,C/2,4.42029,4.49168936336198,98.37053884379917,98.41041181644542
12,DD009,42,C/2,4.41149,4.48180694440056,98.1747008463317,98.43105815862032
12,DD009,43,C/2,4.40361,4.47388739754397,97.99933682132675,98.42916481128805
12,DD009,44,C/2,4.39431,4.46527703599422,97.7923716649123,98.41069130935973
12,DD009,45,C/2,4.38524,4.45628019377854,97.59052500161344,98.4058409550252
12,DD009,46,C/2,4.37627,4.44677442470363,97.390903770104,98.4144816451235
12,DD009,47,C/2,4.36711,4.4377129044657,97.1870542181947,98.40902496430873
12,DD009,48,C/2,4.35605,4.42833171196244,96.94092146228672,98.36774395722925
12,DD009,49,C/2,4.34721,4.41687302481714,96.7441932921035,98.4227976573987
12,DD009,50,C/2,4.33716,4.40778426631113,96.52053739726851,98.39773768305963
12,DD009,51,C/10,4.71149,4.43084390782696,,
13,DD050,0,C/10,5.13,,,
13,DD050,1,C/2,4.74718388914346,5.10973700197581,100.0,92.9046619680786
13,DD050,2,C/2,4.73442070968389,4.75821361564428,99.73114208849677,99.4999613745343
13,DD050,3,C/2,4.7334419801704,4.74634911601458,99.71052503349435,99.7280618106951
13,DD050,4,C/2,4.72879540161569,4.74664823779565,99.61264429697313,99.62388541797125
13,DD050,5,C/2,4.71019462902506,4.74671838840078,99.2208167835463,99.23054716148802
13,DD050,6,C/2,4.69050872583747,4.73413598587486,98.80613086348723,99.07845359390689
13,DD050,7,C/2,4.68209065739485,4.71938292261487,98.6288032385374,99.20980632782903
13,DD050,8,C/2,4.68069306631432,4.71565999857194,98.59936281421075,99.25849335473276
13,DD050,9,C/2,4.68209954055441,4.7196526435988,98.62899036336272,99.20432485438685
13,DD050,10,C/2,4.6990732530011,4.72770044067543,98.98654365902307,99.39447966228927
13,DD050,11,C/2,4.705467720594,4.75283993401612,99.1212438885112,99.0032861598583
13,DD050,12,C/2,4.71066145934422,4.76649767816459,99.23065062040752,98.82856926425967
13,DD050,13,C/2,4.71305885784944,4.77939888009527,99.28115210847294,98.61195886951147
13,DD050,14,C/2,4.71603710753149,4.78938316868359,99.34388929649006,98.46856978093362
13,DD050,15,C/2,4.71826640055311,4.79786409420551,99.39084962231013,98.34097648267003
13,DD050,16,C/2,4.71989263686312,4.80411977441888,99.42510648591572,98.24677273859292
13,DD050,17,C/2,4.72351103503465,4.80875729605702,99.50132847891255,98.22727046149183
13,DD050,18,C/2,4.72639727735625,4.81368951767342,99.5621275208077,98.18658349283483
13,DD050,19,C/2,4.72758803367628,4.81691424293963,99.5872109460096,98.14557194174094
13,DD050,20,C/2,4.72552140141182,4.81784923024902,99.54367708861709,98.08362976040186
13,DD050,21,C/2,4.72462737938762,4.81574894318472,99.52484440707204,98.10784231337358
13,DD050,22,C/2,4.72064703765578,4.81315720835576,99.44099802941344,98.0779732160134
13,DD050,23,C/2,4.71463886396249,4.80737067192933,99.31443512741525,98.07104934703061
13,DD050,24,C/2,4.71085048210356,4.80214636569106,99.23463240758396,98.09885254144348
13,DD050,25,C/2,4.7053886645113,4.79712301992871,99.11957856261388,98.08772143144301
13,DD050,26,C/2,4.67045290383299,4.79057952469743,98.38365255902663,97.49244073195868
13,DD050,27,C/2,4.68873144848015,4.75486994212486,98.76869230204063,98.60903674654129
13,DD050,28,C/2,4.67984173640317,4.77332058496422,98.58142944716556,98.04163900376805
13,DD050,29,C/2,4.66918907100067,4.76348328932129,98.35702976829779,98.0204776086439
13,DD050,30,C/2,4.65964156885451,4.75209161227621,98.15591048644325,98.05453995914407
13,DD050,31,C/2,4.65058670426381,4.74211437400179,97.96516867398874,98.0698974651524
13,DD050,32,C/2,4.63979158541957,4.73255959676587,97.73776819622493,98.03979201002149
13,DD050,33,C/2,4.62891247001648,4.72189640074405,97.50859832083901,98.03079265540603
13,DD050,34,C/2,4.61794024871852,4.72,97.27746715857137,97.83771713386696
13,DD050,35,C/2,4.60409487950868,4.69849502705225,96.98581278972537,97.99084287628172
13,DD050,36,C/2,4.59153365084012,4.68446028518838,96.72120899594171,98.016278745236
13,DD050,37,C/2,4.57636234598266,4.67058974585322,96.40162363308784,97.98253743107668
13,DD050,38,C/2,4.56319907381044,4.65599992889467,96.12433772043711,98.00685445658371
13,DD050,39,C/2,4.54365962540626,4.64138747747575,95.712736888018,97.89442591156728
13,DD050,40,C/2,4.52315471054911,4.62143702823148,95.2807983885627,97.87333859399183
13,DD050,41,C/2,4.50497093792875,4.60037213117961,94.89775502970008,97.9262287804009
13,DD050,42,C/2,4.48419460619211,4.58132494038638,94.46009910101037,97.87986367572353
13,DD050,43,C/2,4.45950590881254,4.55935215828949,93.94002871915657,97.81007814245241
13,DD050,44,C/2,4.42422343427141,4.53382703808656,93.19679914631827,97.58253672020523
13,DD050,45,C/2,4.40976583005243,4.49775426320302,92.89224797331559,98.04372520147577
13,DD050,46,C/2,4.38487966734859,4.48195780489146,92.36801796063897,97.83402384027531
13,DD050,47,C/2,4.35720539646956,4.45382925724534,91.78505611367281,97.83054411844378
13,DD050,48,C/2,4.33553519375496,4.42991836320144,91.32857068524525,97.86941515151825
13,DD050,49,C/2,4.30756690718651,4.40567925702691,90.7394153623935,97.77304828344202
13,DD050,50,C/2,4.27804301363534,4.37689077051616,90.11749099121653,97.74159872696201
13,DD050,51,C/10,4.9656591109148,4.4435529661899,,
13,DD051,0,C/10,5.13,,,
13,DD051,1,C/2,4.72281182449857,5.10962141825733,100.0,92.42977978022716
13,DD051,2,C/2,4.69791176296021,4.74464323075942,99.47277040746793,99.01506887817716
13,DD051,3,C/2,4.70060664661261,4.74106680656775,99.52983140740915,99.1466021972293
13,DD051,4,C/2,4.71537136875894,4.75629365154462,99.84245707819579,99.13961824513525
13,DD051,5,C/2,4.72601494537618,4.77705183075216,100.06782232696621,98.93162378839119
13,DD051,6,C/2,4.6189620172484,4.67071225073964,97.80110215885648,98.89202693908098
13,DD051,7,C/2,4.73527671492179,4.79781054476287,100.2639294320083,98.69661735790423
13,DD051,8,C/2,4.74345652796361,4.80469852434819,100.43712737733802,98.7253727559756
13,DD051,9,C/2,4.74975354173037,4.81037539499832,100.57045925675136,98.73976876459616
13,DD051,10,C/2,4.75694068811879,4.81451600052803,100.72263865020375,98.80413083261274
13,DD051,11,C/2,4.76143978004164,4.81999217577837,100.8179016437347,98.78521803352774
13,DD051,12,C/2,4.76419004523078,4.82294085544956,100.87613528274765,98.78184676155843
13,DD051,13,C/2,4.76551472600924,4.82472352452099,100.90418384423359,98.77280432317356
13,DD051,14,C/2,4.76587320928215,4.82547770376388,100.91177430699669,98.76479598205917
13,DD051,15,C/2,4.76436068350474,4.8249510620005,100.87974834802107,98.7442281234115
13,DD051,16,C/2,4.76160596452766,4.82221208062218,100.82142040527327,98.7431884977008
13,DD051,17,C/2,4.75878603310943,4.81896579744886,100.76171166558557,98.75118922049022
13,DD051,18,C/2,4.75479334631641,4.81570926578916,100.67717120660922,98.73505819993127
13,DD051,19,C/2,4.74962134559048,4.81137517747612,100.56766015856996,98.7165035024761
13,DD051,20,C/2,4.74357405513962,4.80657520543794,100.43961587741757,98.68927151650423
13,DD051,21,C/2,4.73836072057326,4.80074039595478,100.3292296337964,98.70062385722662
13,DD051,22,C/2,4.7322112344208,4.79558798797262,100.19902147854953,98.67843622699093
13,DD051,23,C/2,4.72644340715991,4.78908972856978,100.07689450260335,98.69189501637132
13,DD051,24,C/2,4.72126241607771,4.7835717003262,99.96719309431677,98.69743179047069
13,DD051,25,C/2,4.7151704712628,4.77829775195501,99.83820330939014,98.67887511475438
13,DD051,26,C/2,4.70827968375907,4.77112472029033,99.6922989676591,98.68280457511419
13,DD051,27,C/2,4.70143868735181,4.76491722288169,99.54744889398532,98.66779353007334
13,DD051,28,C/2,4.69421365081654,4.75802814234492,99.39446722112274,98.65880382336431
13,DD051,29,C/2,4.68664296865026,4.74970963770453,99.2341669075043,98.6721994844984
13,DD051,30,C/2,4.6784973433517,4.74147625895547,99.0616928475321,98.67174457565156
13,DD051,31,C/2,4.67118030551288,4.73357328972825,98.90676315499462,98.68190518248105
13,DD051,32,C/2,4.66397640627238,4.72650179278494,98.75422903955237,98.67713185663008
13,DD051,33,C/2,4.66,4.71875193927479,98.67003330150172,98.75492630189375
13,DD051,34,C/2,4.64799694438404,4.70826164857963,98.41588267975354,98.72002219303657
13,DD051,35,C/2,4.64031001088672,4.70215349415101,98.25312088057608,98.68478382636347
13,DD051,36,C/2,4.63201914963351,4.69454175367019,98.07757161964207,98.66818515379482
13,DD051,37,C/2,4.62465884660005,4.68622422719528,97.92172583736297,98.68624765673928
13,DD051,38,C/2,4.61338936066879,4.67799552473045,97.68310769312944,98.61893488952444
13,DD051,39,C/2,4.60334837059643,4.66617502557012,97.47050150754582,98.65357268792091
13,DD051,40,C/2,4.59065157647834,4.65575371323006,97.20166178684747,98.60168426506922
13,DD051,41,C/2,4.58026264329764,4.64323994323868,96.9816883141207,98.64367767526755
13,DD051,42,C/2,4.56837773892098,4.63174278387689,96.73003940626013,98.63193946830374
13,DD051,43,C/2,4.55583631315085,4.61949866696384,96.4644894280655,98.62187742864246
13,DD051,44,C/2,4.54191648158815,4.60638270427181,96.16975332423655,98.60050224172916
13,DD051,45,C/2,4.52918947550893,4.59354055340766,95.90027390070325,98.59909633646333
13,DD051,46,C/2,4.51621198793239,4.57982332011446,95.62549082530691,98.61105270365583
13,DD051,47,C/2,4.50383232033299,4.56495688234492,95.36336588661716,98.66100461434083
13,DD051,48,C/2,4.49190330474323,4.55526097931362,95.11078297556656,98.60913183990753
13,DD051,49,C/2,4.47707247963442,4.54151575078918,94.79675765209551,98.58101843765353
13,DD051,50,C/2,4.45662033505294,4.52687643586814,94.36370748322389,98.4480225645539
13,DD051,51,C/10,4.97764445604294,4.60795808567472,,
13,DD052,0,C/10,5.15,,,
13,DD052,1,C/2,4.79106136244535,5.13007048052967,100.0,93.3917259154436
13,DD052,2,C/2,4.77986509807745,4.79063422856103,99.76630930975625,99.77520449339721
13,DD052,3,C/2,4.78119417587744,4.77974094777825,99.7940500899184,100.03040390922997
13,DD052,4,C/2,4.77889100872079,4.78160504530036,99.7459779200501,99.94324005111554
13,DD052,5,C/2,4.77565958582971,4.77958056679252,99.67853100909193,99.91796391110024
13,DD052,6,C/2,4.76427312858674,4.77833859334196,99.44087057476263,99.70564110348272
13,DD052,7,C/2,4.75132764104114,4.77160111237978,99.17066974521215,99.57512225223437
13,DD052,8,C/2,4.74418865328166,4.76382143689975,99.02166335144231,99.5878774240777
13,DD052,9,C/2,4.72766944038867,4.7614480006382,98.67687100495985,99.29058218749837
13,DD052,10,C/2,4.7492860143676,4.74963914137687,99.12805650110839,99.9925651823484
13,DD052,11,C/2,4.7549446457929,4.77562429571635,99.2461645986096,99.56697494101454
13,DD052,12,C/2,4.761823307724,4.78623010666643,99.38973741913362,99.49006214915501
13,DD052,13,C/2,4.76622870385408,4.79782014636997,99.4816877365437,99.34154591976959
13,DD052,14,C/2,4.76790860720673,4.80683942474644,99.51675101846736,99.19009531836474
13,DD052,15,C/2,4.76991474395659,4.81227860861249,99.5586235097192,99.11967140514096
13,DD052,16,C/2,4.77026261307186,4.8173681928069,99.56588430412265,99.02217190279588
13,DD052,17,C/2,4.77246608475539,4.82070647399144,99.611875609949,98.99930872173371
13,DD052,18,C/2,4.77474889670941,4.82469006447658,99.65952292191861,98.96488339976739
13,DD052,19,C/2,4.77687028342392,4.82786125685754,99.70380093369985,98.94381858299693
13,DD052,20,C/2,4.77804344992134,4.83056248006806,99.72828750167861,98.9127760925684
13,DD052,21,C/2,4.77931410858591,4.83276884602713,99.75480894585237,98.89391073431615
13,DD052,22,C/2,4.77972355453981,4.83455412837322,99.76335498446312,98.86586079341592
13,DD052,23,C/2,4.77742647777901,4.8348057048629,99.71540993456655,98.81320510923165
13,DD052,24,C/2,4.77831963177429,4.83516446992366,99.73405202507037,98.82434530401265
13,DD052,25,C/2,4.77771106263505,4.83682034887877,99.72134984713522,98.77793091369578
13,DD052,26,C/2,4.77599821833358,4.83635947676565,99.68559901507749,98.75192779358004
13,DD052,27,C/2,4.77371871916744,4.83603287364548,99.63802084828531,98.71146131330852
13,DD052,28,C/2,4.7717675526909,4.83483759520353,99.59729570767587,98.6955085611314
13,DD052,29,C/2,4.76897697514282,4.83334794929495,99.53905020971683,98.6681907690606
13,DD052,30,C/2,4.76557016801131,4.8306229760402,99.46794264348496,98.65332466740728
13,DD052,31,C/2,4.76200718219254,4.82792863484509,99.39357528416248,98.63458104627378
13,DD052,32,C/2,4.75733604981091,4.82521014102267,99.29607846606191,98.59334434712568
13,DD052,33,C/2,4.75301595485303,4.8214268494751,99.20590857193902,98.58110686404964
13,DD052,34,C/2,4.74641634271343,4.82,99.06816013499912,98.47336810608776
13,DD052,35,C/2,4.74016828520867,4.81096389998763,98.93774941737117,98.52845258765831
13,DD052,36,C/2,4.73293494407892,4.80494421764955,98.78677366100854,98.50135047757422
13,DD052,37,C/2,4.72480899435983,4.79825441134912,98.61716719796499,98.46933049619936
13,DD052,38,C/2,4.71639393511653,4.79028360688186,98.44152638256526,98.45750945394595
13,DD052,39,C/2,4.70715577575643,4.78206065536186,98.24870565535619,98.43362757179912
13,DD052,40,C/2,4.69631062303211,4.77287865762257,98.02234343822138,98.39576825469517
13,DD052,41,C/2,4.68606419911715,4.76216327905184,97.80847800966987,98.40200607422598
13,DD052,42,C/2,4.67453366157399,4.751894832723,97.56781030222737,98.3719931969816
13,DD052,43,C/2,4.6616104578691,4.7402640158589,97.29807458549898,98.34073465683223
13,DD052,44,C/2,4.64671729850265,4.72682498790262,96.98722155649814,98.305253746331
13,DD052,45,C/2,4.63449235648115,4.71239795655974,96.73206009859395,98.34679496942435
13,DD052,46,C/2,4.62050361748523,4.69873093275333,96.44008431415565,98.33513950069363
13,DD052,47,C/2,4.59964571137004,4.68351967379839,96.00473388682269,98.20916814126826
13,DD052,48,C/2,4.59188531743314,4.66225264908163,95.8427573778652,98.49070102062464
13,DD052,49,C/2,4.5774337614168,4.65411437534846,95.54112158314092,98.35241234427295
13,DD052,50,C/2,4.56152120434138,4.63874842553794,95.20899147935744,98.33517116877051
13,DD052,51,C/10,4.99767446280923,4.66162791575761,,
14,DD047,0,C/10,5.06,,,
14,DD047,1,C/2,4.71027213287565,5.06862063341229,100.0,92.93005875850304
14,DD047,2,C/2,4.69563722648157,4.73695714931077,99.6892980706585,99.127711703383
14,DD047,3,C/2,4.68107542521132,4.71452124373283,99.38014817741528,99.29057868673367
14,DD047,4,C/2,4.67536314285384,4.71168134916782,99.25887530407934,99.22918797723035
14,DD047,5,C/2,4.67710789085176,4.71168936991674,99.29591664582567,99.26604925855732
14,DD047,6,C/2,4.68145721964915,4.71857193375859,99.38825374811397,99.21343333045522
14,DD047,7,C/2,4.68789779388918,4.72787523077499,99.52498840076973,99.15443122048596
14,DD047,8,C/2,4.69094644636697,4.73882205370643,99.58971189002447,98.98971502206936
14,DD047,9,C/2,4.6920735200727,4.74574006662602,99.61363988556137,98.8691638016434
14,DD047,10,C/2,4.69592935577604,4.75068111412846,99.6955000328006,98.84749666338183
14,DD047,11,C/2,4.69892617320074,4.75719675904616,99.75912305372508,98.77510666897236
14,DD047,12,C/2,4.70073143553813,4.76413163528599,99.79744912675152,98.66921813666356
14,DD047,13,C/2,4.70438955064521,4.7676533573524,99.87511162700385,98.67306194546153
14,DD047,14,C/2,4.70806647256056,4.77175319519999,99.95317339947951,98.66533913146444
14,DD047,15,C/2,4.71080292293972,4.7764593670119,100.0112687770281,98.62541604508083
14,DD047,16,C/2,4.71186111594292,4.77960626948745,100.03373442175835,98.58262062343903
14,DD047,17,C/2,4.71452229391468,4.78184897849762,100.09023175135394,98.59203657652749
14,DD047,18,C/2,4.71711302781211,4.78522149688177,100.14523353945334,98.57669140051215
14,DD047,19,C/2,4.71927260414044,4.78712033863298,100.1910817679083,98.58270254990258
14,DD047,20,C/2,4.71920863945762,4.78917343284587,100.18972378516303,98.53910503828477
14,DD047,21,C/2,4.71891378508581,4.7891911109323,100.18346396909523,98.53258464282062
14,DD047,22,C/2,4.71810811803315,4.78940999432532,100.16635949975816,98.51125970888583
14,DD047,23,C/2,4.71557227401588,4.78871127970799,100.11252303456604,98.47267873504852
14,DD047,24,C/2,4.71294049895234,4.78645808762476,100.05664993447121,98.46405029927038
14,DD047,25,C/2,4.71182022169841,4.78462298445123,100.0328662289373,98.47840126611001
14,DD047,26,C/2,4.70902151209698,4.78319474961968,99.97344907590495,98.44929505476235
14,DD047,27,C/2,4.70498431443625,4.7802802368101,99.88773857878628,98.42486384388009
14,DD047,28,C/2,4.70102386834581,4.77626214016004,99.80365753253848,98.42474576130134
14,DD047,29,C/2,4.69671579402936,4.77220794192196,99.71219627096123,98.41808762712473
14,DD047,30,C/2,4.69131053713877,4.76797843426844,99.59744160842564,98.39202508596428
14,DD047,31,C/2,4.68598965229167,4.76220870845557,99.4844781808996,98.39950197838728
14,DD047,32,C/2,4.68025040541913,4.75688313008137,99.3626328456273,98.38901392851902
14,DD047,33,C/2,4.67340931717912,4.75039379786359,99.21739520230172,98.37940844569364
14,DD047,34,C/2,4.66641270334031,4.74366509705198,99.06885572005022,98.3714618943129
14,DD047,35,C/2,4.65903522798922,4.73,98.91223047329221,98.49968769533233
14,DD047,36,C/2,4.65156382194717,4.72874865859711,98.75361105956658,98.36775345397956
14,DD047,37,C/2,4.64280411097566,4.72024137980372,98.56764067984327,98.35946379438587
14,DD047,38,C/2,4.63356457438071,4.71154614570171,98.37148350814904,98.34488363459751
14,DD047,39,C/2,4.62496461531043,4.7024207230568,98.18890469258005,98.3528460699701
14,DD047,40,C/2,4.61570172601752,4.69314401020753,97.99225173853398,98.34988476761902
14,DD047,41,C/2,4.60519989237441,4.68359885827175,97.76929575325634,98.32609563137802
14,DD047,42,C/2,4.59526560656468,4.67281310692316,97.55838891964915,98.34045362859501
14,DD047,43,C/2,4.58439358796371,4.66268555526176,97.32757383520662,98.32088253925468
14,DD047,44,C/2,4.57356310669594,4.65135299916023,97.097640596484,98.3275857050984
14,DD047,45,C/2,4.5599512759447,4.64005481983787,96.80865876343373,98.27365091570258
14,DD047,46,C/2,4.5494416284744,4.62665909584902,96.58553688907436,98.33103183582516
14,DD047,47,C/2,4.53372325231393,4.61641087705849,96.251832684369,98.20883307516061
14,DD047,48,C/2,4.48474374883241,4.59931400020975,95.21198823165334,97.50897087321903
14,DD047,49,C/2,4.49889758239679,4.54949473487845,95.51247689059072,98.88785116963078
14,DD047,50,C/2,4.47619370606409,4.56342509736583,95.03046914895226,98.08846667929112
14,DD047,51,C/10,4.91601962551858,4.57522541873737,,
14,DD048,0,C/10,5.055,,,
14,DD048,1,C/2,4.6969737996908,5.04821629314119,100.0,93.04224555656204
14,DD048,2,C/2,4.69829430744952,4.70387257984659,100.0281140115963,99.88141106498144
14,DD048,3,C/2,4.68891454712655,4.70563433590543,99.82841606302381,99.6446857621022
14,DD048,4,C/2,4.67139404046641,4.70248727397713,99.45539915027686,99.33879175637995
14,DD048,5,C/2,4.65727186414095,4.69234254603728,99.15473372339306,99.25259757674878
14,DD048,6,C/2,4.62668885941478,4.85899529513043,98.50361225603076,95.21904382273303
14,DD048,7,C/2,4.64262535800986,4.90855802118531,98.84290515555956,94.58226505569077
14,DD048,8,C/2,4.65401180578298,4.84331480415351,99.0853260899465,96.09145789556794
14,DD048,9,C/2,4.65988111920515,4.69384620676907,99.21028555688152,99.27639112856023
14,DD048,10,C/2,4.66929339205569,4.70625079004043,99.41067570704925,99.21471677491239
14,DD048,11,C/2,4.67431104360434,4.72087807601408,99.51750303380548,99.0135938344534
14,DD048,12,C/2,4.67621557750158,4.73428962413307,99.55805113942543,98.77333134974555
14,DD048,13,C/2,4.67563585292392,4.74252692079164,99.54570862694008,98.58954795650259
14,DD048,14,C/2,4.67635678661664,4.74340213448829,99.56105752441034,98.58655568364786
14,DD048,15,C/2,4.67590644541236,4.74859066140823,99.55146962327474,98.46935183134285
14,DD048,16,C/2,4.67531875460836,4.75196956195767,99.53895750740901,98.38696762784541
14,DD048,17,C/2,4.67639973266164,4.75520330331455,99.56197185876331,98.34279281817496
14,DD048,18,C/2,4.67714715024696,4.758187066488,99.57788460635773,98.29683206841938
14,DD048,19,C/2,4.67748814940373,4.75980496430363,99.5851445820636,98.2705842882799
14,DD048,20,C/2,4.67506541805545,4.76016906666776,99.53356389518733,98.21217172288621
14,DD048,21,C/2,4.6719432199049,4.75809041962378,99.46709134746405,98.18945854068718
14,DD048,22,C/2,4.66646076575424,4.7542529927735,99.3503682320185,98.15339597718706
14,DD048,23,C/2,4.658566034146,4.74924401924081,99.18228699620748,98.09068591280123
14,DD048,24,C/2,4.65009186750981,4.74092127116584,99.00186941251246,98.08414022379043
14,DD048,25,C/2,4.64136015452425,4.73236678414936,98.8159685887494,98.07693203472881
14,DD048,26,C/2,4.63031674026065,4.72275331911651,98.58085094205681,98.0427396349138
14,DD048,27,C/2,4.61631521215094,4.71001067269458,98.28275415236148,98.01071659801491
14,DD048,28,C/2,4.6027372004754,4.69730572331531,97.9936741562918,97.98674967289197
14,DD048,29,C/2,4.58778308581948,4.68308018645259,97.67529650945663,97.96507647020888
14,DD048,30,C/2,4.5715325844313,4.66807480581011,97.32931839501092,97.93186216170639
14,DD048,31,C/2,4.55504313550472,4.65137078117408,96.97825301483643,97.92904822683163
14,DD048,32,C/2,4.53833965893705,4.63428934101755,96.6226309211222,97.92957074925684
14,DD048,33,C/2,4.52145139513095,4.61837449262977,96.26307465092941,97.90135906792543
14,DD048,34,C/2,4.50356860436611,4.60074401537722,95.88234459946483,97.88783269214028
14,DD048,35,C/2,4.48450763016608,4.58,95.47653066451625,97.91501375908472
14,DD048,36,C/2,4.46678187164082,4.56411153040994,95.09914387716762,97.86750042980702
14,DD048,37,C/2,4.44714358797987,4.54578479495531,94.68103884830322,97.83005110393903
14,DD048,38,C/2,4.42627058339423,4.52595018509922,94.23664623561686,97.79759834668165
14,DD048,39,C/2,4.40543761127683,4.50514720691805,93.79310592634855,97.78676276131206
14,DD048,40,C/2,4.38545230476617,4.48416164503433,93.36761267552447,97.7987113738982
14,DD048,41,C/2,4.36376971771226,4.46332222426427,92.90598380598855,97.76954247195495
14,DD048,42,C/2,4.33984697131342,4.44196449916628,92.39666126302663,97.70107285026643
14,DD048,43,C/2,4.31673039247381,4.41789344110503,91.90450227246272,97.71015190882655
14,DD048,44,C/2,4.29248348232242,4.39403556825364,91.38827818466847,97.68886518204538
14,DD048,45,C/2,4.26725069212781,4.36956964574714,90.85106441106232,97.65837457885776
14,DD048,46,C/2,4.2406892945875,4.34415049373647,90.28556418319096,97.61837902949854
14,DD048,47,C/2,4.21475209792203,4.31718692510703,89.73335338169198,97.62727838840428
14,DD048,48,C/2,4.18780023232765,4.29057671777842,89.15953997025343,97.60459974937852
14,DD048,49,C/2,4.15977428615331,4.26247925766114,88.5628590567643,97.59048747690127
14,DD048,50,C/2,4.13385442422959,4.23435179005059,88.01101731718666,97.62661746581524
14,DD048,51,C/10,4.83374886606263,4.25830741395665,,
14,DD049,0,C/10,5.04,,,
14,DD049,1,C/2,4.68243633066084,5.03274672552851,100.0,93.03937960774527
14,DD049,2,C/2,4.67850206641117,4.68938249346742,99.91597826490649,99.76797740275171
14,DD049,3,C/2,4.6801063633679,4.68625658736752,99.95024027817135,99.86876040854871
14,DD049,4,C/2,4.67379971974677,4.68945250367601,99.81555305178382,99.66621297652615
14,DD049,5,C/2,4.66202333979513,4.6889350966393,99.56405192886352,99.42605823519591
14,DD049,6,C/2,4.65344132975181,4.68226895855443,99.38077105887871,99.38432351798261
14,DD049,7,C/2,4.65187917407711,4.67867308575818,99.34740903184012,99.42731814790329
14,DD049,8,C/2,4.65387823893957,4.68154964886986,99.39010186781888,99.40892627429531
14,DD049,9,C/2,4.65871155182321,4.6890469480656,99.49332404837457,99.35305838098071
14,DD049,10,C/2,4.66595013407521,4.6991136586507,99.64791413227175,99.29426000338513
14,DD049,11,C/2,4.67044142060054,4.71071101433058,99.74383185988547,99.1451482884954
14,DD049,12,C/2,4.6717423424726,4.71971480368564,99.77161487240701,98.98357288081098
14,DD049,13,C/2,4.67181984914872,4.72504955668452,99.77327013626214,98.8734571585499
14,DD049,14,C/2,4.67265516112049,4.72934785134909,99.79110939584373,98.80125776300368
14,DD049,15,C/2,4.6734942990597,4.73327154866745,99.80903036433007,98.73708387543118
14,DD049,16,C/2,4.67450092377027,4.73704421493167,99.83052824789932,98.67969796515185
14,DD049,17,C/2,4.6773437885438,4.73999140512485,99.89124161531691,98.67831792873471
14,DD049,18,C/2,4.68045190440999,4.74342801877012,99.95761979211856,98.6723501629849
14,DD049,19,C/2,4.6837949428859,4.74599213272088,100.02901507098268,98.68947971055059
14,DD049,20,C/2,4.68552922068768,4.7488469318675,100.0660530076317,98.66667188712862
14,DD049,21,C/2,4.68638092305554,4.75013790100048,100.08424230712698,98.6577867995893
14,DD049,22,C/2,4.68702122271008,4.75060726530169,100.09791680495938,98.66151759047646
14,DD049,23,C/2,4.68413539582411,4.75067166443127,100.03628592132998,98.5994344945932
14,DD049,24,C/2,4.68348921569705,4.74786621552323,100.02248583775322,98.64408563965645
14,DD049,25,C/2,4.68294738465255,4.7473692626315,100.01091427529647,98.64299837625776
14,DD049,26,C/2,4.68027092321104,4.74598802934451,99.95375468459399,98.61531243384644
14,DD049,27,C/2,4.67431042933132,4.74288298051659,99.82645997178197,98.55420107417869
14,DD049,28,C/2,4.67275981960667,4.73743856662527,99.79334452471231,98.63473169922973
14,DD049,29,C/2,4.6688322548498,4.73562529048126,99.70946586669082,98.58956248574574
14,DD049,30,C/2,4.66352269540839,4.73165752818267,99.59607277244534,98.56002188728884
14,DD049,31,C/2,4.6578034629835,4.72617400421053,99.47393053663019,98.55336385909365
14,DD049,32,C/2,4.65118379216287,4.72087707201769,99.33255817503964,98.52372178322717
14,DD049,33,C/2,4.64408412997259,4.71395606775293,99.18093492404547,98.51776434111643
14,DD049,34,C/2,4.63520407473166,4.70630704949271,98.99128888053637,98.48919813320055
14,DD049,35,C/2,4.62665258296158,4.7,98.80865977111137,98.43941665875703
14,DD049,36,C/2,4.61790459397355,4.68992172349083,98.62183418779806,98.46442789958387
14,DD049,37,C/2,4.60747150374823,4.68059592644375,98.39902090239356,98.4377112691486
14,DD049,38,C/2,4.59595028838356,4.67013853156804,98.15296917737109,98.41143377904102
14,DD049,39,C/2,4.58494347294515,4.65866294585954,97.91790318477366,98.41758303248984
14,DD049,40,C/2,4.57064841518958,4.64727090697534,97.61261216219285,98.35123681576744
14,DD049,41,C/2,4.5566392888889,4.63238326944212,97.31342760715795,98.36490255344648
14,DD049,42,C/2,4.54069443313532,4.61807288865022,96.97290283271154,98.32444274093048
14,DD049,43,C/2,4.52513367953472,4.60142594774002,96.64058109885887,98.34198639570045
14,DD049,44,C/2,4.50826037101149,4.58545840976471,96.28022791236185,98.31645973303722
14,DD049,45,C/2,4.49048842272904,4.56753196492223,95.90068301249684,98.3132347450468
14,DD049,46,C/2,4.47253876230213,4.54924115751164,95.51734282035423,98.31395187562524
14,DD049,47,C/2,4.45515498666432,4.53099373394639,95.1460878921456,98.32622264043573
14,DD049,48,C/2,4.43210717510713,4.51307775818223,94.6538695269695,98.20586776001588
14,DD049,49,C/2,4.41496490900477,4.48511453729389,94.28777237386757,98.43594566636318
14,DD049,50,C/2,4.40038066711955,4.47385452319449,93.97630541830596,98.35770573911114
14,DD049,51,C/10,4.90434784590131,4.48837128791972,,
15,DD016,0,C/10,4.97,,,
15,DD016,1,C/2,4.62286665679097,4.96438068679349,100.0,93.12071229929983
15,DD016,2,C/2,4.62056925873266,4.63823936939628,99.95030360534118,99.619034093406
15,DD016,3,C/2,4.61225913470956,4.6365006209063,99.77054233078889,99.47715986303476
15,DD016,4,C/2,4.59961553304579,4.63546952253785,99.49704100352918,99.22652949571264
15,DD016,5,C/2,4.59266856794105,4.63060354554248,99.34676703673556,99.18077682037912
15,DD016,6,C/2,4.59185198047836,4.63004812071312,99.32910294379678,99.17503794261047
15,DD016,7,C/2,4.59567864048586,4.63477788938062,99.41187972045071,99.15639433371022
15,DD016,8,C/2,4.60126997766534,4.64498393632816,99.53282928691216,99.05889968055787
15,DD016,9,C/2,4.60314468225532,4.65619268025085,99.57338214575844,98.86070011190618
15,DD016,10,C/2,4.60319195008132,4.66301184768585,99.57440462443908,98.71714034708667
15,DD016,11,C/2,4.60259770845386,4.66733569446945,99.56155022755556,98.61295629340951
15,DD016,12,C/2,4.60289189062794,4.67083732326367,99.56791385852138,98.54532650286664
15,DD016,13,C/2,4.60314949688222,4.67395722335891,99.57348629383922,98.4850583115563
15,DD016,14,C/2,4.60388921068801,4.67655924413501,99.58948748662083,98.44607905827051
15,DD016,15,C/2,4.60426072996523,4.67864584230465,99.59752404282722,98.41011448939295
15,DD016,16,C/2,4.60412746570057,4.68009291349248,99.59464132362822,98.37683889623419
15,DD016,17,C/2,4.60385896688342,4.68071226547928,99.58883326475299,98.35808538878452
15,DD016,18,C/2,4.60279873933116,4.68064152533552,99.56589884697776,98.33692057845042
15,DD016,19,C/2,4.60066090650717,4.67984595273685,99.51965410355974,98.30795613724484
15,DD016,20,C/2,4.59787791591419,4.6784606404808,99.45945356567722,98.27758036758158
15,DD016,21,C/2,4.59421310271078,4.67623339889352,99.38017779426758,98.24601791257581
15,DD016,22,C/2,4.58910791325476,4.67218055640385,99.26974438065137,98.22197275669863
15,DD016,23,C/2,4.57837614867938,4.66773959332582,99.03759914757148,98.08550920933516
15,DD016,24,C/2,4.57395147560172,4.65635625261568,98.94188639169606,98.23027336089952
15,DD016,25,C/2,4.57011010345737,4.65341962196628,98.85879136799022,98.20971403232905
15,DD016,26,C/2,4.56237819870392,4.64988249928985,98.69153790109448,98.11813953149796
15,DD016,27,C/2,4.55084765521089,4.64240428744618,98.4421138023896,98.02781863520862
15,DD016,28,C/2,4.54364016926076,4.6302369935674,98.28620435301055,98.12975395369729
15,DD016,29,C/2,4.53287040593689,4.62357719098123,98.05323714622234,98.03816868849356
15,DD016,30,C/2,4.52022102205885,4.61243793731406,97.77961074041939,98.00069038307949
15,DD016,31,C/2,4.50613026870595,4.59978300628863,97.47480520742394,97.96397487762701
15,DD016,32,C/2,4.49073847899953,4.58519358638203,97.14185617711158,97.93999739371898
15,DD016,33,C/2,4.47323375519858,4.56924172310918,96.76320100272456,97.89882055429383
15,DD016,34,C/2,4.45441164923972,4.55116737976123,96.35604874512678,97.8740458777285
15,DD016,35,C/2,4.43445707225772,4.53160772769342,95.92439932792615,97.85615478493436
15,DD016,36,C/2,4.41399837815324,4.51094923254881,95.48184505103767,97.85076600516761
15,DD016,37,C/2,4.39215226319061,4.48989707339336,95.00927864182624,97.82300554767781
15,DD016,38,C/2,4.36845935623897,4.46699516925775,94.49676316797336,97.79413656641243
15,DD016,39,C/2,4.34425687961419,4.44328947569004,93.97322488704052,97.7711873912858
15,DD016,40,C/2,4.3196980810066,4.41840936656631,93.44197879168726,97.76590901000145
15,DD016,41,C/2,4.29506949527859,4.39291787303208,92.90922308929575,97.77258804781724
15,DD016,42,C/2,4.27120746011217,4.36770494278265,92.39304910163882,97.7906593065556
15,DD016,43,C/2,4.24834295992374,4.34288528828914,91.89845339109972,97.8230526000689
15,DD016,44,C/2,4.22749637056456,4.32002750182915,91.44750831941879,97.85808930092664
15,DD016,45,C/2,4.20644575337688,4.29808471990612,90.99214979946763,97.86791158152785
15,DD016,46,C/2,4.18601092761265,4.27661465088724,90.55011183295584,97.88141484162497
15,DD016,47,C/2,4.1660886945739,4.2554579149549,90.11916206698142,97.89989180560497
15,DD016,48,C/2,4.14616876300864,4.23500137408996,89.68826208555976,97.90241836461246
15,DD016,49,C/2,4.12335005030221,4.21402455444356,89.19465683149281,97.8482682535455
15,DD016,50,C/2,4.10740422029852,4.19166626873636,88.84972302337039,97.98977201342791
15,DD016,51,C/10,4.75032774403886,4.21099445715195,,
15,DD017,0,C/10,4.97,,,
15,DD017,1,C/2,4.63110241961108,4.96847378619516,100.0,93.20975854755515
15,DD017,2,C/2,4.62546396324018,4.64037248791518,99.87824807443205,99.67872138036707
15,DD017,3,C/2,4.62845102524095,4.63447472403089,99.94274809473221,99.87002413113387
15,DD017,4,C/2,4.62719904733909,4.63719101594193,99.91571397221834,99.78452540409724
15,DD017,5,C/2,4.62194693435139,4.63739832434635,99.80230440983297,99.6668090831482
15,DD017,6,C/2,4.60417686532166,4.6365579006951,99.41859298608038,99.30161477399895
15,DD017,7,C/2,4.5902171117458,4.62546989006558,99.11715820206986,99.23785519833359
15,DD017,8,C/2,4.58646627362595,4.61673818450268,99.03616586417712,99.34430089671653
15,DD017,9,C/2,4.58549415253665,4.61791822127014,99.01517472640433,99.29786394691563
15,DD017,10,C/2,4.59065469297514,4.62222407856396,99.12660695076278,99.31700875915502
15,DD017,11,C/2,4.5940541071893,4.63250151082542,99.20001094631607,99.17005092073312
15,DD017,12,C/2,4.59559206722961,4.64103768093863,99.23322031853374,99.02078765928424
15,DD017,13,C/2,4.5953480428946,4.64705530835333,99.22795106916502,98.8873111674444
15,DD017,14,C/2,4.59495979159223,4.65129408336653,99.2195675080344,98.78884691518955
15,DD017,15,C/2,4.5947979360685,4.65496486507046,99.21607254055009,98.70746760188382
15,DD017,16,C/2,4.5938161674008,4.65849666527939,99.19487308135561,98.61155856650782
15,DD017,17,C/2,4.59576064210666,4.66018760797293,99.23686037789274,98.61750274267833
15,DD017,18,C/2,4.59672981132388,4.6641803139173,99.25778777550579,98.55386159938635
15,DD017,19,C/2,4.597557659044,4.66650220793225,99.27566359955613,98.5225647430091
15,DD017,20,C/2,4.59726589389217,4.66791697325057,99.26936347648835,98.48645381305484
15,DD017,21,C/2,4.59627163977609,4.66804195811413,99.2478944173747,98.46251771123679
15,DD017,22,C/2,4.59397862486375,4.66705285661668,99.19838104659219,98.4342531786558
15,DD017,23,C/2,4.59056671835382,4.66447787354011,99.12470730326312,98.41544633311348
15,DD017,24,C/2,4.58643055022624,4.66120714663845,99.03539448413684,98.39576757565608
15,DD017,25,C/2,4.57939404209362,4.65638508712376,98.88345424410193,98.34654901625206
15,DD017,26,C/2,4.57176096915112,4.65001073559259,98.71863230213457,98.317213208939
15,DD017,27,C/2,4.56294076129953,4.64249891208364,98.52817640087359,98.28630760522024
15,DD017,28,C/2,4.55153274399743,4.63343480005958,98.28184159182702,98.23236843515967
15,DD017,29,C/2,4.53839823975814,4.6223570412673,97.99822652463114,98.18363660012423
15,DD017,30,C/2,4.52311119748711,4.6090939277516,97.66813142230097,98.13449819829484
15,DD017,31,C/2,4.50537316115088,4.59372014160918,97.28511168468697,98.0767879249311
15,DD017,32,C/2,4.48616774620294,4.57602062434605,96.87040664887063,98.0364407086572
15,DD017,33,C/2,4.46525475069774,4.5568311637227,96.41882960283854,97.9903487811002
15,DD017,34,C/2,4.44344550768044,4.53563931611015,95.94789976710557,97.96734700437386
15,DD017,35,C/2,4.42195594659262,4.51370018445663,95.4838728650699,97.96742729656835
15,DD017,36,C/2,4.39860347998725,4.49233720800019,94.97962000064436,97.91347524299792
15,DD017,37,C/2,4.37625039208716,4.46875407041168,94.49694685125701,97.92998950340541
15,DD017,38,C/2,4.35238579604016,4.44647913634694,93.98163550884442,97.8838686200587
15,DD017,39,C/2,4.33105020094831,4.42236242606592,93.52093321468867,97.93521615100099
15,DD017,40,C/2,4.30843767168654,4.4012793429298,93.03265791406017,97.89057535299592
15,DD017,41,C/2,4.28594084972686,4.37840492618264,92.54688109633284,97.88817895981138
15,DD017,42,C/2,4.2639114110585,4.35613977536916,92.07119654711897,97.88279602890283
15,DD017,43,C/2,4.2422975767215,4.33411549742298,91.60448619656673,97.88150729356256
15,DD017,44,C/2,4.22152869770884,4.31293575376169,91.15602107679933,97.88063024186889
15,DD017,45,C/2,4.19866246990323,4.29164540445858,90.66226763034607,97.83339661616147
15,DD017,46,C/2,4.17684948913706,4.26869709435145,90.19125708491308,97.84834568524603
15,DD017,47,C/2,4.15562294553226,4.24688874085961,89.7329095537742,97.85099631998182
15,DD017,48,C/2,4.13360065407991,4.22531100875532,89.25737933533003,97.82950049155255
15,DD017,49,C/2,4.11176707583798,4.20304584822393,88.78592402591013,97.82827083781346
15,DD017,50,C/2,4.08926699896759,4.18114777284842,88.30007692447032,97.80249876654715
15,DD017,51,C/10,4.75287993759643,4.20385969722635,,
15,DD018,0,C/10,5.0,,,
15,DD018,1,C/2,4.65198033996224,4.99789453389732,100.0,93.0788016515959
15,DD018,2,C/2,4.65250884494384,4.66058367922082,100.01136086017088,99.8267419955792
15,DD018,3,C/2,4.63504907301942,4.66685152873973,99.63604173479898,99.31854580064395
15,DD018,4,C/2,4.62300839999198,4.66130626516579,99.3772127598782,99.1783877094708
15,DD018,5,C/2,4.62364699443075,4.66082544433557,99.39094012740992,99.20232048273758
15,DD018,6,C/2,4.62729753531456,4.66851086599716,99.46941296299889,99.11720606708288
15,DD018,7,C/2,4.62892381317695,4.67714981196375,99.50437179221878,98.96890198677319
15,DD018,8,C/2,4.63058527379804,4.68292522786501,99.54008691781416,98.88232351532051
15,DD018,9,C/2,4.63101175261934,4.68826714120111,99.54925460104008,98.77875157585194
15,DD018,10,C/2,4.63262052088485,4.69099832706752,99.58383704008631,98.75553555741378
15,DD018,11,C/2,4.63454929165482,4.69357759122076,99.62529832386262,98.74236020564886
15,DD018,12,C/2,4.63667827183908,4.69573960384481,99.67106335356344,98.74223579268808
15,DD018,13,C/2,4.63846836748321,4.69741749963465,99.70954364611224,98.74507360361252
15,DD018,14,C/2,4.63969672331836,4.69833451373482,99.73594865527787,98.75194517876405
15,DD018,15,C/2,4.64040166555762,4.69887068305492,99.7511022498278,98.75567936550902
15,DD018,16,C/2,4.6371910778137,4.69892229561854,99.68208674440228,98.68626859689932
15,DD018,17,C/2,4.63939643874724,4.69491325175653,99.72949367161122,98.81751142071647
15,DD018,18,C/2,4.63844091539356,4.69717502198343,99.70895352991131,98.74958658523504
15,DD018,19,C/2,4.636817908706,4.69617816117504,99.67406501859028,98.73598806451186
15,DD018,20,C/2,4.63464748486638,4.69477920096444,99.6274091068923,98.71917903858593
15,DD018,21,C/2,4.63235979512691,4.69291606198882,99.57823242143175,98.70962390841812
15,DD018,22,C/2,4.62948165935172,4.69088839623993,99.51636337717838,98.69093588034558
15,DD018,23,C/2,4.62654201646394,4.68823867790479,99.4531721624063,98.6840119354072
15,DD018,24,C/2,4.62063817914433,4.68451688237429,99.32626196743205,98.63638652962685
15,DD018,25,C/2,4.61900942330002,4.68036259806975,99.29124987096382,98.68913629052945
15,DD018,26,C/2,4.6148244688144,4.67872281814767,99.20128916219493,98.6342779468486
15,DD018,27,C/2,4.61060426500731,4.67504162902375,99.11057072620247,98.62167293620665
15,DD018,28,C/2,4.60619384476833,4.67084103186408,99.01576335564907,98.61594118372405
15,DD018,29,C/2,4.60155863783505,4.66663835923968,98.91612392051515,98.60542608201523
15,DD018,30,C/2,4.59659412780775,4.66191256069393,98.80940571311744,98.5988919346772
15,DD018,31,C/2,4.59137840334269,4.65677059876249,98.69728734451097,98.59576085974305
15,DD018,32,C/2,4.58607366280768,4.65131203340759,98.58325546674398,98.59742003694136
15,DD018,33,C/2,4.58033471912238,4.64552263036803,98.45988986186384,98.59675828894872
15,DD018,34,C/2,4.57436803044147,4.63949992045625,98.3316286001028,98.59614417218538
15,DD018,35,C/2,4.56956000282658,4.63273486940501,98.22827417330984,98.63633753367492
15,DD018,36,C/2,4.56183221105721,4.62797798438112,98.06215584939979,98.57074140051779
15,DD018,37,C/2,4.55539414556781,4.61961475514295,97.92376176733339,98.60982759431089
15,DD018,38,C/2,4.54857689590705,4.61261209360997,97.77721665831396,98.61173676859516
15,DD018,39,C/2,4.54148740351756,4.60512938909926,97.62481935928437,98.61801959935488
15,DD018,40,C/2,4.53447544772744,4.59776012406163,97.47408880417251,98.62357594509986
15,DD018,41,C/2,4.5272444488185,4.59006658261005,97.3186496496511,98.63134591490332
15,DD018,42,C/2,4.51973725817402,4.58236264213545,97.15727341639425,98.63333854493354
15,DD018,43,C/2,4.50974290162139,4.57422477664976,96.94243251376243,98.59032124180838
15,DD018,44,C/2,4.50426196710255,4.56402493119697,96.82461313108453,98.6905644689643
15,DD018,45,C/2,4.49546856204841,4.5580016420156,96.63558814792627,98.6280592926786
15,DD018,46,C/2,4.48851534016979,4.54882742662747,96.48612014998807,98.67411794730589
15,DD018,47,C/2,4.48066694727845,4.54143479174589,96.31740935764186,98.6619240998927
15,DD018,48,C/2,4.47207065804402,4.53286739956421,96.13262161981363,98.65875755540443
15,DD018,49,C/2,4.46416192000534,4.52353368463828,95.96261363481119,98.687491488467
15,DD018,50,C/2,4.45462461762547,4.51591483032015,95.75759766993401,98.64279520324047
15,DD018,51,C/10,4.83772845516913,4.53305054136602,,
16,DD029,0,C/10,5.02,,,
16,DD029,1,C/2,4.61629215879334,5.02822204143363,100.0,91.80764335294067
16,DD029,2,C/2,4.59816369888518,4.80287413814463,99.60729392151605,95.73775132615634
16,DD029,3,C/2,4.55821773791234,4.71855745959214,98.74196825323594,96.6019334711321
16,DD029,4,C/2,4.57220567722466,4.99820496816209,99.04498068899946,91.47695435359313
16,DD029,5,C/2,4.56502967539019,4.78333452137521,98.88953121596728,95.4361367575384
16,DD029,6,C/2,4.54574297746764,4.66455429915888,98.47173491410602,97.45289015688671
16,DD029,7,C/2,4.5335436146507,4.89962667069765,98.20746735050085,92.52834796095141
16,DD029,8,C/2,4.52393200251605,4.90042677494514,97.99925669562838,92.31710237251113
16,DD029,9,C/2,4.53345860244764,4.67244601924816,98.20562578155035,97.0253820755133
16,DD029,10,C/2,4.52768642339149,4.68779971325433,98.08058648902735,96.5844682013582
16,DD029,11,C/2,4.53476507556199,4.67851941597549,98.23392713400834,96.92735398462534
16,DD029,12,C/2,4.52906772980584,4.61484648214271,98.11050891089398,98.14124364334127
16,DD029,13,C/2,4.52007456360472,4.60122163487085,97.91569528359813,98.23640159710743
16,DD029,14,C/2,4.5127592609228,4.59274355135976,97.7572282189002,98.25846382358363
16,DD029,15,C/2,4.50714081953631,4.57642005717409,97.63551925436276,98.48616960916476
16,DD029,16,C/2,4.50043758250581,4.57144835993035,97.49031100497301,98.44664596789579
16,DD029,17,C/2,4.49467157400568,4.56655162525561,97.3654053815465,98.42594462630416
16,DD029,18,C/2,4.48364393515613,4.56099250058564,97.12652017952254,98.30412864262377
16,DD029,19,C/2,4.47292738035413,4.54920652041297,96.89437380677647,98.32324297178937
16,DD029,20,C/2,4.45988347872151,4.53875816035986,96.61181149954092,98.26219686417272
16,DD029,21,C/2,4.44639824636552,4.52575712779691,96.31968890651348,98.24650596153353
16,DD029,22,C/2,4.43042354564785,4.51206055162454,95.97363843639232,98.190693474907
16,DD029,23,C/2,4.40552496548652,4.49501762387834,95.43427525692151,98.00906991072918
16,DD029,24,C/2,4.39034589494811,4.46954627392399,95.10546005163827,98.22799957485736
16,DD029,25,C/2,4.36683180907408,4.4531488936677,94.59608835103568,98.06166183402577
16,DD029,26,C/2,4.34218196363462,4.42894770133909,94.06211336436796,98.04094011590527
16,DD029,27,C/2,4.31602185536199,4.40417396893545,93.49542244939198,97.99844161027164
16,DD029,28,C/2,4.28860533432536,4.37686806335051,92.90151460964648,97.98342724186243
16,DD029,29,C/2,4.26156971200625,4.34902676660542,92.31585795298079,97.98904308267954
16,DD029,30,C/2,4.23264293193419,4.32120338856486,91.68923426719523,97.95056032620388
16,DD029,31,C/2,4.20252367822315,4.29197442444049,91.03677873199547,97.91586022255943
16,DD029,32,C/2,4.16994304641737,4.26136738652393,90.3310038224998,97.854577373552
16,DD029,33,C/2,4.13565259656601,4.2264432403955,89.58819013844729,97.85184282231143
16,DD029,34,C/2,4.09611258456574,4.19106220439329,88.73165830206963,97.73447362036241
16,DD029,35,C/2,4.06540236147311,4.15204656491422,88.06640094754687,97.91321696212961
16,DD029,36,C/2,4.03001325911786,4.1200113760612,87.29978780570231,97.81558571740207
16,DD029,37,C/2,3.99169969173749,4.08293331335902,86.46982371195689,97.76548832372497
16,DD029,38,C/2,3.95565073314481,4.04552998958706,85.68891649567483,97.77830700369067
16,DD029,39,C/2,3.91589843863513,4.00709567245086,84.8277861091598,97.72410640348022
16,DD029,40,C/2,3.87615644271108,3.9686205259208,83.96687881479917,97.67012032000045
16,DD029,41,C/2,3.83189268576065,3.92575350835204,83.00801929231174,97.60910045952448
16,DD029,42,C/2,3.78036891840457,3.90925777449152,81.89189046892402,96.70298395444861
16,DD029,43,C/2,3.74616649575419,3.84171989387568,81.15098366593432,97.51274427180863
16,DD029,44,C/2,3.70874982948025,3.79197527513101,80.34044860907777,97.80522182735264
16,DD029,45,C/2,3.67014974556803,3.75778782773062,79.50427787758079,97.6678278237035
16,DD029,46,C/2,3.62754416819665,3.7161656656805,78.58133851616661,97.61524362860658
16,DD029,47,C/2,3.58754453771233,3.67319700449978,77.7148502370804,97.66817661338276
16,DD029,48,C/2,3.54704833748247,3.63213071256182,76.83760506201668,97.6575078979099
16,DD029,49,C/2,3.51408034676088,3.59380337723319,76.12343902599594,97.78165297029446
16,DD029,50,C/2,3.46886029324677,3.55667415003215,75.14386381804528,97.53101203312127
16,DD029,51,C/10,4.6919659682308,3.73522580425298,,
16,DD030,0,C/10,5.02,,,
16,DD030,1,C/2,4.6172944654662,4.98793707315504,100.0,92.56922045621566
16,DD030,2,C/2,4.6051412465873,4.62402737568464,99.73678917448741,99.5915653701219
16,DD030,3,C/2,4.59961326133608,4.61270077905996,99.61706570238562,99.71627212882976
16,DD030,4,C/2,4.59648851058218,4.60751648990895,99.5493907733277,99.76065241761103
16,DD030,5,C/2,4.58107636884053,4.60081376060105,99.21559915884609,99.57100215771521
16,DD030,6,C/2,4.55776944106473,4.58834318644133,98.71082459984584,99.33366480809573
16,DD030,7,C/2,4.53595314073363,4.56851746362964,98.23833360984577,99.28720152313618
16,DD030,8,C/2,4.51929864606221,4.56116749801827,97.87763548249038,99.08205844283835
16,DD030,9,C/2,4.51187673096895,4.54210741006458,97.71689383716605,99.33443495790867
16,DD030,10,C/2,4.50638733297242,4.53886873697579,97.59800607643112,99.28437225472592
16,DD030,11,C/2,4.50298599512497,4.53820822662592,97.52434090578001,99.22387361394527
16,DD030,12,C/2,4.49482436570829,4.54659809758593,97.34757874608405,98.86126438347101
16,DD030,13,C/2,4.48056548788296,4.56574387324213,97.03876418093176,98.1344028985427
16,DD030,14,C/2,4.45721222436852,4.61443544434723,96.53298609618747,96.59279619630802
16,DD030,15,C/2,4.47053788449446,4.57591325514737,96.82158930799486,97.69717289692117
16,DD030,16,C/2,4.47306712327016,4.53576613489142,96.87636681448953,98.6176753880905
16,DD030,17,C/2,4.46636962808436,4.531557371572,96.73131444159256,98.56147151757175
16,DD030,18,C/2,4.45377171119438,4.5214941348857,96.45847247787978,98.50221140023592
16,DD030,19,C/2,4.44092407391375,4.50948628859633,96.18022214369118,98.47960032928891
16,DD030,20,C/2,4.42423914137747,4.49687615062977,95.81886480204727,98.38472293167051
16,DD030,21,C/2,4.40522075786616,4.48766180342691,95.4069702682775,98.16293987443984
16,DD030,22,C/2,4.37912303591569,4.48376007550252,94.84175351319158,97.66631046655407
16,DD030,23,C/2,4.35930954744219,4.46958703615822,94.4126388309531,97.53271414508984
16,DD030,24,C/2,4.3340260814774,4.41543956671564,93.86505699154712,98.15616352555362
16,DD030,25,C/2,4.30655245658304,4.38751389577974,93.27004133682027,98.15473087675971
16,DD030,26,C/2,4.28285817868934,4.36059234320223,92.7568776633549,98.21734850692772
16,DD030,27,C/2,4.25592597229719,4.33541689035879,92.17358789066265,98.16647579524881
16,DD030,28,C/2,4.22719020253115,4.30878384785524,91.55123707502892,98.10634164522538
16,DD030,29,C/2,4.19321832905901,4.27593095235394,90.81548427160207,98.06562303702785
16,DD030,30,C/2,4.15734686490562,4.24271492180821,90.03859069416879,97.98789080869459
16,DD030,31,C/2,4.12403115261673,4.20783068051089,89.31704883587783,98.00848621874717
16,DD030,32,C/2,4.09032461232039,4.17406175348479,88.58704254001692,97.99386913491419
16,DD030,33,C/2,4.04990177429186,4.13818413179301,87.71157665126191,97.8666401810666
16,DD030,34,C/2,4.00882645603127,4.09484936390656,86.82197953832484,97.8992412118129
16,DD030,35,C/2,3.96268131542987,4.05213150058069,85.82258171029959,97.79251524443367
16,DD030,36,C/2,3.92518236195087,4.01037828472587,85.01044044966605,97.87561380183308
16,DD030,37,C/2,3.88304651228719,3.9711514473699,84.09787466078636,97.78137559721975
16,DD030,38,C/2,3.84009534971343,3.92890011607059,83.16765106567019,97.73970414788819
16,DD030,39,C/2,3.79430201796028,3.88425583282836,82.17587260978765,97.68414289018189
16,DD030,40,C/2,3.74921226794415,3.83683047026748,81.1993321193908,97.71639109409955
16,DD030,41,C/2,3.70540429953482,3.79237208798004,80.25055207651116,97.70677068526939
16,DD030,42,C/2,3.66127632149153,3.74854390374912,79.29484135948123,97.67196051324596
16,DD030,43,C/2,3.61631768665512,3.703197151063,78.32114052292714,97.6539335913309
16,DD030,44,C/2,3.57114254476017,3.65608396538789,77.34275064043588,97.67671034276401
16,DD030,45,C/2,3.52378329585697,3.61218404895168,76.31705801334851,97.55270628803187
16,DD030,46,C/2,3.47922292025778,3.5663187346005,75.35198255774421,97.55782304319256
16,DD030,47,C/2,3.43417102096411,3.51843790635489,74.37626182711672,97.60499154358871
16,DD030,48,C/2,3.3889884162018,3.47620952570511,73.39771031604803,97.49091333941908
16,DD030,49,C/2,3.34422954115761,3.42508216962342,72.42833581808279,97.63939594842773
16,DD030,50,C/2,3.30149690751393,3.38351265822605,71.5028450580005,97.57601761847344
16,DD030,51,C/10,4.68028551237894,3.60827960079015,,
16,DD031,0,C/10,5.0,,,
16,DD031,1,C/2,4.61971064541022,4.96910421209392,100.0,92.96868103845884
16,DD031,2,C/2,4.60602393658704,4.62355458883407,99.70373233577351,99.62084037486296
16,DD031,3,C/2,4.59284888009097,4.61177490509069,99.4185400909051,99.58961516142453
16,DD031,4,C/2,4.56491380594783,4.60507048656607,98.81384693396691,99.12798988125404
16,DD031,5,C/2,4.54874139652027,4.58842816739587,98.46377285641343,99.13506827550219
16,DD031,6,C/2,4.55245472754107,4.58230223815523,98.5441530210129,99.3486350514894
16,DD031,7,C/2,4.5654788653677,4.59484237479785,98.82607842340947,99.36094631687028
16,DD031,8,C/2,4.57379874328904,4.61214470005712,99.00617364061979,99.16858730022923
16,DD031,9,C/2,4.57682818905605,4.62868299916805,99.07175016693363,98.8797070328359
16,DD031,10,C/2,4.57654433430061,4.63799117320274,99.0656057397773,98.67514109864727
16,DD031,11,C/2,4.57659211270425,4.64221545375284,99.06663996913294,98.58637881627104
16,DD031,12,C/2,4.57669201081448,4.64476534162341,99.06880240132617,98.53440753618057
16,DD031,13,C/2,4.57725433893296,4.64604240851723,99.0809747679881,98.51942656704625
16,DD031,14,C/2,4.57721213672452,4.64697955689827,99.0800612430581,98.49865015932376
16,DD031,15,C/2,4.57561420042673,4.64778634820981,99.0454717109328,98.44717156994794
16,DD031,16,C/2,4.57321993790269,4.64517382187044,98.99364460079941,98.45099695453857
16,DD031,17,C/2,4.57123258318821,4.64458299430332,98.95062557066915,98.42073203977458
16,DD031,18,C/2,4.56835785515665,4.64278770526325,98.8883981228437,98.39687156011414
16,DD031,19,C/2,4.56295314823852,4.63950746987604,98.7714057972854,98.34994722748954
16,DD031,20,C/2,4.55776729295121,4.63373509693082,98.65915081671723,98.36054926769707
16,DD031,21,C/2,4.55219102211528,4.6293211576174,98.53844475385006,98.33387805952488
16,DD031,22,C/2,4.54711187661621,4.62378336666661,98.42849965362791,98.34180185423187
16,DD031,23,C/2,4.53617218607425,4.61785262742766,98.19169498377637,98.2312029433709
16,DD031,24,C/2,4.52887176667001,4.60430485920662,98.0336673503467,98.36168336278219
16,DD031,25,C/2,4.52088945214231,4.59822957691968,97.86087915774354,98.31804559812389
16,DD031,26,C/2,4.50955721555723,4.59030143400493,97.61557728810504,98.24098221851952
16,DD031,27,C/2,4.50247497650781,4.57728181877858,97.46227246897192,98.36569288865128
16,DD031,28,C/2,4.49245763212959,4.57050188935663,97.24543325225233,98.29243572989692
16,DD031,29,C/2,4.48022702806009,4.55934313423584,96.98068498102344,98.26474770934279
16,DD031,30,C/2,4.4671559522091,4.54596825351268,96.69774354043827,98.26632530390678
16,DD031,31,C/2,4.45363137437634,4.53187288668847,96.40498542481481,98.2735280916208
16,DD031,32,C/2,4.43815369581302,4.51835062302052,96.06994975372363,98.2250840207286
16,DD031,33,C/2,4.42320783009621,4.502455416477,95.7464259042016,98.23990291851023
16,DD031,34,C/2,4.4037723471366,4.48424613978681,95.32571810556666,98.20541089535206
16,DD031,35,C/2,4.38364701419274,4.46466614555546,94.89007755383957,98.18532609782315
16,DD031,36,C/2,4.36367293708669,4.44431331053776,94.45771114305809,98.18553806141736
16,DD031,37,C/2,4.34269032631489,4.42394690548282,94.00351363195105,98.16325600410745
16,DD031,38,C/2,4.3235636377018,4.40288631112345,93.58949011227254,98.19839378497579
16,DD031,39,C/2,4.30208210044013,4.38225457395715,93.12449265008274,98.17051994209857
16,DD031,40,C/2,4.27860773391101,4.36073014840778,92.61635765352312,98.11677375801952
16,DD031,41,C/2,4.25218564313279,4.33593039600604,92.04441510546609,98.06858631885811
16,DD031,42,C/2,4.21916880863242,4.30701680354494,91.32972024609926,97.96035170236125
16,DD031,43,C/2,4.19533909625212,4.27513008009248,90.81389329914586,98.13360102861164
16,DD031,44,C/2,4.1660581025042696,4.25217074005454,90.18006585852592,97.97485466095922
16,DD031,45,C/2,4.13452635287986,4.22146490546239,89.49751770681999,97.94055962729821
16,DD031,46,C/2,4.10342360845009,4.19052807115399,88.82425596345364,97.92139651077643
16,DD031,47,C/2,4.0747338448094,4.15847928408508,88.20322651284955,97.98615230341096
16,DD031,48,C/2,4.04779535219629,4.1279814979713,87.62010573579667,98.05749745209813
16,DD031,49,C/2,4.02276967473798,4.10075856863528,87.07839047743579,98.09818372401148
16,DD031,50,C/2,3.99409791395028,4.07316377474822,86.45775072338135,98.058858784709
16,DD031,51,C/10,4.79647478275237,4.2185089188941,,
17,DD044,0,C/10,5.05,,,
17,DD044,1,C/2,4.69754532629596,5.04573653909837,100.0,93.09929858397584
17,DD044,2,C/2,4.69197497412311,4.70689670214342,99.88141993773498,99.68298161262993
17,DD044,3,C/2,4.692751257547,4.70181608562229,99.89794523701296,99.80720581345133
17,DD044,4,C/2,4.69023634815348,4.70353057585821,99.84440856586171,99.7173564093967
17,DD044,5,C/2,4.68065841934191,4.7043001803392,99.64051635947992,99.49744361348162
17,DD044,6,C/2,4.67397007174651,4.70023389267988,99.49813673074146,99.44122310648682
17,DD044,7,C/2,4.67265701297269,4.69761154091534,99.47018471149282,99.46878264144871
17,DD044,8,C/2,4.6756727463089,4.70057591339393,99.53438277935027,99.47021029882592
17,DD044,9,C/2,4.67895897728575,4.70745252863686,99.60433912353827,99.39471399493091
17,DD044,10,C/2,4.68257064320948,4.71465521036545,99.68122323370346,99.31947161087346
17,DD044,11,C/2,4.68618797615832,4.72219425383331,99.75822798187676,99.2375096038084
17,DD044,12,C/2,4.68690975228336,4.7291449318423,99.77359294538226,99.10691720876301
17,DD044,13,C/2,4.68765647133601,4.73300024983899,99.78948888678957,99.04196543187331
17,DD044,14,C/2,4.68856131576167,4.73643164978662,99.80875095586626,98.98931648201645
17,DD044,15,C/2,4.68931310579313,4.7394316739812,99.82475484681866,98.94251944883572
17,DD044,16,C/2,4.68949375145316,4.74144943858247,99.82860037991057,98.90422353328219
17,DD044,17,C/2,4.69108931432128,4.74255756836346,99.8625662654378,98.91475742149103
17,DD044,18,C/2,4.69269212449378,4.74447628093275,99.89668642950579,98.90853798453833
17,DD044,19,C/2,4.69410086771316,4.74579000132635,99.92667535183708,98.91084237611136
17,DD044,20,C/2,4.69474434778889,4.74687911582027,99.94037357146102,98.90170432489789
17,DD044,21,C/2,4.69434320375628,4.74709899820118,99.93183413214227,98.88867296711338
17,DD044,22,C/2,4.69397815310398,4.74682561666275,99.92406303837002,98.88667779635173
17,DD044,23,C/2,4.69026059109847,4.74613896703713,99.84492464273391,98.82265613529763
17,DD044,24,C/2,4.68732230839173,4.74135148534695,99.78237532170252,98.86046885319098
17,DD044,25,C/2,4.68836247332069,4.73927678237752,99.80451805491123,98.92569454381416
17,DD044,26,C/2,4.68590155301332,4.73969801627432,99.75213068796887,98.86498120605398
17,DD044,27,C/2,4.68243709800283,4.73709011963042,99.67838036157826,98.84627439530634
17,DD044,28,C/2,4.68002049487167,4.73341010598495,99.62693640599507,98.87206876400222
17,DD044,29,C/2,4.67638868944896,4.73090770809004,99.54962357194152,98.8475991922681
17,DD044,30,C/2,4.67220777212394,4.7270175787437,99.46062140092221,98.84049920046358
17,DD044,31,C/2,4.66075179831306,4.71526553301485,99.21674991027896,98.84388833841699
17,DD044,32,C/2,4.6625822146156,4.71744759367816,99.25571528847965,98.83696897584862
17,DD044,33,C/2,4.65706060577577,4.71279824815652,99.13817286033274,98.81731320871731
17,DD044,34,C/2,4.6518619852062,4.70702361577873,99.02750611401166,98.82809955769888
17,DD044,35,C/2,4.64489030352367,4.0,98.87909495034488,116.12225758809176
17,DD044,36,C/2,4.64047891531546,4.7,98.78518658114797,98.73359394288211
17,DD044,37,C/2,4.63325644766158,4.68951270030287,98.63143675752306,98.80038169770484
17,DD044,38,C/2,4.62671211417132,4.68190666881793,98.49212285982364,98.82110946349674
17,DD044,39,C/2,4.62036909159474,4.67492242113378,98.35709441121936,98.83306449552141
17,DD044,40,C/2,4.61378140025496,4.6676984073285,98.2168575240327,98.84489094263486
17,DD044,41,C/2,4.60681353178262,4.66037037550301,98.06852753489274,98.85080284601608
17,DD044,42,C/2,4.5989297354522,4.65293966162849,97.90069953573989,98.83923003296829
17,DD044,43,C/2,4.59175251950952,4.64436864279181,97.74791301758748,98.867098472815
17,DD044,44,C/2,4.58453489501754,4.63686210836593,97.59426629380648,98.87149515932379
17,DD044,45,C/2,4.57535123909036,4.62889008216639,97.39876725570736,98.8433762278716
17,DD044,46,C/2,4.5677488383917,4.61889669114788,97.23692952619992,98.89263916956176
17,DD044,47,C/2,4.55796744856741,4.61138263672576,97.02870610003018,98.84166653764659
17,DD044,48,C/2,4.53651387171772,4.60134443023894,96.57200849820826,98.59105182182908
17,DD044,49,C/2,4.52234179661035,4.55790287181287,96.27031742078455,99.21979304512087
17,DD044,50,C/2,4.52613953778942,4.58297229429048,96.35116264771213,98.75991490125605
17,DD044,51,C/10,4.93448561584151,4.58999414156173,,
17,DD045,0,C/10,5.06,,,
17,DD045,1,C/2,4.69879139106909,5.04983331731415,100.0,93.04844528152132
17,DD045,2,C/2,4.69610607672717,4.7080360076446,99.94285095637521,99.74660493466789
17,DD045,3,C/2,4.68476874832696,4.70620738298121,99.70156915736284,99.54446047720342
17,DD045,4,C/2,4.6727873838365,4.73249272351437,99.44658093819582,98.73839553136105
17,DD045,5,C/2,4.66133423112644,4.70185305863813,99.20283415829346,99.1382370523628
17,DD045,6,C/2,4.65719855264941,4.68792631083589,99.11481836587309,99.34453410422739
17,DD045,7,C/2,4.65893223746365,4.69025752999588,99.15171476475419,99.33211998846771
17,DD045,8,C/2,4.66531845931013,4.69779225385486,99.28762677520476,99.30874349503037
17,DD045,9,C/2,4.67137057587345,4.7103023368644,99.41642833415081,99.17347638842082
17,DD045,10,C/2,4.6766212302331,4.72268974309152,99.52817311962117,99.02452806844214
17,DD045,11,C/2,4.67797375299983,4.7337172489546,99.55695760171803,98.82241602057917
17,DD045,12,C/2,4.67691690690849,4.74059017309165,99.53446573086482,98.65684938249714
17,DD045,13,C/2,4.67560067530141,4.74464065500111,99.50645359971165,98.54488496137367
17,DD045,14,C/2,4.67565050382693,4.7478164635612,99.50751405380235,98.48001791374763
17,DD045,15,C/2,4.67547387153823,4.75141351960455,99.50375495334441,98.40174618031057
17,DD045,16,C/2,4.67384411610748,4.75360707409651,99.46907038671633,98.32205403716104
17,DD045,17,C/2,4.67360542082693,4.75452539787349,99.46399045741782,98.29804301639125
17,DD045,18,C/2,4.67246049995011,4.75538745160336,99.43962417295165,98.25614731718045
17,DD045,19,C/2,4.67006273986313,4.75483814139855,99.38859487866254,98.21707071798484
17,DD045,20,C/2,4.66558249295234,4.75274094866422,99.29324595725042,98.16614335489132
17,DD045,21,C/2,4.65970525594194,4.74826300022803,99.1681661969195,98.1349444147926
17,DD045,22,C/2,4.65273653014328,4.74288218782339,99.01985729748834,98.09934857940294
17,DD045,23,C/2,4.64392573415411,4.73570713079214,98.83234533417973,98.06192836458875
17,DD045,24,C/2,4.63322398290898,4.72653298054249,98.60458993168471,98.02584689416892
17,DD045,25,C/2,4.62530624621456,4.71594022410715,98.43608411741364,98.07813556606838
17,DD045,26,C/2,4.61250677946037,4.70748279308178,98.16368498987377,97.98244586765162
17,DD045,27,C/2,4.60076552062392,4.69449281894253,97.91380671566978,98.00346273956548
17,DD045,28,C/2,4.58700236453731,4.68238171610294,97.62089828579632,97.96301631629869
17,DD045,29,C/2,4.57232559447884,4.66831767874085,97.30854626084015,97.94375424150866
17,DD045,30,C/2,4.55648626853108,4.65317925930486,96.97145264187537,97.9220015953517
17,DD045,31,C/2,4.538308749034,4.6365654466299,96.5845974277531,97.88083013758991
17,DD045,32,C/2,4.52567433839625,4.61809943202709,96.31571103578082,97.99863352898251
17,DD045,33,C/2,4.51020290022505,4.60472314842396,95.98644682965737,97.94731962916681
17,DD045,34,C/2,4.49430454923497,4.58855173976307,95.6480970357019,97.94603622508207
17,DD045,35,C/2,4.47755605407224,4.57,95.29165441527479,97.97715654425032
17,DD045,36,C/2,4.46267176667796,4.55491981068695,94.9748859921741,97.97476030659081
17,DD045,37,C/2,4.44698080484721,4.53869882238579,94.64094986850253,97.97920018208286
17,DD045,38,C/2,4.43058352958838,4.52216271027041,94.29198193410994,97.97488090213909
17,DD045,39,C/2,4.41460223067614,4.50516711802977,93.95186683679758,97.98975520816559
17,DD045,40,C/2,4.39780662703011,4.48828249455364,93.59442165040447,97.98417618246359
17,DD045,41,C/2,4.3812015441121,4.47071648044695,93.24103113918555,97.99774965094853
17,DD045,42,C/2,4.36383517249822,4.45320108338168,92.87143882983366,97.99322084922343
17,DD045,43,C/2,4.34735071460644,4.43525636925698,92.52061546867931,98.01802540074439
17,DD045,44,C/2,4.33055785412934,4.41773898135747,92.16322866259515,98.02656681175534
17,DD045,45,C/2,4.31314039594543,4.40007348914629,91.79254912536318,98.02428088041488
17,DD045,46,C/2,4.29567000378734,4.3820173706502,91.42074304366957,98.02950651357077
17,DD045,47,C/2,4.27882747524142,4.36399934420161,91.06229919834517,98.04830701742986
17,DD045,48,C/2,4.26246148751722,4.34631709674255,90.71399712740612,98.07065137313205
17,DD045,49,C/2,4.24488004400279,4.32889579914386,90.33982764314584,98.0591873992974
17,DD045,50,C/2,4.22924774464752,4.31066744574803,90.00713997829264,98.11120430594057
17,DD045,51,C/10,4.90411884124553,4.32977640723354,,
17,DD046,0,C/10,5.06,,,
17,DD046,1,C/2,4.70636028053548,5.05837806019757,100.0,93.04089620283659
17,DD046,2,C/2,4.70442722189002,4.71542672012534,99.95892667517498,99.76673376794567
17,DD046,3,C/2,4.70720957665787,4.71390623825887,100.01804570988544,99.85793816714789
17,DD046,4,C/2,4.70909244179301,4.71728154338097,100.0580525309299,99.82640210229872
17,DD046,5,C/2,4.6997792816019,4.72045363442668,99.860167973948,99.56202614354689
17,DD046,6,C/2,4.68402646057009,4.71650362447501,99.5254545203911,99.31141441858777
17,DD046,7,C/2,4.67794013765852,4.70838364839044,99.3961332923342,99.3534190710579
17,DD046,8,C/2,4.67932159322632,4.70690475453806,99.42548624207572,99.41398513991288
17,DD046,9,C/2,4.68284792640831,4.71306582175926,99.5004132126388,99.35884843340315
17,DD046,10,C/2,4.68716724994513,4.72163064080698,99.5921895170302,99.27009557748973
17,DD046,11,C/2,4.69026316929102,4.72984570689571,99.65797112237594,99.16313258280324
17,DD046,12,C/2,4.6915004549935,4.73651420781576,99.68426077358681,99.04964387633459
17,DD046,13,C/2,4.69230262991454,4.74131297045364,99.70130525962749,98.96631290014987
17,DD046,14,C/2,4.6934643781193,4.74573823583702,99.7259899020159,98.89850946006716
17,DD046,15,C/2,4.69529053165992,4.74953081446249,99.764791724056,98.85798650600589
17,DD046,16,C/2,4.69538899503363,4.75344538218924,99.766883858271,98.7786461716139
17,DD046,17,C/2,4.69699705535888,4.75578313302019,99.80105167011278,98.76390331482635
17,DD046,18,C/2,4.69844956733889,4.75840411576342,99.83191441527953,98.74002823287086
17,DD046,19,C/2,4.69896543363518,4.76000279595285,99.84287546087613,98.7177032255198
17,DD046,20,C/2,4.69769937006857,4.76071377046101,99.81597434215288,98.67636654017244
17,DD046,21,C/2,4.69509579874992,4.7599552490712,99.76065406993706,98.63739369537274
17,DD046,22,C/2,4.69168207914789,4.75801132683405,99.68811989493673,98.60594599024851
17,DD046,23,C/2,4.68242586416416,4.75450234102872,99.4914453007283,98.48403740928718
17,DD046,24,C/2,4.67572460495458,4.74620005552494,99.34905800332366,98.51511841587207
17,DD046,25,C/2,4.67379960961673,4.74018235617834,99.30815600638535,98.59957399159788
17,DD046,26,C/2,4.6661981789369,4.73783565295198,99.14664200773828,98.48797047296384
17,DD046,27,C/2,4.65471382721954,4.73049326314285,98.9026243160869,98.39806481675521
17,DD046,28,C/2,4.64828140504068,4.71938947576951,98.76594922545556,98.49327818579255
17,DD046,29,C/2,4.63801548783567,4.71336896706453,98.5478206379042,98.40128197568649
17,DD046,30,C/2,4.62635013967554,4.70315992661958,98.29995716242028,98.36684722309141
17,DD046,31,C/2,4.6140443031364,4.69156533340268,98.03848469100677,98.3476510555155
17,DD046,32,C/2,4.60234907737294,4.67947905958431,97.78998638092565,98.35173998581327
17,DD046,33,C/2,4.58968538000716,4.66798898831983,97.52091013918202,98.32254085199001
17,DD046,34,C/2,4.57774097870429,4.65573118876096,97.26711738658996,98.32485581974879
17,DD046,35,C/2,4.56398426018529,4.64,96.97481680399548,98.36172974537263
17,DD046,36,C/2,4.55242762574791,4.63075146036801,96.7292632605242,98.30861502090039
17,DD046,37,C/2,4.54009947118255,4.61913527929962,96.46731657921408,98.28894796670572
17,DD046,38,C/2,4.52643426841801,4.60695680007601,96.17696050891796,98.25215353318112
17,DD046,39,C/2,4.51312788558814,4.59371984838384,95.89422858792793,98.24560562124715
17,DD046,40,C/2,4.49940721533841,4.58021588083814,95.60269395326607,98.23570181838366
17,DD046,41,C/2,4.48522694930209,4.56656512151688,95.30139389991133,98.21883253494978
17,DD046,42,C/2,4.46988736295408,4.55225744052732,94.97546079165672,98.19056635857353
17,DD046,43,C/2,4.45457162861029,4.53723108177548,94.65003448702099,98.1781960919468
17,DD046,44,C/2,4.43816326936589,4.52171296697447,94.30139226104731,98.1522556115612
17,DD046,45,C/2,4.42033369809455,4.50438586061616,93.92255234636676,98.13399284336373
17,DD046,46,C/2,4.40194212733878,4.4871892137484,93.53177115539349,98.10021190663346
17,DD046,47,C/2,4.38318129314488,4.46886671008176,93.13314391320188,98.08261417277062
17,DD046,48,C/2,4.36490203799128,4.45030263881755,92.74474918640632,98.08101588234996
17,DD046,49,C/2,4.34225723071139,4.43124982500796,92.26359589745084,97.99170442175621
17,DD046,50,C/2,4.32841020285023,4.40842072248217,91.96937643621605,98.18505254673401
17,DD046,51,C/10,4.88657643617173,4.43343897882548,,
18,DD010,0,C/10,4.96958,,,
18,DD010,1,C/2,4.61815,4.96690086715604,100.0,92.97850155491972
18,DD010,2,C/2,4.5952,4.62907037952792,99.5030477572188,99.26831141566325
18,DD010,3,C/2,4.58608,4.61939050163703,99.30556608165607,99.27889833896431
18,DD010,4,C/2,4.58707,4.62054955277224,99.32700323722702,99.27542054489702
18,DD010,5,C/2,4.59334,4.62906749498446,99.46277188917641,99.2281923946201
18,DD010,6,C/2,4.59862,4.64223096811584,99.57710338555484,99.06056013982561
18,DD010,7,C/2,4.60478,4.65303875813057,99.71049013132965,98.96285501498897
18,DD010,8,C/2,4.60759,4.66380384666762,99.77133700724316,98.7946781529462
18,DD010,9,C/2,4.60993,4.66983673551186,99.82200664768361,98.71715567577988
18,DD010,10,C/2,4.61378,4.67465602792097,99.90537336379288,98.69774315891122
18,DD010,11,C/2,4.61711,4.68056869937868,99.97748015980426,98.644209636596
18,DD010,12,C/2,4.62039,4.68549062642944,100.04850427119085,98.61059104328956
18,DD010,13,C/2,4.62098,4.68983609088802,100.06127994976343,98.53180176122143
18,DD010,14,C/2,4.62583,4.69141960135388,100.1663003583686,98.60192421639385
18,DD010,15,C/2,4.62787,4.69696962885603,100.21047389106026,98.52884659011816
18,DD010,16,C/2,4.62949,4.69976744195142,100.24555287290364,98.5046612876181
18,DD010,17,C/2,4.62989,4.70170942181725,100.254214349902,98.47248276373722
18,DD010,18,C/2,4.62992,4.70229633900031,100.25486396067691,98.46082990559253
18,DD010,19,C/2,4.62892,4.70243477537368,100.23321026818097,98.43666570860967
18,DD010,20,C/2,4.62298,4.70006646801091,100.10458733475527,98.35988557745794
18,DD010,21,C/2,4.62449,4.6949922900618,100.13728441042409,98.49835131335493
18,DD010,22,C/2,4.62206,4.69660636537963,100.08466593765904,98.41276105382948
18,DD010,23,C/2,4.60257,4.69388007728389,99.66263547091367,98.05469940048562
18,DD010,24,C/2,4.613,4.67136879259977,99.88848348364606,98.75049915364774
18,DD010,25,C/2,4.60818,4.68505508017568,99.78411268581576,98.35914244635097
18,DD010,26,C/2,4.60155,4.68000340072484,99.64054870456783,98.32364650178053
18,DD010,27,C/2,4.59511,4.67359470732557,99.50109892489417,98.32067793121749
18,DD010,28,C/2,4.58774,4.66704714289776,99.34151121119929,98.30069976862248
18,DD010,29,C/2,4.57939,4.65994733146041,99.16070287885842,98.27128236157202
18,DD010,30,C/2,4.57025,4.65179009344307,98.96278812944577,98.24712440146416
18,DD010,31,C/2,4.55787,4.64273156494128,98.69471541634638,98.17216300890415
18,DD010,32,C/2,4.54795,4.63050682156293,98.47991078678692,98.21711046448551
18,DD010,33,C/2,4.53455,4.62075313020657,98.1897513073417,98.13443549617385
18,DD010,34,C/2,4.51895,4.60714608430393,97.85195370440545,98.08566772813207
18,DD010,35,C/2,4.50524,4.59171529042944,97.55508158028647,98.11671053277885
18,DD010,36,C/2,4.48793,4.57790302208933,97.18025616318224,98.03462367692825
18,DD010,37,C/2,4.46672,4.56049070428714,96.7209813453439,97.94384616990908
18,DD010,38,C/2,4.45119,4.53947245445437,96.38469950088239,98.05522656343597
18,DD010,39,C/2,4.42489,4.5237970735291,95.81520738823988,97.8136270941981
18,DD010,40,C/2,4.40133,4.49706223526157,95.30504639303616,97.87122725340708
18,DD010,41,C/2,4.38527,4.4738657685267,94.95728809155182,98.01970436507138
18,DD010,42,C/2,4.36735,4.45786445592872,94.56925392202506,97.96955567349427
18,DD010,43,C/2,4.34142,4.43991999164904,94.00777367560605,97.78149174232179
18,DD010,44,C/2,4.3116,4.41398973229522,93.36206056537792,97.68033596575727
18,DD010,45,C/2,4.28888,4.38388841837349,92.87008867187076,97.83278201207638
18,DD010,46,C/2,4.26988,4.36104785562476,92.45866851444842,97.90949655580656
18,DD010,47,C/2,4.24844,4.34185633713513,91.99441334733606,97.84847010399315
18,DD010,48,C/2,4.22201,4.32023300995903,91.42210625466907,97.72644184393282
18,DD010,49,C/2,4.19094,4.29370503188493,90.74932602882107,97.60661174622383
18,DD010,50,C/2,4.17002,4.26191317837401,90.29633078180656,97.84385146932843
18,DD010,51,C/10,4.79633,4.279943390287,,
18,DD011,0,C/10,4.9884,,,
18,DD011,1,C/2,4.63713,4.98558611488743,100.0,93.01072919296476
18,DD011,2,C/2,4.6211,4.64917494882321,99.65431204214677,99.39613051493544
18,DD011,3,C/2,4.61697,4.64508667352582,99.56524833248152,99.3947007773597
18,DD011,4,C/2,4.6178,4.6478417808008,99.58314733466605,99.35364020081545
18,DD011,5,C/2,4.62173,4.65497032809957,99.66789803175672,99.28591750845509
18,DD011,6,C/2,4.62338,4.66516210446176,99.70348038549707,99.104380436817
18,DD011,7,C/2,4.62601,4.67205117027767,99.7601965008529,99.0145405390555
18,DD011,8,C/2,4.62583,4.67923723942823,99.75631478953576,98.85863364699252
18,DD011,9,C/2,4.62598,4.68275746329999,99.75954954896672,98.78752073441834
18,DD011,10,C/2,4.62739,4.68553560915734,99.78995628761757,98.759040288933
18,DD011,11,C/2,4.62877,4.68887620798472,99.81971607438223,98.71811058090286
18,DD011,12,C/2,4.63008,4.6916185428601,99.84796630674578,98.68833021487326
18,DD011,13,C/2,4.62912,4.69395784622107,99.82726384638775,98.61869560091452
18,DD011,14,C/2,4.63241,4.6942076752834,99.89821290323972,98.68353341909464
18,DD011,15,C/2,4.6328,4.69790319392082,99.90662327776015,98.61420741906592
18,DD011,16,C/2,4.6328,4.69909292267511,99.90662327776015,98.58924001363712
18,DD011,17,C/2,4.6312,4.6993579484086,99.87211917716346,98.54963275500899
18,DD011,18,C/2,4.62921,4.69819587165212,99.8292047020463,98.53165186091184
18,DD011,19,C/2,4.62619,4.69634278679959,99.76407821217003,98.50622516318921
18,DD011,20,C/2,4.61761,4.6919948633928,99.57904997272018,98.41464311964289
18,DD011,21,C/2,4.61634,4.6852937473158,99.55166234287157,98.52829404014842
18,DD011,22,C/2,4.60964,4.68410856946756,99.40717642162285,98.41018694671236
18,DD011,23,C/2,4.59739,4.67762893548417,99.14300440142934,98.2846237572313
18,DD011,24,C/2,4.59343,4.66439461290433,99.05760675245247,98.47858899613678
18,DD011,25,C/2,4.58333,4.66145800376251,98.83979961743579,98.32395778961327
18,DD011,26,C/2,4.57142,4.65142106317134,98.58295971861905,98.28007264694295
18,DD011,27,C/2,4.55869,4.63961349504146,98.30843646824653,98.25581387053155
18,DD011,28,C/2,4.54405,4.62655252809494,97.99272394778667,98.21676015577604
18,DD011,29,C/2,4.52759,4.61213418274539,97.63776301289806,98.16691840706456
18,DD011,30,C/2,4.50899,4.59557562755655,97.23665284346136,98.11589157542409
18,DD011,31,C/2,4.48933,4.57679275010573,96.81268370737935,98.0889947419247
18,DD011,32,C/2,4.46667,4.55712799858374,96.3240193826785,98.01502177222469
18,DD011,33,C/2,4.44309,4.53411067621938,95.81551520013456,97.99253519115076
18,DD011,34,C/2,4.41454,4.51020934069238,95.1998326551121,97.87882704624764
18,DD011,35,C/2,4.38812,4.48161043592563,94.630083694009,97.91390980402515
18,DD011,36,C/2,4.36009,4.45477052983975,94.02561498168048,97.87462610687703
18,DD011,37,C/2,4.32738,4.42616370805647,93.32022177510659,97.76818675105339
18,DD011,38,C/2,4.2963,4.39321307905745,92.64997962101558,97.79402734824228
18,DD011,39,C/2,4.26548,4.36188509967512,91.98534438327155,97.78982945510646
18,DD011,40,C/2,4.23904,4.33106611423475,91.415164120911,97.87520874058487
18,DD011,41,C/2,4.21501,4.3040809957728,90.89695566007423,97.93054554827663
18,DD011,42,C/2,4.18669,4.28025351326834,90.28623307951253,97.81406608327514
18,DD011,43,C/2,4.16079,4.25193159926226,89.7276979511034,97.85646600528396
18,DD011,44,C/2,4.13202,4.22603795473664,89.10727109224887,97.7752695138182
18,DD011,45,C/2,4.10776,4.19705659196757,88.58410266695132,97.87239962076117
18,DD011,46,C/2,4.08514,4.17271599317854,88.0963009447654,97.9012232483182
18,DD011,47,C/2,4.05647,4.1497452111593,87.4780305921982,97.7522665510049
18,DD011,48,C/2,4.03097,4.12090253311039,86.9281214889382,97.81764959525722
18,DD011,49,C/2,4.00162,4.0956092428062,86.2951868936174,97.7051218210993
18,DD011,50,C/2,3.98032,4.06569764383676,85.83585105442376,97.90004935644477
18,DD011,51,C/10,4.77408,4.08036563624212,,
18,DD012,0,C/10,4.97742,,,
18,DD012,1,C/2,4.62206,4.99211144493918,100.0,92.58727596487606
18,DD012,2,C/2,4.61681,4.64495400820264,99.88641428280896,99.3940950081973
18,DD012,3,C/2,4.61891,4.65392535101589,99.93184856968537,99.24761683149372
18,DD012,4,C/2,4.62259,4.6625108676423,100.0114667485926,99.14379035726543
18,DD012,5,C/2,4.62533,4.66917372562992,100.07074767527897,99.06099605184416
18,DD012,6,C/2,4.6255,4.67390055073842,100.07442568897848,98.96445056515434
18,DD012,7,C/2,4.6297,4.67697038561027,100.16529426273134,98.98929474183313
18,DD012,8,C/2,4.63208,4.68021965836778,100.21678645452461,98.97142309802253
18,DD012,9,C/2,4.63446,4.68292694408301,100.26827864631787,98.96502882360252
18,DD012,10,C/2,4.63703,4.6856433701974,100.32388155930472,98.96250383657876
18,DD012,11,C/2,4.6392,4.68811426009941,100.37083032241034,98.95663250966983
18,DD012,12,C/2,4.64108,4.69005288762506,100.41150482685208,98.95581374456826
18,DD012,13,C/2,4.63963,4.69191426967907,100.38013353353267,98.88565164080362
18,DD012,14,C/2,4.64353,4.69066401363969,100.46451149487459,98.99515263718246
18,DD012,15,C/2,4.64409,4.69368063405918,100.4766273047083,98.94345955923522
18,DD012,16,C/2,4.64417,4.69418180762349,100.47835813468453,98.9346001140759
18,DD012,17,C/2,4.64349,4.69427035767383,100.46364607988644,98.9182481236766
18,DD012,18,C/2,4.64245,4.69329690000095,100.44114529019528,98.91660593641667
18,DD012,19,C/2,4.64098,4.69220262907518,100.40934128938179,98.90834575732556
18,DD012,20,C/2,4.63416,4.68975743696505,100.26178803390695,98.81449226932662
18,DD012,21,C/2,4.6364,4.68448543853141,100.3102512732418,98.97351717360692
18,DD012,22,C/2,4.63384,4.68595191509049,100.25486471400198,98.88791186860732
18,DD012,23,C/2,4.62765,4.68337004360443,100.12094174459007,98.81025750505192
18,DD012,24,C/2,4.62712,4.67637856034331,100.10947499599745,98.94665156578569
18,DD012,25,C/2,4.62345,4.67677870993279,100.03007317083723,98.85971278009096
18,DD012,26,C/2,4.61921,4.67305697211449,99.93833918209629,98.84771419574358
18,DD012,27,C/2,4.61436,4.66898984107077,99.83340761478647,98.82994302985585
18,DD012,28,C/2,4.60933,4.6642430176595,99.72458168003011,98.82268103416587
18,DD012,29,C/2,4.60407,4.6593341928072,99.61077960909205,98.8139036497422
18,DD012,30,C/2,4.5981,4.65407946044669,99.48161642211481,98.79719585962296
18,DD012,31,C/2,4.59244,4.64813875578566,99.35916020129551,98.80169765336005
18,DD012,32,C/2,4.5854,4.64276055247347,99.20684716338602,98.7645162436191
18,DD012,33,C/2,4.57839,4.63578680127724,99.0551831867176,98.76187573463417
18,DD012,34,C/2,4.571,4.62874212334357,98.89529776766203,98.75253099427668
18,DD012,35,C/2,4.56253,4.62183328365539,98.71204614392715,98.71688829917102
18,DD012,36,C/2,4.55475,4.61308868101564,98.5437229287374,98.73536614945813
18,DD012,37,C/2,4.54558,4.60558286632771,98.34532654271038,98.69717106239902
18,DD012,38,C/2,4.53698,4.59653393654708,98.15926232026412,98.704372960818
18,DD012,39,C/2,4.52659,4.58822525803126,97.93447077709938,98.65666451481707
18,DD012,40,C/2,4.51612,4.57777371833927,97.7079484039584,98.65319427886364
18,DD012,41,C/2,4.50493,4.56797280242829,97.46584856103122,98.61989540754759
18,DD012,42,C/2,4.49393,4.55646548341039,97.22785943929762,98.62754401107448
18,DD012,43,C/2,4.48193,4.54544694386155,96.96823494286097,98.60262489814501
18,DD012,44,C/2,4.4692,4.53349159436717,96.69281662289109,98.58185257369723
18,DD012,45,C/2,4.45744,4.52054962447929,96.43838461638316,98.6039391286063
18,DD012,46,C/2,4.444,4.50882889464779,96.14760518037411,98.56217886811484
18,DD012,47,C/2,4.42985,4.49521262553829,95.8414646283259,98.54595030350843
18,DD012,48,C/2,4.41326,4.48127049161024,95.48253376200222,98.48233906572771
18,DD012,49,C/2,4.40237,4.4656793964627,95.24692453148596,98.58231209985993
18,DD012,50,C/2,4.38868,4.45360265198192,94.95073625180113,98.54224417723866
18,DD012,51,C/10,4.8424,4.46968960369891,,
